Country_Code,Year,Partner_Name,standard_name,Export_USD_Thousand,Import_USD_Thousand,AHS_Weighted_Average_Percent,MFN_Weighted_Average_Percent,AHS_Duty_Free_Tariff_Lines_Share_Percent,has_RCA,has_Country_Growth,cc_rank,pv_rank,rl_rank,va_rank,Log_Export,Log_Import,Tariff_Gap,Country_Growth_Percent
ABW,2004,Aruba,Aruba,2599745.71,2533418.39,3.31,5.69,56.76,1,1,85.2,80.6,80.8,73.1,14.770924579015379,14.745080485748334,2.3800000000000003,1.73
ABW,2005,Aruba,Aruba,3141038.78,4062240.72,2.22,5.78,47.31,1,1,88.3,96.1,78.0,85.6,14.960064443197032,15.217245526983666,3.56,8.43
ABW,2006,Aruba,Aruba,3441552.23,4351496.78,2.76,6.11,39.9,1,1,88.3,96.1,72.7,80.3,15.051433447793778,15.286030661042668,3.3500000000000005,0.55
ABW,2007,Aruba,Aruba,3009284.6,4697153.46,2.39,5.91,52.7,1,1,88.3,96.6,75.1,78.4,14.917213266362252,15.362467449288536,3.52,3.42
ABW,2008,Aruba,Aruba,2899879.76,5598160.71,2.78,7.56,47.17,1,1,87.4,96.2,76.4,79.3,14.880180176869986,15.537948835742847,4.779999999999999,-0.06
ABW,2009,Aruba,Aruba,1344958.15,2219849.05,1.58,5.27,52.04,1,1,83.3,88.6,89.6,91.5,14.111874198809634,14.612950206522147,3.6899999999999995,1.63
ABW,2010,Aruba,Aruba,1410068.85,395159.88,6.15,5.65,56.77,1,1,83.3,88.2,89.6,91.0,14.159149800134427,12.887048252101977,-0.5,-3.46
ABW,2011,Aruba,Aruba,3287967.22,4626310.33,1.62,4.96,59.6,1,1,82.9,93.8,88.3,90.6,15.005780369661375,15.347270419552208,3.34,9.53
ABW,2012,Aruba,Aruba,2663627.31,1884561.39,3.21,5.89,63.41,1,1,82.5,93.4,87.3,90.6,14.795199777634865,14.449206198066218,2.6799999999999997,-0.98
ABW,2013,Aruba,Aruba,3687236.29,689362.94,3.3,4.93,64.15,1,1,82.5,94.8,87.3,90.6,15.12038803370245,13.443524625343526,1.63,1.71
ABW,2014,Aruba,Aruba,3886973.11,686413.31,1.45,4.25,78.75,1,1,81.7,92.4,81.7,92.1,15.173141549148426,13.439236674840673,2.8,-0.74
ABW,2015,Aruba,Aruba,2798803.44,437295.07,2.26,4.21,72.46,1,1,88.1,92.4,85.2,91.6,14.844702898246789,12.98836575039516,1.9500000000000002,-4.75
ABW,2016,Aruba,Aruba,1856768.04,286973.19,3.64,6.38,76.45,1,1,88.6,93.3,86.2,92.1,14.434348459955874,12.567147560384196,2.7399999999999998,-2.08
ABW,2017,Aruba,Aruba,1997817.06,291933.75,3.41,5.51,65.17,1,1,87.6,95.2,87.1,92.6,14.507566172983264,12.584285597375647,2.0999999999999996,3.42
ABW,2018,Aruba,Aruba,1504487.11,256595.88,0.18,4.41,77.52,1,1,86.7,95.3,86.2,91.3,14.223963272063214,12.455261572087414,4.23,2.52
ABW,2019,Aruba,Aruba,1473491.89,108419.85,0.6,4.51,86.9,1,1,83.8,95.8,85.7,91.3,14.203146255902231,11.593775692665538,3.9099999999999997,2.28
ABW,2020,Aruba,Aruba,947687.43,147598.1,3.31,4.06,77.17,1,1,85.2,96.2,86.7,92.8,13.76178106687896,11.902255093568943,0.7499999999999996,-15.44
ABW,2021,Aruba,Aruba,1525860.76,166563.23,2.81,3.11,82.73,1,1,78.6,97.2,86.2,80.2,14.238069896945841,12.02313627977992,0.2999999999999998,11.59
AFG,2009,Afghanistan,Afghanistan,8538901.21,1285743.04,7.71,8.25,65.19,1,1,1.0,0.5,0.5,9.5,15.960143010663492,14.066848128199625,0.54,5.11
AFG,2010,Afghanistan,Afghanistan,12441090.42,612543.73,7.49,8.83,56.32,1,1,1.0,1.4,0.5,10.0,16.336515376153528,13.32537724730599,1.3399999999999999,24.29
AFG,2011,Afghanistan,Afghanistan,15228634.58,557585.57,7.1,9.0,69.04,1,1,0.5,1.4,0.5,11.3,16.53868813320219,13.23137305277254,1.9000000000000004,11.35
AFG,2012,Afghanistan,Afghanistan,12221985.18,684285.78,6.28,7.92,77.19,1,1,1.4,1.9,1.4,14.1,16.318747033688528,13.436132377741846,1.6399999999999997,-1.46
AFG,2013,Afghanistan,Afghanistan,12600306.7,802838.9,5.0,7.91,78.27,1,1,0.9,1.4,1.9,14.6,16.349231792258447,13.595910595715601,2.91,17.42
AFG,2014,Afghanistan,Afghanistan,10680860.24,912746.59,3.82,6.56,53.7,1,1,5.3,2.9,4.3,16.3,16.183964028694493,13.724214659141897,2.7399999999999998,-5.14
AFG,2015,Afghanistan,Afghanistan,9914679.65,873218.12,3.35,9.95,55.57,1,1,5.7,1.0,4.3,18.7,16.109527110642734,13.679941799890946,6.6,0.17
AFG,2016,Afghanistan,Afghanistan,9294729.71,1067784.54,2.53,8.67,58.57,1,1,3.8,1.0,5.7,20.7,16.04495820722795,13.881097473094758,6.140000000000001,-8.02
AFG,2017,Afghanistan,Afghanistan,11394896.86,1064633.12,1.45,8.52,62.5,1,1,3.8,0.5,5.2,22.2,16.24867625704123,13.878141748803309,7.069999999999999,9.21
AFG,2018,Afghanistan,Afghanistan,11370582.68,1329626.01,2.15,8.65,55.9,1,1,4.8,0.5,4.3,20.4,16.246540199501467,14.10040901725725,6.5,-2.51
AFG,2019,Afghanistan,Afghanistan,7543536.03,2299408.24,2.78,9.67,59.42,1,1,5.7,0.9,4.3,21.3,15.836201732112151,14.648162795733295,6.890000000000001,7.56
AGO,2010,Angola,Angola,22071607.94,53459185.32,0.8,2.33,50.79,1,1,3.8,37.9,8.1,14.7,16.909802677252205,17.79442904820755,1.53,-12.91
AGO,2011,Angola,Angola,25051862.81,66204894.34,0.18,2.42,83.92,1,1,3.3,34.6,8.9,14.6,17.03645878632015,18.008264965907376,2.2399999999999998,7.05
AGO,2012,Angola,Angola,29413798.65,75283943.89,0.03,2.65,91.93,1,1,4.7,35.1,7.5,16.0,17.196974498036862,18.13677745476427,2.62,17.54
AGO,2013,Angola,Angola,31926530.31,72125307.72,0.66,2.32,87.98,1,1,4.7,35.1,7.5,16.0,17.27894792459003,18.093915563129997,1.6599999999999997,-3.48
AGO,2014,Angola,Angola,37262548.13,64694135.95,0.69,2.04,47.96,1,1,3.8,32.9,11.5,15.3,17.433499335451323,17.985181136354157,1.35,3.67
AGO,2015,Angola,Angola,23811391.5,36829781.46,0.06,2.24,40.74,1,1,4.3,28.1,12.9,15.3,16.985674700583257,17.421817381805923,2.18,-13.43
AGO,2016,Angola,Angola,15324085.76,28304359.38,0.68,2.31,54.58,1,1,4.8,33.3,16.2,16.7,16.544936446493775,17.15852642777662,1.63,-18.4
AGO,2017,Angola,Angola,16698082.31,36718364.21,0.41,2.76,44.41,1,1,5.7,30.5,14.8,18.2,16.630804498943903,17.418787602300664,2.3499999999999996,3.81
AGO,2018,Angola,Angola,14149495.52,45421894.87,0.13,2.12,41.61,1,1,11.0,34.9,16.7,22.8,16.46518959979504,17.631504834633617,1.9900000000000002,1.75
AGO,2019,Angola,Angola,12645502.84,37539713.21,0.16,2.28,42.09,1,1,14.3,31.6,15.2,25.1,16.352812282290433,17.440909976147466,2.1199999999999997,-6.61
AGO,2020,Angola,Angola,9697036.21,24009719.06,0.99,3.19,42.52,1,1,18.6,24.5,18.1,25.6,16.08733095454858,16.993969308820844,2.2,-18.22
AGO,2021,Angola,Angola,12653996.54,33551533.93,1.0,2.79,46.98,1,1,29.0,21.2,17.1,24.2,16.353483734284016,17.32859317085705,1.79,10.39
AIA,2004,Anguila,Anguilla,58302.44,5583.51,1.81,15.73,75.34,1,1,78.3,74.3,86.1,76.4,10.973416375743646,8.627751972649884,13.92,15.51
AIA,2007,Anguila,Anguilla,172390.39,14926.57,5.65,19.98,58.09,1,1,88.3,87.4,92.8,78.4,12.057522693969227,9.610965117741923,14.33,19.06
AIA,2008,Anguila,Anguilla,159373.59,13902.07,5.81,13.85,47.0,1,1,87.4,88.9,92.8,79.3,11.979012622342498,9.539864958041425,8.04,4.7
ALB,1998,Albania,Albania,785017.93,278827.35,7.85,15.54,33.35,1,1,18.2,28.7,19.5,38.8,13.573463111123473,12.538351638495126,7.6899999999999995,15.65
ALB,2000,Albania,Albania,1762974.99,292164.84,6.07,13.79,40.4,1,1,23.9,29.6,18.9,41.3,14.382513842455733,12.58507686523606,7.719999999999999,-2.85
ALB,2002,Albania,Albania,2481728.4,367640.48,3.69,14.65,80.99,1,1,24.3,33.9,26.9,48.3,14.72446621382318,12.814863503141236,10.96,6.3
ALB,2003,Albania,Albania,3001109.01,477946.14,3.59,11.98,82.76,1,1,22.8,36.2,28.4,50.2,14.914492781531363,13.077255419584477,8.39,11.35
ALB,2004,Albania,Albania,3684673.14,572759.04,2.68,10.73,82.18,1,1,27.6,30.1,29.3,49.0,15.119692650930256,13.258222129625219,8.05,11.08
ALB,2005,Albania,Albania,4023420.39,640858.79,7.15,10.86,22.88,1,1,22.9,29.6,28.7,51.4,15.20764319066154,13.370565975627068,3.709999999999999,6.61
ALB,2006,Albania,Albania,4600399.53,759318.6,3.71,10.93,78.64,1,1,22.9,30.0,28.2,49.0,15.34165392940793,13.540178048117214,7.22,8.14
ALB,2007,Albania,Albania,6049914.23,1097562.76,3.0,10.03,77.61,1,1,28.6,37.7,30.1,51.9,15.615554818338612,13.908603517915957,7.029999999999999,17.22
ALB,2008,Albania,Albania,7845331.78,2147769.32,3.81,9.68,77.5,1,1,34.0,43.3,34.1,53.4,15.875429362624992,14.57994080151945,5.869999999999999,11.8
ALB,2009,Albania,Albania,7285886.94,3666241.99,4.68,9.56,77.46,1,1,34.9,42.2,37.9,54.0,15.8014498762512,15.114677987236512,4.880000000000001,-6.93
ALB,2010,Albania,Albania,6847028.79,1596605.21,2.4,9.04,81.82,1,1,37.1,38.4,42.7,54.0,15.739325508904308,14.283390815701491,6.639999999999999,0.6
ALB,2011,Albania,Albania,7780367.9,1958174.78,2.83,8.62,77.94,1,1,24.6,37.4,41.3,52.1,15.867114311482892,14.487523873323932,5.789999999999999,8.27
ALB,2012,Albania,Albania,7483813.44,1992600.66,2.4,8.15,81.46,1,1,25.1,40.3,39.9,50.7,15.82825317184105,14.50495170967495,5.75,-4.9
ALB,2013,Albania,Albania,7534545.36,2439181.68,2.86,8.11,77.97,1,1,24.2,49.3,39.0,51.2,15.835009183850813,14.707173573942221,5.25,0.01
ALB,2014,Albania,Albania,8080273.2,2470314.68,3.05,8.51,77.56,1,1,34.1,61.4,44.2,50.2,15.90493636556504,14.719856506105726,5.46,3.52
ALB,2015,Albania,Albania,6914696.76,1956614.7,3.84,8.77,77.01,1,1,36.2,58.1,44.3,52.7,15.749159814244361,14.486726855096752,4.93,-9.11
ALB,2016,Albania,Albania,7427109.31,2043925.17,3.05,9.28,77.12,1,1,37.6,57.6,41.9,52.2,15.8206474191061,14.530383109301125,6.2299999999999995,3.96
ALB,2017,Albania,Albania,8180930.43,2439921.43,2.91,9.85,82.46,1,1,40.5,59.5,38.6,54.2,15.91731656884477,14.707476805780434,6.9399999999999995,6.36
ALB,2018,Albania,Albania,9330615.06,2811555.24,2.86,9.78,82.2,1,1,33.3,58.5,37.1,52.9,16.04881160065436,14.849248710071144,6.92,6.06
ALB,2019,Albania,Albania,9017287.05,2832017.79,2.91,9.95,79.64,1,1,31.9,51.9,38.1,52.2,16.0146541871864,14.856500368660742,7.039999999999999,-0.28
ALB,2020,Albania,Albania,8579132.24,2470691.94,2.79,10.03,79.53,1,1,31.9,50.0,40.0,51.2,15.964843445382161,14.72000921176959,7.239999999999999,-4.3
ALB,2021,Albania,Albania,12076545.76,3659914.42,2.52,9.21,78.28,1,1,31.9,52.4,42.9,50.2,16.30677584536556,15.112950595820907,6.690000000000001,19.56
ARE,2000,United Arab Emirates,United Arab Emirates,45908705.12,36310951.52,5.93,6.29,28.03,1,1,59.6,80.4,70.1,31.3,17.642165332861584,17.407629976040106,0.3600000000000003,2.44
ARE,2002,United Arab Emirates,United Arab Emirates,58715704.09,34110704.66,20.82,9.58,29.87,1,1,83.1,81.0,69.7,30.3,17.88821779739524,17.345121841955685,-11.24,18.17
ARE,2003,United Arab Emirates,United Arab Emirates,73855296.18,46874909.15,5.7,6.4,29.33,1,1,76.2,81.4,66.2,22.9,18.117618293279218,17.66299312545301,0.7000000000000002,10.49
ARE,2004,United Arab Emirates,United Arab Emirates,92872491.03,63618436.15,4.94,5.67,33.11,1,1,83.7,73.3,62.0,26.4,18.34673805692292,17.968413878595296,0.7299999999999995,17.64
ARE,2005,United Arab Emirates,United Arab Emirates,124910198.8,85665986.37,3.64,5.4,45.48,1,1,80.5,74.8,60.8,26.0,18.64310563549249,18.26596642462687,1.7600000000000002,5.89
ARE,2006,United Arab Emirates,United Arab Emirates,142600771.28,102928324.8,3.51,5.07,45.86,1,1,78.0,77.8,60.8,20.7,18.77555948163808,18.449543437947355,1.5600000000000005,10.04
ARE,2007,United Arab Emirates,United Arab Emirates,172553315.87,115630764.09,3.06,4.73,47.66,1,1,80.1,80.7,58.4,23.1,18.966216829983633,18.56591261279172,1.6700000000000004,13.92
ARE,2008,United Arab Emirates,United Arab Emirates,231933153.0,165713200.96,4.6,5.49,41.83,1,1,82.0,69.7,61.1,22.1,19.261959758803012,18.925769153091434,0.8900000000000006,17.55
ARE,2009,United Arab Emirates,United Arab Emirates,185366521.99,107867535.44,3.23,5.04,44.75,1,1,78.5,79.6,63.0,25.6,19.037845628394976,18.49641451785961,1.81,-3.25
ARE,2010,United Arab Emirates,United Arab Emirates,203694247.65,164892160.41,3.28,4.9,37.85,1,1,78.6,73.9,62.1,23.2,19.132130646385082,18.92080225098458,1.6200000000000006,6.7
ARE,2011,United Arab Emirates,United Arab Emirates,250956697.35,222614941.52,3.67,4.89,38.15,1,1,81.0,73.9,64.8,23.5,19.340790965679503,19.220954121776508,1.2199999999999998,6.21
ARE,2012,United Arab Emirates,United Arab Emirates,270083227.19,234609347.52,2.51,4.73,47.61,1,1,82.9,73.5,66.7,18.3,19.414240722018146,19.273432342153562,2.2200000000000006,11.24
ARE,2013,United Arab Emirates,United Arab Emirates,331257602.01,252166894.77,2.91,4.44,47.87,1,1,87.2,74.9,69.0,19.2,19.61840688748432,19.345601711063487,1.5300000000000002,6.3
ARE,2014,United Arab Emirates,United Arab Emirates,310348811.51,239188116.51,2.69,4.1,36.16,1,1,83.2,71.9,74.5,20.2,19.55320742452372,19.29276090284532,1.4099999999999997,0.62
ARE,2015,United Arab Emirates,United Arab Emirates,290295088.82,164806923.96,3.19,4.99,36.19,1,1,81.4,70.0,71.4,19.2,19.486408514694045,18.920285194945162,1.8000000000000003,-1.96
ARE,2016,United Arab Emirates,United Arab Emirates,278523989.45,159711760.94,3.08,5.01,36.22,1,1,82.9,64.8,77.6,20.2,19.445014755273338,18.888881260692358,1.9299999999999997,-2.87
ARE,2017,United Arab Emirates,United Arab Emirates,272353611.97,189211518.82,2.72,5.17,37.14,1,1,81.9,66.7,76.2,17.7,19.422611827613803,19.0583760997264,2.4499999999999997,-2.44
ARE,2018,United Arab Emirates,United Arab Emirates,256961660.37,221774136.96,3.65,5.29,34.25,1,1,82.9,68.9,76.2,18.0,19.364437454182777,19.217170025360776,1.6400000000000001,-2.56
ARE,2019,United Arab Emirates,United Arab Emirates,250642135.14,208573017.66,3.81,5.76,32.0,1,1,81.9,69.3,77.6,17.4,19.33953672731367,19.155799747294612,1.9499999999999997,8.57
ARE,2020,United Arab Emirates,United Arab Emirates,208073341.49,167593626.02,3.45,5.82,36.95,1,1,82.4,65.1,77.6,16.4,19.153401183638955,18.937052720348955,2.37,-7.47
ARE,2021,United Arab Emirates,United Arab Emirates,269772885.45,243714415.85,2.95,4.8,31.71,1,1,83.3,65.1,76.7,16.4,19.413091001691676,19.31150767503195,1.8499999999999996,18.63
ARG,1996,Argentina,Argentina,22099467.52,23523339.57,15.69,16.69,18.74,1,1,53.8,51.1,54.3,62.5,16.911064117330024,16.97350370194666,1.0000000000000018,8.67
ARG,1998,Argentina,Argentina,27829597.73,26588158.23,15.24,17.69,18.58,1,1,50.3,39.4,50.5,57.7,17.141610714785116,17.09597653291761,2.450000000000001,1.68
ARG,2000,Argentina,Argentina,28181509.66,26564033.27,12.25,14.83,36.21,1,1,52.1,50.3,43.3,61.2,17.154176670521043,17.095068763733764,2.58,-0.45
ARG,2002,Argentina,Argentina,9838650.57,27728020.02,10.7,12.81,27.26,1,1,41.8,22.8,27.4,56.2,16.1018292240691,17.137954049015715,2.110000000000001,-33.49
ARG,2003,Argentina,Argentina,16066847.12,32563493.49,12.23,12.78,28.53,1,1,40.2,35.2,26.4,61.2,16.59226858406488,17.298702417971185,0.5499999999999989,24.13
ARG,2004,Argentina,Argentina,25007443.36,38333280.04,8.97,11.94,47.92,1,1,39.9,26.2,25.5,59.6,17.034684112906476,17.46182903348457,2.969999999999999,27.3
ARG,2005,Argentina,Argentina,30870438.32,43892849.77,9.57,12.83,48.89,1,1,43.4,44.2,34.4,59.1,17.245309627669595,17.59726201216388,3.26,13.06
ARG,2006,Argentina,Argentina,37603723.25,49110354.18,9.4,11.8,50.82,1,1,43.4,45.9,34.4,58.2,17.4426136526572,17.70958047032485,2.4000000000000004,9.11
ARG,2007,Argentina,Argentina,49020947.03,61386635.59,8.76,11.73,48.12,1,1,44.2,46.9,34.0,58.7,17.707758275534513,17.932702724315227,2.9700000000000006,14.41
ARG,2008,Argentina,Argentina,59547608.34,78784073.93,9.95,11.53,50.13,1,1,39.8,40.9,27.9,58.2,17.90228670753572,18.182221439607247,1.58,13.37
ARG,2009,Argentina,Argentina,42856380.26,59165430.69,8.4,11.39,52.57,1,1,40.2,37.0,30.3,56.4,17.573365112807263,17.89584800514872,2.99,-17.84
ARG,2010,Argentina,Argentina,62782614.05,69889416.36,8.64,10.49,52.22,1,1,44.8,42.7,32.7,58.3,17.9551887626998,18.06242479888973,1.8499999999999996,21.01
ARG,2011,Argentina,Argentina,79347799.12,83821971.0,8.72,10.79,51.98,1,1,43.6,52.1,33.3,58.2,18.189351280796867,18.244205726789083,2.0699999999999985,14.12
ARG,2012,Argentina,Argentina,73194895.9,83862494.46,8.08,10.15,53.87,1,1,40.3,49.3,32.4,57.3,18.108636262020497,18.244689056717043,2.0700000000000003,-4.13
ARG,2013,Argentina,Argentina,81662227.06,80388680.5,8.53,10.72,50.82,1,1,40.8,48.3,32.4,56.8,18.218102128078147,18.202383946875948,2.1900000000000013,4.65
ARG,2014,Argentina,Argentina,69118780.73,69513583.87,10.36,10.9,43.44,1,1,35.6,45.7,19.7,59.1,18.051337056870715,18.057032757189475,0.5400000000000009,-6.03
ARG,2015,Argentina,Argentina,64920160.01,61098035.93,9.79,11.05,43.3,1,1,33.8,46.2,26.7,60.1,17.98866878073698,17.927990294820443,1.2600000000000016,-4.3
ARG,2016,Argentina,Argentina,60089708.27,60498732.04,10.28,11.12,38.98,1,1,45.7,52.9,42.4,63.5,17.91134915805577,17.91813298129419,0.8399999999999999,-3.63
ARG,2017,Argentina,Argentina,72692871.81,62025708.87,7.6,10.73,43.61,1,1,44.3,53.3,45.7,64.5,18.101753902072083,17.943059532377895,3.130000000000001,9.39
ARG,2018,Argentina,Argentina,69843755.27,61673173.21,11.18,11.42,44.26,1,1,53.8,47.2,46.7,66.0,18.061771251984023,17.937359616536558,0.2400000000000002,-1.1
ARG,2019,Argentina,Argentina,53246303.41,67653681.28,9.54,13.92,41.53,1,1,52.9,43.9,37.1,65.2,17.79043895939429,18.029912342437505,4.380000000000001,-13.36
ARG,2020,Argentina,Argentina,46597454.84,59444251.97,9.69,10.91,40.64,1,1,47.6,45.3,34.8,65.2,17.65705650189732,17.90054950645345,1.2200000000000006,-7.15
ARG,2021,Argentina,Argentina,65386155.68,79164554.82,10.56,12.35,40.82,1,1,37.6,47.6,34.3,65.2,17.995821122462207,18.18703922908907,1.7899999999999991,22.14
ARM,2000,Armenia,Armenia,698584.02,273962.47,2.41,9.77,42.6,1,1,25.0,25.9,36.3,36.3,13.456812168239194,12.520750055314267,7.359999999999999,1.8
ARM,2002,Armenia,Armenia,976510.92,393764.04,4.1,12.51,31.21,1,1,28.0,37.6,38.8,36.8,13.791742236085605,12.883509665217897,8.41,7.23
ARM,2003,Armenia,Armenia,1411311.44,608075.37,1.46,9.41,44.36,1,1,31.7,51.8,44.3,34.8,14.160030637931378,13.318055761612841,7.95,13.32
ARM,2004,Armenia,Armenia,1605821.37,584798.83,2.03,7.47,37.43,1,1,28.6,40.8,38.5,30.3,14.289146563386716,13.279024896719989,5.4399999999999995,4.48
ARM,2005,Armenia,Armenia,1983608.34,818196.47,2.15,7.44,36.82,1,1,29.8,42.7,40.7,29.8,14.500428642196637,13.614858992319146,5.290000000000001,11.95
ARM,2006,Armenia,Armenia,2397959.07,912181.22,1.26,6.7,60.67,1,1,29.8,38.2,35.9,26.4,14.690128963054814,13.72359505173016,5.44,13.9
ARM,2007,Armenia,Armenia,2961075.52,1089210.35,1.59,7.32,59.11,1,1,26.2,47.8,37.8,26.0,14.901063449370548,13.900964460219553,5.73,17.94
ARM,2008,Armenia,Armenia,3615003.76,950839.71,1.34,7.98,60.93,1,1,28.2,44.2,44.2,24.5,15.100603730309958,13.765101830127087,6.640000000000001,15.91
ARM,2009,Armenia,Armenia,2818375.11,601776.87,1.5,7.54,60.72,1,1,30.1,52.6,40.8,23.7,14.851671429532706,13.307643669487646,6.04,-12.02
ARM,2010,Armenia,Armenia,2923369.56,803128.31,2.48,7.75,44.33,1,1,27.6,49.8,37.9,25.1,14.888247809920726,13.596271013588286,5.27,9.14
ARM,2011,Armenia,Armenia,3360923.67,1099631.74,1.85,7.97,53.64,1,1,27.5,44.1,41.8,28.2,15.027726693483737,13.910486809293419,6.119999999999999,2.59
ARM,2012,Armenia,Armenia,3303760.67,1148141.83,1.73,8.39,54.81,1,1,33.2,51.2,42.3,30.0,15.010572277244,13.95365626449888,6.66,3.54
ARM,2013,Armenia,Armenia,3598178.72,1210669.58,1.99,9.44,53.97,1,1,36.0,50.2,45.1,29.1,15.095938642217364,14.00668496240884,7.449999999999999,-0.13
ARM,2014,Armenia,Armenia,3715988.42,1310483.25,3.28,7.79,33.81,1,1,35.1,35.7,38.5,30.5,15.128155531764342,14.085907283359756,4.51,-1.14
ARM,2015,Armenia,Armenia,2713389.54,1158802.15,1.51,8.04,72.86,1,1,31.4,37.1,38.6,29.6,14.813709532626442,13.962898263202943,6.529999999999999,-11.51
ARM,2016,Armenia,Armenia,3207580.62,1641526.35,1.26,7.63,71.44,1,1,31.0,22.4,49.0,31.0,14.981027821757678,14.31113767737499,6.37,-0.59
ARM,2017,Armenia,Armenia,4135797.31,1930807.93,3.19,14.1,65.02,1,1,30.0,25.2,46.2,32.0,15.235190929474605,14.473449607783675,10.91,9.99
ARM,2018,Armenia,Armenia,4728880.81,2190286.45,3.17,14.71,68.89,1,1,40.0,29.7,48.1,39.3,15.369199328714833,14.599543348887169,11.540000000000001,11.14
ARM,2019,Armenia,Armenia,4867667.93,2715262.99,5.63,13.53,70.26,1,1,47.6,30.2,48.6,48.8,15.398125721327341,14.814399740509083,7.8999999999999995,2.6
ARM,2020,Armenia,Armenia,4225422.66,2755526.73,1.28,8.08,72.48,1,1,56.2,20.3,49.5,48.8,15.256630088302467,14.829119535764134,6.8,-6.24
ARM,2021,Armenia,Armenia,5013378.9,3088285.4,1.18,7.25,72.88,1,1,57.6,18.9,48.1,48.8,15.42762087633855,14.943126931940139,6.07,9.37
ATG,2000,Antigua and Barbuda,Antigua and Barbuda,1743600.25,134255.26,1.5,5.26,53.75,1,1,81.4,72.5,84.6,60.2,14.371463216253664,11.807505640706712,3.76,-2.53
ATG,2006,Antigua and Barbuda,Antigua and Barbuda,1619463.46,361420.8,0.69,5.43,56.46,1,1,83.4,72.0,78.5,67.8,14.297606072307957,12.797800976295019,4.74,13.01
ATG,2007,Antigua and Barbuda,Antigua and Barbuda,2513364.97,201514.82,1.2,5.12,67.75,1,1,84.5,75.8,79.9,64.4,14.737133436642859,12.213623168453287,3.92,-7.57
ATG,2010,Antigua and Barbuda,Antigua and Barbuda,2865551.91,2657629.85,9.52,9.63,46.63,1,1,88.1,79.1,80.1,62.1,14.868271877294825,14.792945625991733,0.11000000000000121,-15.32
ATG,2011,Antigua and Barbuda,Antigua and Barbuda,3702412.72,4835101.18,16.58,14.36,54.93,1,1,87.2,79.6,78.4,62.9,15.124495521679036,15.3914128200485,-2.219999999999999,-3.02
ATG,2012,Antigua and Barbuda,Antigua and Barbuda,2754995.44,634301.41,7.87,5.48,78.95,1,1,87.2,80.6,78.4,67.1,14.82892670837231,13.360281107078746,-2.3899999999999997,-15.14
ATG,2013,Antigua and Barbuda,Antigua and Barbuda,1974321.9,387742.56,5.68,6.49,57.3,1,1,86.7,79.6,73.7,66.7,14.495736062092815,12.868099472261273,0.8100000000000005,0.53
ATG,2014,Antigua and Barbuda,Antigua and Barbuda,1607845.84,609716.37,1.57,5.46,72.74,1,1,72.1,81.4,49.5,67.0,14.290406475428378,13.320750800911117,3.8899999999999997,26.81
ATG,2015,Antigua and Barbuda,Antigua and Barbuda,1625421.05,476802.87,1.61,5.11,70.76,1,1,72.4,83.3,70.0,68.5,14.301278063100698,13.074860511311075,3.5,-8.18
ATG,2016,Antigua and Barbuda,Antigua and Barbuda,1291008.83,260057.83,2.12,5.07,86.71,1,1,71.9,75.7,68.6,68.0,14.070935284052307,12.468663153633411,2.95,2.69
ATG,2017,Antigua and Barbuda,Antigua and Barbuda,1330166.05,295204.7,1.44,4.2,86.42,1,1,61.0,71.0,64.8,68.5,14.100815093814488,12.595427680465129,2.7600000000000002,13.31
ATG,2018,Antigua and Barbuda,Antigua and Barbuda,1410943.56,257999.1,0.11,4.68,86.08,1,1,61.9,73.1,63.8,68.0,14.159769938780249,12.460715251500579,4.569999999999999,-4.94
ATG,2019,Antigua and Barbuda,Antigua and Barbuda,1404663.83,301514.47,0.3,5.1,84.87,1,1,61.9,79.7,62.9,70.5,14.155309277131032,12.616576603949143,4.8,-0.08
AUS,1996,Australia,Australia,52003984.77,55694652.22,10.19,12.3,31.45,1,1,93.5,96.3,96.5,93.0,17.76683092303136,17.835394707830336,2.110000000000001,3.41
AUS,1996,East Asia & Pacific,Australia,1064939988.32,1196960547.1,10.25,12.38,27.91,0,0,93.5,96.3,96.5,93.0,20.78618428646385,20.903051303998303,2.130000000000001,3.41
AUS,1998,Australia,Australia,56816827.53,55308162.61,10.72,13.33,32.44,1,1,92.5,83.0,96.5,93.0,17.855343116746653,17.82843107964784,2.6099999999999994,-0.86
AUS,1998,East Asia & Pacific,Australia,929797410.2,1254740440.58,9.99,11.85,28.47,0,0,92.5,83.0,96.5,93.0,20.650477282962203,20.950194568681898,1.8599999999999994,-0.86
AUS,2000,Australia,Australia,77830934.21,69687519.99,10.14,12.29,30.83,1,1,93.6,93.1,95.0,94.0,18.170049534924022,18.05953182082046,2.1499999999999986,4.76
AUS,2000,East Asia & Pacific,Australia,1409702141.79,1672032615.69,8.39,10.27,30.15,0,0,93.6,93.1,95.0,94.0,21.066644272772628,21.237305859008362,1.879999999999999,4.76
AUS,2002,Australia,Australia,82764728.57,68765447.65,12.03,13.25,28.06,1,1,92.1,89.4,95.5,93.5,18.231512557227095,18.04621197690434,1.2200000000000006,6.55
AUS,2002,East Asia & Pacific,Australia,1463632039.4,1700684633.56,8.38,10.87,30.52,0,0,92.1,89.4,95.5,93.5,21.10418688237012,21.25429673314791,2.4899999999999984,6.55
AUS,2003,Australia,Australia,99725131.32,75157684.21,9.87,11.49,26.53,1,1,93.7,75.9,96.0,94.5,18.417928282603697,18.135098933871348,1.620000000000001,10.44
AUS,2003,East Asia & Pacific,Australia,1765042083.44,2023556016.62,8.02,9.61,30.76,0,0,93.7,75.9,96.0,94.5,21.291440370922764,21.428122205425552,1.5899999999999999,10.44
AUS,2004,Australia,Australia,122132316.72,94513832.44,9.25,11.58,30.0,1,1,96.6,78.6,95.7,94.2,18.62061558645021,18.36425676735911,2.33,10.87
AUS,2004,East Asia & Pacific,Australia,2160998169.91,2523629554.53,6.92,8.37,34.13,0,0,96.6,78.6,95.7,94.2,21.493836068061732,21.648964002046334,1.4499999999999993,10.87
AUS,2005,Australia,Australia,135722983.47,112682784.18,7.39,10.22,30.75,1,1,95.6,76.2,95.2,94.2,18.726126487544217,18.540087218274355,2.830000000000001,6.95
AUS,2005,East Asia & Pacific,Australia,2442924147.7,2904535654.08,6.69,8.46,31.29,0,0,95.6,76.2,95.2,94.2,21.61646158031593,21.789539371128022,1.7700000000000005,6.95
AUS,2006,Australia,Australia,150543394.72,133245920.28,6.59,8.99,31.54,1,1,95.1,78.7,94.3,94.7,18.829761944244648,18.70770701101079,2.4000000000000004,5.49
AUS,2006,East Asia & Pacific,Australia,2826400515.9,3377095960.71,6.24,8.09,32.39,0,0,95.1,78.7,94.3,94.7,21.76226983689201,21.9402819942061,1.8499999999999996,5.49
AUS,2007,Australia,Australia,178567927.61,155253958.08,6.08,7.79,31.94,1,1,95.6,78.7,94.3,94.2,19.00047963922923,18.86057277977316,1.71,8.97
AUS,2007,East Asia & Pacific,Australia,3273960896.86,3892812078.83,5.89,7.7,33.97,0,0,95.6,78.7,94.3,94.2,21.909266372592512,22.082397633109863,1.8100000000000005,8.97
AUS,2008,Australia,Australia,215129719.15,203925179.63,4.94,7.28,31.53,1,1,96.1,80.3,95.2,94.7,19.186751753684668,19.133263722917352,2.34,10.11
AUS,2008,East Asia & Pacific,Australia,3721299587.18,4413294960.47,5.85,7.76,35.7,0,0,96.1,80.3,95.2,94.7,22.037338795883674,22.207887404218397,1.9100000000000001,10.11
AUS,2009,Australia,Australia,174965353.87,168968950.65,5.5,7.35,32.17,1,1,96.2,76.8,94.8,94.3,18.980098540117282,18.945225537961782,1.8499999999999996,-9.15
AUS,2009,East Asia & Pacific,Australia,3166861077.53,3623170947.52,5.57,7.34,37.54,0,0,96.2,76.8,94.8,94.3,21.87600673822031,22.010615431991308,1.7699999999999996,-9.15
AUS,2010,Australia,Australia,207856459.01,220529973.43,4.51,6.3,32.1,1,1,95.2,78.2,94.8,94.8,19.152358303333898,19.21154418207043,1.79,10.36
AUS,2010,East Asia & Pacific,Australia,4112246577.56,4632011728.32,5.55,7.2,33.04,0,0,95.2,78.2,94.8,94.8,22.137235328904524,22.256257109450512,1.6500000000000004,10.36
AUS,2011,Australia,Australia,258002208.68,280827540.1,4.25,6.35,30.4,1,1,96.2,74.9,95.8,95.8,19.368478707500376,19.453251306146775,2.0999999999999996,7.76
AUS,2011,East Asia & Pacific,Australia,4962028357.85,5335118528.91,5.24,7.16,40.17,0,0,96.2,74.9,95.8,95.8,22.32508043740525,22.397576938868507,1.92,7.76
AUS,2012,Australia,Australia,267620134.91,276014920.35,4.97,6.83,33.55,1,1,95.7,82.5,95.8,95.8,19.405079129687934,19.4359654850824,1.8600000000000003,3.41
AUS,2012,East Asia & Pacific,Australia,5145149003.1,5429137206.91,5.11,7.11,42.57,0,0,95.7,82.5,95.8,95.8,22.361320166765445,22.41504606469643,2.0,3.41
AUS,2013,Australia,Australia,254152356.16,273047221.42,5.22,7.08,33.57,1,1,93.8,83.4,95.8,94.4,19.35344447649448,19.425155314088062,1.8600000000000003,-3.66
AUS,2013,East Asia & Pacific,Australia,5417956506.04,5463028994.0,5.11,7.17,43.01,0,0,93.8,83.4,95.8,94.4,22.412984553083554,22.421269233869246,2.0599999999999996,-3.66
AUS,2014,Australia,Australia,245996985.03,267777740.11,4.06,6.24,36.55,1,1,95.2,85.2,96.2,93.6,19.320829841911014,19.405667870179137,2.1800000000000006,-1.07
AUS,2014,East Asia & Pacific,Australia,5386049029.69,5624658859.68,4.49,6.62,41.12,0,0,95.2,85.2,96.2,93.6,22.40707793465309,22.450426136207568,2.13,-1.07
AUS,2015,Australia,Australia,222282357.96,210429474.1,5.22,7.17,35.39,1,1,94.8,76.2,95.2,93.1,19.219459018880414,19.1646611197955,1.9500000000000002,-6.22
AUS,2015,East Asia & Pacific,Australia,4790591306.96,5323206092.52,4.81,7.02,40.77,0,0,94.8,76.2,95.2,93.1,22.289919687088567,22.39534160793778,2.21,-6.22
AUS,2016,Australia,Australia,211932944.26,201875545.72,5.49,7.16,33.96,1,1,93.3,87.6,94.8,94.1,19.171780486660776,19.123161960148053,1.67,-2.71
AUS,2016,East Asia & Pacific,Australia,4640816181.52,5217145826.78,4.74,6.72,41.22,0,0,93.3,87.6,94.8,94.1,22.25815608912091,22.375216313016935,1.9799999999999995,-2.71
AUS,2017,Australia,Australia,243575836.34,258738467.99,4.69,6.72,37.13,1,1,92.9,77.6,93.3,94.1,19.310938898978893,19.37132833726098,2.0299999999999994,9.82
AUS,2017,East Asia & Pacific,Australia,5224675378.96,5852093057.47,4.28,6.48,43.9,0,0,92.9,77.6,93.3,94.1,22.376658504629926,22.490065221972042,2.2,9.82
AUS,2018,Australia,Australia,253256026.01,281900650.2,4.18,6.29,35.9,1,1,92.4,83.5,92.9,94.2,19.349911499467336,19.457065266120694,2.1100000000000003,1.56
AUS,2018,East Asia & Pacific,Australia,5708117417.62,6333445814.86,4.49,6.76,43.7,0,0,92.4,83.5,92.9,94.2,22.465155107235898,22.569110287685973,2.2699999999999996,1.56
AUS,2019,Australia,Australia,238521519.42,295235899.15,5.11,7.76,38.12,1,1,94.8,78.3,93.3,92.3,19.289970096590945,19.503285256270587,2.6499999999999995,-3.04
AUS,2019,East Asia & Pacific,Australia,5486397551.26,6112641011.7,4.47,6.97,43.42,0,0,94.8,78.3,93.3,92.3,22.425537693525992,22.533624761043676,2.5,-3.04
AUS,2020,Australia,Australia,225016351.05,265172649.93,3.39,5.5,38.88,1,1,93.8,74.5,91.9,93.2,19.231683633305714,19.395891684751472,2.11,-2.59
AUS,2020,East Asia & Pacific,Australia,5269831185.19,5937301489.33,4.01,6.54,49.23,0,0,93.8,74.5,91.9,93.2,22.38526416600559,22.504520572540688,2.5300000000000002,-2.59
AUS,2021,Australia,Australia,279420552.82,374899439.39,3.25,5.57,42.0,1,1,94.8,75.5,92.4,93.7,19.448228566218862,19.742168389013642,2.3200000000000003,11.55
AUS,2021,East Asia & Pacific,Australia,6544385775.21,7405889616.73,3.8,6.27,51.78,0,0,94.8,75.5,92.4,93.7,22.601873385641642,22.725541414888465,2.4699999999999998,11.55
AUT,1996,Austria,Austria,62482900.87,51621951.3,8.42,10.72,24.34,1,1,92.5,96.8,97.5,93.5,17.95040350719951,17.759457572151724,2.3000000000000007,0.66
AUT,1998,Austria,Austria,64044277.08,55183003.86,7.46,10.77,30.47,1,1,93.0,85.6,97.5,92.0,17.97508524710952,17.826165580870615,3.3099999999999996,2.69
AUT,2000,Austria,Austria,65730675.86,57280137.54,8.93,9.57,31.52,1,1,92.6,76.2,98.0,90.0,18.001076297767753,17.86346449925899,0.6400000000000006,1.78
AUT,2002,Austria,Austria,70036873.7,65431032.02,7.5,9.43,29.99,1,1,93.7,94.7,97.5,91.5,18.064532442741577,17.996507214891853,1.9299999999999997,1.62
AUT,2003,Austria,Austria,86720487.98,79625308.17,7.48,9.15,39.25,1,1,94.7,80.4,96.5,91.5,18.278200734246724,18.192842554674808,1.67,12.17
AUT,2004,Austria,Austria,105452213.27,97929396.18,7.52,8.67,40.74,1,1,97.0,85.0,96.2,92.8,18.473768462961626,18.39975734005667,1.1500000000000004,10.21
AUT,2005,Austria,Austria,114457525.06,104139597.3,6.4,8.53,41.08,1,1,95.1,86.4,97.6,90.4,18.555714360698015,18.461242848384117,2.129999999999999,3.83
AUT,2006,Austria,Austria,131324449.94,122402240.21,6.89,8.96,43.05,1,1,94.6,86.5,98.6,93.8,18.693181543870374,18.622823238414078,2.070000000000001,5.83
AUT,2007,Austria,Austria,150765850.25,148319954.76,6.09,8.45,40.6,1,1,96.1,96.1,99.5,94.7,18.831238537297505,18.81488236150777,2.3599999999999994,7.77
AUT,2008,Austria,Austria,168216200.31,159343650.0,5.73,7.38,42.16,1,1,93.7,98.6,98.6,94.2,18.94076062256484,18.886573754921216,1.6499999999999995,5.9
AUT,2009,Austria,Austria,134360847.76,123976764.85,5.41,6.83,45.51,1,1,92.8,91.0,96.2,94.8,18.716039639747063,18.63560473383553,1.42,-11.72
AUT,2010,Austria,Austria,144943347.3,139538147.73,5.62,6.89,44.39,1,1,91.9,89.1,96.7,95.3,18.791853522661867,18.75384858943881,1.2699999999999996,5.07
AUT,2011,Austria,Austria,170588200.4,164621645.52,5.5,6.83,45.66,1,1,89.6,91.5,96.7,94.8,18.954763031192947,18.919160347402624,1.33,10.04
AUT,2012,Austria,Austria,160835264.44,153267047.77,5.05,6.53,48.65,1,1,89.6,96.2,97.7,95.3,18.895891203101492,18.84769237468434,1.4800000000000004,-3.54
AUT,2013,Austria,Austria,164336468.26,160958492.91,5.24,6.65,48.8,1,1,90.5,96.2,97.7,95.8,18.917426525874834,18.896657087910896,1.4100000000000001,1.09
AUT,2014,Austria,Austria,165108408.15,165956234.59,4.84,6.45,50.68,1,1,90.9,95.2,96.6,94.6,18.92211284126984,18.927234670537317,1.6100000000000003,-0.27
AUT,2015,Austria,Austria,143041736.03,144137334.23,4.67,6.93,52.04,1,1,90.5,90.0,96.2,94.1,18.77864701298185,18.78627711991629,2.26,-7.38
AUT,2016,Austria,Austria,145445194.33,143594464.57,4.85,6.83,47.94,1,1,91.0,77.1,95.7,93.6,18.79530990922134,18.782503673236803,1.9800000000000004,0.69
AUT,2017,Austria,Austria,158705715.69,192531707.13,3.93,6.94,64.12,1,1,90.5,85.2,97.1,95.1,18.88256220683904,19.075771415686106,3.0100000000000002,5.35
AUT,2018,Austria,Austria,176265800.02,174195010.23,4.69,6.37,57.15,1,1,91.0,77.4,98.6,94.7,18.98750364681553,18.975685983798083,1.6799999999999997,5.19
AUT,2019,Austria,Austria,168973574.28,169493586.79,12.14,14.93,51.16,1,1,90.5,77.4,98.6,94.7,18.94525290137202,18.948325653921707,2.789999999999999,-2.08
AUT,2020,Austria,Austria,158037659.91,157996246.1,5.07,7.79,51.99,1,1,91.0,76.9,97.1,95.7,18.878343922777837,18.878081838177497,2.7199999999999998,-3.45
AUT,2021,Austria,Austria,198504368.65,192165929.16,5.07,7.85,57.5,1,1,85.7,79.2,97.1,94.7,19.106321671199353,19.07386977635266,2.7799999999999994,13.19
AZE,1998,Azerbaijan,Azerbaijan,1460529.86,474039.55,3.08,10.13,41.29,1,1,3.7,22.9,15.0,17.9,14.194310530336788,13.069048145541354,7.050000000000001,16.41
AZE,2000,Azerbaijan,Azerbaijan,1767496.51,1451922.62,0.68,5.52,42.17,1,1,4.3,20.1,14.4,21.9,14.385075267982424,14.188399869677491,4.84,6.38
AZE,2002,Azerbaijan,Azerbaijan,2497306.57,1746659.87,0.69,4.87,35.85,1,1,6.3,17.5,18.9,20.4,14.730723737487365,14.373216448921317,4.18,7.89
AZE,2003,Azerbaijan,Azerbaijan,3945210.74,1930216.73,0.92,4.53,47.64,1,1,10.6,21.1,22.4,20.4,15.18801318382557,14.473143367989609,3.6100000000000003,25.57
AZE,2004,Azerbaijan,Azerbaijan,5860146.62,2569362.76,1.23,4.4,39.3,1,1,10.3,17.0,19.7,18.8,15.583685352362183,14.759168862019992,3.1700000000000004,15.7
AZE,2005,Azerbaijan,Azerbaijan,6755228.45,4023841.79,1.56,4.46,41.13,1,1,15.6,17.0,26.8,15.4,15.725827496231087,15.207747921907083,2.9,9.44
AZE,2006,Azerbaijan,Azerbaijan,9490042.0,8587839.56,0.29,3.71,77.29,1,1,12.7,16.4,21.5,10.6,16.065753701661198,15.96585787236832,3.42,11.83
AZE,2007,Azerbaijan,Azerbaijan,9555838.38,14303889.6,0.91,2.96,70.46,1,1,11.2,25.6,21.5,12.0,16.07266297899859,16.476042128155893,2.05,4.14
AZE,2008,Azerbaijan,Azerbaijan,13202518.29,24045013.32,0.27,3.2,72.81,1,1,10.7,32.7,22.1,11.1,16.395918224649073,16.99543822824373,2.93,11.97
AZE,2009,Azerbaijan,Azerbaijan,9986096.1,17398434.19,0.1,2.67,76.66,1,1,9.1,35.5,20.4,13.3,16.116704393608476,16.67189082853147,2.57,-7.57
AZE,2010,Azerbaijan,Azerbaijan,13238969.99,22105897.62,0.33,2.51,55.55,1,1,6.7,36.5,21.3,12.8,16.398675385664276,16.911355036757296,2.1799999999999997,3.83
AZE,2011,Azerbaijan,Azerbaijan,16725608.21,32615422.13,0.23,2.5,73.68,1,1,9.5,29.9,17.8,12.7,16.632451588427294,17.30029583660664,2.27,21.47
AZE,2012,Azerbaijan,Azerbaijan,18566168.01,28846822.18,0.13,2.66,75.17,1,1,11.8,23.2,21.6,12.2,16.736851612099976,17.177510429777282,2.5300000000000002,-0.47
AZE,2013,Azerbaijan,Azerbaijan,21705771.48,29407521.72,0.04,2.32,70.26,1,1,16.6,33.6,26.3,9.4,16.893088796038754,17.19676107440846,2.28,5.66
AZE,2014,Azerbaijan,Azerbaijan,19890048.21,27050781.42,0.12,2.12,39.32,1,1,14.9,26.2,28.4,7.4,16.805730124934687,17.113226487792236,2.0,-7.66
AZE,2015,Azerbaijan,Azerbaijan,15052299.55,16867549.13,0.12,2.13,46.79,1,1,16.7,21.9,28.1,6.9,16.527041397942305,16.64090222346685,2.01,0.19
AZE,2016,Azerbaijan,Azerbaijan,10133832.24,13022030.98,0.19,2.3,45.25,1,1,19.5,18.1,31.9,6.4,16.13139020938625,16.382153248619886,2.11,-4.11
AZE,2017,Azerbaijan,Azerbaijan,10366937.46,17257593.97,0.32,2.71,36.51,1,1,17.6,19.5,30.5,6.9,16.1541323061441,16.663762892659214,2.39,1.73
AZE,2018,Azerbaijan,Azerbaijan,13520535.84,20895151.52,0.28,2.08,35.82,1,1,21.0,20.8,28.6,7.3,16.419720334891377,16.855027753191425,1.8,14.33
AZE,2019,Azerbaijan,Azerbaijan,16561176.78,17067844.73,0.5,2.38,35.95,1,1,22.9,22.6,28.1,7.2,16.622571826373015,16.652706884697505,1.88,9.13
AZE,2020,Azerbaijan,Azerbaijan,11247462.37,11949675.02,0.44,3.53,45.26,1,1,15.2,17.5,24.3,5.8,16.235653182968445,16.296214724677203,3.09,-11.33
AZE,2021,Azerbaijan,Azerbaijan,12656531.81,22114982.58,0.44,2.92,45.38,1,1,21.4,18.4,29.5,7.7,16.35368406750291,16.91176592680181,2.48,4.4
BDI,1996,Burundi,Burundi,90294.86,98712.79,0.95,12.75,73.15,1,1,30.6,3.2,7.5,7.5,11.410846891177982,11.499979931974215,11.8,-28.11
BDI,1998,Burundi,Burundi,90571.17,72212.97,2.84,16.93,55.73,1,1,32.6,1.6,8.5,8.5,11.413902270450418,11.187388796468792,14.09,16.0
BDI,2000,Burundi,Burundi,135330.22,52674.85,3.08,15.61,74.18,1,1,26.1,2.1,3.0,7.5,11.815480534030286,10.871912375229428,12.53,6.69
BDI,2002,Burundi,Burundi,146114.34,38184.91,4.79,16.67,70.73,1,1,29.1,0.5,6.5,14.4,11.892151588804722,10.55022187838591,11.880000000000003,-3.69
BDI,2003,Burundi,Burundi,178238.76,65512.96,1.46,20.83,82.22,1,1,21.7,1.5,5.5,13.9,12.090884889221048,11.090018528685412,19.369999999999997,5.96
BDI,2004,Burundi,Burundi,275287.34,66061.59,1.06,19.11,81.36,1,1,16.7,1.0,5.8,12.0,12.525574336437892,11.098357904957927,18.05,9.28
BDI,2005,Burundi,Burundi,339686.85,102641.44,1.35,21.37,73.99,1,1,18.0,7.3,13.4,28.4,12.73578238665592,11.539006771415377,20.02,22.25
BDI,2006,Burundi,Burundi,362614.23,88796.56,2.32,15.94,75.27,1,1,12.2,9.2,18.2,27.4,12.801097578627108,11.39411445112527,13.62,29.61
BDI,2007,Burundi,Burundi,397347.3,99675.87,1.82,16.81,71.88,1,1,9.2,9.7,12.9,26.9,12.892568505015143,11.509688933046734,14.989999999999998,-1.23
BDI,2008,Burundi,Burundi,397407.81,70165.24,1.8,16.28,84.36,1,1,13.1,9.1,15.4,28.8,12.892720777953267,11.15862256265788,14.48,-13.68
BDI,2009,Burundi,Burundi,443404.13,93404.47,0.61,18.67,87.41,1,1,11.5,12.8,11.4,29.4,13.002239145786188,11.444705187812545,18.060000000000002,4.6
BDI,2010,Burundi,Burundi,538442.43,81512.32,0.93,18.71,87.95,1,1,11.4,6.6,10.4,20.9,13.196437718992549,11.308521721457636,17.78,8.25
BDI,2011,Burundi,Burundi,484909.87,146803.26,1.54,17.81,90.13,1,1,8.5,4.7,12.2,21.1,13.091720379835381,11.896855413815077,16.27,67.06
BDI,2012,Burundi,Burundi,532127.4,254448.4,0.2,18.25,92.19,1,1,0.9,5.7,13.1,23.5,13.184640092586198,12.446857273987082,18.05,-5.68
BDI,2013,Burundi,Burundi,549318.75,303807.88,0.46,18.18,93.11,1,1,1.9,8.5,14.1,21.6,13.216435973535981,12.624154098473047,17.72,-15.18
BDI,2014,Burundi,Burundi,538699.61,276644.9,3.14,13.22,93.85,1,1,8.2,20.5,14.9,21.2,13.196915241023655,12.530493628046546,10.08,-3.46
BDI,2015,Burundi,Burundi,499129.19,263867.22,1.08,8.55,92.21,1,1,8.1,5.7,10.0,13.3,13.120622242508306,12.48320509083663,7.470000000000001,-8.7
BDI,2016,Burundi,Burundi,524705.33,184200.18,0.71,9.87,91.76,1,1,10.0,5.7,6.7,7.9,13.170594013638626,12.123783808863172,9.16,5.62
BDI,2017,Burundi,Burundi,562827.17,154920.43,2.24,11.95,75.53,1,1,8.6,4.3,6.7,6.4,13.24072965627465,11.950673364156703,9.709999999999999,11.92
BDI,2018,Burundi,Burundi,516307.77,235924.91,1.58,8.14,66.14,1,1,5.2,7.5,5.7,5.8,13.154460256971781,12.37127309404009,6.5600000000000005,0.65
BDI,2019,Burundi,Burundi,644110.58,237596.35,2.26,9.08,61.83,1,1,4.8,7.5,5.7,4.8,13.375627250948124,12.378332713209776,6.82,5.77
BDI,2020,Burundi,Burundi,704564.51,164468.3,7.83,7.17,60.82,1,1,3.8,9.0,6.7,6.8,13.465336593932467,12.01047920563092,-0.6600000000000001,1.23
BDI,2021,Burundi,Burundi,743517.64,125702.04,3.49,8.47,66.68,1,1,2.9,10.8,8.1,12.1,13.519149115180054,11.741677578852325,4.98,6.14
BEL,1996,Belgium-Luxembourg,Belgium,150738704.09,140388257.01,9.55,12.96,18.77,1,1,88.7,92.0,89.9,92.5,18.83105846598845,18.759922413651193,3.41,1.49
BEL,1998,Belgium-Luxembourg,Belgium,151711474.4,140733936.06,10.03,12.86,21.81,1,1,87.2,81.9,87.0,91.5,18.837491086810463,18.762381694563807,2.83,2.25
BEL,2000,Belgium,Belgium,161118412.74,146660213.92,8.62,10.69,32.93,1,1,90.4,83.6,89.1,92.5,18.89765014167752,18.8036290060591,2.0700000000000003,3.69
BEL,2002,Belgium,Belgium,175522889.17,155542225.01,8.92,10.72,29.38,1,1,89.9,91.5,89.1,93.0,18.983280020684248,18.862427802624097,1.8000000000000007,5.29
BEL,2003,Belgium,Belgium,207943248.19,185590886.86,8.66,10.17,32.43,1,1,89.4,74.4,89.1,95.5,19.152775760005177,19.03905528152925,1.5099999999999998,8.9
BEL,2004,Belgium,Belgium,251602697.84,225475632.74,7.24,8.39,38.29,1,1,90.1,71.8,88.9,90.9,19.34336180944209,19.233722656700643,1.1500000000000004,10.43
BEL,2005,Belgium,Belgium,275250605.72,247073554.09,6.31,8.77,35.5,1,1,90.2,70.4,88.5,91.3,19.433192537815316,19.32519664414709,2.46,5.54
BEL,2006,Belgium,Belgium,311773029.69,278505256.28,6.2,8.64,36.38,1,1,88.8,73.9,89.0,92.8,19.55778601530498,19.44494749428091,2.4400000000000004,5.19
BEL,2007,Belgium,Belgium,383012318.01,332212319.68,6.14,8.18,37.69,1,1,90.3,72.5,89.0,93.8,19.763577711144624,19.621284842595394,2.04,8.16
BEL,2008,Belgium,Belgium,416283303.56,355232654.86,5.87,8.01,37.24,1,1,90.8,67.8,89.4,92.8,19.846876607013176,19.688283501399177,2.1399999999999997,6.26
BEL,2009,Belgium,Belgium,327467686.72,271768098.6,5.68,7.62,38.69,1,1,90.9,75.4,88.6,93.4,19.60689994472164,19.420459685611497,1.9400000000000004,-12.8
BEL,2010,Belgium,Belgium,344735295.89,302543150.15,5.99,7.95,37.26,1,1,90.0,74.4,90.0,94.3,19.65828742511327,19.527734473691602,1.96,-10.69
BEL,2011,Belgium,Belgium,407028071.0,359813788.53,5.38,8.01,38.66,1,1,90.5,78.2,90.1,93.0,19.824392714001316,19.70109720428827,2.63,9.9
BEL,2012,Belgium,Belgium,378491178.94,339012074.75,5.2,7.99,42.66,1,1,91.5,76.3,90.1,93.0,19.751703327901836,19.6415462863917,2.79,-3.45
BEL,2013,Belgium,Belgium,390450300.32,355785705.51,5.15,8.1,41.12,1,1,91.0,77.7,90.1,93.0,19.782811249797593,19.68983915956725,2.9499999999999993,1.49
BEL,2014,Belgium,Belgium,399518436.27,363245883.76,4.97,7.1,45.16,1,1,91.3,69.5,88.9,94.1,19.805770472969265,19.710590531403486,2.13,0.07
BEL,2015,Belgium,Belgium,341172681.57,306190952.52,4.68,7.72,46.67,1,1,91.0,64.3,88.1,94.6,19.647899307568863,19.539719496401315,3.04,-11.27
BEL,2016,Belgium,Belgium,338086713.9,303202934.67,4.66,7.45,42.28,1,1,91.9,61.4,88.6,95.6,19.63881297350179,19.529912893974537,2.79,3.49
BEL,2017,Belgium,Belgium,361153255.77,323723421.54,4.57,7.47,50.78,1,1,89.5,62.4,87.6,93.1,19.704812960197017,19.595400075067705,2.8999999999999995,5.1
BEL,2018,Belgium,Belgium,393542898.23,360916129.59,5.46,8.92,47.85,1,1,89.5,59.4,87.6,92.7,19.79070063952374,19.70415616407001,3.46,5.43
BEL,2019,Belgium,Belgium,377928034.15,339115153.11,9.54,12.59,45.3,1,1,89.5,60.8,87.6,93.7,19.750214352257622,19.641850295304057,3.0500000000000007,-3.19
BEL,2020,Belgium,Belgium,354167048.24,329431351.09,4.76,7.18,45.79,1,1,90.0,64.2,87.6,90.8,19.68527925030121,19.612878550565306,2.42,-3.92
BEL,2021,Belgium,Belgium,464825537.13,431548547.96,4.69,7.38,51.91,1,1,89.5,67.5,87.6,90.3,19.95717270633424,19.882890574232906,2.6899999999999995,15.67
BEN,2000,Benin,Benin,1767867.97,326195.0,3.75,7.13,67.85,1,1,31.4,74.6,46.3,60.7,14.385285407442346,12.69525370667817,3.38,-11.02
BEN,2002,Benin,Benin,1961736.05,317555.88,9.86,8.96,53.12,1,1,27.0,73.5,45.3,51.2,14.489340888719045,12.668412230875807,-0.8999999999999986,9.79
BEN,2003,Benin,Benin,2221019.53,468488.07,7.79,7.99,46.33,1,1,36.0,69.3,40.8,54.7,14.613477346417813,13.05726805061259,0.20000000000000018,10.92
BEN,2004,Benin,Benin,2251708.93,514631.1,8.7,7.28,48.27,1,1,34.0,54.4,39.4,51.4,14.62720045443936,13.151207555430764,-1.419999999999999,0.1
BEN,2005,Benin,Benin,2942640.39,542505.95,10.72,8.36,51.21,1,1,20.5,61.2,35.4,49.5,14.894818167939217,13.203956175374598,-2.360000000000001,0.27
BEN,2006,Benin,Benin,3847016.53,651442.24,8.14,8.79,65.38,1,1,34.1,63.3,37.3,57.7,15.162808738521553,13.3869455497256,0.6499999999999986,5.66
BEN,2007,Benin,Benin,5574893.86,831179.44,11.32,8.36,68.87,1,1,37.9,58.0,36.8,57.7,15.533784015939794,13.630602186247726,-2.960000000000001,27.5
BEN,2008,Benin,Benin,7632038.19,821225.72,6.08,8.61,68.86,1,1,36.9,56.7,36.5,57.7,15.847865627055146,13.618554501347209,2.5299999999999994,2.51
BEN,2009,Benin,Benin,6848076.62,582198.82,5.26,6.95,67.11,1,1,29.7,60.2,31.3,57.8,15.73947853143574,13.274569001121506,1.6900000000000004,-4.93
BEN,2010,Benin,Benin,8293478.99,1474797.86,4.82,5.22,55.31,1,1,29.5,53.6,30.3,56.9,15.93098022069246,14.20403217235566,0.39999999999999947,17.36
BEN,2011,Benin,Benin,13426646.49,1583483.19,4.26,5.7,68.3,1,1,33.2,57.3,30.5,54.5,16.41275190889327,14.2751381606988,1.4400000000000004,-1.5
BEN,2012,Benin,Benin,7739297.1,1473695.28,4.39,7.39,68.78,1,1,20.4,58.3,34.7,54.9,15.861821556699276,14.203284278939499,3.0,5.78
BEN,2013,Benin,Benin,9354720.84,1198882.89,4.14,7.32,70.48,1,1,24.6,58.3,34.7,55.9,16.051391783416094,13.996901590287921,3.1800000000000006,12.67
BEN,2014,Benin,Benin,10286129.83,1908270.19,3.15,4.96,51.62,1,1,29.8,47.1,36.1,57.1,16.146307024466132,14.461708254014102,1.81,12.23
BEN,2015,Benin,Benin,8039283.66,1138594.7,0.96,6.75,73.68,1,1,34.3,44.8,33.3,58.6,15.899850664560033,13.945306218924273,5.79,-17.08
BEN,2016,Benin,Benin,5885534.18,1082968.91,0.81,6.19,68.23,1,1,35.2,47.1,30.0,60.1,15.588008234218897,13.895217741663629,5.380000000000001,0.26
BEN,2017,Benin,Benin,6679746.16,1379963.09,1.26,6.51,67.34,1,1,33.8,47.6,29.5,58.1,15.714590694497087,14.137568035055684,5.25,11.98
BEN,2018,Benin,Benin,6556799.75,1192260.84,1.25,6.15,65.47,1,1,41.4,40.6,26.2,56.8,15.696013351411777,13.991362766914264,4.9,2.07
BEN,2019,Benin,Benin,5926415.08,1616094.61,0.81,6.75,64.32,1,1,42.4,29.7,26.2,49.3,15.594930217273198,14.29552368091698,5.9399999999999995,-6.3
BEN,2020,Benin,Benin,4340221.75,1113218.83,0.21,7.02,77.43,1,1,54.8,31.6,23.8,43.0,15.283436229644304,13.922767121985814,6.81,-4.77
BEN,2021,Benin,Benin,5297109.63,1649829.65,0.32,6.52,75.11,1,1,49.0,32.1,28.1,38.2,15.4826720657154,14.316183204245654,6.199999999999999,9.39
BFA,1996,Burkina Faso,Burkina Faso,445006.8,135746.34,3.86,7.75,72.63,1,1,60.2,37.2,20.6,34.0,13.00584708908465,11.818550642760737,3.89,9.54
BFA,1998,Burkina Faso,Burkina Faso,678980.43,238821.57,5.41,9.47,68.89,1,1,57.8,41.0,20.5,37.8,13.42834905712413,12.383476170272251,4.0600000000000005,4.68
BFA,2000,Burkina Faso,Burkina Faso,667458.01,199341.15,5.16,9.75,66.65,1,1,60.1,48.7,29.4,44.3,13.411233259131278,12.202777974055738,4.59,-3.79
BFA,2002,Burkina Faso,Burkina Faso,843434.32,257562.91,4.59,8.38,76.34,1,1,59.8,33.3,25.9,39.3,13.645238497530135,12.459023162465606,3.790000000000001,-14.08
BFA,2003,Burkina Faso,Burkina Faso,1136908.19,241246.26,7.73,9.18,66.96,1,1,55.0,45.7,30.8,40.3,13.94382390146917,12.393577661623782,1.4499999999999993,16.21
BFA,2004,Burkina Faso,Burkina Faso,1256074.94,397204.33,10.37,10.73,67.66,1,1,51.2,42.2,36.5,35.1,14.04350308596598,12.892208629995649,0.3600000000000012,12.54
BFA,2005,Burkina Faso,Burkina Faso,1273056.94,317400.49,7.29,7.31,70.09,1,1,53.7,43.2,38.3,34.1,14.056932391036389,12.667922781455362,0.019999999999999574,8.25
BFA,2006,Burkina Faso,Burkina Faso,1767105.19,356290.26,5.76,7.22,78.27,1,1,44.9,50.7,42.1,34.6,14.384853845704392,12.783503821402523,1.46,13.49
BFA,2007,Burkina Faso,Burkina Faso,1796582.99,438812.61,3.38,6.38,79.69,1,1,47.6,54.6,42.6,36.5,14.40139763646068,12.9918300233106,3.0,6.38
BFA,2008,Burkina Faso,Burkina Faso,1938176.01,572099.96,2.45,6.43,80.98,1,1,46.1,49.0,43.8,38.5,14.47725840369124,13.257070758283529,3.9799999999999995,14.27
BFA,2009,Burkina Faso,Burkina Faso,2153470.39,747176.84,1.72,6.44,83.13,1,1,45.0,46.0,48.8,37.9,14.58259169803862,13.5240585080694,4.720000000000001,0.1
BFA,2010,Burkina Faso,Burkina Faso,2106966.09,610396.95,1.56,6.01,55.47,1,1,44.3,41.2,49.8,37.9,14.560760073300317,13.32186640049327,4.449999999999999,1.17
BFA,2011,Burkina Faso,Burkina Faso,2997936.69,760510.79,1.6,5.18,82.21,1,1,43.1,28.9,44.6,37.6,14.913435173572788,13.541746893519894,3.5799999999999996,10.41
BFA,2012,Burkina Faso,Burkina Faso,3213625.3,2155283.73,0.43,5.61,80.32,1,1,38.4,27.0,41.8,38.0,14.982910545961856,14.58343339808223,5.180000000000001,13.16
BFA,2013,Burkina Faso,Burkina Faso,3777816.14,2035761.72,4.37,6.89,76.92,1,1,36.5,21.8,37.1,39.9,15.144656924601698,14.52638110762129,2.5199999999999996,10.71
BFA,2014,Burkina Faso,Burkina Faso,3558312.66,2101643.3,3.37,5.6,57.18,1,1,38.9,20.0,33.7,36.0,15.084797299589948,14.558230596309073,2.2299999999999995,-9.27
BFA,2015,Burkina Faso,Burkina Faso,2933602.18,1799676.67,1.08,5.67,72.76,1,1,47.6,25.2,33.8,42.9,14.89174197973103,14.403118134608826,4.59,-7.49
BFA,2016,Burkina Faso,Burkina Faso,3094902.88,2009008.53,0.64,5.38,65.43,1,1,52.4,16.7,35.7,48.3,14.945267407075757,14.513152387439378,4.74,4.36
BFA,2017,Burkina Faso,Burkina Faso,3867552.77,2550945.26,0.88,3.94,65.71,1,1,51.9,15.2,38.1,48.3,15.16813276437085,14.751974930653521,3.06,8.61
BFA,2018,Burkina Faso,Burkina Faso,3940540.83,2852273.7,0.6,4.81,58.99,1,1,52.9,13.2,34.8,42.7,15.186828792123634,14.863627374251077,4.21,5.59
BFA,2019,Burkina Faso,Burkina Faso,3916796.26,3143348.18,1.91,5.68,68.84,1,1,48.6,11.8,35.7,38.6,15.180784852309191,14.960799407286192,3.7699999999999996,-1.57
BFA,2020,Burkina Faso,Burkina Faso,3696168.93,4208797.76,2.92,5.63,65.83,1,1,50.5,9.4,35.7,39.1,15.122807687418415,15.252687834777896,2.71,-0.95
BFA,2021,Burkina Faso,Burkina Faso,3767305.57,4412474.77,0.5,4.63,70.98,1,1,50.5,7.5,35.2,41.5,15.141870866426201,15.299946488990482,4.13,6.16
BGD,1996,Bangladesh,Bangladesh,5233290.42,4119066.03,11.39,19.3,61.84,1,1,17.7,26.6,20.1,50.0,15.470550972701158,15.23113724665313,7.91,6.99
BGD,1998,Bangladesh,Bangladesh,6222906.9,5032220.96,11.25,18.71,57.94,1,1,28.9,33.5,19.0,47.3,15.643747863506112,15.431372186087541,7.460000000000001,1.71
BGD,2002,Bangladesh,Bangladesh,7607090.59,6793420.89,9.18,23.99,65.91,1,1,1.6,19.0,17.4,37.3,15.844591474133063,15.731465332825207,14.809999999999999,7.05
BGD,2003,Bangladesh,Bangladesh,9172128.73,8410135.81,8.62,17.28,66.07,1,1,0.5,16.6,14.4,31.8,16.031680066994227,15.94494829935546,8.660000000000002,4.93
BGD,2004,Bangladesh,Bangladesh,11186168.7,10406549.44,7.28,16.43,70.88,1,1,1.0,10.2,14.9,27.9,16.230188724997745,16.15794601583934,9.149999999999999,5.87
BGD,2005,Bangladesh,Bangladesh,12608655.11,10458983.27,8.23,16.41,65.34,1,1,2.9,4.4,17.7,30.3,16.349894128907277,16.1629719057674,8.18,5.38
BGD,2006,Bangladesh,Bangladesh,14447299.35,13377246.59,8.02,16.62,68.65,1,1,2.9,8.7,20.6,32.2,16.486018128078758,16.409065880740663,8.600000000000001,11.45
BGD,2007,Bangladesh,Bangladesh,15780707.2,14407361.49,7.77,16.24,67.34,1,1,13.6,9.2,23.4,31.3,16.574298751969366,16.48324991791286,8.469999999999999,5.99
BGD,2008,Bangladesh,Bangladesh,20585042.63,17284562.57,8.41,16.08,68.53,1,1,15.0,9.6,25.5,33.2,16.84007533268839,16.66532438195922,7.669999999999998,17.51
BGD,2009,Bangladesh,Bangladesh,20109440.34,17758003.68,8.12,15.85,69.26,1,1,14.8,9.0,26.1,38.4,16.816699981154105,16.692346940117567,7.73,-2.26
BGD,2010,Bangladesh,Bangladesh,28693111.34,20681410.17,8.48,15.95,58.28,1,1,14.8,10.0,26.1,37.0,17.172167663774776,16.844745843670953,7.469999999999999,14.55
BGD,2011,Bangladesh,Bangladesh,34764684.47,27001347.91,7.96,15.35,66.1,1,1,13.7,9.0,28.2,36.2,17.364112644156624,17.11139738235029,7.39,16.25
BGD,2012,Bangladesh,Bangladesh,33557939.29,27437571.69,7.33,14.84,71.16,1,1,20.9,9.0,18.8,34.7,17.32878406372273,17.127423898090004,7.51,-6.09
BGD,2013,Bangladesh,Bangladesh,37631064.87,30853758.29,7.68,15.26,70.36,1,1,21.3,7.6,20.7,34.7,17.443340487175117,17.244769157941946,7.58,-1.19
BGR,1998,Bulgaria,Bulgaria,4814644.07,4389597.62,10.56,14.45,23.72,1,1,50.8,66.5,44.5,63.2,15.387172887101759,15.29474835034741,3.889999999999999,0.64
BGR,2000,Bulgaria,Bulgaria,5530139.66,4999523.65,8.14,11.84,38.09,1,1,51.1,61.9,48.3,62.2,15.525723808979734,15.424853395878936,3.6999999999999993,9.66
BGR,2002,Bulgaria,Bulgaria,6763677.35,6006594.21,8.12,13.23,28.59,1,1,51.3,64.0,51.2,63.7,15.727077434646972,15.60836862517918,5.110000000000001,4.76
BGR,2003,Bulgaria,Bulgaria,9038727.61,7293688.59,7.77,11.06,38.94,1,1,56.6,49.7,48.3,65.2,16.01702908199083,15.802520092549113,3.290000000000001,16.75
BGR,2004,Bulgaria,Bulgaria,12708470.99,9781148.97,6.63,9.08,44.32,1,1,57.1,45.1,49.5,66.3,16.357779414852743,16.095967618943142,2.45,15.28
BGR,2005,Bulgaria,Bulgaria,15727781.72,11215569.34,6.25,9.47,37.89,1,1,56.6,51.5,49.8,66.3,16.570939306421167,16.23281357974814,3.2200000000000006,12.05
BGR,2006,Bulgaria,Bulgaria,21749514.84,14704666.6,5.14,8.09,44.98,1,1,53.7,57.5,51.2,65.9,16.89510205502132,16.50367552515847,2.95,13.19
BGR,2007,Bulgaria,Bulgaria,25320818.42,16640977.85,5.8,7.37,31.25,1,1,51.0,56.0,52.6,68.3,17.047137517275836,16.6273788167474,1.5700000000000003,13.71
BGR,2008,Bulgaria,Bulgaria,33320135.4,20310237.96,5.73,8.44,33.99,1,1,48.5,56.3,51.9,65.9,17.321672468891993,16.826635699120047,2.709999999999999,10.92
BGR,2009,Bulgaria,Bulgaria,21081748.06,15320141.97,4.78,7.58,48.09,1,1,50.7,55.9,54.0,64.9,16.863918250681177,16.544679054478603,2.8,-20.59
BGR,2010,Bulgaria,Bulgaria,23774307.96,19097943.47,4.6,7.01,46.32,1,1,51.9,57.8,51.7,64.5,16.98411610014786,16.76509126785375,2.41,4.24
BGR,2011,Bulgaria,Bulgaria,29866356.91,25337311.19,4.62,6.91,49.64,1,1,50.2,55.9,51.2,61.5,17.21224325138879,17.04778865738142,2.29,13.19
BGR,2012,Bulgaria,Bulgaria,30472845.32,24754468.62,5.16,8.22,48.23,1,1,48.8,58.8,51.6,61.5,17.23234656044878,17.024516621381505,3.0600000000000005,0.38
BGR,2013,Bulgaria,Bulgaria,29918086.49,27819812.06,5.92,7.76,46.03,1,1,46.0,53.1,50.7,58.2,17.21397378823876,17.141259024810825,1.8399999999999999,2.37
BGR,2014,Bulgaria,Bulgaria,31136801.87,28903011.84,5.23,7.49,52.22,1,1,47.6,49.5,54.3,59.6,17.253901049542407,17.179456398167982,2.26,0.62
BGR,2015,Bulgaria,Bulgaria,27408002.36,24836755.55,8.05,9.18,52.04,1,1,45.2,46.7,51.4,61.1,17.126345622137976,17.02783523283257,1.129999999999999,-8.22
BGR,2016,Bulgaria,Bulgaria,29195171.64,25974689.06,5.19,7.98,48.26,1,1,47.6,49.0,49.5,58.6,17.189513933023616,17.072633162635835,2.79,-0.53
BGR,2017,Bulgaria,Bulgaria,33515829.26,29444314.16,11.0,10.22,62.4,1,1,49.5,59.0,51.0,60.6,17.327528430255658,17.198011415812182,-0.7799999999999994,8.78
BGR,2018,Bulgaria,Bulgaria,37404933.13,32304100.93,26.15,15.25,60.3,1,1,49.0,61.8,51.0,58.7,17.437313182292574,17.290704774866576,-10.899999999999999,5.21
BGR,2019,Bulgaria,Bulgaria,36067812.03,32481578.54,11.63,11.21,55.95,1,1,49.5,66.0,52.4,58.5,17.400911419769045,17.29618370323293,-0.41999999999999993,-0.21
BGR,2020,Bulgaria,Bulgaria,33226042.62,31148620.82,4.6,7.48,58.05,1,1,43.8,58.5,49.0,56.0,17.318844572755,17.254280558880286,2.880000000000001,-3.69
BGR,2021,Bulgaria,Bulgaria,45462924.71,42712622.03,4.27,7.58,61.94,1,1,48.1,58.0,52.4,56.5,17.632407732214844,17.570005055822957,3.3100000000000005,15.09
BHR,2002,Bahrain,Bahrain,4053012.43,2922623.81,6.27,9.68,47.42,1,1,77.8,54.5,65.7,31.3,15.214971219199823,14.887992678003286,3.41,8.0
BHR,2003,Bahrain,Bahrain,4937676.01,3237672.22,6.38,8.69,44.47,1,1,69.3,62.3,68.2,30.3,15.412405537675495,14.990365487805732,2.3099999999999996,6.25
BHR,2004,Bahrain,Bahrain,6002392.63,3988819.96,5.68,7.23,43.9,1,1,70.0,55.8,69.2,31.3,15.607668885970922,15.199006246450821,1.5500000000000007,7.88
BHR,2005,Bahrain,Bahrain,7595073.77,5231672.86,3.61,6.89,69.26,1,1,66.8,46.6,68.9,25.0,15.843010538598179,15.470241834549315,3.28,19.1
BHR,2006,Bahrain,Bahrain,7703090.46,7318833.2,3.82,6.39,67.44,1,1,60.5,32.4,61.2,23.6,15.857132294560733,15.805961610958827,2.57,-2.07
BHR,2007,Bahrain,Bahrain,9334659.86,7594260.35,3.3,6.21,71.17,1,1,61.2,36.7,66.0,25.0,16.04924500435693,15.84290343450958,2.91,13.39
BHR,2008,Bahrain,Bahrain,13213138.19,10427032.54,3.05,8.18,64.35,1,1,62.6,36.5,65.4,23.1,16.396722285663127,16.15991237041564,5.13,26.46
BHR,2009,Bahrain,Bahrain,11350510.17,6424294.78,2.62,6.63,70.16,1,1,63.6,40.8,64.5,26.5,16.244773337881956,15.675597576512676,4.01,-19.3
BHR,2010,Bahrain,Bahrain,13151440.51,9340540.87,4.25,5.45,48.03,1,1,62.4,28.9,63.5,19.9,16.392041931112473,16.049874824582115,1.2000000000000002,15.51
BHR,2011,Bahrain,Bahrain,12767402.56,10077799.75,4.28,6.14,46.59,1,1,63.5,19.0,62.4,13.1,16.36240588392146,16.12584561723938,1.8599999999999994,5.0
BHR,2012,Bahrain,Bahrain,15771162.19,12301961.98,2.6,5.59,66.4,1,1,67.8,15.6,60.6,11.3,16.57369371588937,16.325269399479136,2.9899999999999998,-10.13
BHR,2013,Bahrain,Bahrain,13930182.5,11727550.52,2.55,5.39,63.33,1,1,68.2,9.0,61.5,12.2,16.449568518677122,16.277451462268257,2.84,14.31
BHR,2014,Bahrain,Bahrain,15163008.54,11327638.79,3.38,6.39,51.68,1,1,63.0,15.7,66.8,11.3,16.534369436945973,16.24275629621091,3.01,3.84
BHR,2015,Bahrain,Bahrain,13282824.0,9127901.23,3.75,6.88,46.55,1,1,59.0,12.9,65.7,11.8,16.40198240529323,16.02684645946756,3.13,-9.64
BHR,2016,Bahrain,Bahrain,12635072.19,7856753.48,3.79,6.2,44.16,1,1,55.7,19.5,65.7,10.8,16.351987091427148,15.876884163101556,2.41,-5.14
BHR,2017,Bahrain,Bahrain,13919445.57,10332083.77,3.75,5.73,39.79,1,1,50.5,14.3,66.2,11.3,16.448797454177882,16.150764637771257,1.9800000000000004,8.59
BHR,2018,Bahrain,Bahrain,18444270.81,13976889.61,3.26,5.69,37.37,1,1,50.0,17.5,65.2,10.7,16.730264409242,16.452915853007283,2.4300000000000006,8.83
BHR,2019,Bahrain,Bahrain,16884037.34,14815660.36,3.36,6.02,37.9,1,1,53.8,23.1,67.1,10.1,16.64187925667086,16.511195379235396,2.6599999999999997,-5.0
BHR,2020,Bahrain,Bahrain,14830082.34,11319808.8,2.99,5.73,40.35,1,1,51.9,24.1,65.2,8.7,16.512168333788143,16.24206482847801,2.74,-8.81
BHR,2021,Bahrain,Bahrain,18033386.04,16405097.54,3.29,5.34,40.42,1,1,58.6,27.8,65.2,8.7,16.707735433332704,16.613102731064572,2.05,-4.38
BHS,1998,"Bahamas, The",Bahamas,2471210.69,592776.74,12.84,30.29,53.82,1,1,85.6,85.1,89.0,85.1,14.720219151070626,13.292574801651684,17.45,5.81
BHS,2000,"Bahamas, The",Bahamas,4442359.45,925035.3,13.29,31.67,64.89,1,1,86.2,91.0,88.6,87.1,15.306696426024594,13.73758825896781,18.380000000000003,6.94
BHS,2002,"Bahamas, The",Bahamas,6333174.46,1375049.14,16.79,21.38,58.56,1,1,89.4,82.5,90.0,87.6,15.661312320783491,14.134000753872504,4.59,-2.34
BHS,2003,"Bahamas, The",Bahamas,6386468.86,1642540.54,9.96,20.04,61.47,1,1,89.9,72.4,90.0,80.1,15.669692226123995,14.31175531973647,10.079999999999998,0.96
BHS,2004,"Bahamas, The",Bahamas,5591572.05,1790649.46,6.11,15.58,73.24,1,1,91.6,77.2,90.4,81.3,15.5367712098379,14.398089497283287,9.469999999999999,2.69
BHS,2005,"Bahamas, The",Bahamas,9616858.29,2581577.21,3.66,10.32,67.76,1,1,89.3,78.2,90.0,77.9,16.07902829220565,14.763911479182253,6.66,13.97
BHS,2006,"Bahamas, The",Bahamas,10586162.51,2360356.46,4.59,11.09,67.74,1,1,90.2,72.5,85.6,80.8,16.175058377152688,14.674323631633655,6.5,7.83
BHS,2007,"Bahamas, The",Bahamas,10455874.67,2332092.28,5.65,11.48,66.24,1,1,89.3,71.0,88.0,84.6,16.162674643435086,14.66227682565254,5.83,1.96
BHS,2008,"Bahamas, The",Bahamas,10855185.54,2912526.54,4.35,9.53,67.14,1,1,89.3,72.6,86.5,86.1,16.20015354585438,14.884531832605377,5.18,2.03
BHS,2009,"Bahamas, The",Bahamas,9117587.18,2481327.64,4.43,8.27,60.2,1,1,89.0,77.3,73.0,78.2,16.025715873129034,14.724304716618173,3.84,-8.6
BHS,2010,"Bahamas, The",Bahamas,12844910.9,3120602.14,1.83,5.25,71.76,1,1,88.6,83.9,69.2,76.8,16.368458329802717,14.953536855205465,3.42,2.98
BHS,2011,"Bahamas, The",Bahamas,12547735.97,3125707.74,3.68,5.44,64.76,1,1,89.1,88.2,68.1,75.6,16.34505088616672,14.955171612238132,1.7600000000000002,9.16
BHS,2012,"Bahamas, The",Bahamas,12170657.73,2917986.15,1.2,5.4,74.82,1,1,87.7,90.5,68.5,75.6,16.314538590861243,14.886404604354006,4.2,3.4
BHS,2013,"Bahamas, The",Bahamas,10342423.73,4031602.24,2.1,4.96,82.05,1,1,88.6,90.5,70.0,74.6,16.15176489955373,15.209674681113693,2.86,-3.93
BHS,2014,"Bahamas, The",Bahamas,12054389.15,4821039.62,3.05,4.75,81.95,1,1,88.9,79.0,75.5,80.3,16.30493947935051,15.388500358990099,1.7000000000000002,6.13
BHS,2015,"Bahamas, The",Bahamas,11649070.22,2360778.22,1.43,4.86,83.98,1,1,81.9,77.1,71.0,75.9,16.270737011192736,14.674502300471145,3.4300000000000006,-8.67
BHS,2016,"Bahamas, The",Bahamas,8345540.62,1477715.1,1.43,4.74,85.39,1,1,81.0,80.0,58.6,74.9,15.93723801650698,14.20600827814265,3.3100000000000005,-3.71
BHS,2017,"Bahamas, The",Bahamas,10865975.34,1426987.96,1.31,5.7,90.2,1,1,82.9,81.4,58.6,74.9,16.201147028657036,14.171077159918886,4.390000000000001,8.93
BHS,2018,"Bahamas, The",Bahamas,11432291.48,1821695.83,0.67,5.32,82.26,1,1,82.4,76.4,56.2,72.3,16.25195258258927,14.415278948884563,4.65,0.67
BHS,2019,"Bahamas, The",Bahamas,11734329.24,1494245.21,0.79,5.5,88.41,1,1,82.4,74.1,54.3,76.3,16.278029311927373,14.217132430293791,4.71,-2.93
BHS,2020,"Bahamas, The",Bahamas,7168088.67,1314895.57,1.1,5.07,82.41,1,1,83.3,73.1,54.3,76.8,15.785149743324281,14.089268566508219,3.97,-18.51
BIH,2004,Bosnia and Herzegovina,Bosnia and Herzegovina,9204509.77,1994644.59,1.8,8.85,88.92,1,1,43.8,45.6,37.5,55.8,16.03520422294792,14.50597694340182,7.05,11.35
BIH,2005,Bosnia and Herzegovina,Bosnia and Herzegovina,9985757.37,2336448.57,2.85,8.55,78.05,1,1,49.3,30.6,36.4,58.2,16.116670472874315,14.664143057324527,5.700000000000001,8.6
BIH,2006,Bosnia and Herzegovina,Bosnia and Herzegovina,11100388.3,3325838.9,2.43,8.58,88.61,1,1,45.9,31.4,39.7,53.4,16.222490737739623,15.017232801677462,6.15,3.52
BIH,2007,Bosnia and Herzegovina,Bosnia and Herzegovina,13887529.43,3997319.25,2.16,8.18,89.92,1,1,43.7,25.1,38.8,52.9,16.44650190410674,15.20113475707576,6.02,13.4
BIH,2008,Bosnia and Herzegovina,Bosnia and Herzegovina,17718676.14,4646569.11,2.15,8.14,88.51,1,1,42.2,27.9,40.9,49.0,16.690129846855626,15.351639894642195,5.99,11.98
BIH,2009,Bosnia and Herzegovina,Bosnia and Herzegovina,12551618.54,3398541.2,2.14,8.79,89.21,1,1,43.1,23.7,44.5,48.3,16.34536026222817,15.038857132934638,6.649999999999999,-17.16
BIH,2010,Bosnia and Herzegovina,Bosnia and Herzegovina,12930272.49,4198889.79,1.99,8.26,86.35,1,1,46.2,24.6,44.1,45.5,16.37508190210981,15.25033095075463,6.27,5.01
BIH,2011,Bosnia and Herzegovina,Bosnia and Herzegovina,15431502.39,5309629.83,1.85,8.0,84.16,1,1,46.4,20.4,45.1,42.7,16.55192165251594,15.485032867260758,6.15,9.46
BIH,2012,Bosnia and Herzegovina,Bosnia and Herzegovina,14401063.59,4822706.05,1.72,7.95,85.22,1,1,46.9,28.4,49.8,45.1,16.482812691674663,15.388845957003154,6.23,-4.78
BIH,2013,Bosnia and Herzegovina,Bosnia and Herzegovina,14959096.65,5360232.27,2.13,8.16,80.88,1,1,50.7,34.1,51.6,43.7,16.520830211178062,15.494518052622382,6.03,1.37
BIH,2014,Bosnia and Herzegovina,Bosnia and Herzegovina,15880755.69,5718985.69,2.22,7.9,82.19,1,1,48.1,44.8,51.9,46.3,16.580618663151792,15.559302195564792,5.68,3.32
BIH,2015,Bosnia and Herzegovina,Bosnia and Herzegovina,13009513.26,5138121.25,3.5,8.54,83.5,1,1,42.4,31.9,45.7,43.3,16.38119151389622,15.452198249673698,5.039999999999999,-9.54
BIH,2016,Bosnia and Herzegovina,Bosnia and Herzegovina,13318614.29,5402935.82,2.29,8.42,84.77,1,1,37.1,31.0,47.1,41.9,16.404673260465383,15.502453219254225,6.13,0.82
BIH,2017,Bosnia and Herzegovina,Bosnia and Herzegovina,15091538.01,6330098.09,1.8,7.79,85.24,1,1,36.2,32.4,46.7,38.9,16.529644814277795,15.660826448026272,5.99,7.04
BIH,2018,Bosnia and Herzegovina,Bosnia and Herzegovina,16551785.06,7216698.95,2.64,8.1,85.12,1,1,31.0,31.6,45.2,36.9,16.62200457299774,15.791908335743265,5.459999999999999,5.37
BIH,2019,Bosnia and Herzegovina,Bosnia and Herzegovina,16329844.56,6656099.52,2.71,9.65,82.61,1,1,29.5,29.2,46.2,37.7,16.60850500746163,15.711044363532606,6.94,-2.04
BIH,2020,Bosnia and Herzegovina,Bosnia and Herzegovina,14673959.0,6250129.81,2.3,8.48,82.74,1,1,28.6,30.7,42.4,36.2,16.501585052342588,15.648112951093562,6.180000000000001,-5.96
BIH,2021,Bosnia and Herzegovina,Bosnia and Herzegovina,19007894.83,8872835.61,1.75,7.77,83.25,1,1,28.1,30.7,41.4,36.2,16.760365020805416,15.998505101357384,6.02,14.91
BLR,2000,Belarus,Belarus,9175233.86,6747356.23,5.32,10.45,43.41,1,1,38.8,51.9,15.4,11.9,16.032018549397453,15.724661464702685,5.129999999999999,13.82
BLR,2002,Belarus,Belarus,10347704.69,6455546.76,4.61,9.58,45.79,1,1,33.9,56.6,10.4,8.5,16.152275380638912,15.680450436912041,4.97,4.75
BLR,2003,Belarus,Belarus,13351160.03,8529817.95,3.85,8.15,53.19,1,1,37.6,69.8,15.9,9.0,16.407113907568313,15.95907869415468,4.300000000000001,12.75
BLR,2004,Belarus,Belarus,18790904.91,12022850.1,2.34,6.21,59.11,1,1,25.6,51.5,12.5,5.8,16.748883582574464,16.302319655284165,3.87,18.92
BLR,2005,Belarus,Belarus,19644356.39,13121878.19,2.06,6.1,55.86,1,1,26.8,56.3,12.0,3.4,16.793300699317253,16.389791562168767,4.039999999999999,1.07
BLR,2006,Belarus,Belarus,26179232.0,16420174.3,1.35,6.15,67.55,1,1,36.6,50.2,8.6,5.3,17.080477020843443,16.61402133793644,4.800000000000001,15.62
BLR,2007,Belarus,Belarus,33022275.51,20346709.17,1.5,5.41,60.83,1,1,34.5,55.1,11.5,6.3,17.312692937447427,16.82842979437624,3.91,13.37
BLR,2008,Belarus,Belarus,46249572.95,25822635.64,1.07,6.26,69.28,1,1,34.5,62.5,13.9,6.7,17.649562809988385,17.066762054358268,5.1899999999999995,17.15
BLR,2009,Belarus,Belarus,33119264.15,16459011.8,1.97,5.66,65.65,1,1,34.0,62.6,15.6,7.1,17.315625699735186,16.61638377571592,3.6900000000000004,-14.83
BLR,2010,Belarus,Belarus,39324653.84,20012837.42,3.05,5.41,39.37,1,1,31.0,42.2,14.2,7.1,17.4873622297563,16.811884546575108,2.3600000000000003,10.5
BLR,2011,Belarus,Belarus,49711992.17,30438978.96,1.27,5.11,69.01,1,1,31.8,42.2,13.1,5.2,17.721756773223582,17.23123458054084,3.8400000000000003,14.53
BLR,2012,Belarus,Belarus,46058003.34,29791062.39,1.58,7.22,74.88,1,1,39.8,47.9,19.7,6.1,17.64541212401911,17.20971902025915,5.64,0.7
BLR,2013,Belarus,Belarus,43935765.7,26673763.86,2.19,8.36,71.29,1,1,42.2,46.4,20.2,5.6,17.598239277539378,17.099191050799835,6.17,-3.71
BLR,2014,Belarus,Belarus,40660262.98,25905160.15,2.66,8.05,51.1,1,1,51.4,52.9,21.2,7.9,17.520761858519197,17.06995277901847,5.390000000000001,-2.97
BLR,2015,Belarus,Belarus,27798103.68,19092948.51,3.08,8.65,48.0,1,1,46.7,51.9,19.0,8.4,17.14047839935829,16.764829689267447,5.57,-13.52
BLR,2016,Belarus,Belarus,29104426.24,19297289.54,4.46,9.74,44.85,1,1,49.0,51.4,24.3,12.8,17.186400859401395,16.775475257491504,5.28,-4.53
BLR,2017,Belarus,Belarus,37494666.36,24669079.53,4.37,10.99,42.07,1,1,47.1,43.3,19.5,12.3,17.439709277095396,17.021061217036745,6.62,11.35
BLR,2018,Belarus,Belarus,42116393.04,27383197.34,4.12,10.16,43.5,1,1,51.0,57.5,19.0,12.1,17.555947629979222,17.12544018400466,6.04,5.92
BLR,2019,Belarus,Belarus,42183156.91,27803151.92,4.62,11.43,43.97,1,1,56.2,58.5,21.0,11.1,17.55753159768521,17.140659986618427,6.81,1.38
BLR,2020,Belarus,Belarus,36721836.33,25103314.72,2.72,9.7,49.84,1,1,49.5,17.0,14.3,9.2,17.418882158684838,17.038510495775927,6.979999999999999,-8.89
BLR,2021,Belarus,Belarus,46327623.82,33571732.36,3.56,10.45,49.57,1,1,47.6,19.8,12.4,6.8,17.651248989512716,17.329195001820416,6.889999999999999,12.96
BLZ,1996,Belize,Belize,297304.31,254638.05,10.89,20.1,37.58,1,1,56.5,64.4,54.8,72.0,12.602514869573408,12.447602331191867,9.21,-0.57
BLZ,1998,Belize,Belize,322919.76,297188.13,7.13,19.2,53.18,1,1,54.5,67.0,48.5,73.1,12.685162247030275,12.602124016459697,12.07,1.08
BLZ,2000,Belize,Belize,438876.42,325105.73,4.32,23.08,69.98,1,1,56.4,54.0,54.2,76.1,12.991975427554078,12.691908807400397,18.759999999999998,25.32
BLZ,2002,Belize,Belize,455661.1,200723.06,11.99,21.73,43.14,1,1,54.5,62.4,52.2,71.6,13.029506805041889,12.20968640801788,9.74,0.72
BLZ,2003,Belize,Belize,521156.08,290267.89,19.26,23.67,47.93,1,1,56.1,63.3,58.2,72.1,13.1638067724153,12.578562979268419,4.41,-0.34
BLZ,2004,Belize,Belize,507062.47,307248.64,15.48,35.09,64.13,1,1,53.7,60.2,50.5,73.6,13.13639146211476,12.635415855743299,19.610000000000003,-3.16
BLZ,2005,Belize,Belize,775345.88,345083.7,16.04,23.07,60.25,1,1,51.2,49.0,51.2,71.2,13.561065795295033,12.751545173127901,7.030000000000001,2.32
BLZ,2006,Belize,Belize,732920.22,472075.95,11.94,17.54,48.78,1,1,44.4,48.8,54.1,63.5,13.504793498967304,13.064897280940817,5.6,13.35
BLZ,2007,Belize,Belize,837833.24,442515.25,14.95,19.02,52.57,1,1,48.1,49.8,53.1,63.5,13.638575555602428,13.000232465919684,4.07,1.8
BLZ,2008,Belize,Belize,1213954.03,2600400.17,7.21,10.73,46.14,1,1,47.1,51.0,51.0,67.8,14.00939420708187,14.77117628724313,3.5200000000000005,10.56
BLZ,2009,Belize,Belize,1353061.85,1973314.82,8.64,12.38,47.24,1,1,59.3,45.5,45.0,70.1,14.117881358402208,14.495225843152696,3.74,-11.83
BLZ,2010,Belize,Belize,828393.16,419286.69,2.34,13.87,62.75,1,1,56.7,49.3,46.4,68.7,13.627244358744289,12.94631257427332,11.53,4.23
BLZ,2011,Belize,Belize,3881068.23,895615.14,4.28,12.69,57.93,1,1,48.3,51.7,39.4,68.1,15.17162124837798,13.705267184982494,8.41,6.44
BLZ,2012,Belize,Belize,1606497.2,532759.65,1.79,14.25,73.25,1,1,57.8,52.1,41.3,69.0,14.289567337089244,13.185827540375788,12.46,2.63
BLZ,2013,Belize,Belize,1269497.51,538717.81,2.12,15.98,67.73,1,1,58.8,53.6,41.8,69.0,14.054132506435751,13.196949025452753,13.86,3.67
BLZ,2014,Belize,Belize,1178547.16,513623.62,2.53,15.4,67.05,1,1,52.9,48.1,21.6,65.0,13.97979386603035,13.14924796634606,12.870000000000001,3.05
BLZ,2015,Belize,Belize,1062504.28,442563.19,3.77,19.05,64.79,1,1,51.4,49.0,23.8,67.0,13.876140149180126,13.000340795056518,15.280000000000001,1.72
BLZ,2016,Belize,Belize,924130.24,422280.31,17.97,18.85,87.58,1,1,48.6,48.6,17.1,66.5,13.736609375169891,12.953426982305885,0.8800000000000026,-2.19
BLZ,2017,Belize,Belize,1144832.82,548204.28,1.49,16.45,84.25,1,1,44.8,48.1,15.7,66.5,13.95077004906614,13.214405094325782,14.959999999999999,-2.09
BLZ,2018,Belize,Belize,1096458.85,513197.32,1.69,15.57,81.11,1,1,50.5,46.2,20.0,60.2,13.907597229662612,13.148417638140707,13.88,2.41
BLZ,2019,Belize,Belize,1192910.93,319240.06,1.47,17.88,85.2,1,1,49.0,50.5,21.4,63.3,13.991907876058322,12.673701770370348,16.41,1.46
BLZ,2020,Belize,Belize,1088742.68,422719.41,1.71,14.81,73.44,1,1,46.2,63.7,21.4,62.3,13.900535002309958,12.954466270224787,13.100000000000001,-10.65
BLZ,2021,Belize,Belize,1437323.04,371241.3,3.06,16.74,74.01,1,1,43.8,55.2,23.3,62.8,14.178293637204778,12.824610228143213,13.679999999999998,16.07
BMU,2006,Bermuda,Bermuda,6340425.09,514114.79,0.25,6.35,77.43,1,1,88.3,70.0,72.7,80.3,15.66245653077975,13.150203791440832,6.1,4.14
BMU,2007,Bermuda,Bermuda,5817736.09,274678.98,1.27,3.91,70.22,1,1,88.3,72.9,75.1,78.4,15.576421927947818,12.523361989922611,2.64,2.86
BMU,2008,Bermuda,Bermuda,6529823.65,1823554.08,0.27,4.21,64.24,1,1,87.4,73.1,76.4,79.3,15.691890647905847,14.416298494423168,3.94,0.6
BMU,2009,Bermuda,Bermuda,3002772.4,214672.25,3.06,11.63,72.29,1,1,87.6,70.6,76.3,77.3,14.915046886242921,12.27687238365,8.57,-5.32
BMU,2010,Bermuda,Bermuda,5156341.06,776748.23,0.22,8.35,70.0,1,1,88.1,79.6,84.8,78.2,15.455737982966351,13.562872835944857,8.129999999999999,-2.88
BMU,2011,Bermuda,Bermuda,4603374.77,649233.8,1.11,8.32,68.11,1,1,87.2,80.1,85.0,78.9,15.342300455356987,13.383549717622136,7.21,-4.69
BMU,2012,Bermuda,Bermuda,3134354.86,302781.11,2.12,5.58,73.9,1,1,87.2,81.5,85.4,80.8,14.957934243633234,12.62076871689778,3.46,-0.79
BMU,2013,Bermuda,Bermuda,3074652.48,411504.42,4.81,3.81,70.73,1,1,86.7,81.0,85.4,81.2,14.93870276344193,12.927577470336942,-0.9999999999999996,7.11
BMU,2014,Bermuda,Bermuda,3579907.41,82894.49,1.7,6.4,77.38,1,1,87.0,77.6,60.1,,15.09084777425073,11.325335936748441,4.7,-1.7
BMU,2015,Bermuda,Bermuda,4416055.44,467404.22,0.39,5.94,75.89,1,1,85.7,81.4,77.1,,15.300757647654496,13.054951869188844,5.550000000000001,-1.69
BMU,2016,Bermuda,Bermuda,3291010.12,453898.82,0.11,4.53,74.43,1,1,87.1,82.9,77.1,,15.006705406831953,13.025631791881358,4.42,2.26
BMU,2017,Bermuda,Bermuda,2346795.56,172665.42,0.71,9.19,71.49,1,1,86.2,82.9,77.6,,14.668561790206962,12.05911680400106,8.48,5.35
BMU,2018,Bermuda,Bermuda,1863578.61,297211.78,1.26,6.2,77.87,1,1,86.2,90.1,77.1,,14.438009717675827,12.602203592247104,4.94,-0.38
BMU,2019,Bermuda,Bermuda,1529519.56,578593.81,0.15,4.39,76.76,1,1,87.1,86.8,77.1,,14.240464884784153,13.26835770155653,4.239999999999999,2.21
BMU,2020,Bermuda,Bermuda,2887818.41,266703.43,0.3,8.69,73.05,1,1,88.6,83.0,72.4,,14.876012245876264,12.493896320455852,8.389999999999999,-10.07
BMU,2021,Bermuda,Bermuda,2420565.78,226357.76,1.48,6.11,30.92,1,1,88.6,84.0,72.4,,14.699512277322352,12.329876453241809,4.630000000000001,8.04
BOL,1996,Bolivia,"Bolivia, Plurinational State of",1853585.24,1000638.15,5.22,15.37,26.71,1,1,25.3,43.1,42.7,56.5,14.432632828680433,13.816149503794904,10.149999999999999,8.48
BOL,1998,Bolivia,"Bolivia, Plurinational State of",2458872.72,937304.82,6.62,11.63,26.33,1,1,40.6,35.6,44.0,59.7,14.715213965670628,13.750764890039955,5.010000000000001,10.95
BOL,2000,Bolivia,"Bolivia, Plurinational State of",1663606.08,1063524.92,6.0,9.83,33.42,1,1,40.4,37.0,39.8,54.2,14.324498742672565,13.877100285680857,3.83,4.92
BOL,2002,Bolivia,"Bolivia, Plurinational State of",1602194.31,1398229.69,4.87,20.13,48.08,1,1,22.2,34.9,40.3,53.2,14.286885315533803,14.150718202468681,15.259999999999998,3.56
BOL,2003,Bolivia,"Bolivia, Plurinational State of",1946586.87,1753513.4,4.43,9.07,48.98,1,1,23.3,22.6,39.8,45.3,14.481588587577328,14.377132560675784,4.640000000000001,-3.88
BOL,2004,Bolivia,"Bolivia, Plurinational State of",2355395.87,2363724.51,1.95,7.63,63.16,1,1,24.6,23.8,33.2,43.8,14.672219793527361,14.675749538245395,5.68,6.51
BOL,2005,Bolivia,"Bolivia, Plurinational State of",2914963.07,2624971.29,2.16,7.48,55.34,1,1,24.4,19.4,28.2,44.2,14.88536805179025,14.780580897761668,5.32,12.75
BOL,2006,Bolivia,"Bolivia, Plurinational State of",3403070.23,3745083.24,1.27,6.79,69.4,1,1,39.5,22.7,23.9,49.5,15.040188884794983,15.13595466867246,5.52,9.5
BOL,2007,Bolivia,"Bolivia, Plurinational State of",4085166.86,3996264.04,1.12,5.56,70.45,1,1,39.8,19.3,23.0,47.6,15.222873377231261,15.200870742877413,4.4399999999999995,10.74
BOL,2008,Bolivia,"Bolivia, Plurinational State of",5600184.17,6354998.27,0.88,6.5,68.85,1,1,35.9,23.6,17.3,48.1,15.538310221230136,15.664752347735503,5.62,19.19
BOL,2009,Bolivia,"Bolivia, Plurinational State of",4809466.55,4768534.0,3.36,7.3,70.45,1,1,29.2,28.4,13.7,48.8,15.38609693948894,15.377549687808497,3.94,-5.33
BOL,2010,Bolivia,"Bolivia, Plurinational State of",5622466.11,6118745.59,1.42,6.46,64.21,1,1,40.0,32.2,14.7,47.4,15.542281113087515,15.626867827957431,5.04,10.75
BOL,2011,Bolivia,"Bolivia, Plurinational State of",7552748.19,7839521.06,0.93,5.48,70.5,1,1,34.1,33.2,16.9,46.5,15.837422186071386,15.874688428733654,4.550000000000001,19.0
BOL,2012,Bolivia,"Bolivia, Plurinational State of",7805390.05,10407598.64,0.59,5.4,69.6,1,1,27.5,33.2,16.0,45.5,15.87032521317498,16.15804683187044,4.8100000000000005,4.04
BOL,2013,Bolivia,"Bolivia, Plurinational State of",9316891.78,12373433.85,1.49,5.84,69.61,1,1,35.1,36.5,15.0,46.5,16.04733973837021,16.33106238165249,4.35,6.26
BOL,2014,Bolivia,"Bolivia, Plurinational State of",9794044.02,12454489.98,1.32,5.27,71.42,1,1,30.3,33.3,12.0,48.3,16.097285107925686,16.33759183711585,3.9499999999999993,4.91
BOL,2015,Bolivia,"Bolivia, Plurinational State of",8274450.89,8495006.91,1.67,5.87,69.82,1,1,26.7,36.7,10.5,46.8,15.928683240175637,15.954989244223698,4.2,-3.97
BOL,2016,Bolivia,"Bolivia, Plurinational State of",7465206.69,7046382.09,2.51,5.95,71.73,1,1,24.3,36.7,9.5,45.3,15.825763810403638,15.768025006260569,3.4400000000000004,-6.72
BOL,2017,Bolivia,"Bolivia, Plurinational State of",8451758.74,7580454.51,0.72,5.18,72.07,1,1,26.7,34.8,9.5,45.8,15.949885230906094,15.841083849480547,4.46,4.59
BOL,2018,Bolivia,"Bolivia, Plurinational State of",8049646.42,8740110.38,0.81,5.42,72.46,1,1,27.6,36.8,9.5,43.2,15.901138849677787,15.98343349125761,4.609999999999999,3.32
BOL,2019,Bolivia,"Bolivia, Plurinational State of",7528954.9,8606163.35,2.15,9.35,68.08,1,1,25.7,20.3,10.0,40.6,15.83426693146353,15.967989289339862,7.199999999999999,-0.88
BOL,2020,Bolivia,"Bolivia, Plurinational State of",5613322.78,7305771.32,1.18,6.3,66.46,1,1,22.4,29.2,9.5,42.0,15.540653576208658,15.804175322424454,5.12,-14.9
BOL,2021,Bolivia,"Bolivia, Plurinational State of",7431946.42,10571616.44,1.14,6.42,69.84,1,1,20.5,36.8,11.4,42.0,15.82129848463916,16.173683367899482,5.28,16.27
BRA,1996,Brazil,Brazil,49463162.51,47887392.31,12.75,13.15,22.14,1,1,57.0,38.8,44.2,57.5,17.716738778990695,17.684362840058515,0.40000000000000036,2.75
BRA,1998,Brazil,Brazil,56582386.83,52550511.42,12.59,14.02,22.59,1,1,56.1,34.0,45.0,58.7,17.851208325668996,17.77728540633389,1.4299999999999997,-3.35
BRA,2000,Brazil,Brazil,71812886.29,58730966.99,11.16,13.21,40.18,1,1,58.0,53.4,42.3,58.2,18.089574506630942,17.88847770939931,2.0500000000000007,7.72
BRA,2002,Brazil,Brazil,63597633.69,64297005.77,11.39,12.73,32.68,1,1,58.7,57.1,43.8,62.7,17.968086837209963,17.97902363711343,1.3399999999999999,-7.78
BRA,2003,Brazil,Brazil,62201008.19,80941132.29,11.51,12.62,33.69,1,1,59.8,41.7,42.8,62.2,17.9458817824974,18.2092326989201,1.1099999999999994,1.08
BRA,2004,Brazil,Brazil,77828890.16,106774991.43,9.36,11.73,48.77,1,1,54.7,36.4,41.3,60.6,18.170023271885604,18.486234303795055,2.370000000000001,14.04
BRA,2005,Brazil,Brazil,92283061.68,128269125.9,9.65,12.52,47.53,1,1,51.7,37.9,38.8,63.9,18.340371179709116,18.669641168517074,2.869999999999999,8.01
BRA,2006,Brazil,Brazil,113770500.26,146309506.81,9.55,11.66,49.02,1,1,53.2,35.3,43.1,61.1,18.549693830412846,18.801234852327088,2.1099999999999994,11.04
BRA,2007,Brazil,Brazil,149131807.63,175972154.07,9.86,11.93,48.94,1,1,54.9,32.9,42.1,63.9,18.82034109454043,18.985836330656383,2.0700000000000003,14.9
BRA,2008,Brazil,Brazil,208228220.6,219933108.71,8.48,10.77,49.4,1,1,57.8,33.7,46.6,63.9,19.15414525539129,19.208834011312316,2.289999999999999,19.82
BRA,2009,Brazil,Brazil,157236088.18,168791464.83,9.76,11.8,50.77,1,1,56.5,51.2,51.2,62.6,18.873258986547473,18.94417458096889,2.040000000000001,-14.21
BRA,2010,Brazil,Brazil,223966145.61,215558820.21,8.17,9.9,39.02,1,1,60.5,46.0,55.5,65.9,19.227005467192484,19.188744382513967,1.7300000000000004,19.46
BRA,2011,Brazil,Brazil,276695402.57,274304533.9,8.22,9.99,51.61,1,1,63.0,41.2,56.8,63.4,19.438427833018167,19.42974948839968,1.7699999999999996,11.16
BRA,2012,Brazil,Brazil,279034768.78,261684341.54,9.08,10.97,53.13,1,1,56.4,46.4,52.6,62.9,19.446846954888237,19.38264953590538,1.8900000000000006,-0.69
BRA,2013,Brazil,Brazil,281415987.1,246607299.67,10.01,11.72,53.56,1,1,55.0,37.0,52.6,60.6,19.455344517306344,19.323307753568535,1.7100000000000009,3.52
BRA,2014,Brazil,Brazil,267293244.7,235610480.96,11.59,11.02,38.91,1,1,44.2,42.9,57.7,62.1,19.403856912177844,19.277690499244393,-0.5700000000000003,-2.31
BRA,2015,Brazil,Brazil,197316653.31,206387327.72,11.25,11.27,40.53,1,1,40.5,34.3,50.5,62.1,19.100320378530274,19.14526519782666,0.019999999999999574,-13.43
BRA,2016,Brazil,Brazil,173021723.33,199732545.06,11.75,11.6,38.28,1,1,39.5,31.9,46.7,62.1,18.968927718740126,19.11248975986924,-0.15000000000000036,-10.28
BRA,2017,Brazil,Brazil,198040347.55,234113371.21,10.67,11.11,38.9,1,1,35.7,29.5,42.9,61.1,19.103981348453928,19.27131605261531,0.4399999999999995,6.86
BRA,2018,Brazil,Brazil,216747136.56,256934045.5,10.61,10.46,40.14,1,1,38.1,29.2,42.9,59.7,19.194241967355484,19.36432998152012,-0.14999999999999858,7.83
BRA,2019,Brazil,Brazil,216386156.76,245377862.7,6.94,9.97,38.61,1,1,39.5,20.8,46.7,56.5,19.19257513690178,19.318309881200896,3.0300000000000002,0.08
BRA,2020,Brazil,Brazil,187127788.32,235799288.33,9.84,10.13,37.26,1,1,37.6,31.1,46.2,57.0,19.047302306778676,19.278491532195318,0.2900000000000009,-7.2
BRA,2021,Brazil,Brazil,259319343.51,313645918.42,12.04,10.57,39.23,1,1,34.3,31.1,41.9,56.0,19.373570850541512,19.56377526244312,-1.4699999999999989,18.78
BRB,1998,Barbados,Barbados,723408.62,208723.34,3.24,20.39,59.94,1,1,90.9,84.6,87.5,88.6,13.491730896725231,12.248769713001865,17.15,1.34
BRB,2000,Barbados,Barbados,2497066.53,597526.49,3.88,12.93,58.24,1,1,91.0,85.2,90.0,88.1,14.73062761334956,13.30055557009765,9.05,4.05
BRB,2002,Barbados,Barbados,1029335.29,384632.37,6.79,13.33,52.67,1,1,91.0,86.2,92.0,88.6,13.844424773863894,12.860045873843529,6.54,-3.41
BRB,2003,Barbados,Barbados,1180974.87,393060.42,16.97,15.14,48.65,1,1,91.0,78.9,91.0,86.1,13.981851663133341,12.881721163627448,-1.8299999999999983,9.5
BRB,2004,Barbados,Barbados,1186961.04,525845.67,14.78,14.7,74.92,1,1,91.1,85.9,91.3,84.1,13.98690769329948,13.172764947323769,-0.08000000000000007,-4.33
BRB,2005,Barbados,Barbados,1511496.58,420725.03,16.4,18.18,65.94,1,1,90.7,86.9,89.5,78.8,14.228611492141816,12.949737140733248,1.7800000000000011,23.63
BRB,2006,Barbados,Barbados,1821932.61,361063.65,13.43,15.48,84.07,1,1,89.8,77.3,89.5,81.7,14.415408918157919,12.796812307153633,2.0500000000000007,-1.3
BRB,2007,Barbados,Barbados,1777017.63,544571.22,7.53,11.53,82.34,1,1,91.3,85.0,88.5,80.3,14.390447591043564,13.207755848005212,3.999999999999999,-10.7
BRB,2008,Barbados,Barbados,2315533.1,659708.74,11.6,13.47,72.73,1,1,90.3,86.5,88.5,75.0,14.65515093163536,13.399555229388767,1.870000000000001,15.89
BRB,2009,Barbados,Barbados,2596512.9,1083922.48,16.6,14.61,52.72,1,1,90.0,85.8,82.5,86.3,14.769680295612474,13.896097868084205,-1.990000000000002,-12.33
BRB,2010,Barbados,Barbados,2833530.26,1169628.19,8.42,11.15,47.55,1,1,90.5,87.2,83.4,86.7,14.857034286823174,13.972197324916566,2.7300000000000004,-5.54
BRB,2011,Barbados,Barbados,6292640.92,1238906.71,6.23,12.56,58.1,1,1,92.9,93.4,83.6,85.0,15.654891559571203,14.029740670347037,6.33,21.83
BRB,2012,Barbados,Barbados,5394875.09,717139.03,2.51,16.91,86.77,1,1,92.4,91.0,82.2,87.3,15.500960188848055,13.483026400373753,14.4,-0.22
BRB,2013,Barbados,Barbados,2115316.69,461379.26,4.63,12.56,77.7,1,1,91.5,92.4,83.6,86.9,14.564715567220242,13.041977840971727,7.930000000000001,0.03
BRB,2014,Barbados,Barbados,1996201.1,506916.88,3.25,9.75,89.51,1,1,82.7,95.7,83.2,85.7,14.506756983232867,13.136104297067789,6.5,-0.8
BRB,2015,Barbados,Barbados,1565766.03,320748.9,2.64,10.55,82.79,1,1,90.0,89.0,81.9,83.7,14.26388637690523,12.678416970708543,7.91,-3.59
BRB,2016,Barbados,Barbados,1376948.19,353780.03,3.47,16.2,86.07,1,1,87.6,80.5,75.2,83.7,14.135380877974086,12.776433441407134,12.729999999999999,0.11
BRB,2017,Barbados,Barbados,1674218.06,413991.73,2.55,17.16,91.54,1,1,89.0,79.5,73.3,84.2,14.33085738168516,12.933603692266793,14.61,-0.67
BRB,2018,Barbados,Barbados,1670575.77,412376.08,3.12,17.22,86.41,1,1,88.6,78.8,62.9,83.0,14.328679496023499,12.929693452470874,14.099999999999998,0.01
BRB,2019,Barbados,Barbados,1593268.73,366314.54,2.92,22.29,87.8,1,1,83.3,85.4,61.4,84.5,14.281298896592725,12.811250372109447,19.369999999999997,-0.6
BRB,2020,Barbados,Barbados,1560100.98,267360.98,6.22,19.52,83.48,1,1,84.8,88.7,60.5,86.5,14.260261748883948,12.49635874954686,13.3,-2.56
BRB,2021,Barbados,Barbados,2033698.44,280739.28,5.98,16.48,81.67,1,1,84.8,90.1,61.9,86.5,14.525367076726948,12.545185250451928,10.5,5.59
BRN,1998,Brunei,Brunei Darussalam,1951257.83,2132754.18,2.36,8.48,48.42,1,1,64.7,86.2,65.0,28.4,14.483985276105832,14.572925213557113,6.120000000000001,-13.86
BRN,2002,Brunei,Brunei Darussalam,1625461.95,3710238.39,2.87,19.91,63.66,1,1,66.1,87.3,64.7,23.4,14.30130322547956,15.126606958108399,17.04,16.72
BRN,2003,Brunei,Brunei Darussalam,2049858.13,4305938.87,2.46,5.33,59.76,1,1,66.1,86.9,67.2,25.9,14.533281631680293,15.275505992572993,2.87,-8.91
BRN,2004,Brunei,Brunei Darussalam,1691618.25,4908702.34,2.49,4.87,66.31,1,1,69.0,97.6,61.1,24.0,14.34119676427453,15.406520379354262,2.38,7.13
BRN,2007,Brunei,Brunei Darussalam,3827155.51,7742978.09,1.65,3.3,65.97,1,1,62.1,90.8,62.2,18.3,15.157632659835,15.862297066861533,1.65,11.97
BRN,2008,Brunei,Brunei Darussalam,2648363.04,11224843.54,1.66,3.65,62.46,1,1,71.4,89.9,63.9,19.2,14.789452663931282,16.23364014205348,1.99,10.63
BRN,2009,Brunei,Brunei Darussalam,2560515.9,7037301.51,1.18,3.25,65.99,1,1,79.9,97.2,72.0,28.9,14.755719710136344,15.76673548851412,2.0700000000000003,-3.48
BRN,2010,Brunei,Brunei Darussalam,3344589.07,8983212.87,1.2,2.69,67.17,1,1,77.6,93.4,72.5,29.9,15.022854693959854,16.010868268232507,1.49,2.94
BRN,2011,Brunei,Brunei Darussalam,6578067.06,12479651.6,1.62,4.1,62.7,1,1,76.8,86.7,75.6,29.1,15.699251652287526,16.33961008397965,2.4799999999999995,19.1
BRN,2012,Brunei,Brunei Darussalam,7091004.52,13322471.33,1.57,2.88,74.76,1,1,71.1,75.4,72.3,31.0,15.774337710737388,16.404962816213406,1.3099999999999998,-0.41
BRN,2013,Brunei,Brunei Darussalam,8411525.98,11208752.1,1.29,2.6,67.8,1,1,72.5,87.2,68.1,31.0,15.94511358264973,16.232205557818,1.31,0.56
BRN,2014,Brunei,Brunei Darussalam,6155924.88,10291549.67,0.07,2.67,57.38,1,1,69.7,94.8,68.8,29.1,15.632925733582521,16.146833793249613,2.6,-0.19
BRN,2015,Brunei,Brunei Darussalam,5753928.35,6318887.29,0.09,2.65,54.72,1,1,67.6,93.8,65.2,26.1,15.565393544603234,15.659053847169195,2.56,-5.28
BRN,2016,Brunei,Brunei Darussalam,3538347.0,4767135.39,0.78,2.65,51.79,1,1,66.7,91.0,69.5,23.2,15.079170509520512,15.377256345063591,1.8699999999999999,-8.92
BRN,2017,Brunei,Brunei Darussalam,3046020.25,5594273.15,0.11,2.74,54.96,1,1,73.3,89.5,72.4,22.7,14.929346788775351,15.537254159408766,2.6300000000000003,7.31
BRN,2018,Brunei,Brunei Darussalam,5290251.13,6803968.36,0.06,2.41,55.99,1,1,78.6,92.5,72.4,24.3,15.481376464324411,15.733016729254357,2.35,16.19
BRN,2019,Brunei,Brunei Darussalam,4251197.39,6740896.98,0.14,2.64,51.02,1,1,77.6,88.7,72.4,21.7,15.262711475271017,15.723703705467972,2.5,10.7
BRN,2020,Brunei,Brunei Darussalam,4012124.78,7358979.7,0.19,3.13,53.56,1,1,85.7,92.9,79.0,22.7,15.20483177851969,15.811431989266351,2.94,2.32
BRN,2021,Brunei,Brunei Darussalam,5952745.83,10458199.96,0.2,2.75,52.19,1,1,85.2,91.5,78.6,24.6,15.599363323094106,16.162897009456852,2.55,26.69
BTN,2006,Bhutan,Bhutan,112479.31,185261.18,12.48,7.32,58.36,1,1,77.6,94.7,58.9,18.8,11.630533463086213,12.129527289984818,-5.16,4.04
BTN,2007,Bhutan,Bhutan,135666.58,305278.67,8.28,5.3,61.97,1,1,78.2,65.7,61.2,24.0,11.817962907920693,12.628983586266632,-2.9799999999999995,9.05
BTN,2008,Bhutan,Bhutan,187469.79,170510.92,1.79,5.86,76.31,1,1,78.6,70.2,61.5,31.7,12.141378325589933,12.046560485285436,4.07,4.43
BTN,2009,Bhutan,Bhutan,184911.96,150498.01,0.34,5.24,74.47,1,1,79.4,73.9,60.2,32.7,12.12764050686048,11.921711785076342,4.9,-1.28
BTN,2010,Bhutan,Bhutan,286820.24,205607.56,2.41,5.08,61.26,1,1,79.5,71.6,60.7,34.6,12.566614443542807,12.23372944593771,2.67,26.99
BTN,2011,Bhutan,Bhutan,392859.67,236957.3,3.95,5.61,54.84,1,1,77.3,71.1,61.5,34.3,12.881210298728956,12.375639455269273,1.6600000000000001,10.99
BTN,2012,Bhutan,Bhutan,346648.25,196080.71,6.25,7.19,79.41,1,1,79.1,71.6,61.0,39.9,12.75606874080274,12.1862867390942,0.9400000000000004,-2.9
BWA,2002,Botswana,Botswana,436949.35,1705800.15,3.42,12.08,45.34,1,1,74.6,76.7,66.7,68.2,12.98757485206235,14.349545441037396,8.66,36.5
BWA,2003,Botswana,Botswana,526299.4,2065503.69,2.04,11.14,44.63,1,1,85.2,85.4,69.2,68.2,13.173627431364382,14.540885156453028,9.100000000000001,8.4
BWA,2004,Botswana,Botswana,669204.14,2981693.24,2.82,8.11,71.69,1,1,79.8,78.2,67.8,72.6,13.413845928878219,14.90800223383846,5.289999999999999,-9.66
BWA,2005,Botswana,Botswana,679748.24,4106511.92,1.87,8.39,70.34,1,1,82.9,83.0,66.0,65.9,13.429479244435981,15.228084788389019,6.5200000000000005,-1.13
BWA,2006,Botswana,Botswana,749137.09,3408753.08,1.2,9.27,64.21,1,1,79.0,81.6,64.6,62.5,13.526678611327162,15.04185741006091,8.07,-1.74
BWA,2007,Botswana,Botswana,965690.69,2677344.36,3.95,9.12,53.35,1,1,79.6,85.5,66.5,61.5,13.780599900761104,14.80033632426732,5.169999999999999,14.27
BWA,2008,Botswana,Botswana,1083320.89,2322430.16,2.22,9.02,74.39,1,1,81.1,84.6,69.2,61.5,13.895542702505097,14.658125108757215,6.799999999999999,14.33
BWA,2009,Botswana,Botswana,1286857.45,1991076.44,4.74,9.65,72.79,1,1,78.9,82.9,67.3,58.8,14.067714496069545,14.504186477317566,4.91,-4.75
BWA,2010,Botswana,Botswana,7707251.92,2832501.33,2.96,10.05,61.91,1,1,81.0,83.4,67.8,60.7,15.85767238114135,14.856671094478841,7.090000000000001,3.76
BWA,2011,Botswana,Botswana,6678333.59,5567909.54,0.44,8.97,83.27,1,1,79.6,85.3,67.6,60.1,15.714379201554955,15.532530414056975,8.530000000000001,27.75
BWA,2012,Botswana,Botswana,8958377.38,5487394.98,1.06,9.04,77.73,1,1,78.2,88.6,67.6,64.3,16.008099784196464,15.517964380377244,7.979999999999999,11.32
BWA,2013,Botswana,Botswana,8916503.01,6780130.56,1.05,9.57,88.27,1,1,77.7,88.2,65.7,63.8,16.003414500602634,15.729507063858113,8.52,-4.04
BWA,2014,Botswana,Botswana,7721639.2,6318483.53,0.49,7.28,91.91,1,1,76.4,84.3,71.6,61.1,15.859537360574183,15.658989947811966,6.79,-1.75
BWA,2015,Botswana,Botswana,6924530.18,4547926.13,0.88,8.54,95.18,1,1,76.7,86.2,68.1,61.6,15.750580908106963,15.330182111296763,7.659999999999999,-6.22
BWA,2016,Botswana,Botswana,6100350.75,7156301.24,1.0,8.01,94.65,1,1,79.5,84.3,63.3,59.6,15.623856991415465,15.783503958604806,7.01,-12.92
BWA,2017,Botswana,Botswana,6273710.55,7267209.4,0.84,6.56,94.94,1,1,75.7,84.8,63.3,59.1,15.6518786912216,15.798883061979978,5.72,-6.46
BWA,2018,Botswana,Botswana,6782353.5,6264465.44,1.07,7.55,95.64,1,1,76.2,82.1,64.8,61.7,15.729834871018257,15.650403977482032,6.4799999999999995,8.91
BWA,2019,Botswana,Botswana,6825863.49,4870877.1,0.98,8.18,92.07,1,1,74.3,88.2,64.8,62.8,15.736229556215402,15.39878478681345,7.199999999999999,1.85
BWA,2020,Botswana,Botswana,6136856.34,4071104.49,0.94,7.76,92.88,1,1,71.4,84.0,63.8,60.9,15.629823335215432,15.21942513970159,6.82,-0.47
BWA,2021,Botswana,Botswana,7327565.19,5915412.01,0.93,7.38,85.54,1,1,74.8,86.8,66.2,60.4,15.807153984620893,15.593071877132854,6.45,14.01
CAF,1996,Central African Republic,Central African Republic,110100.2,164571.8,0.92,12.96,58.37,1,1,11.3,11.7,15.6,22.5,11.609155221833937,12.01110830448127,12.040000000000001,-17.67
CAF,1996,Central African Republic,Central African Republic,110100.2,164571.8,0.92,12.96,58.37,1,1,11.3,11.7,15.6,22.5,11.609155221833937,12.01110830448127,12.040000000000001,4.66
CAF,1996,Central African Republic,Central African Republic,110100.2,164571.8,0.92,12.96,58.37,1,1,11.3,11.7,15.6,22.5,11.609155221833937,12.01110830448127,12.040000000000001,26.65
CAF,1996,Central African Republic,Central African Republic,110100.2,164571.8,0.92,12.96,58.37,1,1,11.3,11.7,15.6,22.5,11.609155221833937,12.01110830448127,12.040000000000001,7.37
CAF,1996,Czech Republic,Central African Republic,25417047.53,20061264.18,7.41,11.59,38.83,1,1,11.3,11.7,15.6,22.5,17.05093070880197,16.814301408299876,4.18,-17.67
CAF,1996,Czech Republic,Central African Republic,25417047.53,20061264.18,7.41,11.59,38.83,1,1,11.3,11.7,15.6,22.5,17.05093070880197,16.814301408299876,4.18,4.66
CAF,1996,Czech Republic,Central African Republic,25417047.53,20061264.18,7.41,11.59,38.83,1,1,11.3,11.7,15.6,22.5,17.05093070880197,16.814301408299876,4.18,26.65
CAF,1996,Czech Republic,Central African Republic,25417047.53,20061264.18,7.41,11.59,38.83,1,1,11.3,11.7,15.6,22.5,17.05093070880197,16.814301408299876,4.18,7.37
CAF,1996,Kyrgyz Republic,Central African Republic,617210.54,363769.8,8.71,16.05,16.21,1,1,11.3,11.7,15.6,22.5,13.332967096639187,12.804279277963587,7.34,-17.67
CAF,1996,Kyrgyz Republic,Central African Republic,617210.54,363769.8,8.71,16.05,16.21,1,1,11.3,11.7,15.6,22.5,13.332967096639187,12.804279277963587,7.34,4.66
CAF,1996,Kyrgyz Republic,Central African Republic,617210.54,363769.8,8.71,16.05,16.21,1,1,11.3,11.7,15.6,22.5,13.332967096639187,12.804279277963587,7.34,26.65
CAF,1996,Kyrgyz Republic,Central African Republic,617210.54,363769.8,8.71,16.05,16.21,1,1,11.3,11.7,15.6,22.5,13.332967096639187,12.804279277963587,7.34,7.37
CAF,1996,Slovak Republic,Central African Republic,11307709.21,9056654.31,7.98,11.93,33.7,1,1,11.3,11.7,15.6,22.5,16.2409953704775,16.019010438777066,3.9499999999999993,-17.67
CAF,1996,Slovak Republic,Central African Republic,11307709.21,9056654.31,7.98,11.93,33.7,1,1,11.3,11.7,15.6,22.5,16.2409953704775,16.019010438777066,3.9499999999999993,4.66
CAF,1996,Slovak Republic,Central African Republic,11307709.21,9056654.31,7.98,11.93,33.7,1,1,11.3,11.7,15.6,22.5,16.2409953704775,16.019010438777066,3.9499999999999993,26.65
CAF,1996,Slovak Republic,Central African Republic,11307709.21,9056654.31,7.98,11.93,33.7,1,1,11.3,11.7,15.6,22.5,16.2409953704775,16.019010438777066,3.9499999999999993,7.37
CAF,1998,Central African Republic,Central African Republic,94984.06,248433.94,1.13,10.22,59.77,1,1,11.8,13.8,13.5,29.9,11.461474895057636,12.42293627937518,9.09,4.68
CAF,1998,Central African Republic,Central African Republic,94984.06,248433.94,1.13,10.22,59.77,1,1,11.8,13.8,13.5,29.9,11.461474895057636,12.42293627937518,9.09,5.97
CAF,1998,Central African Republic,Central African Republic,94984.06,248433.94,1.13,10.22,59.77,1,1,11.8,13.8,13.5,29.9,11.461474895057636,12.42293627937518,9.09,5.57
CAF,1998,Czech Republic,Central African Republic,26588953.28,24818116.67,6.05,12.84,52.37,1,1,11.8,13.8,13.5,29.9,17.096006434879097,17.027084495622248,6.79,4.68
CAF,1998,Czech Republic,Central African Republic,26588953.28,24818116.67,6.05,12.84,52.37,1,1,11.8,13.8,13.5,29.9,17.096006434879097,17.027084495622248,6.79,5.97
CAF,1998,Czech Republic,Central African Republic,26588953.28,24818116.67,6.05,12.84,52.37,1,1,11.8,13.8,13.5,29.9,17.096006434879097,17.027084495622248,6.79,5.57
CAF,1998,Kyrgyz Republic,Central African Republic,632968.5,493822.54,0.71,7.57,41.33,0,0,11.8,13.8,13.5,29.9,13.358177516711118,13.109933525878896,6.86,4.68
CAF,1998,Kyrgyz Republic,Central African Republic,632968.5,493822.54,0.71,7.57,41.33,0,0,11.8,13.8,13.5,29.9,13.358177516711118,13.109933525878896,6.86,5.97
CAF,1998,Kyrgyz Republic,Central African Republic,632968.5,493822.54,0.71,7.57,41.33,0,0,11.8,13.8,13.5,29.9,13.358177516711118,13.109933525878896,6.86,5.57
CAF,1998,Slovak Republic,Central African Republic,12255963.23,10585329.7,5.97,14.98,49.05,1,1,11.8,13.8,13.5,29.9,16.321523252387752,16.174979704387113,9.010000000000002,4.68
CAF,1998,Slovak Republic,Central African Republic,12255963.23,10585329.7,5.97,14.98,49.05,1,1,11.8,13.8,13.5,29.9,16.321523252387752,16.174979704387113,9.010000000000002,5.97
CAF,1998,Slovak Republic,Central African Republic,12255963.23,10585329.7,5.97,14.98,49.05,1,1,11.8,13.8,13.5,29.9,16.321523252387752,16.174979704387113,9.010000000000002,5.57
CAF,2000,Central African Republic,Central African Republic,134392.68,237823.73,1.05,9.9,73.01,1,1,8.0,15.3,7.0,28.9,11.808528682156007,12.37928925278546,8.85,-13.68
CAF,2000,Central African Republic,Central African Republic,134392.68,237823.73,1.05,9.9,73.01,1,1,8.0,15.3,7.0,28.9,11.808528682156007,12.37928925278546,8.85,5.74
CAF,2000,Central African Republic,Central African Republic,134392.68,237823.73,1.05,9.9,73.01,1,1,8.0,15.3,7.0,28.9,11.808528682156007,12.37928925278546,8.85,7.13
CAF,2000,Czech Republic,Central African Republic,30886773.36,28962283.43,9.69,11.39,40.48,1,1,8.0,15.3,7.0,28.9,17.24583863600425,17.181505004622128,1.700000000000001,-13.68
CAF,2000,Czech Republic,Central African Republic,30886773.36,28962283.43,9.69,11.39,40.48,1,1,8.0,15.3,7.0,28.9,17.24583863600425,17.181505004622128,1.700000000000001,5.74
CAF,2000,Czech Republic,Central African Republic,30886773.36,28962283.43,9.69,11.39,40.48,1,1,8.0,15.3,7.0,28.9,17.24583863600425,17.181505004622128,1.700000000000001,7.13
CAF,2000,Kyrgyz Republic,Central African Republic,555728.69,404166.51,2.2,6.7,32.94,1,0,8.0,15.3,7.0,28.9,13.228037285949473,12.909584699721426,4.5,-13.68
CAF,2000,Kyrgyz Republic,Central African Republic,555728.69,404166.51,2.2,6.7,32.94,1,0,8.0,15.3,7.0,28.9,13.228037285949473,12.909584699721426,4.5,5.74
CAF,2000,Kyrgyz Republic,Central African Republic,555728.69,404166.51,2.2,6.7,32.94,1,0,8.0,15.3,7.0,28.9,13.228037285949473,12.909584699721426,4.5,7.13
CAF,2000,Slovak Republic,Central African Republic,11967608.38,11463588.51,7.0,11.2,34.9,1,1,8.0,15.3,7.0,28.9,16.29771433996053,16.25468644097537,4.199999999999999,-13.68
CAF,2000,Slovak Republic,Central African Republic,11967608.38,11463588.51,7.0,11.2,34.9,1,1,8.0,15.3,7.0,28.9,16.29771433996053,16.25468644097537,4.199999999999999,5.74
CAF,2000,Slovak Republic,Central African Republic,11967608.38,11463588.51,7.0,11.2,34.9,1,1,8.0,15.3,7.0,28.9,16.29771433996053,16.25468644097537,4.199999999999999,7.13
CAF,2002,Central African Republic,Central African Republic,150587.11,189447.57,0.84,11.2,82.1,1,1,18.5,4.8,19.9,19.9,11.922303640367932,12.151872868252516,10.36,-6.07
CAF,2002,Central African Republic,Central African Republic,150587.11,189447.57,0.84,11.2,82.1,1,1,18.5,4.8,19.9,19.9,11.922303640367932,12.151872868252516,10.36,14.99
CAF,2002,Central African Republic,Central African Republic,150587.11,189447.57,0.84,11.2,82.1,1,1,18.5,4.8,19.9,19.9,11.922303640367932,12.151872868252516,10.36,11.35
CAF,2002,Central African Republic,Central African Republic,150587.11,189447.57,0.84,11.2,82.1,1,1,18.5,4.8,19.9,19.9,11.922303640367932,12.151872868252516,10.36,6.1
CAF,2002,Czech Republic,Central African Republic,37504113.7,37649067.12,8.58,11.31,31.79,1,1,18.5,4.8,19.9,19.9,17.439961210254587,17.443818760775045,2.7300000000000004,-6.07
CAF,2002,Czech Republic,Central African Republic,37504113.7,37649067.12,8.58,11.31,31.79,1,1,18.5,4.8,19.9,19.9,17.439961210254587,17.443818760775045,2.7300000000000004,14.99
CAF,2002,Czech Republic,Central African Republic,37504113.7,37649067.12,8.58,11.31,31.79,1,1,18.5,4.8,19.9,19.9,17.439961210254587,17.443818760775045,2.7300000000000004,11.35
CAF,2002,Czech Republic,Central African Republic,37504113.7,37649067.12,8.58,11.31,31.79,1,1,18.5,4.8,19.9,19.9,17.439961210254587,17.443818760775045,2.7300000000000004,6.1
CAF,2002,Kyrgyz Republic,Central African Republic,756663.4,320377.64,5.21,8.81,21.49,1,1,18.5,4.8,19.9,19.9,13.536675105190275,12.677258825287353,3.6000000000000005,-6.07
CAF,2002,Kyrgyz Republic,Central African Republic,756663.4,320377.64,5.21,8.81,21.49,1,1,18.5,4.8,19.9,19.9,13.536675105190275,12.677258825287353,3.6000000000000005,14.99
CAF,2002,Kyrgyz Republic,Central African Republic,756663.4,320377.64,5.21,8.81,21.49,1,1,18.5,4.8,19.9,19.9,13.536675105190275,12.677258825287353,3.6000000000000005,11.35
CAF,2002,Kyrgyz Republic,Central African Republic,756663.4,320377.64,5.21,8.81,21.49,1,1,18.5,4.8,19.9,19.9,13.536675105190275,12.677258825287353,3.6000000000000005,6.1
CAF,2002,Slovak Republic,Central African Republic,15814759.76,15699805.22,7.4,10.4,28.5,1,1,18.5,4.8,19.9,19.9,16.57645428719678,16.569158927567205,3.0,-6.07
CAF,2002,Slovak Republic,Central African Republic,15814759.76,15699805.22,7.4,10.4,28.5,1,1,18.5,4.8,19.9,19.9,16.57645428719678,16.569158927567205,3.0,14.99
CAF,2002,Slovak Republic,Central African Republic,15814759.76,15699805.22,7.4,10.4,28.5,1,1,18.5,4.8,19.9,19.9,16.57645428719678,16.569158927567205,3.0,11.35
CAF,2002,Slovak Republic,Central African Republic,15814759.76,15699805.22,7.4,10.4,28.5,1,1,18.5,4.8,19.9,19.9,16.57645428719678,16.569158927567205,3.0,6.1
CAF,2003,Central African Republic,Central African Republic,141511.18,132758.54,1.39,11.97,84.88,1,1,12.2,8.0,6.5,11.9,11.860141070099468,11.796294800928841,10.58,29.37
CAF,2003,Central African Republic,Central African Republic,141511.18,132758.54,1.39,11.97,84.88,1,1,12.2,8.0,6.5,11.9,11.860141070099468,11.796294800928841,10.58,3.07
CAF,2003,Central African Republic,Central African Republic,141511.18,132758.54,1.39,11.97,84.88,1,1,12.2,8.0,6.5,11.9,11.860141070099468,11.796294800928841,10.58,11.24
CAF,2003,Central African Republic,Central African Republic,141511.18,132758.54,1.39,11.97,84.88,1,1,12.2,8.0,6.5,11.9,11.860141070099468,11.796294800928841,10.58,16.59
CAF,2003,Czech Republic,Central African Republic,48471518.35,48855759.38,8.35,10.63,43.45,1,1,12.2,8.0,6.5,11.9,17.6964869535238,17.704382849255428,2.280000000000001,29.37
CAF,2003,Czech Republic,Central African Republic,48471518.35,48855759.38,8.35,10.63,43.45,1,1,12.2,8.0,6.5,11.9,17.6964869535238,17.704382849255428,2.280000000000001,3.07
CAF,2003,Czech Republic,Central African Republic,48471518.35,48855759.38,8.35,10.63,43.45,1,1,12.2,8.0,6.5,11.9,17.6964869535238,17.704382849255428,2.280000000000001,11.24
CAF,2003,Czech Republic,Central African Republic,48471518.35,48855759.38,8.35,10.63,43.45,1,1,12.2,8.0,6.5,11.9,17.6964869535238,17.704382849255428,2.280000000000001,16.59
CAF,2003,Kyrgyz Republic,Central African Republic,1029100.34,464174.94,3.21,7.31,32.67,1,1,12.2,8.0,6.5,11.9,13.844196493931973,13.048018940371914,4.1,29.37
CAF,2003,Kyrgyz Republic,Central African Republic,1029100.34,464174.94,3.21,7.31,32.67,1,1,12.2,8.0,6.5,11.9,13.844196493931973,13.048018940371914,4.1,3.07
CAF,2003,Kyrgyz Republic,Central African Republic,1029100.34,464174.94,3.21,7.31,32.67,1,1,12.2,8.0,6.5,11.9,13.844196493931973,13.048018940371914,4.1,11.24
CAF,2003,Kyrgyz Republic,Central African Republic,1029100.34,464174.94,3.21,7.31,32.67,1,1,12.2,8.0,6.5,11.9,13.844196493931973,13.048018940371914,4.1,16.59
CAF,2003,Slovak Republic,Central African Republic,20900434.11,22141107.93,7.28,12.93,40.92,1,1,12.2,8.0,6.5,11.9,16.855280535378622,16.912946571162983,5.6499999999999995,29.37
CAF,2003,Slovak Republic,Central African Republic,20900434.11,22141107.93,7.28,12.93,40.92,1,1,12.2,8.0,6.5,11.9,16.855280535378622,16.912946571162983,5.6499999999999995,3.07
CAF,2003,Slovak Republic,Central African Republic,20900434.11,22141107.93,7.28,12.93,40.92,1,1,12.2,8.0,6.5,11.9,16.855280535378622,16.912946571162983,5.6499999999999995,11.24
CAF,2003,Slovak Republic,Central African Republic,20900434.11,22141107.93,7.28,12.93,40.92,1,1,12.2,8.0,6.5,11.9,16.855280535378622,16.912946571162983,5.6499999999999995,16.59
CAF,2004,Central African Republic,Central African Republic,177290.79,137555.71,1.21,9.28,89.81,1,1,2.0,8.7,4.3,10.6,12.085552185293597,11.8317915474239,8.07,33.6
CAF,2004,Central African Republic,Central African Republic,177290.79,137555.71,1.21,9.28,89.81,1,1,2.0,8.7,4.3,10.6,12.085552185293597,11.8317915474239,8.07,14.1
CAF,2004,Central African Republic,Central African Republic,177290.79,137555.71,1.21,9.28,89.81,1,1,2.0,8.7,4.3,10.6,12.085552185293597,11.8317915474239,8.07,14.56
CAF,2004,Central African Republic,Central African Republic,177290.79,137555.71,1.21,9.28,89.81,1,1,2.0,8.7,4.3,10.6,12.085552185293597,11.8317915474239,8.07,14.16
CAF,2004,Czech Republic,Central African Republic,59636395.98,58360997.07,6.87,8.89,42.17,1,1,2.0,8.7,4.3,10.6,17.90377663322569,17.882158383426013,2.0200000000000005,33.6
CAF,2004,Czech Republic,Central African Republic,59636395.98,58360997.07,6.87,8.89,42.17,1,1,2.0,8.7,4.3,10.6,17.90377663322569,17.882158383426013,2.0200000000000005,14.1
CAF,2004,Czech Republic,Central African Republic,59636395.98,58360997.07,6.87,8.89,42.17,1,1,2.0,8.7,4.3,10.6,17.90377663322569,17.882158383426013,2.0200000000000005,14.56
CAF,2004,Czech Republic,Central African Republic,59636395.98,58360997.07,6.87,8.89,42.17,1,1,2.0,8.7,4.3,10.6,17.90377663322569,17.882158383426013,2.0200000000000005,14.16
CAF,2004,Kyrgyz Republic,Central African Republic,1525347.75,556327.71,4.35,8.95,36.06,1,1,2.0,8.7,4.3,10.6,14.237733630403005,13.229114603575843,4.6,33.6
CAF,2004,Kyrgyz Republic,Central African Republic,1525347.75,556327.71,4.35,8.95,36.06,1,1,2.0,8.7,4.3,10.6,14.237733630403005,13.229114603575843,4.6,14.1
CAF,2004,Kyrgyz Republic,Central African Republic,1525347.75,556327.71,4.35,8.95,36.06,1,1,2.0,8.7,4.3,10.6,14.237733630403005,13.229114603575843,4.6,14.56
CAF,2004,Kyrgyz Republic,Central African Republic,1525347.75,556327.71,4.35,8.95,36.06,1,1,2.0,8.7,4.3,10.6,14.237733630403005,13.229114603575843,4.6,14.16
CAF,2004,Slovak Republic,Central African Republic,25930364.13,27699569.75,8.04,14.03,45.47,1,1,2.0,8.7,4.3,10.6,17.070925238788632,17.136927474647603,5.99,33.6
CAF,2004,Slovak Republic,Central African Republic,25930364.13,27699569.75,8.04,14.03,45.47,1,1,2.0,8.7,4.3,10.6,17.070925238788632,17.136927474647603,5.99,14.1
CAF,2004,Slovak Republic,Central African Republic,25930364.13,27699569.75,8.04,14.03,45.47,1,1,2.0,8.7,4.3,10.6,17.070925238788632,17.136927474647603,5.99,14.56
CAF,2004,Slovak Republic,Central African Republic,25930364.13,27699569.75,8.04,14.03,45.47,1,1,2.0,8.7,4.3,10.6,17.070925238788632,17.136927474647603,5.99,14.16
CAF,2005,Central African Republic,Central African Republic,207021.27,124930.19,1.53,11.36,81.9,1,1,7.8,9.7,6.7,19.7,12.240581651001767,11.735518384714696,9.83,1.7
CAF,2005,Central African Republic,Central African Republic,207021.27,124930.19,1.53,11.36,81.9,1,1,7.8,9.7,6.7,19.7,12.240581651001767,11.735518384714696,9.83,7.11
CAF,2005,Central African Republic,Central African Republic,207021.27,124930.19,1.53,11.36,81.9,1,1,7.8,9.7,6.7,19.7,12.240581651001767,11.735518384714696,9.83,8.51
CAF,2005,Central African Republic,Central African Republic,207021.27,124930.19,1.53,11.36,81.9,1,1,7.8,9.7,6.7,19.7,12.240581651001767,11.735518384714696,9.83,7.79
CAF,2005,Czech Republic,Central African Republic,69686711.59,67242614.29,6.44,9.23,41.28,1,1,7.8,9.7,6.7,19.7,18.059520220397925,18.023817760602558,2.79,1.7
CAF,2005,Czech Republic,Central African Republic,69686711.59,67242614.29,6.44,9.23,41.28,1,1,7.8,9.7,6.7,19.7,18.059520220397925,18.023817760602558,2.79,7.11
CAF,2005,Czech Republic,Central African Republic,69686711.59,67242614.29,6.44,9.23,41.28,1,1,7.8,9.7,6.7,19.7,18.059520220397925,18.023817760602558,2.79,8.51
CAF,2005,Czech Republic,Central African Republic,69686711.59,67242614.29,6.44,9.23,41.28,1,1,7.8,9.7,6.7,19.7,18.059520220397925,18.023817760602558,2.79,7.79
CAF,2005,Kyrgyz Republic,Central African Republic,2081413.36,518987.0,6.1,9.47,32.29,1,1,7.8,9.7,6.7,19.7,14.548558201364557,13.159636040493439,3.370000000000001,1.7
CAF,2005,Kyrgyz Republic,Central African Republic,2081413.36,518987.0,6.1,9.47,32.29,1,1,7.8,9.7,6.7,19.7,14.548558201364557,13.159636040493439,3.370000000000001,7.11
CAF,2005,Kyrgyz Republic,Central African Republic,2081413.36,518987.0,6.1,9.47,32.29,1,1,7.8,9.7,6.7,19.7,14.548558201364557,13.159636040493439,3.370000000000001,8.51
CAF,2005,Kyrgyz Republic,Central African Republic,2081413.36,518987.0,6.1,9.47,32.29,1,1,7.8,9.7,6.7,19.7,14.548558201364557,13.159636040493439,3.370000000000001,7.79
CAF,2005,Slovak Republic,Central African Republic,31719065.61,29544644.63,7.57,12.42,42.43,1,1,7.8,9.7,6.7,19.7,17.27242852838372,17.201413088443914,4.85,1.7
CAF,2005,Slovak Republic,Central African Republic,31719065.61,29544644.63,7.57,12.42,42.43,1,1,7.8,9.7,6.7,19.7,17.27242852838372,17.201413088443914,4.85,7.11
CAF,2005,Slovak Republic,Central African Republic,31719065.61,29544644.63,7.57,12.42,42.43,1,1,7.8,9.7,6.7,19.7,17.27242852838372,17.201413088443914,4.85,8.51
CAF,2005,Slovak Republic,Central African Republic,31719065.61,29544644.63,7.57,12.42,42.43,1,1,7.8,9.7,6.7,19.7,17.27242852838372,17.201413088443914,4.85,7.79
CAF,2006,Central African Republic,Central African Republic,296869.55,127663.58,1.3,10.35,76.8,1,1,8.3,5.3,3.3,19.7,12.601051464185014,11.757161634713578,9.049999999999999,-12.94
CAF,2006,Central African Republic,Central African Republic,296869.55,127663.58,1.3,10.35,76.8,1,1,8.3,5.3,3.3,19.7,12.601051464185014,11.757161634713578,9.049999999999999,10.49
CAF,2006,Central African Republic,Central African Republic,296869.55,127663.58,1.3,10.35,76.8,1,1,8.3,5.3,3.3,19.7,12.601051464185014,11.757161634713578,9.049999999999999,24.54
CAF,2006,Central African Republic,Central African Republic,296869.55,127663.58,1.3,10.35,76.8,1,1,8.3,5.3,3.3,19.7,12.601051464185014,11.757161634713578,9.049999999999999,14.36
CAF,2006,Czech Republic,Central African Republic,87659261.4,83807527.09,6.41,8.63,44.24,1,1,8.3,5.3,3.3,19.7,18.28896783859145,18.244033395427024,2.2200000000000006,-12.94
CAF,2006,Czech Republic,Central African Republic,87659261.4,83807527.09,6.41,8.63,44.24,1,1,8.3,5.3,3.3,19.7,18.28896783859145,18.244033395427024,2.2200000000000006,10.49
CAF,2006,Czech Republic,Central African Republic,87659261.4,83807527.09,6.41,8.63,44.24,1,1,8.3,5.3,3.3,19.7,18.28896783859145,18.244033395427024,2.2200000000000006,24.54
CAF,2006,Czech Republic,Central African Republic,87659261.4,83807527.09,6.41,8.63,44.24,1,1,8.3,5.3,3.3,19.7,18.28896783859145,18.244033395427024,2.2200000000000006,14.36
CAF,2006,Kyrgyz Republic,Central African Republic,3867839.06,682546.33,2.36,7.37,66.36,1,1,8.3,5.3,3.3,19.7,15.168206785165763,13.433587151622138,5.01,-12.94
CAF,2006,Kyrgyz Republic,Central African Republic,3867839.06,682546.33,2.36,7.37,66.36,1,1,8.3,5.3,3.3,19.7,15.168206785165763,13.433587151622138,5.01,10.49
CAF,2006,Kyrgyz Republic,Central African Republic,3867839.06,682546.33,2.36,7.37,66.36,1,1,8.3,5.3,3.3,19.7,15.168206785165763,13.433587151622138,5.01,24.54
CAF,2006,Kyrgyz Republic,Central African Republic,3867839.06,682546.33,2.36,7.37,66.36,1,1,8.3,5.3,3.3,19.7,15.168206785165763,13.433587151622138,5.01,14.36
CAF,2006,Slovak Republic,Central African Republic,42280742.74,37361759.28,9.22,13.41,44.86,1,1,8.3,5.3,3.3,19.7,17.55984230963468,17.436158286917316,4.1899999999999995,-12.94
CAF,2006,Slovak Republic,Central African Republic,42280742.74,37361759.28,9.22,13.41,44.86,1,1,8.3,5.3,3.3,19.7,17.55984230963468,17.436158286917316,4.1899999999999995,10.49
CAF,2006,Slovak Republic,Central African Republic,42280742.74,37361759.28,9.22,13.41,44.86,1,1,8.3,5.3,3.3,19.7,17.55984230963468,17.436158286917316,4.1899999999999995,24.54
CAF,2006,Slovak Republic,Central African Republic,42280742.74,37361759.28,9.22,13.41,44.86,1,1,8.3,5.3,3.3,19.7,17.55984230963468,17.436158286917316,4.1899999999999995,14.36
CAF,2007,Central African Republic,Central African Republic,330344.25,140420.3,0.79,9.83,76.02,1,1,8.3,5.8,2.4,16.8,12.707893598665388,11.85240246846885,9.04,18.67
CAF,2007,Central African Republic,Central African Republic,330344.25,140420.3,0.79,9.83,76.02,1,1,8.3,5.8,2.4,16.8,12.707893598665388,11.85240246846885,9.04,11.82
CAF,2007,Central African Republic,Central African Republic,330344.25,140420.3,0.79,9.83,76.02,1,1,8.3,5.8,2.4,16.8,12.707893598665388,11.85240246846885,9.04,18.6
CAF,2007,Central African Republic,Central African Republic,330344.25,140420.3,0.79,9.83,76.02,1,1,8.3,5.8,2.4,16.8,12.707893598665388,11.85240246846885,9.04,15.01
CAF,2007,Czech Republic,Central African Republic,109894283.87,108986573.45,5.74,8.44,42.26,1,1,8.3,5.8,2.4,16.8,18.515029415018915,18.50673526242386,2.6999999999999993,18.67
CAF,2007,Czech Republic,Central African Republic,109894283.87,108986573.45,5.74,8.44,42.26,1,1,8.3,5.8,2.4,16.8,18.515029415018915,18.50673526242386,2.6999999999999993,11.82
CAF,2007,Czech Republic,Central African Republic,109894283.87,108986573.45,5.74,8.44,42.26,1,1,8.3,5.8,2.4,16.8,18.515029415018915,18.50673526242386,2.6999999999999993,18.6
CAF,2007,Czech Republic,Central African Republic,109894283.87,108986573.45,5.74,8.44,42.26,1,1,8.3,5.8,2.4,16.8,18.515029415018915,18.50673526242386,2.6999999999999993,15.01
CAF,2007,Kyrgyz Republic,Central African Republic,6106579.78,779877.27,3.43,10.28,60.0,1,1,8.3,5.8,2.4,16.8,15.624877564032763,13.566893122383942,6.85,18.67
CAF,2007,Kyrgyz Republic,Central African Republic,6106579.78,779877.27,3.43,10.28,60.0,1,1,8.3,5.8,2.4,16.8,15.624877564032763,13.566893122383942,6.85,11.82
CAF,2007,Kyrgyz Republic,Central African Republic,6106579.78,779877.27,3.43,10.28,60.0,1,1,8.3,5.8,2.4,16.8,15.624877564032763,13.566893122383942,6.85,18.6
CAF,2007,Kyrgyz Republic,Central African Republic,6106579.78,779877.27,3.43,10.28,60.0,1,1,8.3,5.8,2.4,16.8,15.624877564032763,13.566893122383942,6.85,15.01
CAF,2007,Slovak Republic,Central African Republic,55476873.39,52903324.58,7.43,13.45,42.66,1,1,8.3,5.8,2.4,16.8,17.831476814224747,17.78397676025901,6.02,18.67
CAF,2007,Slovak Republic,Central African Republic,55476873.39,52903324.58,7.43,13.45,42.66,1,1,8.3,5.8,2.4,16.8,17.831476814224747,17.78397676025901,6.02,11.82
CAF,2007,Slovak Republic,Central African Republic,55476873.39,52903324.58,7.43,13.45,42.66,1,1,8.3,5.8,2.4,16.8,17.831476814224747,17.78397676025901,6.02,18.6
CAF,2007,Slovak Republic,Central African Republic,55476873.39,52903324.58,7.43,13.45,42.66,1,1,8.3,5.8,2.4,16.8,17.831476814224747,17.78397676025901,6.02,15.01
CAF,2008,Central African Republic,Central African Republic,442277.79,172586.71,1.74,9.74,78.55,1,1,11.7,6.3,5.8,20.2,12.999695708829135,12.058660849997768,8.0,-3.28
CAF,2008,Central African Republic,Central African Republic,442277.79,172586.71,1.74,9.74,78.55,1,1,11.7,6.3,5.8,20.2,12.999695708829135,12.058660849997768,8.0,10.19
CAF,2008,Central African Republic,Central African Republic,442277.79,172586.71,1.74,9.74,78.55,1,1,11.7,6.3,5.8,20.2,12.999695708829135,12.058660849997768,8.0,29.8
CAF,2008,Central African Republic,Central African Republic,442277.79,172586.71,1.74,9.74,78.55,1,1,11.7,6.3,5.8,20.2,12.999695708829135,12.058660849997768,8.0,10.74
CAF,2008,Czech Republic,Central African Republic,130381030.67,128246162.35,5.62,8.57,43.06,1,1,11.7,6.3,5.8,20.2,18.685971734222733,18.669462126168067,2.95,-3.28
CAF,2008,Czech Republic,Central African Republic,130381030.67,128246162.35,5.62,8.57,43.06,1,1,11.7,6.3,5.8,20.2,18.685971734222733,18.669462126168067,2.95,10.19
CAF,2008,Czech Republic,Central African Republic,130381030.67,128246162.35,5.62,8.57,43.06,1,1,11.7,6.3,5.8,20.2,18.685971734222733,18.669462126168067,2.95,29.8
CAF,2008,Czech Republic,Central African Republic,130381030.67,128246162.35,5.62,8.57,43.06,1,1,11.7,6.3,5.8,20.2,18.685971734222733,18.669462126168067,2.95,10.74
CAF,2008,Kyrgyz Republic,Central African Republic,12326768.48,1324638.15,1.7,12.17,73.24,1,1,11.7,6.3,5.8,20.2,16.327283835945074,14.096650640688647,10.47,-3.28
CAF,2008,Kyrgyz Republic,Central African Republic,12326768.48,1324638.15,1.7,12.17,73.24,1,1,11.7,6.3,5.8,20.2,16.327283835945074,14.096650640688647,10.47,10.19
CAF,2008,Kyrgyz Republic,Central African Republic,12326768.48,1324638.15,1.7,12.17,73.24,1,1,11.7,6.3,5.8,20.2,16.327283835945074,14.096650640688647,10.47,29.8
CAF,2008,Kyrgyz Republic,Central African Republic,12326768.48,1324638.15,1.7,12.17,73.24,1,1,11.7,6.3,5.8,20.2,16.327283835945074,14.096650640688647,10.47,10.74
CAF,2008,Slovak Republic,Central African Republic,69685715.9,62563833.61,7.48,13.36,43.46,1,1,11.7,6.3,5.8,20.2,18.059505932206154,17.95169794723975,5.879999999999999,-3.28
CAF,2008,Slovak Republic,Central African Republic,69685715.9,62563833.61,7.48,13.36,43.46,1,1,11.7,6.3,5.8,20.2,18.059505932206154,17.95169794723975,5.879999999999999,10.19
CAF,2008,Slovak Republic,Central African Republic,69685715.9,62563833.61,7.48,13.36,43.46,1,1,11.7,6.3,5.8,20.2,18.059505932206154,17.95169794723975,5.879999999999999,29.8
CAF,2008,Slovak Republic,Central African Republic,69685715.9,62563833.61,7.48,13.36,43.46,1,1,11.7,6.3,5.8,20.2,18.059505932206154,17.95169794723975,5.879999999999999,10.74
CAF,2009,Central African Republic,Central African Republic,330990.98,114980.89,0.96,10.07,79.05,1,1,18.2,4.7,7.1,19.9,12.709849424458406,11.652529916683514,9.11,6.97
CAF,2009,Central African Republic,Central African Republic,330990.98,114980.89,0.96,10.07,79.05,1,1,18.2,4.7,7.1,19.9,12.709849424458406,11.652529916683514,9.11,-14.02
CAF,2009,Central African Republic,Central African Republic,330990.98,114980.89,0.96,10.07,79.05,1,1,18.2,4.7,7.1,19.9,12.709849424458406,11.652529916683514,9.11,-14.54
CAF,2009,Central African Republic,Central African Republic,330990.98,114980.89,0.96,10.07,79.05,1,1,18.2,4.7,7.1,19.9,12.709849424458406,11.652529916683514,9.11,-12.84
CAF,2009,Czech Republic,Central African Republic,98406939.1,102192999.73,5.44,7.29,47.15,1,1,18.2,4.7,7.1,19.9,18.40462188900694,18.442373747380778,1.8499999999999996,6.97
CAF,2009,Czech Republic,Central African Republic,98406939.1,102192999.73,5.44,7.29,47.15,1,1,18.2,4.7,7.1,19.9,18.40462188900694,18.442373747380778,1.8499999999999996,-14.02
CAF,2009,Czech Republic,Central African Republic,98406939.1,102192999.73,5.44,7.29,47.15,1,1,18.2,4.7,7.1,19.9,18.40462188900694,18.442373747380778,1.8499999999999996,-14.54
CAF,2009,Czech Republic,Central African Republic,98406939.1,102192999.73,5.44,7.29,47.15,1,1,18.2,4.7,7.1,19.9,18.40462188900694,18.442373747380778,1.8499999999999996,-12.84
CAF,2009,Kyrgyz Republic,Central African Republic,7614168.99,975376.94,2.99,12.54,65.13,1,1,18.2,4.7,7.1,19.9,15.845521541653818,13.790580305639818,9.549999999999999,6.97
CAF,2009,Kyrgyz Republic,Central African Republic,7614168.99,975376.94,2.99,12.54,65.13,1,1,18.2,4.7,7.1,19.9,15.845521541653818,13.790580305639818,9.549999999999999,-14.02
CAF,2009,Kyrgyz Republic,Central African Republic,7614168.99,975376.94,2.99,12.54,65.13,1,1,18.2,4.7,7.1,19.9,15.845521541653818,13.790580305639818,9.549999999999999,-14.54
CAF,2009,Kyrgyz Republic,Central African Republic,7614168.99,975376.94,2.99,12.54,65.13,1,1,18.2,4.7,7.1,19.9,15.845521541653818,13.790580305639818,9.549999999999999,-12.84
CAF,2009,Slovak Republic,Central African Republic,50874242.48,48734280.32,7.55,9.85,49.04,1,1,18.2,4.7,7.1,19.9,17.744867331444482,17.701893268953423,2.3,6.97
CAF,2009,Slovak Republic,Central African Republic,50874242.48,48734280.32,7.55,9.85,49.04,1,1,18.2,4.7,7.1,19.9,17.744867331444482,17.701893268953423,2.3,-14.02
CAF,2009,Slovak Republic,Central African Republic,50874242.48,48734280.32,7.55,9.85,49.04,1,1,18.2,4.7,7.1,19.9,17.744867331444482,17.701893268953423,2.3,-14.54
CAF,2009,Slovak Republic,Central African Republic,50874242.48,48734280.32,7.55,9.85,49.04,1,1,18.2,4.7,7.1,19.9,17.744867331444482,17.701893268953423,2.3,-12.84
CAF,2010,Central African Republic,Central African Republic,645306.53,136543.08,0.77,9.47,55.65,1,1,18.1,3.8,7.6,15.6,13.377482272847015,11.824402771879281,8.700000000000001,-0.42
CAF,2010,Central African Republic,Central African Republic,645306.53,136543.08,0.77,9.47,55.65,1,1,18.1,3.8,7.6,15.6,13.377482272847015,11.824402771879281,8.700000000000001,9.49
CAF,2010,Central African Republic,Central African Republic,645306.53,136543.08,0.77,9.47,55.65,1,1,18.1,3.8,7.6,15.6,13.377482272847015,11.824402771879281,8.700000000000001,4.1
CAF,2010,Central African Republic,Central African Republic,645306.53,136543.08,0.77,9.47,55.65,1,1,18.1,3.8,7.6,15.6,13.377482272847015,11.824402771879281,8.700000000000001,9.09
CAF,2010,Czech Republic,Central African Republic,114219397.5,118529488.53,5.8,7.89,45.8,1,1,18.1,3.8,7.6,15.6,18.553631705034086,18.590672344372994,2.09,-0.42
CAF,2010,Czech Republic,Central African Republic,114219397.5,118529488.53,5.8,7.89,45.8,1,1,18.1,3.8,7.6,15.6,18.553631705034086,18.590672344372994,2.09,9.49
CAF,2010,Czech Republic,Central African Republic,114219397.5,118529488.53,5.8,7.89,45.8,1,1,18.1,3.8,7.6,15.6,18.553631705034086,18.590672344372994,2.09,4.1
CAF,2010,Czech Republic,Central African Republic,114219397.5,118529488.53,5.8,7.89,45.8,1,1,18.1,3.8,7.6,15.6,18.553631705034086,18.590672344372994,2.09,9.09
CAF,2010,Kyrgyz Republic,Central African Republic,6748590.96,1139968.52,1.55,9.2,71.5,1,1,18.1,3.8,7.6,15.6,15.724844442570497,13.946512083171136,7.6499999999999995,-0.42
CAF,2010,Kyrgyz Republic,Central African Republic,6748590.96,1139968.52,1.55,9.2,71.5,1,1,18.1,3.8,7.6,15.6,15.724844442570497,13.946512083171136,7.6499999999999995,9.49
CAF,2010,Kyrgyz Republic,Central African Republic,6748590.96,1139968.52,1.55,9.2,71.5,1,1,18.1,3.8,7.6,15.6,15.724844442570497,13.946512083171136,7.6499999999999995,4.1
CAF,2010,Kyrgyz Republic,Central African Republic,6748590.96,1139968.52,1.55,9.2,71.5,1,1,18.1,3.8,7.6,15.6,15.724844442570497,13.946512083171136,7.6499999999999995,9.09
CAF,2010,Slovak Republic,Central African Republic,60819266.95,58583378.16,7.97,12.84,46.29,1,1,18.1,3.8,7.6,15.6,17.923417203804323,17.885961582234142,4.87,-0.42
CAF,2010,Slovak Republic,Central African Republic,60819266.95,58583378.16,7.97,12.84,46.29,1,1,18.1,3.8,7.6,15.6,17.923417203804323,17.885961582234142,4.87,9.49
CAF,2010,Slovak Republic,Central African Republic,60819266.95,58583378.16,7.97,12.84,46.29,1,1,18.1,3.8,7.6,15.6,17.923417203804323,17.885961582234142,4.87,4.1
CAF,2010,Slovak Republic,Central African Republic,60819266.95,58583378.16,7.97,12.84,46.29,1,1,18.1,3.8,7.6,15.6,17.923417203804323,17.885961582234142,4.87,9.09
CAF,2011,Central African Republic,Central African Republic,873148.05,152683.49,0.39,9.53,75.94,1,1,18.0,5.2,7.0,16.9,13.679861553352739,11.936128914338735,9.139999999999999,1.13
CAF,2011,Central African Republic,Central African Republic,873148.05,152683.49,0.39,9.53,75.94,1,1,18.0,5.2,7.0,16.9,13.679861553352739,11.936128914338735,9.139999999999999,9.54
CAF,2011,Central African Republic,Central African Republic,873148.05,152683.49,0.39,9.53,75.94,1,1,18.0,5.2,7.0,16.9,13.679861553352739,11.936128914338735,9.139999999999999,14.98
CAF,2011,Central African Republic,Central African Republic,873148.05,152683.49,0.39,9.53,75.94,1,1,18.0,5.2,7.0,16.9,13.679861553352739,11.936128914338735,9.139999999999999,9.56
CAF,2011,Czech Republic,Central African Republic,135639868.28,144038431.17,5.41,7.57,46.29,1,1,18.0,5.2,7.0,16.9,18.72551391149373,18.7855907120009,2.16,1.13
CAF,2011,Czech Republic,Central African Republic,135639868.28,144038431.17,5.41,7.57,46.29,1,1,18.0,5.2,7.0,16.9,18.72551391149373,18.7855907120009,2.16,9.54
CAF,2011,Czech Republic,Central African Republic,135639868.28,144038431.17,5.41,7.57,46.29,1,1,18.0,5.2,7.0,16.9,18.72551391149373,18.7855907120009,2.16,14.98
CAF,2011,Czech Republic,Central African Republic,135639868.28,144038431.17,5.41,7.57,46.29,1,1,18.0,5.2,7.0,16.9,18.72551391149373,18.7855907120009,2.16,9.56
CAF,2011,Kyrgyz Republic,Central African Republic,8705973.17,819845.45,1.9,10.42,67.7,1,1,18.0,5.2,7.0,16.9,15.979520034170612,13.616872345608263,8.52,1.13
CAF,2011,Kyrgyz Republic,Central African Republic,8705973.17,819845.45,1.9,10.42,67.7,1,1,18.0,5.2,7.0,16.9,15.979520034170612,13.616872345608263,8.52,9.54
CAF,2011,Kyrgyz Republic,Central African Republic,8705973.17,819845.45,1.9,10.42,67.7,1,1,18.0,5.2,7.0,16.9,15.979520034170612,13.616872345608263,8.52,14.98
CAF,2011,Kyrgyz Republic,Central African Republic,8705973.17,819845.45,1.9,10.42,67.7,1,1,18.0,5.2,7.0,16.9,15.979520034170612,13.616872345608263,8.52,9.56
CAF,2011,Slovak Republic,Central African Republic,73907234.85,71723757.52,7.79,11.19,48.18,1,1,18.0,5.2,7.0,16.9,18.118321295198232,18.08833261079379,3.3999999999999995,1.13
CAF,2011,Slovak Republic,Central African Republic,73907234.85,71723757.52,7.79,11.19,48.18,1,1,18.0,5.2,7.0,16.9,18.118321295198232,18.08833261079379,3.3999999999999995,9.54
CAF,2011,Slovak Republic,Central African Republic,73907234.85,71723757.52,7.79,11.19,48.18,1,1,18.0,5.2,7.0,16.9,18.118321295198232,18.08833261079379,3.3999999999999995,14.98
CAF,2011,Slovak Republic,Central African Republic,73907234.85,71723757.52,7.79,11.19,48.18,1,1,18.0,5.2,7.0,16.9,18.118321295198232,18.08833261079379,3.3999999999999995,9.56
CAF,2012,Central African Republic,Central African Republic,510638.48,174387.33,0.33,9.12,82.38,1,1,16.6,5.2,3.8,14.6,13.14341910159948,12.069039873080483,8.79,0.66
CAF,2012,Central African Republic,Central African Republic,510638.48,174387.33,0.33,9.12,82.38,1,1,16.6,5.2,3.8,14.6,13.14341910159948,12.069039873080483,8.79,-3.75
CAF,2012,Central African Republic,Central African Republic,510638.48,174387.33,0.33,9.12,82.38,1,1,16.6,5.2,3.8,14.6,13.14341910159948,12.069039873080483,8.79,12.3
CAF,2012,Central African Republic,Central African Republic,510638.48,174387.33,0.33,9.12,82.38,1,1,16.6,5.2,3.8,14.6,13.14341910159948,12.069039873080483,8.79,-1.58
CAF,2012,Czech Republic,Central African Republic,126184319.81,137829761.77,5.04,7.78,48.19,1,1,16.6,5.2,3.8,14.6,18.653254259544617,18.741529878490876,2.74,0.66
CAF,2012,Czech Republic,Central African Republic,126184319.81,137829761.77,5.04,7.78,48.19,1,1,16.6,5.2,3.8,14.6,18.653254259544617,18.741529878490876,2.74,-3.75
CAF,2012,Czech Republic,Central African Republic,126184319.81,137829761.77,5.04,7.78,48.19,1,1,16.6,5.2,3.8,14.6,18.653254259544617,18.741529878490876,2.74,12.3
CAF,2012,Czech Republic,Central African Republic,126184319.81,137829761.77,5.04,7.78,48.19,1,1,16.6,5.2,3.8,14.6,18.653254259544617,18.741529878490876,2.74,-1.58
CAF,2012,Kyrgyz Republic,Central African Republic,9682565.37,1136132.44,1.17,9.3,78.06,1,1,16.6,5.2,3.8,14.6,16.0858375449822,13.943141336153518,8.13,0.66
CAF,2012,Kyrgyz Republic,Central African Republic,9682565.37,1136132.44,1.17,9.3,78.06,1,1,16.6,5.2,3.8,14.6,16.0858375449822,13.943141336153518,8.13,-3.75
CAF,2012,Kyrgyz Republic,Central African Republic,9682565.37,1136132.44,1.17,9.3,78.06,1,1,16.6,5.2,3.8,14.6,16.0858375449822,13.943141336153518,8.13,12.3
CAF,2012,Kyrgyz Republic,Central African Republic,9682565.37,1136132.44,1.17,9.3,78.06,1,1,16.6,5.2,3.8,14.6,16.0858375449822,13.943141336153518,8.13,-1.58
CAF,2012,Slovak Republic,Central African Republic,70916726.45,71586375.84,7.63,12.52,48.92,1,1,16.6,5.2,3.8,14.6,18.077016893858563,18.086415346229934,4.89,0.66
CAF,2012,Slovak Republic,Central African Republic,70916726.45,71586375.84,7.63,12.52,48.92,1,1,16.6,5.2,3.8,14.6,18.077016893858563,18.086415346229934,4.89,-3.75
CAF,2012,Slovak Republic,Central African Republic,70916726.45,71586375.84,7.63,12.52,48.92,1,1,16.6,5.2,3.8,14.6,18.077016893858563,18.086415346229934,4.89,12.3
CAF,2012,Slovak Republic,Central African Republic,70916726.45,71586375.84,7.63,12.52,48.92,1,1,16.6,5.2,3.8,14.6,18.077016893858563,18.086415346229934,4.89,-1.58
CAF,2013,Central African Republic,Central African Republic,526928.74,128780.82,0.48,8.81,79.95,1,1,12.3,3.3,0.5,7.0,13.174822497952395,11.7658749336216,8.33,-22.78
CAF,2013,Central African Republic,Central African Republic,526928.74,128780.82,0.48,8.81,79.95,1,1,12.3,3.3,0.5,7.0,13.174822497952395,11.7658749336216,8.33,1.0
CAF,2013,Central African Republic,Central African Republic,526928.74,128780.82,0.48,8.81,79.95,1,1,12.3,3.3,0.5,7.0,13.174822497952395,11.7658749336216,8.33,5.52
CAF,2013,Central African Republic,Central African Republic,526928.74,128780.82,0.48,8.81,79.95,1,1,12.3,3.3,0.5,7.0,13.174822497952395,11.7658749336216,8.33,2.86
CAF,2013,Czech Republic,Central African Republic,132402630.83,145943828.97,5.44,7.85,47.65,1,1,12.3,3.3,0.5,7.0,18.70135807913971,18.798732379413607,2.4099999999999993,-22.78
CAF,2013,Czech Republic,Central African Republic,132402630.83,145943828.97,5.44,7.85,47.65,1,1,12.3,3.3,0.5,7.0,18.70135807913971,18.798732379413607,2.4099999999999993,1.0
CAF,2013,Czech Republic,Central African Republic,132402630.83,145943828.97,5.44,7.85,47.65,1,1,12.3,3.3,0.5,7.0,18.70135807913971,18.798732379413607,2.4099999999999993,5.52
CAF,2013,Czech Republic,Central African Republic,132402630.83,145943828.97,5.44,7.85,47.65,1,1,12.3,3.3,0.5,7.0,18.70135807913971,18.798732379413607,2.4099999999999993,2.86
CAF,2013,Kyrgyz Republic,Central African Republic,10089798.37,1336004.2,1.79,10.13,68.82,1,1,12.3,3.3,0.5,7.0,16.127035508088493,14.105194525286722,8.34,-22.78
CAF,2013,Kyrgyz Republic,Central African Republic,10089798.37,1336004.2,1.79,10.13,68.82,1,1,12.3,3.3,0.5,7.0,16.127035508088493,14.105194525286722,8.34,1.0
CAF,2013,Kyrgyz Republic,Central African Republic,10089798.37,1336004.2,1.79,10.13,68.82,1,1,12.3,3.3,0.5,7.0,16.127035508088493,14.105194525286722,8.34,5.52
CAF,2013,Kyrgyz Republic,Central African Republic,10089798.37,1336004.2,1.79,10.13,68.82,1,1,12.3,3.3,0.5,7.0,16.127035508088493,14.105194525286722,8.34,2.86
CAF,2013,Slovak Republic,Central African Republic,73763239.51,74945756.36,6.21,11.74,51.39,1,1,12.3,3.3,0.5,7.0,18.116371069409183,18.132275174639837,5.53,-22.78
CAF,2013,Slovak Republic,Central African Republic,73763239.51,74945756.36,6.21,11.74,51.39,1,1,12.3,3.3,0.5,7.0,18.116371069409183,18.132275174639837,5.53,1.0
CAF,2013,Slovak Republic,Central African Republic,73763239.51,74945756.36,6.21,11.74,51.39,1,1,12.3,3.3,0.5,7.0,18.116371069409183,18.132275174639837,5.53,5.52
CAF,2013,Slovak Republic,Central African Republic,73763239.51,74945756.36,6.21,11.74,51.39,1,1,12.3,3.3,0.5,7.0,18.116371069409183,18.132275174639837,5.53,2.86
CAF,2014,Central African Republic,Central African Republic,334792.28,86657.06,1.8,9.31,67.69,1,1,11.1,0.5,1.4,8.9,12.72126854571143,11.369725308705911,7.510000000000001,54.09
CAF,2014,Central African Republic,Central African Republic,334792.28,86657.06,1.8,9.31,67.69,1,1,11.1,0.5,1.4,8.9,12.72126854571143,11.369725308705911,7.510000000000001,3.69
CAF,2014,Central African Republic,Central African Republic,334792.28,86657.06,1.8,9.31,67.69,1,1,11.1,0.5,1.4,8.9,12.72126854571143,11.369725308705911,7.510000000000001,-2.55
CAF,2014,Central African Republic,Central African Republic,334792.28,86657.06,1.8,9.31,67.69,1,1,11.1,0.5,1.4,8.9,12.72126854571143,11.369725308705911,7.510000000000001,0.25
CAF,2014,Czech Republic,Central African Republic,140424004.26,156401526.81,5.54,7.23,50.33,1,1,11.1,0.5,1.4,8.9,18.760177012576303,18.86793715463391,1.6900000000000004,54.09
CAF,2014,Czech Republic,Central African Republic,140424004.26,156401526.81,5.54,7.23,50.33,1,1,11.1,0.5,1.4,8.9,18.760177012576303,18.86793715463391,1.6900000000000004,3.69
CAF,2014,Czech Republic,Central African Republic,140424004.26,156401526.81,5.54,7.23,50.33,1,1,11.1,0.5,1.4,8.9,18.760177012576303,18.86793715463391,1.6900000000000004,-2.55
CAF,2014,Czech Republic,Central African Republic,140424004.26,156401526.81,5.54,7.23,50.33,1,1,11.1,0.5,1.4,8.9,18.760177012576303,18.86793715463391,1.6900000000000004,0.25
CAF,2014,Kyrgyz Republic,Central African Republic,10097402.25,1278320.32,1.29,8.63,72.44,1,1,11.1,0.5,1.4,8.9,16.127788844794203,14.061058306418031,7.340000000000001,54.09
CAF,2014,Kyrgyz Republic,Central African Republic,10097402.25,1278320.32,1.29,8.63,72.44,1,1,11.1,0.5,1.4,8.9,16.127788844794203,14.061058306418031,7.340000000000001,3.69
CAF,2014,Kyrgyz Republic,Central African Republic,10097402.25,1278320.32,1.29,8.63,72.44,1,1,11.1,0.5,1.4,8.9,16.127788844794203,14.061058306418031,7.340000000000001,-2.55
CAF,2014,Kyrgyz Republic,Central African Republic,10097402.25,1278320.32,1.29,8.63,72.44,1,1,11.1,0.5,1.4,8.9,16.127788844794203,14.061058306418031,7.340000000000001,0.25
CAF,2014,Slovak Republic,Central African Republic,74374387.84,75609064.33,6.45,10.49,51.45,1,1,11.1,0.5,1.4,8.9,18.124622204518996,18.141086745733407,4.04,54.09
CAF,2014,Slovak Republic,Central African Republic,74374387.84,75609064.33,6.45,10.49,51.45,1,1,11.1,0.5,1.4,8.9,18.124622204518996,18.141086745733407,4.04,3.69
CAF,2014,Slovak Republic,Central African Republic,74374387.84,75609064.33,6.45,10.49,51.45,1,1,11.1,0.5,1.4,8.9,18.124622204518996,18.141086745733407,4.04,-2.55
CAF,2014,Slovak Republic,Central African Republic,74374387.84,75609064.33,6.45,10.49,51.45,1,1,11.1,0.5,1.4,8.9,18.124622204518996,18.141086745733407,4.04,0.25
CAF,2015,Central African Republic,Central African Republic,434623.92,71778.46,1.06,8.87,68.33,1,1,7.1,6.7,1.4,13.8,12.982238685243422,11.181353641686396,7.809999999999999,21.75
CAF,2015,Central African Republic,Central African Republic,434623.92,71778.46,1.06,8.87,68.33,1,1,7.1,6.7,1.4,13.8,12.982238685243422,11.181353641686396,7.809999999999999,-4.17
CAF,2015,Central African Republic,Central African Republic,434623.92,71778.46,1.06,8.87,68.33,1,1,7.1,6.7,1.4,13.8,12.982238685243422,11.181353641686396,7.809999999999999,-15.38
CAF,2015,Central African Republic,Central African Republic,434623.92,71778.46,1.06,8.87,68.33,1,1,7.1,6.7,1.4,13.8,12.982238685243422,11.181353641686396,7.809999999999999,-5.1
CAF,2015,Czech Republic,Central African Republic,126831283.56,140307090.67,4.55,7.6,50.94,1,1,7.1,6.7,1.4,13.8,18.65836829319543,18.759344090267106,3.05,21.75
CAF,2015,Czech Republic,Central African Republic,126831283.56,140307090.67,4.55,7.6,50.94,1,1,7.1,6.7,1.4,13.8,18.65836829319543,18.759344090267106,3.05,-4.17
CAF,2015,Czech Republic,Central African Republic,126831283.56,140307090.67,4.55,7.6,50.94,1,1,7.1,6.7,1.4,13.8,18.65836829319543,18.759344090267106,3.05,-15.38
CAF,2015,Czech Republic,Central African Republic,126831283.56,140307090.67,4.55,7.6,50.94,1,1,7.1,6.7,1.4,13.8,18.65836829319543,18.759344090267106,3.05,-5.1
CAF,2015,Kyrgyz Republic,Central African Republic,7425689.54,1053956.15,0.95,6.87,67.12,1,1,7.1,6.7,1.4,13.8,15.820456240348818,13.868062352608066,5.92,21.75
CAF,2015,Kyrgyz Republic,Central African Republic,7425689.54,1053956.15,0.95,6.87,67.12,1,1,7.1,6.7,1.4,13.8,15.820456240348818,13.868062352608066,5.92,-4.17
CAF,2015,Kyrgyz Republic,Central African Republic,7425689.54,1053956.15,0.95,6.87,67.12,1,1,7.1,6.7,1.4,13.8,15.820456240348818,13.868062352608066,5.92,-15.38
CAF,2015,Kyrgyz Republic,Central African Republic,7425689.54,1053956.15,0.95,6.87,67.12,1,1,7.1,6.7,1.4,13.8,15.820456240348818,13.868062352608066,5.92,-5.1
CAF,2015,Slovak Republic,Central African Republic,66660441.49,67013299.72,6.52,11.48,53.5,1,1,7.1,6.7,1.4,13.8,18.015122268835636,18.02040167586206,4.960000000000001,21.75
CAF,2015,Slovak Republic,Central African Republic,66660441.49,67013299.72,6.52,11.48,53.5,1,1,7.1,6.7,1.4,13.8,18.015122268835636,18.02040167586206,4.960000000000001,-4.17
CAF,2015,Slovak Republic,Central African Republic,66660441.49,67013299.72,6.52,11.48,53.5,1,1,7.1,6.7,1.4,13.8,18.015122268835636,18.02040167586206,4.960000000000001,-15.38
CAF,2015,Slovak Republic,Central African Republic,66660441.49,67013299.72,6.52,11.48,53.5,1,1,7.1,6.7,1.4,13.8,18.015122268835636,18.02040167586206,4.960000000000001,-5.1
CAF,2016,Central African Republic,Central African Republic,364315.21,137694.62,1.33,13.26,62.25,1,1,8.6,7.1,1.9,19.2,12.805777478300987,11.832800875931985,11.93,-6.25
CAF,2016,Central African Republic,Central African Republic,364315.21,137694.62,1.33,13.26,62.25,1,1,8.6,7.1,1.9,19.2,12.805777478300987,11.832800875931985,11.93,0.57
CAF,2016,Central African Republic,Central African Republic,364315.21,137694.62,1.33,13.26,62.25,1,1,8.6,7.1,1.9,19.2,12.805777478300987,11.832800875931985,11.93,-2.79
CAF,2016,Central African Republic,Central African Republic,364315.21,137694.62,1.33,13.26,62.25,1,1,8.6,7.1,1.9,19.2,12.805777478300987,11.832800875931985,11.93,1.25
CAF,2016,Czech Republic,Central African Republic,130236956.43,147113045.71,5.17,7.31,47.96,1,1,8.6,7.1,1.9,19.2,18.684866098689483,18.80671187443271,2.1399999999999997,-6.25
CAF,2016,Czech Republic,Central African Republic,130236956.43,147113045.71,5.17,7.31,47.96,1,1,8.6,7.1,1.9,19.2,18.684866098689483,18.80671187443271,2.1399999999999997,0.57
CAF,2016,Czech Republic,Central African Republic,130236956.43,147113045.71,5.17,7.31,47.96,1,1,8.6,7.1,1.9,19.2,18.684866098689483,18.80671187443271,2.1399999999999997,-2.79
CAF,2016,Czech Republic,Central African Republic,130236956.43,147113045.71,5.17,7.31,47.96,1,1,8.6,7.1,1.9,19.2,18.684866098689483,18.80671187443271,2.1399999999999997,1.25
CAF,2016,Kyrgyz Republic,Central African Republic,8431372.66,818147.69,1.33,6.79,69.82,1,1,8.6,7.1,1.9,19.2,15.947470265694989,13.61479937168238,5.46,-6.25
CAF,2016,Kyrgyz Republic,Central African Republic,8431372.66,818147.69,1.33,6.79,69.82,1,1,8.6,7.1,1.9,19.2,15.947470265694989,13.61479937168238,5.46,0.57
CAF,2016,Kyrgyz Republic,Central African Republic,8431372.66,818147.69,1.33,6.79,69.82,1,1,8.6,7.1,1.9,19.2,15.947470265694989,13.61479937168238,5.46,-2.79
CAF,2016,Kyrgyz Republic,Central African Republic,8431372.66,818147.69,1.33,6.79,69.82,1,1,8.6,7.1,1.9,19.2,15.947470265694989,13.61479937168238,5.46,1.25
CAF,2016,Slovak Republic,Central African Republic,66423081.95,72288409.6,7.48,10.31,49.37,1,1,8.6,7.1,1.9,19.2,18.011555188824847,18.096174378291284,2.83,-6.25
CAF,2016,Slovak Republic,Central African Republic,66423081.95,72288409.6,7.48,10.31,49.37,1,1,8.6,7.1,1.9,19.2,18.011555188824847,18.096174378291284,2.83,0.57
CAF,2016,Slovak Republic,Central African Republic,66423081.95,72288409.6,7.48,10.31,49.37,1,1,8.6,7.1,1.9,19.2,18.011555188824847,18.096174378291284,2.83,-2.79
CAF,2016,Slovak Republic,Central African Republic,66423081.95,72288409.6,7.48,10.31,49.37,1,1,8.6,7.1,1.9,19.2,18.011555188824847,18.096174378291284,2.83,1.25
CAF,2017,Central African Republic,Central African Republic,443520.25,128477.75,0.46,5.67,58.57,1,1,11.4,5.2,1.9,17.2,13.002500993901842,11.763518799992537,5.21,2.15
CAF,2017,Central African Republic,Central African Republic,443520.25,128477.75,0.46,5.67,58.57,1,1,11.4,5.2,1.9,17.2,13.002500993901842,11.763518799992537,5.21,6.98
CAF,2017,Central African Republic,Central African Republic,443520.25,128477.75,0.46,5.67,58.57,1,1,11.4,5.2,1.9,17.2,13.002500993901842,11.763518799992537,5.21,8.04
CAF,2017,Central African Republic,Central African Republic,443520.25,128477.75,0.46,5.67,58.57,1,1,11.4,5.2,1.9,17.2,13.002500993901842,11.763518799992537,5.21,4.52
CAF,2017,Czech Republic,Central African Republic,144443869.68,160342737.92,4.19,7.11,56.77,1,1,11.4,5.2,1.9,17.2,18.78840155185441,18.892824200384037,2.92,2.15
CAF,2017,Czech Republic,Central African Republic,144443869.68,160342737.92,4.19,7.11,56.77,1,1,11.4,5.2,1.9,17.2,18.78840155185441,18.892824200384037,2.92,6.98
CAF,2017,Czech Republic,Central African Republic,144443869.68,160342737.92,4.19,7.11,56.77,1,1,11.4,5.2,1.9,17.2,18.78840155185441,18.892824200384037,2.92,8.04
CAF,2017,Czech Republic,Central African Republic,144443869.68,160342737.92,4.19,7.11,56.77,1,1,11.4,5.2,1.9,17.2,18.78840155185441,18.892824200384037,2.92,4.52
CAF,2017,Kyrgyz Republic,Central African Republic,9433418.17,1493785.66,0.82,8.38,79.74,1,1,11.4,5.2,1.9,17.2,16.059769173197243,14.216824836620216,7.5600000000000005,2.15
CAF,2017,Kyrgyz Republic,Central African Republic,9433418.17,1493785.66,0.82,8.38,79.74,1,1,11.4,5.2,1.9,17.2,16.059769173197243,14.216824836620216,7.5600000000000005,6.98
CAF,2017,Kyrgyz Republic,Central African Republic,9433418.17,1493785.66,0.82,8.38,79.74,1,1,11.4,5.2,1.9,17.2,16.059769173197243,14.216824836620216,7.5600000000000005,8.04
CAF,2017,Kyrgyz Republic,Central African Republic,9433418.17,1493785.66,0.82,8.38,79.74,1,1,11.4,5.2,1.9,17.2,16.059769173197243,14.216824836620216,7.5600000000000005,4.52
CAF,2017,Slovak Republic,Central African Republic,70560159.75,77691621.63,6.42,10.27,60.46,1,1,11.4,5.2,1.9,17.2,18.071976247863162,18.168257992665502,3.8499999999999996,2.15
CAF,2017,Slovak Republic,Central African Republic,70560159.75,77691621.63,6.42,10.27,60.46,1,1,11.4,5.2,1.9,17.2,18.071976247863162,18.168257992665502,3.8499999999999996,6.98
CAF,2017,Slovak Republic,Central African Republic,70560159.75,77691621.63,6.42,10.27,60.46,1,1,11.4,5.2,1.9,17.2,18.071976247863162,18.168257992665502,3.8499999999999996,8.04
CAF,2017,Slovak Republic,Central African Republic,70560159.75,77691621.63,6.42,10.27,60.46,1,1,11.4,5.2,1.9,17.2,18.071976247863162,18.168257992665502,3.8499999999999996,4.52
CAF,2018,Central African Republic,Central African Republic,485122.94,120885.5,0.45,5.28,54.49,1,1,10.5,3.8,3.3,14.6,13.092159683664955,11.702607367837143,4.83,-4.19
CAF,2018,Central African Republic,Central African Republic,485122.94,120885.5,0.45,5.28,54.49,1,1,10.5,3.8,3.3,14.6,13.092159683664955,11.702607367837143,4.83,6.55
CAF,2018,Central African Republic,Central African Republic,485122.94,120885.5,0.45,5.28,54.49,1,1,10.5,3.8,3.3,14.6,13.092159683664955,11.702607367837143,4.83,8.6
CAF,2018,Central African Republic,Central African Republic,485122.94,120885.5,0.45,5.28,54.49,1,1,10.5,3.8,3.3,14.6,13.092159683664955,11.702607367837143,4.83,6.57
CAF,2018,Czech Republic,Central African Republic,168208164.73,179703681.87,4.71,7.49,56.22,1,1,10.5,3.8,3.3,14.6,18.940712852065502,19.00681984609024,2.7800000000000002,-4.19
CAF,2018,Czech Republic,Central African Republic,168208164.73,179703681.87,4.71,7.49,56.22,1,1,10.5,3.8,3.3,14.6,18.940712852065502,19.00681984609024,2.7800000000000002,6.55
CAF,2018,Czech Republic,Central African Republic,168208164.73,179703681.87,4.71,7.49,56.22,1,1,10.5,3.8,3.3,14.6,18.940712852065502,19.00681984609024,2.7800000000000002,8.6
CAF,2018,Czech Republic,Central African Republic,168208164.73,179703681.87,4.71,7.49,56.22,1,1,10.5,3.8,3.3,14.6,18.940712852065502,19.00681984609024,2.7800000000000002,6.57
CAF,2018,Kyrgyz Republic,Central African Republic,10606991.07,1658003.9,0.56,6.33,83.38,1,1,10.5,3.8,3.3,14.6,16.17702397086783,14.321125570040923,5.77,-4.19
CAF,2018,Kyrgyz Republic,Central African Republic,10606991.07,1658003.9,0.56,6.33,83.38,1,1,10.5,3.8,3.3,14.6,16.17702397086783,14.321125570040923,5.77,6.55
CAF,2018,Kyrgyz Republic,Central African Republic,10606991.07,1658003.9,0.56,6.33,83.38,1,1,10.5,3.8,3.3,14.6,16.17702397086783,14.321125570040923,5.77,8.6
CAF,2018,Kyrgyz Republic,Central African Republic,10606991.07,1658003.9,0.56,6.33,83.38,1,1,10.5,3.8,3.3,14.6,16.17702397086783,14.321125570040923,5.77,6.57
CAF,2018,Slovak Republic,Central African Republic,79923989.58,87720225.16,8.14,11.8,58.59,1,1,10.5,3.8,3.3,14.6,18.196586623240183,18.289663059714012,3.66,-4.19
CAF,2018,Slovak Republic,Central African Republic,79923989.58,87720225.16,8.14,11.8,58.59,1,1,10.5,3.8,3.3,14.6,18.196586623240183,18.289663059714012,3.66,6.55
CAF,2018,Slovak Republic,Central African Republic,79923989.58,87720225.16,8.14,11.8,58.59,1,1,10.5,3.8,3.3,14.6,18.196586623240183,18.289663059714012,3.66,8.6
CAF,2018,Slovak Republic,Central African Republic,79923989.58,87720225.16,8.14,11.8,58.59,1,1,10.5,3.8,3.3,14.6,18.196586623240183,18.289663059714012,3.66,6.57
CAF,2019,Central African Republic,Central African Republic,506636.61,84184.32,0.75,11.01,56.67,1,1,10.5,4.2,3.3,15.0,13.13555125382564,11.3407758382369,10.26,21.54
CAF,2019,Central African Republic,Central African Republic,506636.61,84184.32,0.75,11.01,56.67,1,1,10.5,4.2,3.3,15.0,13.13555125382564,11.3407758382369,10.26,-1.54
CAF,2019,Central African Republic,Central African Republic,506636.61,84184.32,0.75,11.01,56.67,1,1,10.5,4.2,3.3,15.0,13.13555125382564,11.3407758382369,10.26,-2.91
CAF,2019,Central African Republic,Central African Republic,506636.61,84184.32,0.75,11.01,56.67,1,1,10.5,4.2,3.3,15.0,13.13555125382564,11.3407758382369,10.26,-1.12
CAF,2019,Czech Republic,Central African Republic,162536649.04,174117723.06,5.94,8.29,52.51,1,1,10.5,4.2,3.3,15.0,18.906414073011728,18.975242203462553,2.3499999999999988,21.54
CAF,2019,Czech Republic,Central African Republic,162536649.04,174117723.06,5.94,8.29,52.51,1,1,10.5,4.2,3.3,15.0,18.906414073011728,18.975242203462553,2.3499999999999988,-1.54
CAF,2019,Czech Republic,Central African Republic,162536649.04,174117723.06,5.94,8.29,52.51,1,1,10.5,4.2,3.3,15.0,18.906414073011728,18.975242203462553,2.3499999999999988,-2.91
CAF,2019,Czech Republic,Central African Republic,162536649.04,174117723.06,5.94,8.29,52.51,1,1,10.5,4.2,3.3,15.0,18.906414073011728,18.975242203462553,2.3499999999999988,-1.12
CAF,2019,Kyrgyz Republic,Central African Republic,11654261.48,1909653.66,0.37,6.73,83.89,1,1,10.5,4.2,3.3,15.0,16.271182549170497,14.462432977392663,6.36,21.54
CAF,2019,Kyrgyz Republic,Central African Republic,11654261.48,1909653.66,0.37,6.73,83.89,1,1,10.5,4.2,3.3,15.0,16.271182549170497,14.462432977392663,6.36,-1.54
CAF,2019,Kyrgyz Republic,Central African Republic,11654261.48,1909653.66,0.37,6.73,83.89,1,1,10.5,4.2,3.3,15.0,16.271182549170497,14.462432977392663,6.36,-2.91
CAF,2019,Kyrgyz Republic,Central African Republic,11654261.48,1909653.66,0.37,6.73,83.89,1,1,10.5,4.2,3.3,15.0,16.271182549170497,14.462432977392663,6.36,-1.12
CAF,2019,Slovak Republic,Central African Republic,79001290.63,89042594.34,9.25,13.17,54.59,1,1,10.5,4.2,3.3,15.0,18.184974760044476,18.30462541253013,3.92,21.54
CAF,2019,Slovak Republic,Central African Republic,79001290.63,89042594.34,9.25,13.17,54.59,1,1,10.5,4.2,3.3,15.0,18.184974760044476,18.30462541253013,3.92,-1.54
CAF,2019,Slovak Republic,Central African Republic,79001290.63,89042594.34,9.25,13.17,54.59,1,1,10.5,4.2,3.3,15.0,18.184974760044476,18.30462541253013,3.92,-2.91
CAF,2019,Slovak Republic,Central African Republic,79001290.63,89042594.34,9.25,13.17,54.59,1,1,10.5,4.2,3.3,15.0,18.184974760044476,18.30462541253013,3.92,-1.12
CAF,2020,Central African Republic,Central African Republic,442892.69,138388.27,0.64,4.36,53.54,1,1,10.0,2.8,4.3,13.5,13.001085042801446,11.837825790258451,3.72,-2.04
CAF,2020,Central African Republic,Central African Republic,442892.69,138388.27,0.64,4.36,53.54,1,1,10.0,2.8,4.3,13.5,13.001085042801446,11.837825790258451,3.72,-2.21
CAF,2020,Central African Republic,Central African Republic,442892.69,138388.27,0.64,4.36,53.54,1,1,10.0,2.8,4.3,13.5,13.001085042801446,11.837825790258451,3.72,-17.61
CAF,2020,Central African Republic,Central African Republic,442892.69,138388.27,0.64,4.36,53.54,1,1,10.0,2.8,4.3,13.5,13.001085042801446,11.837825790258451,3.72,-3.31
CAF,2020,Czech Republic,Central African Republic,152359595.75,164311351.73,4.41,6.88,53.54,1,1,10.0,2.8,4.3,13.5,18.84175405287913,18.917273678185797,2.4699999999999998,-2.04
CAF,2020,Czech Republic,Central African Republic,152359595.75,164311351.73,4.41,6.88,53.54,1,1,10.0,2.8,4.3,13.5,18.84175405287913,18.917273678185797,2.4699999999999998,-2.21
CAF,2020,Czech Republic,Central African Republic,152359595.75,164311351.73,4.41,6.88,53.54,1,1,10.0,2.8,4.3,13.5,18.84175405287913,18.917273678185797,2.4699999999999998,-17.61
CAF,2020,Czech Republic,Central African Republic,152359595.75,164311351.73,4.41,6.88,53.54,1,1,10.0,2.8,4.3,13.5,18.84175405287913,18.917273678185797,2.4699999999999998,-3.31
CAF,2020,Kyrgyz Republic,Central African Republic,7762348.18,1807740.67,0.31,6.34,84.83,1,1,10.0,2.8,4.3,13.5,15.86479557572755,14.407588928088536,6.03,-2.04
CAF,2020,Kyrgyz Republic,Central African Republic,7762348.18,1807740.67,0.31,6.34,84.83,1,1,10.0,2.8,4.3,13.5,15.86479557572755,14.407588928088536,6.03,-2.21
CAF,2020,Kyrgyz Republic,Central African Republic,7762348.18,1807740.67,0.31,6.34,84.83,1,1,10.0,2.8,4.3,13.5,15.86479557572755,14.407588928088536,6.03,-17.61
CAF,2020,Kyrgyz Republic,Central African Republic,7762348.18,1807740.67,0.31,6.34,84.83,1,1,10.0,2.8,4.3,13.5,15.86479557572755,14.407588928088536,6.03,-3.31
CAF,2020,Slovak Republic,Central African Republic,75254381.49,83130195.74,7.67,12.55,57.08,1,1,10.0,2.8,4.3,13.5,18.1363846989672,18.235918572159107,4.880000000000001,-2.04
CAF,2020,Slovak Republic,Central African Republic,75254381.49,83130195.74,7.67,12.55,57.08,1,1,10.0,2.8,4.3,13.5,18.1363846989672,18.235918572159107,4.880000000000001,-2.21
CAF,2020,Slovak Republic,Central African Republic,75254381.49,83130195.74,7.67,12.55,57.08,1,1,10.0,2.8,4.3,13.5,18.1363846989672,18.235918572159107,4.880000000000001,-17.61
CAF,2020,Slovak Republic,Central African Republic,75254381.49,83130195.74,7.67,12.55,57.08,1,1,10.0,2.8,4.3,13.5,18.1363846989672,18.235918572159107,4.880000000000001,-3.31
CAF,2021,Central African Republic,Central African Republic,406990.0,130266.7,2.57,4.56,63.65,0,0,11.0,4.2,4.3,15.5,12.916546351158122,11.777346842897456,1.9899999999999998,11.33
CAF,2021,Central African Republic,Central African Republic,406990.0,130266.7,2.57,4.56,63.65,0,0,11.0,4.2,4.3,15.5,12.916546351158122,11.777346842897456,1.9899999999999998,28.36
CAF,2021,Central African Republic,Central African Republic,406990.0,130266.7,2.57,4.56,63.65,0,0,11.0,4.2,4.3,15.5,12.916546351158122,11.777346842897456,1.9899999999999998,11.22
CAF,2021,Czech Republic,Central African Republic,187704391.63,194826922.04,4.24,7.07,58.35,1,1,11.0,4.2,4.3,15.5,19.050378903680347,19.087622148247007,2.83,11.33
CAF,2021,Czech Republic,Central African Republic,187704391.63,194826922.04,4.24,7.07,58.35,1,1,11.0,4.2,4.3,15.5,19.050378903680347,19.087622148247007,2.83,28.36
CAF,2021,Czech Republic,Central African Republic,187704391.63,194826922.04,4.24,7.07,58.35,1,1,11.0,4.2,4.3,15.5,19.050378903680347,19.087622148247007,2.83,11.22
CAF,2021,Kyrgyz Republic,Central African Republic,13533117.59,2871922.02,0.36,6.09,83.59,1,1,11.0,4.2,4.3,15.5,16.420650468043966,14.870492405169857,5.7299999999999995,11.33
CAF,2021,Kyrgyz Republic,Central African Republic,13533117.59,2871922.02,0.36,6.09,83.59,1,1,11.0,4.2,4.3,15.5,16.420650468043966,14.870492405169857,5.7299999999999995,28.36
CAF,2021,Kyrgyz Republic,Central African Republic,13533117.59,2871922.02,0.36,6.09,83.59,1,1,11.0,4.2,4.3,15.5,16.420650468043966,14.870492405169857,5.7299999999999995,11.22
CAF,2021,Slovak Republic,Central African Republic,93841001.82,101236207.42,8.96,12.49,61.11,1,1,11.0,4.2,4.3,15.5,18.357112448740033,18.432967041537268,3.5299999999999994,11.33
CAF,2021,Slovak Republic,Central African Republic,93841001.82,101236207.42,8.96,12.49,61.11,1,1,11.0,4.2,4.3,15.5,18.357112448740033,18.432967041537268,3.5299999999999994,28.36
CAF,2021,Slovak Republic,Central African Republic,93841001.82,101236207.42,8.96,12.49,61.11,1,1,11.0,4.2,4.3,15.5,18.357112448740033,18.432967041537268,3.5299999999999994,11.22
CAN,1996,Canada,Canada,167723365.12,204560244.11,11.07,15.01,21.7,1,1,96.2,89.9,95.0,99.0,18.937826549943807,19.136373087176835,3.9399999999999995,1.88
CAN,1998,Canada,Canada,195707629.25,221625967.6,10.14,13.45,21.53,1,1,95.2,79.3,94.5,98.5,19.092132421131016,19.21650169279467,3.3099999999999987,1.1
CAN,2000,Canada,Canada,253422985.74,288530015.9,8.93,11.28,26.46,1,1,95.2,87.3,94.0,96.0,19.35057053499678,19.48030968321419,2.3499999999999996,5.54
CAN,2002,Canada,Canada,238568119.8,264224212.81,8.62,13.11,26.49,1,1,94.2,89.9,94.5,97.5,19.290165449313463,19.392308595398735,4.49,0.18
CAN,2003,Canada,Canada,257852580.52,277839775.9,7.66,10.49,25.64,1,1,94.2,84.4,94.5,97.5,19.36789859012336,19.442555163419637,2.83,3.95
CAN,2004,Canada,Canada,292119285.44,324448731.04,6.6,9.37,31.27,1,1,92.1,76.2,94.7,97.1,19.492672792018418,19.59763809099484,2.7699999999999996,6.74
CAN,2005,Canada,Canada,328039944.01,365550859.4,7.09,9.24,30.22,1,1,93.7,72.8,93.8,93.8,19.608645942500473,19.71691598041441,2.1500000000000004,7.15
CAN,2006,Canada,Canada,366991910.79,391037469.07,6.54,8.76,31.97,1,1,95.6,82.6,96.7,95.7,19.72085036705664,19.78431394473918,2.2199999999999998,5.54
CAN,2007,Canada,Canada,401067906.98,420818771.67,5.71,7.79,32.34,1,1,95.1,82.1,96.2,95.2,19.80964131751687,19.85771283025106,2.08,4.25
CAN,2008,Canada,Canada,423154404.88,464604664.69,4.97,7.21,33.27,1,1,95.6,85.1,96.2,95.2,19.86324769612591,19.9566974206307,2.24,3.63
CAN,2009,Canada,Canada,343476113.07,322976211.83,5.44,7.18,33.71,1,1,96.7,89.1,96.7,95.3,19.654628130294753,19.59308923398588,1.7399999999999993,-11.35
CAN,2010,Canada,Canada,413048156.72,396054880.29,5.61,7.28,31.86,1,1,96.2,81.0,96.2,93.8,19.839074748776422,19.79706334873233,1.67,10.48
CAN,2011,Canada,Canada,466282222.95,459444081.63,5.31,6.86,30.66,1,1,95.3,86.3,94.4,94.4,19.960301639563593,19.945527800581303,1.5500000000000007,7.2
CAN,2012,Canada,Canada,480219042.98,459545091.54,5.26,7.02,32.51,1,1,95.3,89.1,95.3,94.4,19.989752899399036,19.94574762887338,1.7599999999999998,1.3
CAN,2013,Canada,Canada,488329273.02,467550943.94,5.42,7.23,31.61,1,1,95.3,86.7,95.3,95.3,20.00650047812575,19.963018873889563,1.8100000000000005,-0.06
CAN,2014,Canada,Canada,492425316.15,488463218.62,4.89,6.45,34.49,1,1,94.7,92.9,95.2,95.6,20.014853366773295,20.006774734125283,1.5600000000000005,0.14
CAN,2015,Canada,Canada,448230659.92,421209787.56,5.52,7.46,32.46,1,1,95.2,94.3,95.7,96.1,19.920818526005142,19.85864157765016,1.9400000000000004,-4.84
CAN,2016,Canada,Canada,431190322.44,392495379.25,5.86,7.55,31.77,1,1,96.2,92.9,96.7,96.1,19.8820601363054,19.788035325053773,1.6899999999999995,-2.06
CAN,2017,Canada,Canada,462716912.02,429927344.24,5.55,7.19,33.73,1,1,95.7,87.1,96.2,96.1,19.952626006094427,19.879126787817622,1.6400000000000006,3.75
CAN,2018,Canada,Canada,500609467.11,459786138.99,4.43,7.1,69.55,1,1,93.8,82.5,94.8,96.6,20.03133685030686,19.94627202627661,2.67,3.06
CAN,2019,Canada,Canada,497600369.9,466125332.38,4.49,7.38,68.4,1,1,92.9,81.6,94.8,96.1,20.02530784476678,19.959965111678876,2.8899999999999997,-0.69
CAN,2020,Canada,Canada,443307739.31,396545410.0,4.28,7.11,66.39,1,1,91.9,84.4,93.3,96.1,19.90977476022154,19.798301122115458,2.83,-5.49
CAN,2021,Canada,Canada,529223309.47,515729589.94,4.11,6.7,68.66,1,1,92.4,83.0,91.9,96.1,20.086921037742147,20.061093137518505,2.59,10.12
CHE,1996,Switzerland,Switzerland,88499256.06,89576262.86,7.33,9.87,32.88,1,1,95.7,99.5,100.0,92.0,18.298504715140663,18.310600930572917,2.539999999999999,-1.18
CHE,1998,Switzerland,Switzerland,90698587.36,91451923.72,7.38,9.75,28.9,1,1,95.7,98.4,99.0,93.5,18.323052351127423,18.33132397927185,2.37,2.73
CHE,2000,Switzerland,Switzerland,163234167.18,92940004.38,5.96,8.59,55.63,1,1,94.7,97.4,99.5,93.5,18.910696342428768,18.347464739507913,2.63,8.45
CHE,2002,Switzerland,Switzerland,163734806.81,96273368.43,5.51,8.35,51.13,1,1,95.8,97.4,100.0,95.0,18.913758651442784,18.38270230093392,2.84,1.85
CHE,2003,Switzerland,Switzerland,195226273.88,111550826.95,5.5,7.84,53.44,1,1,96.8,95.0,98.5,95.0,19.08966982780287,18.529990901047455,2.34,6.9
CHE,2004,Switzerland,Switzerland,227943756.03,133325904.78,5.02,7.02,60.54,1,1,96.1,93.2,98.1,97.6,19.244609476795294,18.708307108202472,2.0,6.21
CHE,2005,Switzerland,Switzerland,264201253.66,145949341.52,4.05,7.01,61.4,1,1,97.1,90.8,98.1,97.1,19.39222169894357,18.79877015042383,2.96,7.44
CHE,2006,Switzerland,Switzerland,288988599.42,158669885.19,4.17,6.87,62.26,1,1,96.6,95.2,97.1,98.1,19.48189780038524,18.882336414435166,2.7,5.6
CHE,2007,Switzerland,Switzerland,338628708.17,192913568.45,3.67,6.39,64.06,1,1,96.6,94.2,97.6,98.1,19.640414811930803,19.077752819880903,2.7199999999999998,7.39
CHE,2008,Switzerland,Switzerland,394869487.9,237995805.03,3.97,6.57,62.23,1,1,97.1,94.7,96.6,98.1,19.794065860420595,19.287763609757796,2.6,10.23
CHE,2009,Switzerland,Switzerland,331755119.42,200945458.81,3.78,6.41,62.86,1,1,97.1,94.8,95.7,99.5,19.619907665631708,19.118544084973987,2.6300000000000003,-4.95
CHE,2010,Switzerland,Switzerland,379775202.02,244949130.21,3.78,6.57,62.28,1,1,96.7,92.4,94.3,99.1,19.755090064637542,19.316561119237097,2.7900000000000005,-7.87
CHE,2011,Switzerland,Switzerland,501223256.37,317913010.79,3.67,6.6,62.49,1,1,95.7,94.3,93.9,98.6,20.03256218328149,19.57728835549323,2.9299999999999997,8.68
CHE,2012,Switzerland,Switzerland,458261725.36,311268144.64,3.51,6.48,65.8,1,1,97.6,98.6,96.7,98.1,19.942951033794763,19.556165303288836,2.9700000000000006,19.04
CHE,2013,Switzerland,Switzerland,539106974.24,386020755.13,3.41,6.52,65.73,1,1,97.6,98.1,96.2,98.1,20.105424579013764,19.771401698340934,3.1099999999999994,4.31
CHE,2014,Switzerland,Switzerland,454509962.68,328108749.57,3.26,6.15,70.43,1,1,98.1,98.1,98.1,99.0,19.934730393629746,19.608855668011522,2.8900000000000006,-7.39
CHE,2015,Switzerland,Switzerland,414227377.63,299385982.28,3.32,6.57,70.88,1,1,97.6,96.2,97.6,98.5,19.84192560476539,19.517244212821833,3.2500000000000004,-4.49
CHE,2016,Switzerland,Switzerland,408648455.26,308096957.63,2.99,6.07,71.06,1,1,95.7,94.3,98.1,97.5,19.828365824261134,19.545925092145243,3.08,3.54
CHE,2017,Switzerland,Switzerland,428510229.8,310372790.14,3.08,6.31,75.26,1,1,96.7,93.8,99.0,98.0,19.875825171563058,19.553284685021406,3.2299999999999995,-0.33
CHE,2018,Switzerland,Switzerland,458460734.48,321922944.78,3.28,6.76,74.21,1,1,96.7,94.8,99.0,99.0,19.9433852090908,19.589822776052277,3.48,2.07
CHE,2019,Switzerland,Switzerland,453574481.84,310436313.97,3.81,7.69,72.04,1,1,96.7,94.3,99.0,97.6,19.93267005403355,19.553489333534444,3.8800000000000003,-0.41
CHE,2020,Switzerland,Switzerland,445958953.75,317067068.23,2.9,6.79,72.89,1,1,97.1,91.5,97.6,98.6,19.915737476040825,19.574623884320793,3.89,2.5
CHE,2021,Switzerland,Switzerland,506450948.04,388342418.48,2.8,6.09,71.57,1,1,96.7,89.6,97.6,98.1,20.042938034001928,19.777398032824816,3.29,5.52
CHL,1996,Chile,Chile,15984285.79,16246364.96,7.1,10.06,19.55,1,1,90.3,68.6,85.4,69.5,16.587116722026828,16.60337980849961,2.960000000000001,6.21
CHL,1998,Chile,Chile,16131392.93,15553698.82,8.45,12.04,20.79,1,1,86.1,46.3,84.5,65.7,16.59627786484242,16.559809098835157,3.59,-2.88
CHL,2000,Chile,Chile,19475338.6,19627101.04,5.98,9.26,26.82,1,1,91.5,66.1,86.6,74.1,16.784659587309744,16.792421926215315,3.2799999999999994,9.38
CHL,2002,Chile,Chile,17552129.36,19147254.52,6.13,9.26,30.51,1,1,90.5,84.7,87.1,80.1,16.680685888543405,16.767669948437863,3.13,-2.36
CHL,2003,Chile,Chile,20081849.11,22775364.28,5.78,8.69,33.1,1,1,83.6,70.9,85.1,82.1,16.815326985495645,16.941190039620537,2.9099999999999993,11.59
CHL,2004,Chile,Chile,24856056.84,33981224.2,3.95,7.3,48.27,1,1,87.7,70.9,86.5,88.9,17.028612057055852,17.341318730061865,3.3499999999999996,13.43
CHL,2005,Chile,Chile,32533245.6,41829586.67,4.01,7.5,51.85,1,1,91.2,74.3,87.1,89.4,17.29777309672805,17.549114486090332,3.49,15.44
CHL,2006,Chile,Chile,38861659.98,59667619.05,2.76,6.58,62.05,1,1,91.2,64.7,88.0,86.1,17.475518743666107,17.904300053500883,3.8200000000000003,8.81
CHL,2007,Chile,Chile,47608037.71,69738031.94,2.46,5.95,66.77,1,1,89.8,58.9,87.6,85.1,17.678512185405133,18.060256393193114,3.49,10.53
CHL,2008,Chile,Chile,61213546.56,71009005.85,2.63,6.47,67.52,1,1,88.3,58.7,88.0,80.3,17.929879088344336,18.078317284002168,3.84,14.82
CHL,2009,Chile,Chile,44640977.72,55180399.34,2.86,6.96,69.08,1,1,88.0,66.8,86.7,79.1,17.614162800528167,17.82611838189201,4.1,-17.43
CHL,2010,Chile,Chile,59200915.39,71298573.47,2.27,6.07,68.22,1,1,89.5,68.2,87.7,82.9,17.896447579295238,18.08238689177652,3.8000000000000003,17.4
CHL,2011,Chile,Chile,76821692.42,84774935.3,2.4,6.18,68.0,1,1,90.0,62.1,86.9,82.6,18.156997624638027,18.255510494574928,3.78,12.69
CHL,2012,Chile,Chile,82447386.41,80663351.93,2.81,6.4,69.14,1,1,91.0,57.8,86.9,83.1,18.227670919506043,18.205794915228903,3.5900000000000003,3.45
CHL,2013,Chile,Chile,82575932.6,80614098.45,3.1,6.69,67.94,1,1,90.0,59.7,86.9,84.5,18.22922883526259,18.205184123319626,3.5900000000000003,-0.46
CHL,2014,Chile,Chile,75125576.94,79320557.44,1.92,5.85,76.97,1,1,90.4,60.0,86.5,80.8,18.134671643834977,18.189007901934,3.9299999999999997,-4.13
CHL,2015,Chile,Chile,68708482.39,67430661.43,2.61,6.61,72.28,1,1,87.1,60.0,84.8,79.3,18.04538323413958,18.026610404628105,4.0,-7.51
CHL,2016,Chile,Chile,65493580.41,62677857.5,2.66,6.98,73.77,1,1,80.5,60.5,80.0,77.8,17.99746270206332,17.953518809265372,4.32,-2.46
CHL,2017,Chile,Chile,71306102.5,71767982.12,2.14,6.4,79.15,1,1,81.4,61.9,80.5,79.8,18.08249248480634,18.08894901701891,4.26,4.84
CHL,2018,Chile,Chile,81668511.67,81693886.49,2.14,6.82,78.09,1,1,81.0,60.8,79.0,81.1,18.21817908370787,18.21848974050747,4.68,7.0
CHL,2019,Chile,Chile,79030818.34,76268963.54,5.86,11.29,76.43,1,1,80.5,46.7,79.5,79.7,18.18534845258281,18.149776657805965,5.429999999999999,-3.24
CHL,2020,Chile,Chile,65301621.91,76477228.32,2.17,7.28,75.95,1,1,82.9,48.6,80.0,79.7,17.994527447077182,18.152503598540726,5.11,-7.94
CHL,2021,Chile,Chile,98636407.29,100664759.24,2.15,5.92,76.36,1,1,81.0,51.4,80.5,78.3,18.40695100385004,18.427306348478464,3.77,24.79
CHN,1996,China,China,151498674.08,243989097.89,13.0,15.19,26.51,1,1,48.4,44.1,33.7,12.0,18.83608743752892,19.312634105579114,2.1899999999999995,2.52
CHN,1996,China,China,151498674.08,243989097.89,13.0,15.19,26.51,1,1,48.4,44.1,33.7,12.0,18.83608743752892,19.312634105579114,2.1899999999999995,1.32
CHN,1996,"Hong Kong, China",China,138541004.3,51098235.64,12.21,13.62,24.12,1,1,48.4,44.1,33.7,12.0,18.746676906920452,17.749260546555032,1.4099999999999984,2.52
CHN,1996,"Hong Kong, China",China,138541004.3,51098235.64,12.21,13.62,24.12,1,1,48.4,44.1,33.7,12.0,18.746676906920452,17.749260546555032,1.4099999999999984,1.32
CHN,1998,China,China,149294002.76,282497265.26,12.52,14.12,27.1,1,1,46.0,33.0,36.0,9.0,18.82142809934522,19.459179431548193,1.5999999999999996,-0.75
CHN,1998,China,China,149294002.76,282497265.26,12.52,14.12,27.1,1,1,46.0,33.0,36.0,9.0,18.82142809934522,19.459179431548193,1.5999999999999996,-6.43
CHN,1998,"Hong Kong, China",China,156035705.98,51541487.67,10.26,12.28,24.62,1,1,46.0,33.0,36.0,9.0,18.865595429919722,17.75789764655095,2.0199999999999996,-0.75
CHN,1998,"Hong Kong, China",China,156035705.98,51541487.67,10.26,12.28,24.62,1,1,46.0,33.0,36.0,9.0,18.865595429919722,17.75789764655095,2.0199999999999996,-6.43
CHN,2000,China,China,227975783.73,405870847.48,10.44,12.21,31.22,1,1,49.5,38.1,35.3,10.0,19.244749973953756,19.821545559767063,1.7700000000000014,16.55
CHN,2000,China,China,227975783.73,405870847.48,10.44,12.21,31.22,1,1,49.5,38.1,35.3,10.0,19.244749973953756,19.821545559767063,1.7700000000000014,8.84
CHN,2000,"Hong Kong, China",China,202090587.08,56752684.7,9.07,11.21,22.4,1,1,49.5,38.1,35.3,10.0,19.124226610680793,17.85421353831612,2.1400000000000006,16.55
CHN,2000,"Hong Kong, China",China,202090587.08,56752684.7,9.07,11.21,22.4,1,1,49.5,38.1,35.3,10.0,19.124226610680793,17.85421353831612,2.1400000000000006,8.84
CHN,2002,China,China,294973072.0,504883343.89,11.16,12.22,28.49,1,1,36.0,32.3,37.8,6.5,19.502394632171903,20.039837960337152,1.0600000000000005,10.09
CHN,2002,China,China,294973072.0,504883343.89,11.16,12.22,28.49,1,1,36.0,32.3,37.8,6.5,19.502394632171903,20.039837960337152,1.0600000000000005,1.46
CHN,2002,"Hong Kong, China",China,213834107.97,54564633.43,8.48,12.01,22.47,1,1,36.0,32.3,37.8,6.5,19.180711080640677,17.814896509790948,3.5299999999999994,10.09
CHN,2002,"Hong Kong, China",China,213834107.97,54564633.43,8.48,12.01,22.47,1,1,36.0,32.3,37.8,6.5,19.180711080640677,17.814896509790948,3.5299999999999994,1.46
CHN,2003,China,China,408558480.48,639358239.41,9.38,10.42,29.38,1,1,43.9,28.6,35.3,7.5,19.82814562353545,20.275975481869136,1.0399999999999991,18.25
CHN,2003,China,China,408558480.48,639358239.41,9.38,10.42,29.38,1,1,43.9,28.6,35.3,7.5,19.82814562353545,20.275975481869136,1.0399999999999991,5.9
CHN,2003,"Hong Kong, China",China,252365555.0,60508099.54,8.12,9.85,21.46,1,1,43.9,28.6,35.3,7.5,19.34638921339191,17.91828780726131,1.7300000000000004,18.25
CHN,2003,"Hong Kong, China",China,252365555.0,60508099.54,8.12,9.85,21.46,1,1,43.9,28.6,35.3,7.5,19.34638921339191,17.91828780726131,1.7300000000000004,5.9
CHN,2004,China,China,532348386.59,845659707.4,7.58,8.8,37.49,1,1,33.5,31.6,35.6,8.2,20.092808696867102,20.55562760071812,1.2200000000000006,16.61
CHN,2004,China,China,532348386.59,845659707.4,7.58,8.8,37.49,1,1,33.5,31.6,35.6,8.2,20.092808696867102,20.55562760071812,1.2200000000000006,8.18
CHN,2004,"Hong Kong, China",China,300934797.24,66997975.32,7.31,8.44,25.17,1,1,33.5,31.6,35.6,8.2,19.52240418210541,18.02017297271998,1.13,16.61
CHN,2004,"Hong Kong, China",China,300934797.24,66997975.32,7.31,8.44,25.17,1,1,33.5,31.6,35.6,8.2,19.52240418210541,18.02017297271998,1.13,8.18
CHN,2005,China,China,619016584.97,1053770494.02,8.12,8.97,27.46,1,1,32.2,30.1,32.1,7.7,20.243642625071804,20.775640516694992,0.8500000000000014,8.44
CHN,2005,China,China,619016584.97,1053770494.02,8.12,8.97,27.46,1,1,32.2,30.1,32.1,7.7,20.243642625071804,20.775640516694992,0.8500000000000014,4.86
CHN,2005,"Hong Kong, China",China,334938756.95,68546356.57,7.12,8.66,23.7,1,1,32.2,30.1,32.1,7.7,19.629458260987622,18.043020827185224,1.54,8.44
CHN,2005,"Hong Kong, China",China,334938756.95,68546356.57,7.12,8.66,23.7,1,1,32.2,30.1,32.1,7.7,19.629458260987622,18.043020827185224,1.54,4.86
CHN,2006,China,China,749094189.93,1287042055.06,7.88,8.57,25.26,1,1,37.1,27.5,28.7,5.8,20.434375289155696,20.9756124426178,0.6900000000000004,9.51
CHN,2006,China,China,749094189.93,1287042055.06,7.88,8.57,25.26,1,1,37.1,27.5,28.7,5.8,20.434375289155696,20.9756124426178,0.6900000000000004,5.76
CHN,2006,"Hong Kong, China",China,390712169.89,73846227.56,7.13,8.9,25.47,1,1,37.1,27.5,28.7,5.8,19.783481711037414,18.117495496714106,1.7700000000000005,9.51
CHN,2006,"Hong Kong, China",China,390712169.89,73846227.56,7.13,8.9,25.47,1,1,37.1,27.5,28.7,5.8,19.783481711037414,18.117495496714106,1.7700000000000005,5.76
CHN,2007,China,China,915749711.81,1562106356.92,7.3,8.01,26.77,1,1,32.5,28.0,34.4,4.8,20.635253646011353,21.169300976903703,0.71,9.91
CHN,2007,China,China,915749711.81,1562106356.92,7.3,8.01,26.77,1,1,32.5,28.0,34.4,4.8,20.635253646011353,21.169300976903703,0.71,4.99
CHN,2007,"Hong Kong, China",China,440595945.16,77119139.66,6.4,8.12,26.7,1,1,32.5,28.0,34.4,4.8,19.903638791563907,18.16086206531029,1.7199999999999989,9.91
CHN,2007,"Hong Kong, China",China,440595945.16,77119139.66,6.4,8.12,26.7,1,1,32.5,28.0,34.4,4.8,19.903638791563907,18.16086206531029,1.7199999999999989,4.99
CHN,2008,China,China,1024298423.78,1787474945.0,7.03,8.18,37.82,1,1,36.4,29.3,38.0,5.8,20.74727375155534,21.304069816210433,1.1499999999999995,8.84
CHN,2008,China,China,1024298423.78,1787474945.0,7.03,8.18,37.82,1,1,36.4,29.3,38.0,5.8,20.74727375155534,21.304069816210433,1.1499999999999995,3.04
CHN,2008,"Hong Kong, China",China,462346793.6,83751089.72,6.04,8.11,25.35,1,1,36.4,29.3,38.0,5.8,19.951825805120805,18.243359752107033,2.0699999999999994,8.84
CHN,2008,"Hong Kong, China",China,462346793.6,83751089.72,6.04,8.11,25.35,1,1,36.4,29.3,38.0,5.8,19.951825805120805,18.243359752107033,2.0699999999999994,3.04
CHN,2009,China,China,987126741.1,1520803383.21,6.82,7.9,39.0,1,1,36.8,30.8,41.2,4.7,20.710309000602546,21.142504574418762,1.08,-5.77
CHN,2009,China,China,987126741.1,1520803383.21,6.82,7.9,39.0,1,1,36.8,30.8,41.2,4.7,20.710309000602546,21.142504574418762,1.08,-5.32
CHN,2009,"Hong Kong, China",China,410118282.24,67509278.87,5.39,7.56,26.22,1,1,36.8,30.8,41.2,4.7,19.83195617176306,18.027775625948866,2.17,-5.77
CHN,2009,"Hong Kong, China",China,410118282.24,67509278.87,5.39,7.56,26.22,1,1,36.8,30.8,41.2,4.7,19.83195617176306,18.027775625948866,2.17,-5.32
CHN,2010,China,China,1333059090.43,1937911681.5,7.09,7.77,28.03,1,1,33.8,25.6,38.9,5.2,21.010742206815365,21.384876777911145,0.6799999999999997,17.83
CHN,2010,China,China,1333059090.43,1937911681.5,7.09,7.77,28.03,1,1,33.8,25.6,38.9,5.2,21.010742206815365,21.384876777911145,0.6799999999999997,11.94
CHN,2010,"Hong Kong, China",China,533336444.35,76921612.35,5.34,7.62,26.09,1,1,33.8,25.6,38.9,5.2,20.094663012538263,18.15829745285387,2.2800000000000002,17.83
CHN,2010,"Hong Kong, China",China,533336444.35,76921612.35,5.34,7.62,26.09,1,1,33.8,25.6,38.9,5.2,20.094663012538263,18.15829745285387,2.2800000000000002,11.94
CHN,2011,China,China,1616784547.02,2221071164.59,6.3,7.61,39.59,1,1,37.0,28.0,40.8,5.6,21.20370516687046,21.52125542348404,1.3100000000000005,11.75
CHN,2011,China,China,1616784547.02,2221071164.59,6.3,7.61,39.59,1,1,37.0,28.0,40.8,5.6,21.20370516687046,21.52125542348404,1.3100000000000005,7.58
CHN,2011,"Hong Kong, China",China,632326238.47,85744690.23,5.13,7.6,25.0,1,1,37.0,28.0,40.8,5.6,20.264916020617907,18.2668847322396,2.4699999999999998,11.75
CHN,2011,"Hong Kong, China",China,632326238.47,85744690.23,5.13,7.6,25.0,1,1,37.0,28.0,40.8,5.6,20.264916020617907,18.2668847322396,2.4699999999999998,7.58
CHN,2012,China,China,1624172572.65,2304480905.73,6.08,7.3,40.72,1,1,41.2,28.0,35.7,4.7,21.208264337603026,21.558121284878972,1.2199999999999998,2.12
CHN,2012,China,China,1624172572.65,2304480905.73,6.08,7.3,40.72,1,1,41.2,28.0,35.7,4.7,21.208264337603026,21.558121284878972,1.2199999999999998,4.09
CHN,2012,"Hong Kong, China",China,694479347.44,82199162.53,4.84,7.73,26.95,1,1,41.2,28.0,35.7,4.7,20.358672983849022,18.22465568394057,2.8900000000000006,2.12
CHN,2012,"Hong Kong, China",China,694479347.44,82199162.53,4.84,7.73,26.95,1,1,41.2,28.0,35.7,4.7,20.358672983849022,18.22465568394057,2.8900000000000006,4.09
CHN,2013,China,China,1748337327.91,2397123775.55,5.94,7.23,41.97,1,1,45.0,26.5,37.6,4.7,21.281931075487154,21.597535429175593,1.29,3.56
CHN,2013,China,China,1748337327.91,2397123775.55,5.94,7.23,41.97,1,1,45.0,26.5,37.6,4.7,21.281931075487154,21.597535429175593,1.29,5.96
CHN,2013,"Hong Kong, China",China,804256285.66,78243585.53,4.7,7.58,27.78,1,1,45.0,26.5,37.6,4.7,20.505428540851117,18.17533742274757,2.88,3.56
CHN,2013,"Hong Kong, China",China,804256285.66,78243585.53,4.7,7.58,27.78,1,1,45.0,26.5,37.6,4.7,20.505428540851117,18.17533742274757,2.88,5.96
CHN,2014,China,China,1741960455.31,2529204919.96,6.01,6.88,29.78,1,1,45.7,28.6,40.4,5.4,21.278277014952593,21.651170829805544,0.8700000000000001,0.24
CHN,2014,China,China,1741960455.31,2529204919.96,6.01,6.88,29.78,1,1,45.7,28.6,40.4,5.4,21.278277014952593,21.651170829805544,0.8700000000000001,-1.69
CHN,2014,"Hong Kong, China",China,755253433.44,72949231.58,4.52,6.72,30.73,1,1,45.7,28.6,40.4,5.4,20.442563925642098,18.105274313069646,2.2,0.24
CHN,2014,"Hong Kong, China",China,755253433.44,72949231.58,4.52,6.72,30.73,1,1,45.7,28.6,40.4,5.4,20.442563925642098,18.105274313069646,2.2,-1.69
CHN,2015,China,China,1537067593.05,2473581490.39,6.15,7.1,31.25,1,1,47.1,26.2,41.0,4.9,21.153142278447387,21.62893293387062,0.9499999999999993,-7.41
CHN,2015,China,China,1537067593.05,2473581490.39,6.15,7.1,31.25,1,1,47.1,26.2,41.0,4.9,21.153142278447387,21.62893293387062,0.9499999999999993,-3.5
CHN,2015,"Hong Kong, China",China,690116775.92,83953592.53,4.7,7.6,28.35,1,1,47.1,26.2,41.0,4.9,20.352371383148824,18.24577474617026,2.8999999999999995,-7.41
CHN,2015,"Hong Kong, China",China,690116775.92,83953592.53,4.7,7.6,28.35,1,1,47.1,26.2,41.0,4.9,20.352371383148824,18.24577474617026,2.8999999999999995,-3.5
CHN,2016,China,China,1525797542.12,2396469750.69,6.11,6.85,30.79,1,1,47.1,26.7,41.4,7.4,21.14578308939496,21.59726255461491,0.7399999999999993,-2.77
CHN,2016,China,China,1525797542.12,2396469750.69,6.11,6.85,30.79,1,1,47.1,26.7,41.4,7.4,21.14578308939496,21.59726255461491,0.7399999999999993,-1.09
CHN,2016,"Hong Kong, China",China,642062997.09,88381104.34,4.24,6.89,29.69,1,1,47.1,26.7,41.4,7.4,20.280196984706055,18.297168764264377,2.6499999999999995,-2.77
CHN,2016,"Hong Kong, China",China,642062997.09,88381104.34,4.24,6.89,29.69,1,1,47.1,26.7,41.4,7.4,20.280196984706055,18.297168764264377,2.6499999999999995,-1.09
CHN,2017,China,China,1787239787.13,2647117289.59,5.5,6.61,31.04,1,1,46.2,38.6,45.2,7.9,21.30393824886152,21.69673706997281,1.1100000000000003,7.76
CHN,2017,China,China,1787239787.13,2647117289.59,5.5,6.61,31.04,1,1,46.2,38.6,45.2,7.9,21.30393824886152,21.69673706997281,1.1100000000000003,3.78
CHN,2017,"Hong Kong, China",China,669955436.68,88651543.46,2.96,4.45,28.73,1,1,46.2,38.6,45.2,7.9,20.322721757211962,18.300224012329345,1.4900000000000002,7.76
CHN,2017,"Hong Kong, China",China,669955436.68,88651543.46,2.96,4.45,28.73,1,1,46.2,38.6,45.2,7.9,20.322721757211962,18.300224012329345,1.4900000000000002,3.78
CHN,2018,China,China,1987292151.09,2862195428.63,5.57,6.7,30.02,1,1,45.2,36.3,48.6,9.2,21.410038821459366,21.774854800036614,1.13,7.57
CHN,2018,China,China,1987292151.09,2862195428.63,5.57,6.7,30.02,1,1,45.2,36.3,48.6,9.2,21.410038821459366,21.774854800036614,1.13,3.17
CHN,2018,"Hong Kong, China",China,711151007.52,90378498.26,5.88,7.49,27.95,1,1,45.2,36.3,48.6,9.2,20.382395354133198,18.319516957029727,1.6100000000000003,7.57
CHN,2018,"Hong Kong, China",China,711151007.52,90378498.26,5.88,7.49,27.95,1,1,45.2,36.3,48.6,9.2,20.382395354133198,18.319516957029727,1.6100000000000003,3.17
CHN,2019,China,China,1924374506.81,2730865804.26,5.44,6.83,32.11,1,1,43.8,38.2,44.8,6.8,21.377866820876847,21.727884540647384,1.3899999999999997,-1.28
CHN,2019,China,China,1924374506.81,2730865804.26,5.44,6.83,32.11,1,1,43.8,38.2,44.8,6.8,21.377866820876847,21.727884540647384,1.3899999999999997,-3.96
CHN,2019,"Hong Kong, China",China,638854934.49,87660657.26,4.36,6.41,29.03,1,1,43.8,38.2,44.8,6.8,20.2751879685568,18.28898376216699,2.05,-1.28
CHN,2019,"Hong Kong, China",China,638854934.49,87660657.26,4.36,6.41,29.03,1,1,43.8,38.2,44.8,6.8,20.2751879685568,18.28898376216699,2.05,-3.96
CHN,2020,China,China,1943216340.33,2691026163.58,5.98,6.74,30.88,1,1,52.9,27.8,51.4,4.8,21.387610345111526,21.71318843163908,0.7599999999999998,-0.23
CHN,2020,China,China,1943216340.33,2691026163.58,5.98,6.74,30.88,1,1,52.9,27.8,51.4,4.8,21.387610345111526,21.71318843163908,0.7599999999999998,-0.48
CHN,2020,"Hong Kong, China",China,609417722.08,98901566.06,3.23,5.9,30.11,1,1,52.9,27.8,51.4,4.8,20.22801450692856,18.409635641361245,2.6700000000000004,-0.23
CHN,2020,"Hong Kong, China",China,609417722.08,98901566.06,3.23,5.9,30.11,1,1,52.9,27.8,51.4,4.8,20.22801450692856,18.409635641361245,2.6700000000000004,-0.48
CHN,2021,China,China,2419607092.09,3383435785.34,5.61,6.39,33.13,1,1,56.2,28.3,52.9,5.3,21.60687100570621,21.942157534984464,0.7799999999999994,13.89
CHN,2021,China,China,2419607092.09,3383435785.34,5.61,6.39,33.13,1,1,56.2,28.3,52.9,5.3,21.60687100570621,21.942157534984464,0.7799999999999994,11.56
CHN,2021,"Hong Kong, China",China,750206748.82,93455326.22,3.45,5.64,33.18,1,1,56.2,28.3,52.9,5.3,20.435859392932286,18.352994096340577,2.1899999999999995,13.89
CHN,2021,"Hong Kong, China",China,750206748.82,93455326.22,3.45,5.64,33.18,1,1,56.2,28.3,52.9,5.3,20.435859392932286,18.352994096340577,2.1899999999999995,11.56
CIV,1996,Cote d'Ivoire,Côte d'Ivoire,2900322.45,4700773.32,3.66,10.84,63.15,1,1,49.5,48.9,25.1,32.5,14.880332823219952,15.363237802046841,7.18,2.86
CIV,1998,Cote d'Ivoire,Côte d'Ivoire,3022323.04,4828737.27,5.33,12.9,60.89,1,1,38.0,36.2,20.0,30.8,14.921536643068404,15.390095763759573,7.57,4.43
CIV,2000,Cote d'Ivoire,Côte d'Ivoire,4417910.32,4393614.99,5.46,12.89,74.08,1,1,28.7,13.2,10.9,20.9,15.30117759032978,15.295663133933726,7.430000000000001,-7.4
CIV,2002,Cote d'Ivoire,Côte d'Ivoire,4096468.28,4510217.66,5.58,12.24,55.42,1,1,26.5,3.2,7.5,18.4,15.225636009451303,15.321856193673868,6.66,0.9
CIV,2003,Cote d'Ivoire,Côte d'Ivoire,3880812.13,5175074.18,6.12,12.18,54.37,1,1,13.2,5.0,7.5,15.4,15.171555259230447,15.459364424546415,6.06,12.43
CIV,2004,Cote d'Ivoire,Côte d'Ivoire,3902392.03,5657561.88,5.43,13.93,60.13,1,1,9.9,3.4,6.7,14.9,15.177100520361837,15.54850377087791,8.5,19.92
CIV,2005,Cote d'Ivoire,Côte d'Ivoire,3992901.29,5980842.08,6.3,11.39,58.41,1,1,9.3,1.0,4.3,10.1,15.20002891542289,15.604072099267198,5.090000000000001,11.53
CIV,2006,Cote d'Ivoire,Côte d'Ivoire,6547384.11,6739414.93,3.41,8.94,66.22,1,1,8.8,4.8,4.3,11.1,15.694576308054648,15.723483821863502,5.529999999999999,-0.38
CIV,2007,Cote d'Ivoire,Côte d'Ivoire,7055054.28,7573734.95,3.49,8.87,67.18,1,1,12.1,6.3,4.8,13.5,15.769254978815958,15.840197024148015,5.379999999999999,7.15
CIV,2008,Cote d'Ivoire,Côte d'Ivoire,8691711.43,9427847.52,2.92,9.02,72.43,1,1,12.6,7.2,5.3,14.9,15.977880535365687,16.059178475874717,6.1,8.36
CIV,2009,Cote d'Ivoire,Côte d'Ivoire,8220748.61,8239650.44,3.85,8.75,70.01,1,1,12.0,11.4,9.0,16.6,15.922171956305151,15.924468600020068,4.9,-5.6
CIV,2010,Cote d'Ivoire,Côte d'Ivoire,8769063.02,9315308.97,2.88,8.42,69.13,1,1,11.0,8.1,9.0,17.5,15.986740633453282,16.047169837900032,5.54,6.02
CIV,2011,Cote d'Ivoire,Côte d'Ivoire,9360916.92,10489094.99,3.64,8.03,75.5,1,1,16.6,8.5,8.5,17.8,16.052053912021453,16.165846798393904,4.389999999999999,-7.6
CIV,2012,Cote d'Ivoire,Côte d'Ivoire,11495903.33,10306208.99,3.08,7.78,76.58,1,1,21.8,11.8,12.7,25.4,16.257501384681316,16.14825718317214,4.7,20.65
CIV,2013,Cote d'Ivoire,Côte d'Ivoire,11926651.68,9988873.33,2.15,8.17,76.78,1,1,25.1,17.1,19.2,26.3,16.29428617465386,16.116982464596223,6.02,14.11
CIV,2014,Cote d'Ivoire,Côte d'Ivoire,12953065.04,10859797.17,1.93,7.67,78.04,1,1,42.3,13.3,33.2,31.0,16.37684307793219,16.200578287582815,5.74,-6.51
CIV,2015,Cote d'Ivoire,Côte d'Ivoire,12107786.09,11056314.36,2.06,8.29,84.53,1,1,39.0,20.0,29.5,33.0,16.309359364727317,16.218512348461225,6.229999999999999,-3.26
CIV,2016,Cote d'Ivoire,Côte d'Ivoire,11453995.54,11101634.44,1.77,8.0,87.6,1,1,33.8,15.7,28.1,36.0,16.253849269858016,16.22260299236648,6.23,-9.19
CIV,2017,Cote d'Ivoire,Côte d'Ivoire,12622692.21,11926832.16,3.07,7.16,86.8,1,1,36.7,12.9,29.0,36.9,16.351006800391485,16.294301307033354,4.09,5.84
CIV,2018,Cote d'Ivoire,Côte d'Ivoire,13671185.77,12293484.35,2.56,6.76,86.39,1,1,34.3,15.6,30.0,37.4,16.43080102058659,16.324580033689013,4.199999999999999,6.82
CIV,2019,Cote d'Ivoire,Côte d'Ivoire,13043484.51,12127581.47,3.25,8.23,82.15,1,1,32.4,13.7,27.6,37.2,16.383799372457837,16.31099295932576,4.98,-2.25
CIV,2020,Cote d'Ivoire,Côte d'Ivoire,13377002.02,11135216.77,2.52,7.45,83.89,1,1,32.4,13.7,27.6,33.3,16.40904759803833,16.225623415734272,4.93,0.21
CMR,1996,Cameroon,Cameroon,1214869.29,2168222.58,2.89,8.46,72.7,1,1,3.8,19.7,7.0,20.0,14.010147871856184,14.589418763530691,5.57,5.67
CMR,1998,Cameroon,Cameroon,1403540.49,2054675.81,3.71,7.93,71.45,1,1,3.2,19.7,14.5,16.9,14.154509236156894,14.535629123471244,4.22,-0.04
CMR,2000,Cameroon,Cameroon,2237714.55,2489206.57,3.84,8.96,69.58,1,1,2.1,29.1,12.4,16.9,14.62096605968674,14.72747497281029,5.120000000000001,6.19
CMR,2002,Cameroon,Cameroon,2721155.33,2018132.85,4.97,9.44,60.42,1,1,5.8,26.5,9.5,16.9,14.816567469257242,14.517683805743655,4.47,0.53
CMR,2003,Cameroon,Cameroon,3352746.33,2663635.16,5.6,9.85,62.67,1,1,14.8,31.2,12.9,19.9,15.025290666211673,14.79520272473841,4.25,7.62
CMR,2004,Cameroon,Cameroon,2990343.23,3257307.68,3.85,12.26,71.09,1,1,11.8,32.5,13.5,19.7,14.910899065830554,14.996411854099774,8.41,5.46
CMR,2005,Cameroon,Cameroon,3104786.16,3480365.17,6.99,9.79,61.42,1,1,11.2,40.3,11.0,17.8,14.948455723496203,15.062648067479655,2.799999999999999,7.87
CMR,2006,Cameroon,Cameroon,4511904.66,4739615.94,4.04,6.41,62.63,1,1,13.7,38.6,11.5,19.2,15.322230163253499,15.371466876059612,2.37,6.05
CMR,2007,Cameroon,Cameroon,4913935.59,4983380.03,3.0,6.13,69.41,1,1,16.0,34.3,11.0,19.2,15.4075859280321,15.421619140324514,3.13,1.83
CMR,2008,Cameroon,Cameroon,5697515.59,5708662.02,2.62,6.15,73.77,1,1,15.5,26.9,12.5,18.3,15.55554095190116,15.557495407105145,3.5300000000000002,12.57
CMR,2009,Cameroon,Cameroon,5370470.44,3746014.7,1.78,7.17,76.08,1,1,17.7,29.9,12.8,17.1,15.496426254065497,15.1362033531146,5.39,-4.31
CMR,2010,Cameroon,Cameroon,5704940.43,4362246.84,1.63,6.27,76.57,1,1,14.3,22.7,13.3,17.1,15.556843274792659,15.288498042103038,4.64,16.4
CMR,2011,Cameroon,Cameroon,7127907.17,5145248.09,1.65,6.18,77.05,1,1,11.4,26.5,13.6,19.2,15.779528365053162,15.453584340072537,4.529999999999999,-0.58
CMR,2012,Cameroon,Cameroon,8157839.71,5109405.21,0.95,5.89,79.62,1,1,7.1,26.5,15.5,17.4,15.914490073049988,15.446593753862404,4.9399999999999995,13.31
CMR,2013,Cameroon,Cameroon,9903463.7,5294212.36,0.62,5.59,80.31,1,1,10.0,27.5,14.6,17.8,16.10839522357668,15.482124963186008,4.97,1.08
CMR,2014,Cameroon,Cameroon,9868656.92,5476251.62,0.72,5.51,81.07,1,1,10.1,12.4,18.3,21.7,16.10487442648024,15.515931596539712,4.79,6.57
CMR,2015,Cameroon,Cameroon,7622395.56,4634259.82,1.68,5.33,76.77,1,1,12.4,15.2,13.8,22.7,15.846601387401533,15.34898726637849,3.6500000000000004,-10.65
CMR,2016,Cameroon,Cameroon,7169793.57,3786334.74,1.24,6.36,81.48,1,1,11.4,13.3,13.3,21.2,15.78538756084038,15.146909286164579,5.12,-9.92
CMR,2017,Cameroon,Cameroon,7116940.63,4146865.12,2.45,5.94,80.79,1,1,11.0,12.4,14.3,20.2,15.777988644758384,15.2378634551289,3.49,45.48
CMR,2018,Cameroon,Cameroon,7835378.78,4841020.2,1.6,5.08,78.1,1,1,11.4,8.5,12.4,17.5,15.874159904837466,15.392636248172725,3.48,-23.09
COG,2008,"Congo, Dem. Rep.",Congo,5101726.59,3781263.19,0.88,5.14,77.4,0,0,8.7,21.6,9.6,15.4,15.445089783471305,15.145568953481519,4.26,-5.08
COG,2008,"Congo, Rep.",Congo,5001849.73,12722468.6,2.47,3.33,61.52,1,1,8.7,21.6,9.6,15.4,15.425318547911242,16.358880247974792,0.8599999999999999,-5.08
COG,2009,"Congo, Dem. Rep.",Congo,4276853.47,2805642.81,0.98,4.57,78.6,0,0,8.1,36.5,10.0,15.2,15.268728360443562,14.847143592884365,3.5900000000000003,12.09
COG,2009,"Congo, Rep.",Congo,4862848.51,7635682.43,1.97,3.09,56.31,1,1,8.1,36.5,10.0,15.2,15.39713514298893,15.848343005398977,1.1199999999999999,12.09
COG,2010,"Congo, Dem. Rep.",Congo,5348756.55,5711080.63,1.11,4.05,50.23,0,0,12.4,34.1,9.5,16.6,15.49237485825692,15.557918991013594,2.9399999999999995,-0.88
COG,2010,"Congo, Rep.",Congo,4393798.9,11133069.57,2.09,2.96,58.93,1,1,12.4,34.1,9.5,16.6,15.295704991517873,16.22543056750329,0.8700000000000001,-0.88
COG,2011,"Congo, Dem. Rep.",Congo,6842377.16,7231157.88,1.0,4.0,80.67,0,0,12.3,35.1,10.3,16.0,15.73864591338111,15.793909868980428,3.0,26.69
COG,2011,"Congo, Rep.",Congo,5815492.34,11907250.91,0.7,2.89,66.14,1,1,12.3,35.1,10.3,16.0,15.576036179545202,16.292658176672102,2.1900000000000004,26.69
COG,2012,"Congo, Dem. Rep.",Congo,7406352.6,7113122.76,0.73,4.43,84.35,0,0,10.0,31.3,10.8,15.5,15.817848784387499,15.777452052692645,3.6999999999999997,2.37
COG,2012,"Congo, Rep.",Congo,5693935.51,11117249.78,0.78,2.86,67.44,1,1,10.0,31.3,10.8,15.5,15.55491239642427,16.22400858420545,2.08,2.37
COG,2013,"Congo, Dem. Rep.",Congo,8330095.0,7596719.27,0.62,4.05,78.24,0,0,10.4,29.9,12.2,15.5,15.935385538686461,15.843227168693847,3.4299999999999997,6.73
COG,2013,"Congo, Rep.",Congo,6333869.58,11151799.15,0.94,2.87,70.35,1,1,10.4,29.9,12.2,15.5,15.66142207328593,16.2271114912695,1.9300000000000002,6.73
COG,2014,"Congo, Dem. Rep.",Congo,7872998.96,8430777.84,0.87,3.34,54.82,0,0,9.1,31.0,10.6,18.2,15.878949737085948,15.947399714797024,2.4699999999999998,9.83
COG,2014,"Congo, Rep.",Congo,7680477.46,11087476.22,0.3,2.45,75.34,1,1,9.1,31.0,10.6,18.2,15.85419240266249,16.221326851031908,2.1500000000000004,9.83
COG,2015,"Congo, Dem. Rep.",Congo,7445374.38,5864086.55,0.88,3.76,54.75,1,0,9.5,26.7,11.4,21.2,15.823103643245567,15.584357452519027,2.88,2.21
COG,2015,"Congo, Rep.",Congo,7285555.62,6826108.32,0.94,2.76,71.39,1,1,9.5,26.7,11.4,21.2,15.801404401006973,15.736265423556409,1.8199999999999998,2.21
COG,2016,"Congo, Dem. Rep.",Congo,6173343.63,5477678.9,1.3,3.93,58.37,1,1,10.5,25.7,11.0,15.3,15.63575132842613,15.516192193362903,2.63,3.36
COG,2016,"Congo, Dem. Rep.",Congo,6173343.63,5477678.9,1.3,3.93,58.37,1,1,10.5,25.7,11.0,15.3,15.63575132842613,15.516192193362903,2.63,-17.5
COG,2016,"Congo, Rep.",Congo,6025666.0,5532161.05,0.77,2.66,72.12,1,1,10.5,25.7,11.0,15.3,15.611538736607793,15.526089264540929,1.8900000000000001,3.36
COG,2016,"Congo, Rep.",Congo,6025666.0,5532161.05,0.77,2.66,72.12,1,1,10.5,25.7,11.0,15.3,15.611538736607793,15.526089264540929,1.8900000000000001,-17.5
COG,2017,"Congo, Dem. Rep.",Congo,6346138.43,7450683.94,0.86,3.8,61.12,1,1,7.6,27.6,10.5,16.3,15.663357222204429,15.823816524384712,2.94,-36.39
COG,2017,"Congo, Dem. Rep.",Congo,6346138.43,7450683.94,0.86,3.8,61.12,1,1,7.6,27.6,10.5,16.3,15.663357222204429,15.823816524384712,2.94,2.8
COG,2017,"Congo, Rep.",Congo,8238879.87,7223765.98,0.55,2.81,68.57,1,1,7.6,27.6,10.5,16.3,15.924375075914151,15.792887117191047,2.26,-36.39
COG,2017,"Congo, Rep.",Congo,8238879.87,7223765.98,0.55,2.81,68.57,1,1,7.6,27.6,10.5,16.3,15.924375075914151,15.792887117191047,2.26,2.8
COG,2018,"Congo, Dem. Rep.",Congo,8680727.12,11160830.87,1.31,3.63,56.69,1,1,8.1,34.4,11.9,15.5,15.976615967911027,16.227921052462026,2.32,-12.57
COG,2018,"Congo, Dem. Rep.",Congo,8680727.12,11160830.87,1.31,3.63,56.69,1,1,8.1,34.4,11.9,15.5,15.976615967911027,16.227921052462026,2.32,16.9
COG,2018,"Congo, Rep.",Congo,3411558.3,11691480.97,0.52,2.54,73.08,1,1,8.1,34.4,11.9,15.5,15.042680017469658,16.274371097868393,2.02,-12.57
COG,2018,"Congo, Rep.",Congo,3411558.3,11691480.97,0.52,2.54,73.08,1,1,8.1,34.4,11.9,15.5,15.042680017469658,16.274371097868393,2.02,16.9
COG,2019,"Congo, Dem. Rep.",Congo,9001100.04,8336460.01,1.98,3.62,57.8,1,1,5.2,34.4,12.4,14.0,16.012857465595616,15.936149344948982,1.6400000000000001,-19.79
COG,2019,"Congo, Dem. Rep.",Congo,9001100.04,8336460.01,1.98,3.62,57.8,1,1,5.2,34.4,12.4,14.0,16.012857465595616,15.936149344948982,1.6400000000000001,5.49
COG,2019,"Congo, Rep.",Congo,3136592.71,10913192.25,0.78,2.67,67.67,1,1,5.2,34.4,12.4,14.0,14.958647963324331,16.20548300517632,1.89,-19.79
COG,2019,"Congo, Rep.",Congo,3136592.71,10913192.25,0.78,2.67,67.67,1,1,5.2,34.4,12.4,14.0,14.958647963324331,16.20548300517632,1.89,5.49
COG,2020,"Congo, Dem. Rep.",Congo,8362045.33,10946411.64,1.37,3.55,62.06,1,1,5.2,40.1,12.4,14.5,15.93921373142384,16.208522347764603,2.1799999999999997,-7.75
COG,2020,"Congo, Dem. Rep.",Congo,8362045.33,10946411.64,1.37,3.55,62.06,1,1,5.2,40.1,12.4,14.5,15.93921373142384,16.208522347764603,2.1799999999999997,-13.11
COG,2020,"Congo, Rep.",Congo,3131656.52,7267816.09,0.71,3.12,56.62,1,1,5.2,40.1,12.4,14.5,14.957072981454825,15.798966541698302,2.41,-7.75
COG,2020,"Congo, Rep.",Congo,3131656.52,7267816.09,0.71,3.12,56.62,1,1,5.2,40.1,12.4,14.5,14.957072981454825,15.798966541698302,2.41,-13.11
COG,2021,"Congo, Dem. Rep.",Congo,11061690.72,17960833.79,1.41,3.41,61.61,1,1,6.2,38.7,13.8,15.0,16.218998500770198,16.70370410027039,2.0,11.01
COG,2021,"Congo, Dem. Rep.",Congo,11061690.72,17960833.79,1.41,3.41,61.61,1,1,6.2,38.7,13.8,15.0,16.218998500770198,16.70370410027039,2.0,7.2
COG,2021,"Congo, Rep.",Congo,3733599.92,10523734.55,0.86,2.8,56.57,1,1,6.2,38.7,13.8,15.0,15.132883720028683,16.16914379254838,1.94,11.01
COG,2021,"Congo, Rep.",Congo,3733599.92,10523734.55,0.86,2.8,56.57,1,1,6.2,38.7,13.8,15.0,15.132883720028683,16.16914379254838,1.94,7.2
COK,2005,Cook Islands,Cook Islands,93476.79,19083.1,6.08,12.3,48.7,1,1,70.7,,86.1,,11.445479146952707,9.856610806613885,6.220000000000001,3.45
COK,2010,Cook Islands,Cook Islands,97060.26,24351.93,5.21,10.44,47.95,1,1,51.0,94.8,20.4,35.5,11.483097604535773,10.100407449813932,5.2299999999999995,5.41
COK,2011,Cook Islands,Cook Islands,152402.13,34937.43,2.49,8.97,57.29,1,1,52.1,,22.1,33.3,11.934284460081523,10.461342648505608,6.48,9.83
COL,1996,Colombia,Colombia,12347163.68,11025172.83,9.62,14.4,21.57,1,1,36.6,6.9,25.6,35.0,16.328937014113805,16.215691746066312,4.780000000000001,-0.73
COL,1998,Colombia,Colombia,13249126.15,12042442.78,11.93,15.11,19.1,1,1,36.4,6.4,31.0,40.3,16.39944223275492,16.303947949009764,3.1799999999999997,-2.31
COL,2000,Colombia,Colombia,11905468.64,13962910.78,10.53,12.8,32.41,1,1,42.6,8.5,22.9,34.8,16.29250848609603,16.451915213777895,2.2700000000000014,5.02
COL,2002,Colombia,Colombia,12584341.5,13412167.22,7.57,12.28,43.79,1,1,46.6,2.6,28.4,37.8,16.347963940450953,16.411672928988853,4.709999999999999,-0.51
COL,2003,Colombia,Colombia,14055194.45,15039424.15,7.96,11.94,47.42,1,1,50.8,1.0,27.9,36.3,16.458502668309325,16.526185654345937,3.9799999999999995,4.59
COL,2004,Colombia,Colombia,16729110.5,18895756.32,4.87,14.62,54.54,1,1,52.2,2.4,29.8,38.9,16.632660963363833,16.75444797440709,9.75,10.99
COL,2005,Colombia,Colombia,21736194.33,24305482.62,7.46,11.62,52.56,1,1,52.2,2.9,33.0,38.5,16.894489416521996,17.00621254622711,4.159999999999999,11.36
COL,2006,Colombia,Colombia,28290575.79,26704547.58,5.66,10.41,64.67,1,1,52.2,3.9,39.2,40.9,17.1580393315464,17.100344467662563,4.75,11.08
COL,2007,Colombia,Colombia,34527431.86,31331410.24,4.96,9.33,65.44,1,1,49.0,6.8,41.1,42.3,17.357264721395367,17.26013170628033,4.37,12.13
COL,2008,Colombia,Colombia,41718366.58,43963151.25,4.32,8.92,64.27,1,1,49.5,5.8,42.3,42.8,17.54645205933516,17.5988623921627,4.6,9.81
COL,2009,Colombia,Colombia,34625878.89,34498668.33,5.2,9.08,68.91,1,1,45.5,5.2,43.1,42.7,17.360111934134455,17.356431311112814,3.88,-8.93
COL,2010,Colombia,Colombia,44541176.93,40438869.97,3.44,7.28,58.92,1,1,41.4,8.5,46.9,42.7,17.611924666008676,17.515302033081905,3.8400000000000003,11.2
COL,2011,Colombia,Colombia,57450638.01,57082298.88,3.65,6.53,65.53,1,1,47.4,12.3,49.3,46.9,17.866436685086647,17.86000464198264,2.8800000000000003,15.93
COL,2012,Colombia,Colombia,60566835.94,63017386.81,3.17,5.87,66.0,1,1,42.2,8.1,45.5,46.0,17.91925805603171,17.958921243259773,2.7,3.07
COL,2013,Colombia,Colombia,63311376.21,61607435.41,3.67,6.13,64.28,1,1,40.3,10.4,42.7,45.5,17.963575605719182,17.93629314215912,2.46,1.11
COL,2014,Colombia,Colombia,67456843.77,58332035.75,2.24,6.32,79.69,1,1,42.8,11.0,45.7,47.8,18.02699861463913,17.881662015829793,4.08,3.84
COL,2015,Colombia,Colombia,56331118.92,40298677.84,2.67,6.28,72.88,1,1,44.8,12.4,46.2,47.8,17.846757692086364,17.511829243252983,3.6100000000000003,-8.13
COL,2016,Colombia,Colombia,48231467.08,36126963.67,4.12,6.92,73.97,1,1,41.9,16.2,45.2,49.8,17.691522230727653,17.402550088246763,2.8,-8.91
COL,2017,Colombia,Colombia,51341341.99,41536396.5,3.67,7.02,80.8,1,1,42.4,18.1,39.5,49.3,17.75400689181075,17.542080649011663,3.3499999999999996,1.35
COL,2018,Colombia,Colombia,56437821.17,46622846.2,3.54,6.77,79.9,1,1,43.3,18.9,39.0,52.4,17.848650097563723,17.657601262208107,3.2299999999999995,5.47
COL,2019,Colombia,Colombia,57838832.16,43209985.3,3.83,7.46,80.02,1,1,46.2,14.6,39.5,53.6,17.873170962028997,17.58158219085183,3.63,1.42
COL,2020,Colombia,Colombia,46803925.87,34719367.09,4.18,7.81,76.25,1,1,45.7,21.2,33.8,53.1,17.661477664846473,17.362808247417988,3.63,-9.16
COL,2021,Colombia,Colombia,66615595.42,45804724.7,4.07,7.17,75.98,1,1,41.9,16.5,34.8,51.2,18.01444928857513,17.639897824984303,3.0999999999999996,18.53
COM,1996,Comoros,Comoros,165659.25,21724.18,2.65,11.35,72.33,1,1,16.7,62.2,21.6,36.0,12.01769428326617,9.986227235484769,8.7,-4.72
COM,1998,Comoros,Comoros,159403.84,11757.01,3.95,11.91,62.73,1,1,20.3,66.0,23.0,39.8,11.97920240874177,9.372289989446614,7.96,-7.63
COM,2000,Comoros,Comoros,77007.99,17203.27,4.02,12.84,81.09,1,1,18.6,45.5,12.9,17.9,11.251677447267443,9.752912887805122,8.82,-32.59
COM,2002,Comoros,Comoros,121855.88,32256.3,4.82,12.07,67.51,1,1,32.3,60.8,29.4,40.8,11.710602520323562,10.381499653198277,7.25,2.8
COM,2003,Comoros,Comoros,153788.31,37352.42,3.81,12.07,73.67,1,1,30.2,26.6,27.4,31.3,11.943338827786281,10.528179752634088,8.26,11.13
COM,2004,Comoros,Comoros,145284.82,38259.79,6.84,10.88,75.9,1,1,22.2,39.3,16.8,33.2,11.886458253605404,10.552180890977622,4.040000000000001,19.01
COM,2005,Comoros,Comoros,160900.74,30174.86,4.89,10.9,69.78,1,1,19.5,34.0,16.3,28.8,11.988549147092293,10.314797545973853,6.010000000000001,14.49
COM,2006,Comoros,Comoros,201979.7,51520.96,2.46,8.65,63.62,1,1,28.3,32.9,18.7,38.9,12.215927427264214,10.849763403532862,6.19,9.12
COM,2007,Comoros,Comoros,207136.45,43755.67,2.41,7.3,72.03,1,1,29.1,15.9,13.9,34.6,12.241137861552467,10.686399337308208,4.89,9.01
COM,2008,Comoros,Comoros,318689.96,37790.31,3.02,7.6,64.3,1,1,24.3,14.4,13.5,38.0,12.671977134769364,10.539834460998067,4.58,-0.57
COM,2009,Comoros,Comoros,243119.48,32607.96,2.7,7.77,50.93,1,1,21.5,20.9,11.8,36.0,12.401312401922388,10.392342376217151,5.069999999999999,22.97
COM,2010,Comoros,Comoros,318379.24,36741.61,5.95,8.8,68.74,1,1,22.4,26.5,13.7,34.1,12.671001670725037,10.511692395984618,2.8500000000000005,0.11
COM,2011,Comoros,Comoros,252393.43,63892.32,4.89,10.97,65.67,1,1,22.7,29.4,15.0,35.2,12.43874834125989,11.064970096559955,6.080000000000001,8.02
COM,2012,Comoros,Comoros,300891.04,61673.66,4.28,9.48,86.7,1,1,24.6,33.6,14.1,34.3,12.614506808296804,11.029628428613817,5.2,-0.88
COM,2013,Comoros,Comoros,294472.77,58966.07,3.35,8.9,84.46,1,1,26.1,37.4,17.4,32.9,12.592945211893225,10.984734431478985,5.550000000000001,0.86
COM,2014,Comoros,Comoros,299483.85,62118.03,1.21,8.44,92.0,1,1,33.7,37.6,17.8,37.9,12.609819110951033,11.03680766220188,7.2299999999999995,-4.35
COM,2015,Comoros,Comoros,501915.92,51966.61,1.33,9.82,85.83,1,1,25.2,37.6,21.4,36.9,13.126189886969591,10.858375918874962,8.49,-5.1
COM,2016,Comoros,Comoros,510627.37,81421.89,1.87,8.67,87.34,1,1,27.6,48.1,13.8,36.9,13.143397344329827,11.307411716391421,6.8,6.38
COM,2017,Comoros,Comoros,445449.48,86580.67,1.72,8.36,52.84,1,1,26.2,46.7,11.9,36.0,13.006841363710224,11.368843409329239,6.64,3.22
COM,2018,Comoros,Comoros,446579.96,115249.86,2.36,8.52,57.29,1,1,21.4,33.5,10.0,32.0,13.009375984250532,11.6548664228701,6.16,4.8
COM,2019,Comoros,Comoros,390202.67,65440.7,2.22,8.61,59.08,1,1,13.8,41.0,11.0,27.5,12.874424112560028,11.088914948934317,6.389999999999999,-6.41
COM,2020,Comoros,Comoros,357672.83,63048.69,1.36,9.18,82.01,1,1,11.0,36.3,8.6,27.1,12.787376760703163,11.051678424648227,7.819999999999999,15.35
COM,2021,Comoros,Comoros,449904.14,63256.72,1.23,7.22,86.2,1,1,7.6,39.2,9.5,29.0,13.01679203952506,11.054972454477587,5.99,28.62
CPV,1998,Cape Verde,Cabo Verde,233582.32,32190.93,1.38,15.02,78.7,1,1,84.0,88.3,69.5,73.6,12.361294123277224,10.379471079003766,13.64,-5.89
CPV,2000,Cape Verde,Cabo Verde,484106.92,19542.31,1.78,11.36,85.43,1,1,84.0,90.5,69.7,72.1,13.090063136050103,9.880388307361414,9.58,-4.88
CPV,2002,Cape Verde,Cabo Verde,523533.94,21762.44,1.33,12.76,88.33,1,1,72.0,70.9,58.7,69.2,13.168359050140962,9.987986776710544,11.43,8.81
CPV,2003,Cape Verde,Cabo Verde,558267.64,20681.51,1.54,12.59,89.96,1,1,70.4,78.9,60.2,65.7,13.232595559203187,9.937043694564764,11.05,10.04
CPV,2004,Cape Verde,Cabo Verde,670297.96,21948.1,1.63,11.53,95.27,1,1,66.0,83.0,60.6,68.8,13.415479100800761,9.996481415384796,9.899999999999999,9.99
CPV,2005,Cape Verde,Cabo Verde,749559.27,29648.36,1.26,11.18,93.47,1,1,71.2,68.9,59.8,62.5,13.527242006900861,10.297195819032705,9.92,1.04
CPV,2006,Cape Verde,Cabo Verde,969627.5,50314.3,0.59,9.41,90.9,1,1,77.1,79.7,68.9,72.6,13.784668287429561,10.826064484786308,8.82,10.83
CPV,2007,Cape Verde,Cabo Verde,1279493.99,39427.81,2.59,10.44,88.83,1,1,77.7,77.8,69.4,72.6,14.061976018982286,10.582252046350305,7.85,17.02
CPV,2008,Cape Verde,Cabo Verde,1575845.94,51879.35,1.03,9.12,84.43,1,1,78.2,74.5,67.3,74.5,14.270303425394237,10.856695384745326,8.09,5.75
CPV,2009,Cape Verde,Cabo Verde,1226783.02,54220.21,0.8,11.8,90.27,1,1,77.5,74.9,64.9,73.5,14.019906685379327,10.900827439292028,11.0,-9.77
CPV,2010,Cape Verde,Cabo Verde,1445374.21,63875.95,0.77,12.2,52.58,1,1,78.1,75.4,64.9,73.9,14.183879506722267,11.064713855415757,11.43,4.36
CPV,2011,Cape Verde,Cabo Verde,1753588.95,76260.88,0.3,12.9,90.33,1,1,78.7,69.2,65.3,76.5,14.377175644651892,11.241928485612275,12.6,13.81
CPV,2012,Cape Verde,Cabo Verde,1289607.88,87595.93,0.28,10.58,88.13,1,1,77.3,73.0,65.3,76.1,14.069849536566872,11.38050123064827,10.3,-10.7
CPV,2013,Cape Verde,Cabo Verde,1384487.76,129301.57,0.3,12.45,86.78,1,1,77.3,69.7,66.2,74.2,14.140841503105882,11.769910440819185,12.149999999999999,-1.91
CPV,2014,Cape Verde,Cabo Verde,1244728.6,97916.15,11.58,12.12,28.2,1,1,79.8,58.6,75.0,74.9,14.034428875537031,11.491876991930425,0.5399999999999991,2.81
CPV,2015,Cape Verde,Cabo Verde,997237.77,80343.86,0.86,12.62,87.55,1,1,79.0,74.3,70.5,75.4,13.812745508736587,11.294083398988803,11.76,-11.33
CPV,2016,Cape Verde,Cabo Verde,1284379.42,100939.01,0.99,12.09,84.49,1,1,78.1,76.2,59.5,76.8,14.06578699660917,11.522281658963001,11.1,5.54
CPV,2017,Cape Verde,Cabo Verde,1309239.96,102010.7,0.9,13.0,81.88,1,1,79.0,71.9,62.9,77.3,14.084958107401455,11.532842791570545,12.1,8.66
CPV,2018,Cape Verde,Cabo Verde,1392262.99,124275.87,0.66,14.79,82.78,1,1,78.1,74.5,66.2,79.1,14.1464417498841,11.730267178123855,14.129999999999999,1.31
CPV,2019,Cape Verde,Cabo Verde,1618804.08,107953.3,1.9,14.59,90.85,1,1,79.0,76.4,65.7,78.3,14.29719883010593,11.589463268405767,12.69,-1.54
CPV,2020,Cape Verde,Cabo Verde,1408755.07,97118.66,0.57,14.12,88.57,1,1,79.5,75.9,64.8,76.3,14.158217653111222,11.483699105463474,13.549999999999999,19.69
CRI,1996,Costa Rica,Costa Rica,3356421.7,4164810.79,13.18,21.86,29.39,1,1,75.3,72.3,68.3,81.5,15.026386292153846,15.24218164408666,8.68,5.4
CRI,1998,Costa Rica,Costa Rica,4682871.06,5753244.53,12.75,17.34,28.4,1,1,77.0,77.7,69.0,84.6,15.35942216769852,15.565274693537193,4.59,17.59
CRI,2000,Costa Rica,Costa Rica,5812515.13,6967452.2,11.47,15.96,49.12,1,1,74.5,76.7,64.7,82.6,15.57552410392766,15.75676032141579,4.49,0.35
CRI,2002,Costa Rica,Costa Rica,7231621.21,7756062.32,9.03,14.74,58.48,1,1,70.4,83.6,66.2,83.6,15.793973941028158,15.863985459313417,5.710000000000001,4.84
CRI,2003,Costa Rica,Costa Rica,7779063.13,10659683.99,8.21,11.01,61.91,1,1,72.5,65.8,65.7,76.6,15.866946597145159,16.18197942560868,2.799999999999999,3.52
CRI,2004,Costa Rica,Costa Rica,8003418.02,12072331.7,4.03,15.51,67.92,1,1,63.1,67.0,64.4,80.8,15.895379385844358,16.306426838692207,11.48,4.08
CRI,2005,Costa Rica,Costa Rica,8914047.25,13092675.41,7.89,10.04,59.43,1,1,65.4,67.5,63.6,72.6,16.003139045307734,16.387563579171413,2.1499999999999995,7.06
CRI,2006,Costa Rica,Costa Rica,10962483.37,15027709.43,5.03,9.0,62.99,1,1,70.2,68.6,62.7,75.5,16.20998948989189,16.525406416791924,3.9699999999999998,9.86
CRI,2007,Costa Rica,Costa Rica,12443701.17,16936405.92,5.04,9.19,69.84,1,1,71.8,66.7,59.8,75.0,16.33672520309062,16.64497611843309,4.1499999999999995,7.35
CRI,2008,Costa Rica,Costa Rica,14064288.89,17731762.1,4.71,8.91,67.98,1,1,71.8,55.8,63.0,76.9,16.459149510896033,16.690868114730765,4.2,9.47
CRI,2009,Costa Rica,Costa Rica,10867681.31,19667347.55,4.29,7.55,68.95,1,1,73.2,65.9,66.4,77.7,16.201304017411758,16.79447038463472,3.26,-13.08
CRI,2010,Costa Rica,Costa Rica,13231327.12,26443289.89,3.64,6.84,63.78,1,1,72.9,70.1,65.4,80.6,16.398097918051945,17.09051303154135,3.1999999999999997,9.78
CRI,2011,Costa Rica,Costa Rica,15520706.38,30967021.97,3.95,6.63,60.92,1,1,72.0,63.0,63.4,81.2,16.55768565028892,17.24843342107775,2.6799999999999997,14.54
CRI,2012,Costa Rica,Costa Rica,16147895.65,36527606.61,3.59,6.17,64.8,1,1,72.0,67.8,66.2,83.6,16.59730036076109,17.413578905523625,2.58,0.25
CRI,2013,Costa Rica,Costa Rica,16561954.76,36459989.61,3.79,6.41,65.75,1,1,70.6,67.8,66.7,83.1,16.622618801397234,17.411726069672245,2.62,-0.63
CRI,2014,Costa Rica,Costa Rica,16173991.74,33688034.42,2.49,5.8,76.12,1,1,75.0,65.2,72.6,85.2,16.59891512376925,17.332653300236313,3.3099999999999996,-2.63
CRI,2015,Costa Rica,Costa Rica,14737236.83,13804234.24,4.13,8.99,74.27,1,1,74.3,67.1,69.0,86.2,16.505888034356555,16.44048600449209,4.86,-5.02
CRI,2016,Costa Rica,Costa Rica,15129432.73,13553537.77,5.3,10.72,76.02,1,1,73.3,66.7,66.2,84.7,16.53215265809784,16.422158235030285,5.420000000000001,-0.59
CRI,2017,Costa Rica,Costa Rica,15465422.95,14171191.0,4.55,10.81,79.5,1,1,64.3,66.2,66.7,84.7,16.55411737723995,16.466721729512063,6.260000000000001,3.31
CRI,2018,Costa Rica,Costa Rica,16400369.0,14928107.8,4.69,10.71,79.62,1,1,67.1,62.3,68.1,83.5,16.61281445351554,16.51875649035996,6.0200000000000005,0.64
CRI,2019,Costa Rica,Costa Rica,15357292.04,15392565.32,4.86,11.91,75.37,1,1,71.9,60.4,70.0,84.1,16.547101035777697,16.549395244350066,7.05,-1.39
CRI,2020,Costa Rica,Costa Rica,14582358.8,16399455.28,4.6,9.74,74.93,1,1,74.3,71.7,67.1,86.0,16.49532312330004,16.612758738586294,5.140000000000001,-5.26
CRI,2021,Costa Rica,Costa Rica,18612406.36,21934564.66,4.35,8.93,73.73,1,1,66.7,76.9,63.8,83.1,16.739338978661813,16.903574291155493,4.58,12.91
CUB,2000,Cuba,Cuba,3867671.66,1348835.65,18.87,20.96,36.4,1,1,66.0,56.6,18.4,5.0,15.168163504259613,14.114753038161872,2.09,5.02
CUB,2002,Cuba,Cuba,3440131.06,1402459.09,13.47,19.75,32.81,1,1,69.3,52.9,11.9,4.5,15.051020418147605,14.153738459646114,6.279999999999999,-7.16
CUB,2003,Cuba,Cuba,4562640.4,1308349.32,17.0,19.16,37.98,1,1,62.4,56.8,11.4,2.0,15.33341226817347,14.084277603885742,2.16,5.65
CUB,2004,Cuba,Cuba,4509019.73,2146835.99,16.89,20.55,44.58,1,1,60.6,57.8,15.4,2.9,15.321590554864375,14.579506149432625,3.66,9.69
CUB,2005,Cuba,Cuba,6282535.47,2085039.17,19.49,23.18,46.62,1,1,62.9,58.7,14.8,2.9,15.653284353396963,14.550298679216498,3.6900000000000013,20.05
CUB,2006,Cuba,Cuba,8528421.13,2507051.31,46.15,21.66,46.09,1,1,62.9,60.4,26.3,2.9,15.958914923459147,14.734618242499133,-24.49,12.18
CYM,2021,Cayman Islands,Cayman Islands,10903184.58,2466768.32,1.04,7.27,33.96,1,1,66.2,99.5,75.2,70.5,16.204565559547056,14.718419884856573,6.2299999999999995,7.34
CYP,1996,Cyprus,Cyprus,4312390.42,1309417.58,9.89,14.36,43.49,1,1,87.6,60.1,78.4,78.5,15.277003162033767,14.085093764593664,4.469999999999999,3.83
CYP,1998,Cyprus,Cyprus,5263963.55,913581.84,14.55,18.87,28.0,1,1,81.8,54.8,80.5,76.6,15.47639501754212,13.725129334870354,4.32,-0.16
CYP,2000,Cyprus,Cyprus,6549512.51,950362.13,11.25,13.37,25.23,1,1,83.5,68.8,84.1,80.6,15.694901331570595,13.764599432646083,2.119999999999999,3.11
CYP,2002,Cyprus,Cyprus,7638225.04,1023846.29,8.28,9.82,21.25,1,1,83.6,51.9,82.1,84.1,15.84867594046429,13.839077942601103,1.540000000000001,2.0
CYP,2003,Cyprus,Cyprus,11237211.61,1305942.21,7.56,10.55,26.17,1,1,84.7,63.8,81.6,78.6,16.23474138324144,14.082436103952693,2.990000000000001,4.59
CYP,2004,Cyprus,Cyprus,14079496.54,1790959.16,7.97,9.88,29.36,1,1,79.3,59.2,78.8,79.8,16.46023022197786,14.398262436239321,1.910000000000001,13.27
CYP,2005,Cyprus,Cyprus,14835650.63,2185542.3,8.58,10.46,35.27,1,1,79.5,64.1,79.4,79.8,16.512543735919323,14.597375005489152,1.8800000000000008,5.53
CYP,2006,Cyprus,Cyprus,16815687.14,4639588.1,9.58,9.62,38.67,1,1,82.4,62.8,86.6,82.2,16.63782282649398,15.350136364246637,0.03999999999999915,5.07
CYP,2007,Cyprus,Cyprus,18026695.61,3919590.94,6.79,7.38,39.57,1,1,82.5,62.8,85.2,83.7,16.707364362087183,15.181498109409407,0.5899999999999999,11.43
CYP,2008,Cyprus,Cyprus,18467477.81,3878202.88,6.32,6.94,41.1,1,1,84.0,68.8,87.5,84.6,16.731521840963225,15.170882686894286,0.6200000000000001,11.36
CYP,2009,Cyprus,Cyprus,13623255.55,2860675.86,6.28,7.92,38.36,1,1,78.0,57.8,87.2,82.5,16.42728893069302,14.866568819131112,1.6399999999999997,-14.49
CYP,2010,Cyprus,Cyprus,14601829.22,3649093.54,6.05,6.7,41.13,1,1,80.0,61.6,87.2,79.1,16.496657436356212,15.109989623551039,0.6500000000000004,4.39
CYP,2011,Cyprus,Cyprus,15746814.01,5170298.24,5.73,6.61,44.11,1,1,77.7,66.8,83.1,80.8,16.57214868119907,15.458441124886994,0.8799999999999999,0.83
CYP,2012,Cyprus,Cyprus,15284698.6,5687435.37,3.05,5.66,49.33,1,1,84.8,66.8,84.0,79.3,16.542362859859118,15.553770154486452,2.6100000000000003,-8.38
CYP,2013,Cyprus,Cyprus,14712911.57,5506741.82,4.39,6.19,48.37,1,1,84.4,64.9,82.6,77.5,16.504236072298532,15.521483866591193,1.8000000000000007,-6.75
CYP,2014,Cyprus,Cyprus,12615307.41,3881636.01,4.22,6.19,49.88,1,1,82.2,63.8,82.7,78.3,16.35042158763796,15.171767532414359,1.9700000000000006,12.12
CYP,2015,Cyprus,Cyprus,9487711.26,3727455.95,5.74,8.01,47.02,1,1,79.5,62.4,81.0,80.8,16.06550807303128,15.131236776258563,2.2699999999999996,-5.91
CYP,2016,Cyprus,Cyprus,9583720.45,3113567.26,6.54,8.37,47.05,1,1,76.7,65.2,74.8,82.8,16.07557653484989,14.951279976934197,1.8299999999999992,5.02
CYP,2017,Cyprus,Cyprus,11902177.11,3447928.72,7.14,10.47,58.76,1,1,76.2,64.8,78.1,83.3,16.292231975786777,15.053284527727362,3.330000000000001,8.73
CYP,2018,Cyprus,Cyprus,14102591.93,3844618.77,11.12,9.97,55.89,1,1,72.4,63.2,75.2,80.6,16.461869234186327,15.162185266565155,-1.1499999999999986,7.78
CYP,2019,Cyprus,Cyprus,12608996.64,3882031.38,10.7,8.17,48.59,1,1,71.0,64.2,75.2,81.2,16.34992121548745,15.171869383737615,-2.5299999999999994,-7.86
CYP,2020,Cyprus,Cyprus,10600865.45,3077162.64,7.92,7.91,50.02,1,1,63.3,56.6,68.1,75.4,16.176446296307756,14.939518834560541,-0.009999999999999787,-2.49
CYP,2021,Cyprus,Cyprus,15469975.31,4005555.31,9.35,10.89,61.76,1,1,63.8,59.0,71.0,73.4,16.554411691197075,15.203193032708509,1.540000000000001,8.27
DEU,1996,Germany,Germany,428107898.09,477685651.36,11.16,12.1,29.12,1,1,94.1,92.0,94.0,90.0,19.874885822451603,19.98446344307556,0.9399999999999995,-0.59
DEU,1998,Germany,Germany,445409674.82,503666863.46,10.96,12.11,33.59,1,1,94.7,92.0,93.5,89.1,19.914505036440218,20.03742562427564,1.1499999999999986,2.85
DEU,2000,Germany,Germany,469299937.87,528871322.61,11.71,10.86,31.19,1,1,93.1,95.2,93.5,89.6,19.966752650506805,20.086255715640235,-0.8500000000000014,2.85
DEU,2002,Germany,Germany,472817979.68,589437354.68,10.71,10.73,29.47,1,1,93.1,85.2,93.5,94.5,19.974221053536077,20.194679005424746,0.019999999999999574,0.45
DEU,2003,Germany,Germany,567380411.12,714276587.02,10.84,10.51,32.59,1,1,93.1,64.8,93.5,93.5,20.156540557571812,20.386780823471575,-0.33000000000000007,10.77
DEU,2004,Germany,Germany,674436258.82,862460576.6,9.2,8.95,36.0,1,1,93.6,68.0,93.8,93.8,20.329387729250467,20.57529999869475,-0.25,9.24
DEU,2005,Germany,Germany,731300588.36,927069987.6,8.32,9.02,35.35,1,1,94.1,75.7,94.3,93.3,20.41033513614814,20.647539620788013,0.6999999999999993,4.21
DEU,2006,Germany,Germany,840627458.5,1043912727.08,8.28,8.68,36.46,1,1,93.2,82.1,95.2,93.3,20.549659146549455,20.7662417291196,0.40000000000000036,8.75
DEU,2007,Germany,Germany,972716168.08,1251553856.64,7.6,7.95,37.19,1,1,92.2,81.2,95.2,93.3,20.69560289058626,20.94765170238078,0.35000000000000053,7.18
DEU,2008,Germany,Germany,1108214291.12,1376579924.43,7.02,7.57,37.85,1,1,93.2,79.8,94.2,93.8,20.826015811011708,21.042867945103918,0.5500000000000007,6.1
DEU,2009,Germany,Germany,864069150.33,1048698369.21,6.62,7.14,40.16,1,1,93.3,77.7,92.9,92.9,20.57716335982717,20.770815584698344,0.5199999999999996,-11.75
DEU,2010,Germany,Germany,943765044.42,1173763633.59,7.41,7.7,38.94,1,1,93.3,73.5,92.9,92.4,20.66538780056732,20.883481204683388,0.29000000000000004,6.86
DEU,2011,Germany,Germany,1105490126.7,1377089634.23,6.98,7.58,40.17,1,1,93.4,71.6,92.0,93.4,20.823554628054556,21.04323814914953,0.5999999999999996,9.06
DEU,2012,Germany,Germany,1045021975.07,1311009466.68,6.62,7.44,42.81,1,1,94.3,71.1,92.0,93.4,20.76730375187412,20.994063263425772,0.8200000000000003,-3.97
DEU,2013,Germany,Germany,1068065939.51,1355357812.4,7.1,7.84,41.48,1,1,94.3,76.3,92.0,93.4,20.78911531762901,21.0273313253479,0.7400000000000002,1.02
DEU,2014,Germany,Germany,1100062587.49,1396577177.56,6.29,7.05,46.34,1,1,93.8,78.1,93.8,96.1,20.81863291375934,21.057290207529537,0.7599999999999998,1.16
DEU,2015,Germany,Germany,961699710.67,1243069592.45,6.06,7.61,46.01,1,1,93.3,68.1,93.3,95.6,20.684212809869834,20.94084963620215,1.5500000000000007,-6.7
DEU,2016,Germany,Germany,967818822.89,1238742733.67,6.11,7.11,43.11,1,1,93.8,68.6,91.9,95.1,20.69055546232033,20.937362778541825,1.0,0.16
DEU,2017,Germany,Germany,1063050623.69,1342854801.13,5.79,7.34,52.53,1,1,94.8,65.2,91.4,95.6,20.784408559527815,21.018063634070856,1.5499999999999998,2.73
DEU,2018,Germany,Germany,1182722787.69,1442346350.39,6.08,7.57,51.11,1,1,95.7,64.6,91.4,95.1,20.891085065396243,21.089537035172484,1.4900000000000002,7.45
DEU,2019,Germany,Germany,1138191259.21,1367050118.96,7.1,8.04,47.77,1,1,95.2,65.1,92.4,95.2,20.852706225497244,21.035921058215084,0.9399999999999995,-2.06
DEU,2020,Germany,Germany,1092044662.42,1291639475.47,5.86,6.93,48.12,1,1,95.2,67.9,91.0,94.2,20.811317614000483,20.979178160387207,1.0699999999999994,-2.73
DEU,2021,Germany,Germany,1353626272.54,1538830199.2,5.55,7.02,52.35,1,1,95.7,69.8,91.4,95.7,21.026052956749016,21.15428835446215,1.4699999999999998,10.2
DMA,1996,Dominica,Dominica,170908.46,94398.89,18.1,17.41,32.86,1,1,80.1,70.7,77.9,79.5,12.048889221579897,11.455295186878676,-0.6900000000000013,5.27
DMA,2000,Dominica,Dominica,246808.81,103663.22,10.31,18.15,63.46,1,1,81.4,67.7,71.6,82.1,12.416373319007848,11.548912300928572,7.839999999999998,5.62
DMA,2002,Dominica,Dominica,214022.68,63455.98,13.37,16.29,48.41,1,1,80.4,67.7,71.6,83.1,12.27384194208787,11.058117474972331,2.92,-6.05
DMA,2003,Dominica,Dominica,205269.0,70241.2,13.05,14.44,52.86,1,1,79.4,68.8,72.6,81.6,12.232081464711223,11.15970454900301,1.3899999999999988,4.79
DMA,2004,Dominica,Dominica,232965.12,74956.79,6.79,24.49,61.41,1,1,74.9,79.1,69.7,81.7,12.358648314249788,11.22468043408708,17.7,6.9
DMA,2005,Dominica,Dominica,269563.46,88227.22,10.74,14.57,60.52,1,1,74.6,73.3,69.9,77.4,12.504562824404804,11.387682145468835,3.83,6.73
DMA,2006,Dominica,Dominica,308977.94,87020.59,5.61,12.33,65.38,1,1,73.7,76.3,69.9,78.4,12.641028398217395,11.373911527769433,6.72,0.47
DMA,2007,Dominica,Dominica,346568.54,92835.86,4.73,13.37,67.48,1,1,74.3,73.9,70.8,79.8,12.755838770116712,11.4385990381878,8.639999999999999,8.3
DMA,2008,Dominica,Dominica,400303.89,100272.38,1.83,10.15,74.19,1,1,74.3,78.4,71.2,82.2,12.899981760744174,11.515655534935574,8.32,8.96
DMA,2009,Dominica,Dominica,282087.6,125514.1,8.86,12.59,62.43,1,1,74.6,69.7,70.1,78.7,12.54997648497183,11.740181349041357,3.7300000000000004,-2.22
DMA,2010,Dominica,Dominica,303044.69,62994.0,6.06,10.7,63.29,1,1,74.3,78.7,70.1,76.3,12.621638865202732,11.05081063714473,4.64,0.55
DNK,1996,Denmark,Denmark,41463986.64,42764538.43,11.24,13.51,35.0,1,1,100.0,97.9,98.0,96.0,17.540335840761724,17.571219799150647,2.2699999999999996,-0.02
DNK,1998,Denmark,Denmark,42259983.54,41223865.57,12.02,15.44,40.9,1,1,99.5,97.3,98.0,95.5,17.559351204321544,17.534527932278184,3.42,1.35
DNK,2000,Denmark,Denmark,42192576.62,43932982.34,13.65,14.49,38.62,1,1,99.5,95.8,97.5,97.5,17.55775487775453,17.5981759248685,0.8399999999999999,0.24
DNK,2002,Denmark,Denmark,45178345.87,48865409.01,11.05,11.89,34.9,1,1,99.5,96.8,99.0,99.0,17.626128478471934,17.704580342388038,0.8399999999999999,5.09
DNK,2003,Denmark,Denmark,52782981.99,58820220.59,10.23,11.92,39.31,1,1,99.5,94.0,99.5,99.5,17.781699404873248,17.88999625833906,1.6899999999999995,6.81
DNK,2004,Denmark,Denmark,62763924.45,68355677.0,11.1,11.03,41.53,1,1,99.5,84.0,99.0,100.0,17.954891030877583,18.04023519010527,-0.07000000000000028,9.03
DNK,2005,Denmark,Denmark,70918531.16,76341839.9,9.4,10.42,38.73,1,1,99.0,85.4,99.0,100.0,18.077042341832573,18.150731719478426,1.0199999999999996,4.3
DNK,2006,Denmark,Denmark,83021664.52,84487395.17,8.53,9.21,41.51,1,1,100.0,85.0,100.0,100.0,18.23461216205982,18.2521129234508,0.6800000000000015,7.6
DNK,2007,Denmark,Denmark,92814238.24,93823016.13,9.21,8.82,42.16,1,1,100.0,91.3,100.0,97.1,18.34611062607191,18.35692076905567,-0.39000000000000057,7.59
DNK,2008,Denmark,Denmark,104283792.42,105750920.69,8.83,8.68,41.41,1,1,100.0,86.1,99.5,99.0,18.462626523621488,18.47659709159736,-0.15000000000000036,5.84
DNK,2009,Denmark,Denmark,78091529.15,86042180.51,8.22,8.27,43.64,1,1,100.0,85.3,98.6,97.6,18.17339216014531,18.27034821664489,0.049999999999998934,-14.34
DNK,2010,Denmark,Denmark,81140311.26,87935385.85,8.75,8.37,42.82,1,1,100.0,86.3,99.1,97.6,18.211690464145324,18.292112862415113,-0.3800000000000008,1.63
DNK,2011,Denmark,Denmark,94338302.74,104453911.14,8.11,8.58,43.66,1,1,100.0,87.2,99.5,97.2,18.362397855374663,18.464256499932745,0.47000000000000064,7.73
DNK,2012,Denmark,Denmark,89998383.45,96191560.85,8.13,8.37,46.35,1,1,100.0,75.8,98.1,99.1,18.31530227757787,18.381852197131813,0.23999999999999844,-2.47
DNK,2013,Denmark,Denmark,93288294.69,99152431.6,7.53,8.2,44.66,1,1,100.0,80.1,98.6,99.5,18.351205209823966,18.41216894717273,0.669999999999999,3.19
DNK,2014,Denmark,Denmark,97411337.43,98207571.71,7.28,8.01,49.24,1,1,100.0,78.6,99.5,97.0,18.394453172823155,18.40259388552459,0.7299999999999995,1.18
DNK,2015,Denmark,Denmark,83238576.74,84673343.09,6.76,8.0,48.39,1,1,98.6,76.7,99.5,97.5,18.23722147308713,18.25431140040957,1.2400000000000002,-7.43
DNK,2016,Denmark,Denmark,81396355.7,83715998.5,8.13,7.94,45.74,1,1,99.5,75.2,97.6,99.0,18.21484107198584,18.24294067011943,-0.1900000000000004,-0.53
DNK,2017,Denmark,Denmark,91348944.2,89155427.69,7.17,8.28,55.05,1,1,99.0,75.2,97.6,97.0,18.330197293923597,18.305891794306174,1.1099999999999994,4.46
DNK,2018,Denmark,Denmark,102879752.71,100771096.18,6.67,8.13,52.97,1,1,99.5,80.2,96.7,97.6,18.449071424496594,18.428362138159997,1.4600000000000009,5.07
DNK,2019,Denmark,Denmark,95855554.82,99738043.68,8.27,8.59,51.53,1,1,99.5,81.1,97.1,98.6,18.378352989469366,18.418057753719243,0.3200000000000003,-2.33
DNK,2020,Denmark,Denmark,93751518.61,99444992.71,7.45,7.81,50.41,1,1,100.0,78.3,98.1,97.6,18.35615843185676,18.415115222228437,0.35999999999999943,-0.64
DNK,2021,Denmark,Denmark,115774658.75,112597864.05,6.57,8.27,56.73,1,1,100.0,80.2,99.0,98.6,18.567156271436684,18.539333313010538,1.6999999999999993,12.76
DOM,2002,Dominican Republic,Dominican Republic,9210362.52,4923799.3,8.38,19.19,55.7,1,1,39.7,48.7,30.8,55.2,16.035839877593716,15.409591209005882,10.81,32.45
DOM,2003,Dominican Republic,Dominican Republic,8004110.67,5339697.3,7.23,15.64,58.68,1,1,28.6,31.7,29.9,48.3,15.895465926362549,15.490679711212957,8.41,-7.43
DOM,2004,Dominican Republic,Dominican Republic,8675646.89,5733245.32,6.33,15.82,66.11,1,1,32.0,33.5,30.8,51.0,15.976030565734655,15.561792476256217,9.49,1.76
DOM,2005,Dominican Republic,Dominican Republic,10034533.44,5932810.51,7.63,13.83,63.65,1,1,28.3,38.3,31.1,48.6,16.121543145514035,15.596008774973765,6.2,11.16
DOM,2006,Dominican Republic,Dominican Republic,11762601.48,6336529.11,6.72,13.04,62.86,1,1,27.8,42.0,34.0,53.8,16.2804357752714,15.661841875327575,6.319999999999999,15.99
DOM,2007,Dominican Republic,Dominican Republic,13994984.05,6604247.2,5.97,11.4,60.98,1,1,24.3,40.1,32.1,54.3,16.454209612692463,15.703223666598781,5.430000000000001,1.78
DOM,2008,Dominican Republic,Dominican Republic,15599391.74,6686781.52,4.76,11.23,72.04,1,1,26.7,42.8,29.3,52.9,16.562742544539017,15.715643377701793,6.470000000000001,9.0
DOM,2009,Dominican Republic,Dominican Republic,11664517.52,5362859.63,5.98,12.64,71.18,1,1,22.0,44.5,24.2,51.7,16.272062186975003,15.495008090306856,6.66,-13.29
DOM,2010,Dominican Republic,Dominican Republic,15037095.21,5976587.65,5.28,12.83,69.03,1,1,21.0,44.5,23.2,51.2,16.526030786701718,15.603360503286456,7.55,7.23
DOM,2011,Dominican Republic,Dominican Republic,16355312.41,6994166.61,4.26,11.35,68.48,1,1,21.3,46.9,24.9,52.6,16.610063381718124,15.7605871611453,7.09,9.52
DOM,2012,Dominican Republic,Dominican Republic,16567213.96,7716051.03,4.55,11.6,72.6,1,1,19.4,55.0,29.1,55.4,16.622936298028144,15.858813396116178,7.05,-2.02
DOM,2013,Dominican Republic,Dominican Republic,15924834.73,8374815.14,3.77,11.43,72.55,1,1,20.4,55.0,36.2,54.0,16.583390444141667,15.940739682001588,7.66,1.18
DOM,2014,Dominican Republic,Dominican Republic,16972235.77,9122886.31,3.75,9.91,73.77,1,1,22.6,51.0,41.3,54.2,16.6470894358316,16.026296902954925,6.16,3.65
DOM,2015,Dominican Republic,Dominican Republic,16968055.84,8603609.9,4.38,12.06,72.81,1,1,20.5,54.8,34.8,52.2,16.646843125056026,15.967692545195137,7.680000000000001,-1.27
DOM,2016,Dominican Republic,Dominican Republic,18324887.83,9051340.63,4.65,11.61,77.09,1,1,22.9,54.8,37.6,52.7,16.72377073914287,16.018423551097534,6.959999999999999,1.59
DOM,2017,Dominican Republic,Dominican Republic,18440265.63,9276378.42,4.35,11.59,70.3,1,1,22.4,52.9,37.6,52.7,16.730047235315734,16.042981879927677,7.24,0.71
DOM,2018,Dominican Republic,Dominican Republic,21249922.42,9858486.06,4.35,13.22,74.76,1,1,22.4,47.6,40.5,50.5,16.8718638495635,16.10384327261469,8.870000000000001,2.0
DOM,2019,Dominican Republic,Dominican Republic,21435756.21,10515943.52,3.84,13.65,74.58,1,1,23.3,47.2,43.3,53.1,16.880570983259176,16.168403189047737,9.81,3.94
DOM,2020,Dominican Republic,Dominican Republic,18263195.38,10035861.78,4.24,11.96,72.65,1,1,25.7,52.4,47.6,54.6,16.72039846600472,16.121675513596976,7.720000000000001,-11.8
DOM,2021,Dominican Republic,Dominican Republic,25719477.58,11617077.67,4.97,12.47,71.41,1,1,31.0,55.7,48.6,57.0,17.062759184188845,16.26798687244479,7.500000000000001,18.93
DZA,1996,Algeria,Algeria,7469564.4,13896055.3,8.47,15.88,67.86,1,1,33.3,5.3,12.6,14.5,15.82634737603231,16.447115638420488,7.41,-8.1
DZA,1996,Latin America & Caribbean,Algeria,253774170.93,258541256.3,10.39,14.15,25.0,0,0,33.3,5.3,12.6,14.5,19.351955342620872,19.37056584188553,3.76,-8.1
DZA,1998,Algeria,Algeria,8807964.89,11852594.69,2.56,6.85,69.58,1,1,23.0,4.8,11.5,12.4,15.99116708476135,16.288057447128057,4.289999999999999,4.03
DZA,1998,Latin America & Caribbean,Algeria,314177682.46,289996061.03,9.99,14.51,26.65,0,0,23.0,4.8,11.5,12.4,19.565469254719687,19.4853779016457,4.52,4.03
DZA,2000,Algeria,Algeria,14649837.66,18698255.65,2.19,5.1,67.63,1,1,16.5,10.1,11.4,14.4,16.499939880397424,16.743940850206155,2.9099999999999997,-0.05
DZA,2000,Latin America & Caribbean,Algeria,405588361.88,371161513.72,8.62,12.69,41.04,0,0,16.5,10.1,11.4,14.4,19.82084931870539,19.73214787548414,4.07,-0.05
DZA,2002,Algeria,Algeria,20499508.79,17012296.95,6.58,15.94,62.01,1,1,22.8,6.9,33.8,18.9,16.835911531139796,16.64944704930998,9.36,9.89
DZA,2002,Latin America & Caribbean,Algeria,365659751.58,374778715.2,8.14,12.46,40.82,0,0,22.8,6.9,33.8,18.9,19.717213821224902,19.741846319629648,4.32,9.89
DZA,2003,Algeria,Algeria,23390275.89,22573068.31,1.73,4.23,62.06,1,1,29.6,5.5,33.3,18.9,16.967830976455236,16.932268130243436,2.5000000000000004,6.2
DZA,2003,Latin America & Caribbean,Algeria,382527339.48,421090486.43,7.81,11.65,44.23,0,0,29.6,5.5,33.3,18.9,19.762310687055493,19.858358303064605,3.8400000000000007,6.2
DZA,2004,Algeria,Algeria,30567970.01,29461476.74,1.32,3.67,62.54,1,1,29.1,10.7,34.1,23.6,17.235463319731036,17.198594128636874,2.3499999999999996,16.24
DZA,2004,Latin America & Caribbean,Algeria,461985887.9,519413176.11,5.71,11.05,56.64,0,0,29.1,10.7,34.1,23.6,19.951044905073058,20.06821022674019,5.340000000000001,16.24
DZA,2005,Algeria,Algeria,34061493.36,40724969.9,0.85,3.9,76.45,1,1,41.0,20.4,27.3,25.5,17.343678106575766,17.522351997903325,3.05,5.46
DZA,2005,Latin America & Caribbean,Algeria,545248644.65,615274722.8,6.31,10.5,54.14,0,0,41.0,20.4,27.3,25.5,20.116752479136462,20.237579431393506,4.19,5.46
DZA,2006,Algeria,Algeria,34946937.15,57096249.4,0.83,3.6,72.86,1,1,35.1,15.9,25.8,22.6,17.36934141622558,17.86024900521961,2.77,2.66
DZA,2006,Latin America & Caribbean,Algeria,660639559.35,722708521.24,5.48,9.78,58.74,0,0,35.1,15.9,25.8,22.6,20.308718954610793,20.398516548407287,4.299999999999999,2.66
DZA,2007,Algeria,Algeria,44167673.56,61136097.38,0.69,3.05,69.71,1,1,33.0,14.0,23.9,20.2,17.603503734688477,17.928613057866684,2.36,13.48
DZA,2007,Latin America & Caribbean,Algeria,778038936.06,826295772.94,5.31,9.49,59.78,0,0,33.0,14.0,23.9,20.2,20.472287128525284,20.532463347220478,4.180000000000001,13.48
DZA,2008,Algeria,Algeria,62826722.77,81405419.29,0.75,4.0,64.52,1,1,33.5,14.9,24.5,20.7,17.955891078661775,18.2149524170851,3.25,19.53
DZA,2008,Latin America & Caribbean,Algeria,961060041.31,973209937.4,5.07,9.14,60.99,0,0,33.5,14.9,24.5,20.7,20.68354744397347,20.696110380905345,4.07,19.53
DZA,2009,Algeria,Algeria,58835804.83,46674254.49,0.61,3.47,67.02,1,1,30.6,13.3,23.2,17.5,17.890261170225564,17.65870329632751,2.8600000000000003,-0.27
DZA,2009,Latin America & Caribbean,Algeria,742910613.12,751349522.46,5.75,9.47,61.41,0,0,30.6,13.3,23.2,17.5,20.426086291434157,20.437381512190782,3.7200000000000006,-0.27
DZA,2010,Algeria,Algeria,58864939.16,56547907.67,0.91,3.22,65.14,1,1,34.8,11.8,25.1,18.5,17.890756227930595,17.85059877787969,2.31,2.19
DZA,2010,Latin America & Caribbean,Algeria,973382363.33,944822820.28,5.0,8.58,56.85,0,0,34.8,11.8,25.1,18.5,20.696287537601393,20.66650797717044,3.58,2.19
DZA,2011,Algeria,Algeria,72789138.16,71286830.07,0.65,3.54,61.16,1,1,34.6,10.4,23.5,20.2,18.103077314674735,18.08222217085039,2.89,7.32
DZA,2011,Latin America & Caribbean,Algeria,1199199027.8,1171148272.59,5.3,8.38,60.13,0,0,34.6,10.4,23.5,20.2,20.904919694879084,20.88125053488692,3.080000000000001,7.32
DZA,2012,Algeria,Algeria,77812879.49,69822146.25,0.69,3.07,71.78,1,1,36.0,9.5,24.9,22.5,18.16981753444267,18.06146181325019,2.38,3.28
DZA,2012,Latin America & Caribbean,Algeria,1252011880.87,1193819150.44,5.16,8.46,64.2,0,0,36.0,9.5,24.9,22.5,20.948017599890786,20.90042337598931,3.3000000000000007,3.28
DZA,2013,Algeria,Algeria,81722919.59,63129582.57,0.59,2.83,66.31,1,1,39.3,12.8,31.0,23.9,18.218845066261856,17.960700053933646,2.24,4.41
DZA,2013,Latin America & Caribbean,Algeria,1249885735.02,1171062309.08,5.46,8.83,63.23,0,0,39.3,12.8,31.0,23.9,20.946317972898363,20.88117713114548,3.37,4.41
DZA,2014,Algeria,Algeria,86386488.36,59064360.23,0.58,2.79,71.0,1,1,31.3,9.5,22.6,25.1,18.27434184839858,17.894138275610604,2.21,3.32
DZA,2014,Latin America & Caribbean,Algeria,1231064659.47,1144314266.39,5.61,8.43,64.98,0,0,31.3,9.5,22.6,25.1,20.931145209552348,20.858071401435332,2.8199999999999994,3.32
DZA,2015,Algeria,Algeria,71243208.04,35596335.46,0.54,2.78,72.17,1,1,30.5,11.9,17.1,24.6,18.081610060851286,17.387753282099858,2.2399999999999998,-5.99
DZA,2015,Latin America & Caribbean,Algeria,1088150565.33,985888315.51,6.22,9.18,61.95,0,0,30.5,11.9,17.1,24.6,20.80774536397636,20.709053636891827,2.96,-5.99
DZA,2016,Algeria,Algeria,70257517.62,29204095.51,0.4,2.73,69.89,1,1,30.0,12.4,18.1,23.6,18.067677887070406,17.189819548836944,2.33,-4.66
DZA,2016,Latin America & Caribbean,Algeria,1008643065.64,953212077.99,6.47,9.31,62.78,0,0,30.0,12.4,18.1,23.6,20.73187176612025,20.675347975150114,2.8400000000000007,-4.66
DZA,2017,Algeria,Algeria,66724843.54,34087813.99,0.51,2.71,71.95,1,1,31.9,15.7,18.1,23.2,18.016087923390774,17.344450546724016,2.2,-1.11
DZA,2017,Latin America & Caribbean,Algeria,1108191430.52,1058412003.48,5.45,9.21,64.94,0,0,31.9,15.7,18.1,23.2,20.82599518247808,20.780035512801984,3.7600000000000007,-1.11
ECU,1996,Ecuador,Ecuador,3758047.09,5527256.82,11.99,18.02,27.55,1,1,30.1,22.3,38.2,51.5,15.139410255574042,15.525202377094914,6.029999999999999,-5.67
ECU,1998,Ecuador,Ecuador,5278644.1,5261541.37,13.92,17.24,25.77,1,1,28.3,37.8,34.0,53.7,15.479180012904019,15.475934767967223,3.3199999999999985,11.18
ECU,2000,Ecuador,Ecuador,3919807.65,6177280.69,13.94,17.97,44.55,1,1,27.7,28.6,31.8,43.8,15.181553396799703,15.636388876681798,4.029999999999999,6.87
ECU,2002,Ecuador,Ecuador,6735620.26,6287453.65,13.37,16.9,51.13,1,1,23.8,23.8,27.9,47.3,15.722920607076514,15.654066880640462,3.5299999999999994,9.51
ECU,2003,Ecuador,Ecuador,6507164.0,7485841.54,12.07,15.75,62.05,1,1,29.1,20.6,25.9,43.8,15.688414435463145,15.828524133295291,3.6799999999999997,0.8
ECU,2004,Ecuador,Ecuador,7617053.36,9941613.67,6.33,23.32,68.38,1,1,27.1,20.4,26.0,40.9,15.845900285997438,16.11224000709044,16.990000000000002,9.68
ECU,2005,Ecuador,Ecuador,9569219.82,12428690.09,11.49,14.45,64.08,1,1,25.4,23.8,24.9,36.5,16.074062341096663,16.33551815544823,2.959999999999999,10.56
ECU,2006,Ecuador,Ecuador,11555042.7,14841168.24,4.66,10.94,69.8,1,1,24.4,20.8,15.3,38.0,16.26263258359606,16.51291558235717,6.279999999999999,12.28
ECU,2007,Ecuador,Ecuador,12404212.11,16091448.13,5.3,11.27,67.76,1,1,26.7,20.3,14.4,43.3,16.333546739803033,16.593798578927963,5.97,5.82
ECU,2008,Ecuador,Ecuador,16036109.43,22208641.04,4.68,10.1,68.02,1,1,31.1,20.7,13.0,40.4,16.590353639101465,16.915992052173365,5.42,17.89
ECU,2009,Ecuador,Ecuador,14167139.89,15995753.12,5.81,11.59,67.59,1,1,24.9,23.2,10.4,39.3,16.46643581925451,16.58783387748787,5.78,-10.53
ECU,2010,Ecuador,Ecuador,19582758.79,19076444.44,5.65,10.48,61.34,1,1,26.2,26.1,11.8,38.9,16.7901601345724,16.763964908934923,4.83,16.81
ECU,2011,Ecuador,Ecuador,22252705.99,23889431.08,4.56,9.75,67.86,1,1,28.9,25.6,12.7,37.1,16.917974221648155,16.988946746729766,5.19,8.6
ECU,2012,Ecuador,Ecuador,25006427.7,26614952.81,4.25,9.51,67.13,1,1,37.0,27.5,14.6,38.5,17.034643497775594,17.09698378909998,5.26,1.86
ECU,2013,Ecuador,Ecuador,26426769.1,28017872.2,4.82,9.33,66.61,1,1,37.4,39.3,21.1,40.4,17.08988807328602,17.14835319306588,4.51,3.64
ECU,2014,Ecuador,Ecuador,26867115.12,28143278.12,4.26,9.37,70.56,1,1,26.9,45.2,14.4,39.9,17.106413647701075,17.152819131646215,5.109999999999999,0.83
ECU,2015,Ecuador,Ecuador,20548849.97,20819119.36,5.7,10.9,67.22,1,1,29.0,41.0,15.2,39.4,16.838315583474664,16.851382370498705,5.2,-11.84
ECU,2016,Ecuador,Ecuador,16339057.33,18384247.87,6.56,11.86,71.24,1,1,28.6,44.3,29.5,38.4,16.60906901599251,16.7270048162941,5.3,-13.0
ECU,2017,Ecuador,Ecuador,20868837.37,20530181.4,3.79,10.41,75.9,1,1,31.0,41.9,25.7,40.9,16.85376761722638,16.83740667351483,6.62,10.72
ECU,2018,Ecuador,Ecuador,24483349.47,22944248.69,3.67,10.16,75.89,1,1,29.5,42.5,27.1,46.6,17.013503871847732,16.94857790490595,6.49,8.07
ECU,2019,Ecuador,Ecuador,23098677.94,24707035.13,3.6,10.4,75.98,1,1,34.8,39.2,31.9,47.8,16.955285985112095,17.022598624595037,6.800000000000001,-1.33
ECU,2020,Ecuador,Ecuador,17876783.64,22314845.34,4.29,10.99,71.08,1,1,33.8,37.3,31.9,45.4,16.699013481560662,16.920762770070645,6.7,-10.89
ECU,2021,Ecuador,Ecuador,25064370.93,29349485.64,4.2,10.23,74.16,1,1,30.0,37.3,41.0,51.7,17.03695795071568,17.19478561311437,6.03,19.73
EGY,1996,"Egypt, Arab Rep.",Egypt,15888740.48,5957691.35,6.18,10.96,44.44,1,1,38.7,27.7,51.8,22.0,16.581121333362407,15.60019377446697,4.780000000000001,5.31
EGY,1998,"Egypt, Arab Rep.",Egypt,18990655.7,5009842.07,7.14,11.08,48.47,1,1,39.0,44.1,47.5,21.4,16.759457663549156,15.426915149217168,3.9400000000000004,11.86
EGY,2000,"Egypt, Arab Rep.",Egypt,25481954.63,6026704.81,5.92,10.01,54.17,1,1,39.4,47.6,49.8,22.4,17.053481137292845,15.611711119261226,4.09,-6.29
EGY,2002,"Egypt, Arab Rep.",Egypt,22610569.41,7086348.29,7.53,11.62,45.37,1,1,41.3,31.2,53.7,16.4,16.933928072153527,15.773680856164752,4.089999999999999,-0.89
EGY,2003,"Egypt, Arab Rep.",Egypt,24649678.03,8714703.73,5.46,9.65,46.07,1,1,38.1,27.6,51.7,18.4,17.020274437272864,15.980522355696776,4.19,-5.41
EGY,2004,"Egypt, Arab Rep.",Egypt,32153654.52,11810786.0,5.52,9.17,54.67,1,1,32.5,21.4,52.9,21.6,17.28603670420609,16.2845238243953,3.6500000000000004,7.03
EGY,2005,"Egypt, Arab Rep.",Egypt,37344504.72,14577266.16,3.6,8.9,71.03,1,1,36.1,26.7,54.1,21.2,17.43569635617895,16.49497382939043,5.300000000000001,24.21
EGY,2006,"Egypt, Arab Rep.",Egypt,43562321.51,21305514.89,2.8,7.7,68.06,1,1,26.3,22.2,46.9,14.4,17.58970317210082,16.87447655912662,4.9,2.0
EGY,2007,"Egypt, Arab Rep.",Egypt,55541224.68,25257785.99,3.21,7.59,66.68,1,1,27.2,27.1,47.8,14.9,17.83263610801858,17.044645061785044,4.38,14.52
EGY,2008,"Egypt, Arab Rep.",Egypt,74174196.81,31043730.7,2.82,8.04,63.74,1,1,25.2,28.8,51.4,13.5,18.121926909252885,17.250907468346984,5.219999999999999,40.69
EGY,2009,"Egypt, Arab Rep.",Egypt,67522280.4,24793855.09,3.2,7.54,65.87,1,1,38.8,25.6,52.6,14.2,18.027968196188265,17.026106442136555,4.34,-7.93
EGY,2010,"Egypt, Arab Rep.",Egypt,78644320.73,27995159.29,3.81,7.17,64.12,1,1,32.4,19.4,50.2,13.7,18.18044598816804,17.147542206414037,3.36,8.01
EGY,2011,"Egypt, Arab Rep.",Egypt,80846278.3,34040673.54,3.22,7.05,64.49,1,1,30.3,6.6,39.0,14.1,18.20806012313871,17.34306667757182,3.8299999999999996,8.4
EGY,2012,"Egypt, Arab Rep.",Egypt,86630740.47,32545350.23,2.58,6.66,73.77,1,1,33.6,7.6,37.1,25.8,18.277165292873907,17.298145097064356,4.08,5.91
EGY,2013,"Egypt, Arab Rep.",Egypt,84059589.78,31026335.43,2.89,6.81,75.16,1,1,33.6,7.1,27.2,16.9,18.247036519340007,17.25034696403373,3.9199999999999995,-2.32
EGY,2014,"Egypt, Arab Rep.",Egypt,97570368.71,29359168.12,2.64,6.73,78.12,1,1,34.6,7.6,27.9,14.8,18.396084416253956,17.195115461582624,4.09,3.44
EGY,2015,"Egypt, Arab Rep.",Egypt,90514992.14,24661398.75,2.99,7.72,77.63,1,1,32.9,8.1,31.4,14.8,18.321026065003636,17.020749816052266,4.7299999999999995,1.85
EGY,2016,"Egypt, Arab Rep.",Egypt,86670472.02,25190560.54,2.94,7.7,77.73,1,1,31.9,9.0,34.3,14.3,18.2776238188088,17.04197994025976,4.76,-2.27
EGY,2017,"Egypt, Arab Rep.",Egypt,88451473.39,29446577.63,2.77,7.38,79.9,1,1,39.0,9.0,35.7,13.3,18.297964647622774,17.198088285761184,4.609999999999999,-2.8
EGY,2018,"Egypt, Arab Rep.",Egypt,96045812.83,32455575.11,2.83,7.22,76.43,1,1,34.8,11.8,43.3,13.1,18.380335862991167,17.29538282333206,4.39,11.12
EGY,2019,"Egypt, Arab Rep.",Egypt,95663549.91,33136937.03,2.85,7.75,77.19,1,1,28.6,12.3,42.9,8.2,18.37634791564039,17.316159170703063,4.9,-3.16
EGY,2020,"Egypt, Arab Rep.",Egypt,90884818.1,29117465.37,3.02,8.47,76.3,1,1,23.8,11.8,41.9,7.7,18.32510353859989,17.186848770982746,5.450000000000001,-11.7
EGY,2021,"Egypt, Arab Rep.",Egypt,121503619.97,41077918.43,2.93,7.49,74.89,1,1,26.7,14.6,43.8,8.2,18.61545462252302,17.530981294955282,4.5600000000000005,10.63
ERI,1998,Eritrea,Eritrea,334375.63,29735.86,0.2,9.25,78.06,0,0,69.5,17.0,32.5,13.4,12.72002327138688,10.300142632731868,9.05,14.47
ERI,1998,Ethiopia(excludes Eritrea),Eritrea,1307227.03,583143.26,4.05,18.24,59.59,1,1,69.5,17.0,32.5,13.4,14.083419445636439,13.276189878977208,14.189999999999998,14.47
ERI,2000,Eritrea,Eritrea,223913.0,14117.9,1.85,10.41,81.23,0,0,69.1,22.2,27.9,8.0,12.319017328546305,9.555269604329863,8.56,-4.63
ERI,2000,Ethiopia(excludes Eritrea),Eritrea,1411561.62,461346.74,3.21,14.78,62.15,1,1,69.1,22.2,27.9,8.0,14.160207889843232,13.041907354327748,11.57,-4.63
ERI,2002,Eritrea,Eritrea,327116.44,12033.73,4.84,12.75,83.55,0,0,60.3,36.5,29.9,2.0,12.698074529133605,9.395551915399663,7.91,-6.55
ERI,2002,Ethiopia(excludes Eritrea),Eritrea,1338398.41,439505.68,4.24,15.53,70.32,1,1,60.3,36.5,29.9,2.0,14.106984987829788,12.993408195081738,11.29,-6.55
ERI,2003,Eritrea,Eritrea,401170.14,17148.65,2.34,9.69,84.98,1,0,58.7,26.1,25.4,1.5,12.902143398285121,9.749733044222571,7.35,22.8
ERI,2003,Ethiopia(excludes Eritrea),Eritrea,2126152.0,512941.25,7.21,16.62,78.89,1,1,58.7,26.1,25.4,1.5,14.569824801428176,13.147918544716664,9.41,22.8
ERI,2004,Eritrea,Eritrea,464807.56,11678.08,2.7,8.1,86.93,0,0,51.7,25.2,18.3,1.4,13.049380900873492,9.365554486156638,5.3999999999999995,9.76
ERI,2004,Ethiopia(excludes Eritrea),Eritrea,2306026.02,647502.73,5.81,16.88,75.61,1,1,51.7,25.2,18.3,1.4,14.651036697001818,13.380879833156998,11.07,9.76
ERI,2005,Eritrea,Eritrea,470229.16,27535.81,2.99,9.69,84.73,0,0,47.3,23.3,18.2,0.0,13.060977555948943,10.223278934055864,6.699999999999999,24.52
ERI,2005,Ethiopia(excludes Eritrea),Eritrea,3082273.51,901583.36,7.21,17.21,70.09,1,1,47.3,23.3,18.2,0.0,14.941178359682311,13.711908894618468,10.0,24.52
ERI,2006,Eritrea,Eritrea,351652.77,20015.73,3.29,9.85,77.61,0,0,42.4,19.8,11.0,1.4,12.77040236256594,9.904323702864989,6.56,9.17
ERI,2006,Ethiopia(excludes Eritrea),Eritrea,3176918.9,1155902.9,11.28,15.54,70.27,1,1,42.4,19.8,11.0,1.4,14.971422700469224,13.960393193270956,4.26,9.17
ERI,2007,Eritrea,Eritrea,431239.36,74618.7,0.8,3.46,77.98,0,0,39.3,16.9,8.6,1.9,12.974420893454672,11.220159826397193,2.66,4.5
ERI,2007,Ethiopia(excludes Eritrea),Eritrea,4162860.48,1256676.33,6.18,16.02,76.82,1,1,39.3,16.9,8.6,1.9,15.241713251542325,14.043981756131224,9.84,4.5
ERI,2008,Eritrea,Eritrea,342189.59,28883.15,3.54,9.58,66.34,0,0,42.7,22.6,7.7,1.0,12.743123141523272,10.271048280744127,6.04,21.56
ERI,2008,Ethiopia(excludes Eritrea),Eritrea,4992369.38,1558174.75,5.07,15.83,74.49,1,1,42.7,22.6,7.7,1.0,15.423421380990646,14.259026303928888,10.76,21.56
ERI,2009,Eritrea,Eritrea,444284.98,34493.05,5.84,10.09,75.3,0,0,37.8,22.7,7.6,0.5,13.004223733170663,10.448542124377749,4.25,-3.73
ERI,2009,Ethiopia(excludes Eritrea),Eritrea,5283127.82,1588542.76,8.8,15.18,75.39,1,1,37.8,22.7,7.6,0.5,15.48002905972197,14.278328280313527,6.379999999999999,-3.73
ERI,2010,Eritrea,Eritrea,585011.57,18385.99,3.27,7.34,58.33,0,0,35.2,19.9,6.2,0.5,13.279388613162634,9.819398628291182,4.07,4.07
ERI,2010,Ethiopia(excludes Eritrea),Eritrea,6015986.59,1548513.61,5.38,16.39,62.75,1,1,35.2,19.9,6.2,0.5,15.609931081777237,14.25280671328792,11.010000000000002,4.07
ERI,2011,Eritrea,Eritrea,714075.04,352453.29,0.17,5.65,64.0,0,0,29.9,21.3,6.1,0.5,13.478744734250588,12.772676219067225,5.48,3.15
ERI,2011,Ethiopia(excludes Eritrea),Eritrea,7159344.48,1988840.02,6.46,16.82,74.25,1,1,29.9,21.3,6.1,0.5,15.783929121350546,14.503062625028697,10.36,3.15
ERI,2012,Eritrea,Eritrea,696213.67,592565.74,0.15,5.41,72.66,0,0,25.6,23.7,4.2,0.9,13.453413325668643,13.292218786998074,5.26,16.49
ERI,2012,Ethiopia(excludes Eritrea),Eritrea,8630989.64,2180484.73,4.79,15.9,78.69,1,1,25.6,23.7,4.2,0.9,15.970869846738223,14.595058221872986,11.11,16.49
ERI,2013,Eritrea,Eritrea,661013.14,326975.76,0.77,6.31,80.62,0,0,20.9,21.3,4.2,0.9,13.401530510435581,12.697644377017383,5.539999999999999,-1.36
ERI,2013,Ethiopia(excludes Eritrea),Eritrea,8442592.16,2217390.47,6.3,16.23,78.42,1,1,20.9,21.3,4.2,0.9,15.948800065827113,14.611842049465329,9.93,-1.36
ERI,2014,Eritrea,Eritrea,513896.23,585543.26,0.79,4.33,50.2,0,0,19.7,19.0,2.4,1.5,13.149778582812067,13.280297052672683,3.54,17.68
ERI,2014,Ethiopia(excludes Eritrea),Eritrea,11173351.49,2722231.35,8.06,13.9,58.01,1,1,19.7,19.0,2.4,1.5,16.229042259407382,14.816962818579977,5.84,17.68
ERI,2015,Eritrea,Eritrea,476427.88,455659.11,0.48,3.59,28.33,0,0,6.2,19.0,3.3,1.0,13.0740737359525,13.02950243776108,3.11,2.83
ERI,2015,Ethiopia(excludes Eritrea),Eritrea,12201471.67,2946866.48,6.79,13.17,57.02,1,1,6.2,19.0,3.3,1.0,16.317067213074278,14.896253292944923,6.38,2.83
ERI,2016,Eritrea,Eritrea,420182.1,382388.12,0.3,3.51,60.46,0,0,8.1,22.9,4.3,1.0,12.948445847640873,12.854194007871776,3.21,-0.67
ERI,2016,Ethiopia(excludes Eritrea),Eritrea,12016432.18,2687093.79,6.13,12.17,57.78,1,1,8.1,22.9,4.3,1.0,16.30178570260257,14.803971164236286,6.04,-0.67
ERI,2017,Eritrea,Eritrea,477266.87,433905.61,0.21,3.5,65.93,0,0,10.5,20.5,4.8,0.5,13.07583318457479,12.980584605595274,3.29,-4.97
ERI,2017,Ethiopia(excludes Eritrea),Eritrea,12532941.82,2740298.69,12.52,11.51,66.35,1,1,10.5,20.5,4.8,0.5,16.34387116122787,14.823577848295551,-1.0099999999999998,-4.97
ERI,2018,Eritrea,Eritrea,491893.62,510175.47,0.06,3.78,55.35,0,0,9.0,25.0,5.2,0.5,13.106019785541266,13.142511964457373,3.7199999999999998,-2.48
ERI,2018,Ethiopia(excludes Eritrea),Eritrea,12151708.74,2583723.48,12.8,12.02,62.47,1,1,9.0,25.0,5.2,0.5,16.31298043719236,14.764742512812742,-0.7800000000000011,-2.48
ERI,2019,Eritrea,Eritrea,460099.34,496272.21,0.02,4.73,63.19,0,0,6.7,21.7,5.2,0.5,13.039199875113075,13.114881880670675,4.710000000000001,1.81
ERI,2019,Ethiopia(excludes Eritrea),Eritrea,12354855.16,2760585.53,4.92,12.1,57.6,1,1,6.7,21.7,5.2,0.5,16.329559755086976,14.830953725985662,7.18,1.81
ERI,2020,Eritrea,Eritrea,423676.3,647981.27,0.02,4.01,47.42,0,0,8.6,15.1,5.2,0.5,12.95672735953628,13.381618613848978,3.9899999999999998,-4.76
ERI,2020,Ethiopia(excludes Eritrea),Eritrea,10206811.9,2969418.22,5.27,10.53,57.69,1,1,8.6,15.1,5.2,0.5,16.13856598666017,14.903876942835169,5.26,-4.76
ERI,2021,Eritrea,Eritrea,364390.13,669873.95,0.06,3.32,60.08,0,0,9.5,13.7,5.2,0.5,12.805983102688588,13.414846332156356,3.26,4.15
ERI,2021,Ethiopia(excludes Eritrea),Eritrea,9895243.06,3721390.94,7.42,10.05,58.37,1,1,9.5,13.7,5.2,0.5,16.10756480169694,15.129608333681771,2.630000000000001,4.15
ESP,1996,Spain,Spain,111710749.12,94035951.15,10.18,12.99,25.52,1,1,82.8,53.2,90.5,89.5,18.531423500411247,18.359187736792244,2.8100000000000005,4.22
ESP,1998,Spain,Spain,126946132.96,104647263.51,10.68,13.65,28.38,1,1,90.4,52.1,90.0,89.6,18.65927341240194,18.466105867097536,2.9700000000000006,3.98
ESP,2000,Spain,Spain,149159043.89,108817084.3,12.13,11.86,27.08,1,1,89.4,65.6,90.5,88.6,18.820523709996145,18.50517891406492,-0.27000000000000135,2.7
ESP,2002,Spain,Spain,159886399.35,119546962.59,10.98,11.57,25.75,1,1,88.4,63.0,86.6,90.0,18.889974123217787,18.599219852884406,0.5899999999999999,3.45
ESP,2003,Spain,Spain,203434843.14,146340481.69,10.91,10.91,28.19,1,1,88.9,41.2,87.1,89.6,19.130856335363358,18.801446537829367,0.0,13.29
ESP,2004,Spain,Spain,246096971.52,173059261.36,9.42,9.79,34.07,1,1,89.2,41.7,85.1,89.4,19.32123621345709,18.96914465079702,0.3699999999999992,9.83
ESP,2005,Spain,Spain,275421892.3,185031012.84,8.38,9.72,33.1,1,1,88.8,53.4,85.6,84.1,19.43381463746808,19.036034011370564,1.3399999999999999,6.19
ESP,2006,Spain,Spain,318430934.83,209623734.46,8.21,9.21,34.69,1,1,84.9,41.1,87.1,85.6,19.57891616748485,19.160824745698278,1.0,6.74
ESP,2007,Spain,Spain,369189681.21,247080740.85,7.45,8.71,36.2,1,1,83.0,35.7,86.1,87.0,19.726821113859017,19.3252257312563,1.2600000000000007,8.9
ESP,2008,Spain,Spain,384223478.37,271483394.67,7.32,8.89,36.59,1,1,83.5,30.3,86.1,87.5,19.766734918794796,19.41941153771483,1.5700000000000003,3.44
ESP,2009,Spain,Spain,277420151.59,212721553.72,7.12,7.97,38.64,1,1,81.3,30.3,86.3,88.2,19.44104371133171,19.17549461363502,0.8499999999999996,-17.14
ESP,2010,Spain,Spain,299182519.17,237730070.99,7.43,8.11,35.73,1,1,83.8,33.6,85.8,85.3,19.51656438046626,19.286646436696937,0.6799999999999997,5.2
ESP,2011,Spain,Spain,329683203.45,276850947.45,6.96,8.01,37.05,1,1,83.4,48.3,85.4,83.1,19.613642764827482,19.438989827089763,1.0499999999999998,7.26
ESP,2012,Spain,Spain,296704663.4,267454244.39,6.9,8.14,42.05,1,1,83.4,42.7,83.1,82.2,19.50824780606771,19.404459064399397,1.2400000000000002,-4.81
ESP,2013,Spain,Spain,303538409.77,281931563.19,6.84,8.24,40.22,1,1,79.6,46.9,82.2,78.4,19.531018719829834,19.457174919273484,1.4000000000000004,0.54
ESP,2014,Spain,Spain,325776253.81,290663323.66,6.46,7.8,45.37,1,1,73.1,55.2,80.3,76.8,19.601721368756685,19.487676195409687,1.3399999999999999,2.58
ESP,2015,Spain,Spain,290083894.04,261242864.47,6.47,8.43,45.6,1,1,71.9,55.7,78.1,82.8,19.48568073234895,19.38096105166465,1.96,-7.06
ESP,2016,Spain,Spain,291560541.1,266630835.42,7.24,8.61,41.49,1,1,68.1,60.0,80.5,82.3,19.490758233785105,19.401375624511516,1.3699999999999992,-0.29
ESP,2017,Spain,Spain,321041353.22,294758139.73,6.33,8.59,51.06,1,1,67.1,57.1,81.9,82.3,19.587080502142296,19.501665716101286,2.26,6.16
ESP,2018,Spain,Spain,355364959.88,316872964.78,6.38,8.97,52.34,1,1,72.9,56.6,80.5,81.6,19.68865587816603,19.574011512659922,2.5900000000000007,7.02
ESP,2019,Spain,Spain,342330705.64,305695183.13,14.99,11.91,46.71,1,1,73.8,58.0,81.0,80.7,19.651287806283893,19.53809903315503,-3.08,-2.01
ESP,2020,Spain,Spain,298552429.55,293137830.31,7.79,9.24,46.73,1,1,75.7,59.0,76.7,80.2,19.514456122106516,19.496153470398653,1.4500000000000002,-6.29
ESP,2021,Spain,Spain,381128434.5,361348321.25,7.38,9.54,51.05,1,1,75.7,61.8,78.1,79.2,19.75864697733505,19.705352932677087,2.1599999999999993,13.67
EST,1996,Estonia,Estonia,3132069.53,2237609.34,5.78,11.87,27.75,1,1,69.9,72.9,66.3,74.5,14.957204854996366,14.620919041881734,6.089999999999999,12.52
EST,1998,Estonia,Estonia,4234498.87,3026386.71,4.27,10.66,38.84,1,1,73.3,68.6,66.0,78.1,15.25877578464359,14.922880291362231,6.390000000000001,3.86
EST,2000,Estonia,Estonia,5124716.69,4702310.3,5.1,9.45,46.39,1,1,77.7,77.8,68.2,77.1,15.44958599659347,15.363564711760482,4.35,10.87
EST,2002,Estonia,Estonia,6306651.43,4314539.11,5.18,9.91,46.71,1,1,76.2,79.9,71.1,79.6,15.657115575517771,15.277501297445404,4.73,6.12
EST,2003,Estonia,Estonia,7436203.92,5311977.53,3.88,9.83,62.22,1,1,81.0,77.4,71.1,82.6,15.821871185270549,15.48547492833807,5.95,16.39
EST,2004,Estonia,Estonia,9226643.37,7083167.51,4.57,6.91,48.34,1,1,82.8,71.4,76.9,83.7,16.03760598349647,15.773231895219388,2.34,6.78
EST,2005,Estonia,Estonia,11684305.02,8429277.42,5.34,7.75,42.06,1,1,81.0,65.5,80.4,80.8,16.2737571335196,15.947221729635904,2.41,10.28
EST,2006,Estonia,Estonia,15871800.98,9462474.41,4.03,6.56,48.12,1,1,81.5,69.1,87.6,84.6,16.580054632370498,16.062844578045468,2.5299999999999994,15.32
EST,2007,Estonia,Estonia,16444663.2,9906422.24,4.48,7.8,44.08,1,1,78.6,68.6,85.6,84.1,16.61551161781639,16.10869391683844,3.3199999999999994,6.62
EST,2008,Estonia,Estonia,16760749.95,10552712.69,4.17,9.03,41.89,1,1,80.1,65.9,85.6,85.6,16.634550458100367,16.17189360661144,4.859999999999999,2.03
EST,2009,Estonia,Estonia,10779970.65,7697017.33,4.49,7.61,44.79,1,1,80.4,64.5,84.4,83.9,16.19320049357154,15.856343581960935,3.12,-19.13
EST,2010,Estonia,Estonia,13718796.79,10394703.32,5.18,6.98,45.5,1,1,80.5,67.8,85.3,83.4,16.434277551787183,16.156807034425256,1.8000000000000007,7.89
EST,2011,Estonia,Estonia,20111532.1,15493088.27,4.31,6.12,46.1,1,1,80.6,67.3,85.9,87.3,16.81680399454667,16.555904628918842,1.8100000000000005,19.87
EST,2012,Estonia,Estonia,22326609.32,13516622.8,4.82,6.56,46.44,1,1,81.5,67.3,85.9,85.9,16.92128981292061,16.419430878459217,1.7399999999999993,2.88
EST,2013,Estonia,Estonia,22210497.65,14104681.96,5.01,6.6,50.39,1,1,82.9,68.2,86.4,85.9,16.916075647216957,16.462017425029853,1.5899999999999999,0.29
EST,2014,Estonia,Estonia,21618630.71,16457001.04,4.95,6.67,49.4,1,1,88.0,72.9,87.0,88.2,16.889066080013443,16.61626160053692,1.7199999999999998,0.0
EST,2015,Estonia,Estonia,16785449.32,12406003.18,4.03,5.8,50.76,1,1,88.6,65.2,87.1,87.2,16.636023016752503,16.333691121448883,1.7699999999999996,-11.72
EST,2016,Estonia,Estonia,17324390.89,13547883.18,3.93,5.46,49.95,1,1,88.1,68.1,85.7,89.2,16.667626002279917,16.421740944019955,1.5299999999999998,-0.16
EST,2017,Estonia,Estonia,19004415.78,13915578.07,3.05,6.09,58.91,1,1,86.7,68.6,85.7,89.7,16.76018197222085,16.448519566880424,3.04,5.25
EST,2018,Estonia,Estonia,20763563.34,15252799.62,3.51,6.1,58.89,1,1,90.0,65.1,85.7,88.8,16.84871029420269,16.540273691369723,2.59,6.83
EST,2019,Estonia,Estonia,19968395.35,14799306.16,4.4,7.63,56.0,1,1,91.0,67.5,86.2,87.4,16.809661399213113,16.51009092412504,3.2299999999999995,-2.96
EST,2020,Estonia,Estonia,19515682.05,14439159.76,3.65,5.86,56.76,1,1,92.4,70.8,88.1,87.9,16.786728959265385,16.4854545706264,2.2100000000000004,-2.46
EST,2021,Estonia,Estonia,25773935.95,18604298.22,3.12,6.05,60.19,1,1,90.0,70.8,88.6,88.4,17.064874343563805,16.73890325283471,2.9299999999999997,16.73
FIN,1996,Finland,Finland,30319498.06,36257493.63,7.16,9.02,33.23,1,1,99.5,97.3,99.0,95.0,17.22730159683415,17.406156666309244,1.8599999999999994,2.24
FIN,1998,Finland,Finland,31669270.93,39808184.1,6.74,9.56,41.15,1,1,100.0,98.9,100.0,95.0,17.270857428986275,17.49958310488931,2.8200000000000003,2.22
FIN,2000,Finland,Finland,35971935.37,44876354.49,7.2,8.06,39.81,1,1,100.0,99.5,100.0,99.5,17.398249647139185,17.61942161022182,0.8600000000000003,3.53
FIN,2002,Finland,Finland,36139156.2,44137834.52,6.98,7.9,35.38,1,1,100.0,100.0,99.5,99.5,17.402887522435844,17.60282792088912,0.9199999999999999,0.26
FIN,2003,Finland,Finland,45738254.02,51100333.5,6.37,7.13,44.12,1,1,100.0,100.0,100.0,99.0,17.638445595853042,17.749301601140765,0.7599999999999998,11.53
FIN,2004,Finland,Finland,56885112.13,61470654.54,5.63,5.84,42.74,1,1,100.0,100.0,99.5,99.5,17.856544232703207,17.93407047321546,0.20999999999999996,10.38
FIN,2005,Finland,Finland,65694593.29,69623871.99,5.05,6.51,40.3,1,1,100.0,100.0,100.0,99.5,18.00052720137874,18.058618069222543,1.46,7.42
FIN,2006,Finland,Finland,78014351.42,79872642.23,4.87,6.18,44.12,1,1,99.5,100.0,99.0,97.1,18.172403373111568,18.19594396449897,1.3099999999999996,8.97
FIN,2007,Finland,Finland,88258087.89,91548475.8,4.85,5.71,43.03,1,1,99.5,100.0,98.6,96.6,18.295775908387466,18.332379191043596,0.8600000000000003,8.4
FIN,2008,Finland,Finland,101254496.67,99696094.34,4.83,6.36,43.27,1,1,99.0,99.5,98.1,96.6,18.433147684396417,18.417637070072857,1.5300000000000002,6.31
FIN,2009,Finland,Finland,64243517.21,68006779.55,4.86,5.77,45.18,1,1,98.6,99.1,100.0,96.7,17.97819139275943,18.03511797213986,0.9099999999999993,-18.77
FIN,2010,Finland,Finland,71681438.51,71633667.89,5.26,5.83,44.1,1,1,98.1,97.2,100.0,96.7,18.087742408879077,18.08707575729848,0.5700000000000003,6.32
FIN,2011,Finland,Finland,84442105.26,83036082.56,4.76,5.68,44.21,1,1,99.1,98.1,100.0,96.2,18.25157672449877,18.23478581297483,0.9199999999999999,10.43
FIN,2012,Finland,Finland,78648960.81,75545150.71,4.72,5.73,47.86,1,1,98.1,98.1,99.5,96.7,18.18050498725429,18.14024107136109,1.0100000000000007,-4.75
FIN,2013,Finland,Finland,78921899.57,76601766.67,4.39,5.63,46.05,1,1,98.1,97.2,99.5,97.2,18.18396932106389,18.154130711076412,1.2400000000000002,0.98
FIN,2014,Finland,Finland,77626936.61,77086563.1,4.15,5.48,50.38,1,1,98.6,96.2,100.0,97.5,18.167425059065813,18.160439557459036,1.33,-0.53
FIN,2015,Finland,Finland,60099743.26,64827845.5,3.6,5.43,50.66,1,1,99.5,85.7,100.0,96.6,17.911516144255117,17.987245798953307,1.8299999999999996,-11.47
FIN,2016,Finland,Finland,59785634.25,62942539.72,4.09,5.18,46.62,1,1,99.0,84.8,100.0,97.0,17.906275976854342,17.957732816119766,1.0899999999999999,0.27
FIN,2017,Finland,Finland,67065307.95,72067326.42,3.56,5.45,55.54,1,1,98.6,86.7,100.0,98.5,18.021177463032537,18.093111343099388,1.8900000000000001,7.64
FIN,2018,Finland,Finland,75153175.7,79708232.57,4.03,5.83,54.47,1,1,100.0,77.8,100.0,98.5,18.13503894472693,18.19388344545099,1.7999999999999998,5.72
FIN,2019,Finland,Finland,71016318.19,75981136.92,4.08,5.59,51.39,1,1,98.6,75.9,100.0,99.5,18.078420256341122,18.145995682184388,1.5099999999999998,-3.0
FIN,2020,Finland,Finland,65265356.67,67783610.53,3.73,5.28,51.22,1,1,99.5,80.7,100.0,99.5,17.993971943062743,18.03183100584555,1.5500000000000003,-3.77
FIN,2021,Finland,Finland,81407267.8,82913195.8,3.5,5.44,56.68,1,1,99.5,83.5,100.0,99.5,18.2149751242833,18.233304796821038,1.9400000000000004,12.41
FJI,2002,Fiji,Fiji,791078.22,517448.72,28.11,22.62,70.51,1,1,73.5,64.6,54.2,50.2,13.581153393441644,13.15666763998109,-5.489999999999998,3.86
FJI,2003,Fiji,Fiji,917115.78,602288.88,30.01,25.68,65.47,1,1,65.1,60.3,52.7,49.8,13.728990093184798,13.30849413663264,-4.330000000000002,16.53
FJI,2004,Fiji,Fiji,1143752.24,690975.72,26.64,26.39,69.52,1,1,63.5,59.7,56.7,47.1,13.94982572835474,13.445861411878369,-0.25,8.53
FJI,2005,Fiji,Fiji,1366600.7,676622.33,24.58,27.07,71.98,1,1,49.8,57.3,56.0,52.9,14.12783770529116,13.42487001596396,2.490000000000002,12.41
FJI,2006,Fiji,Fiji,1490288.31,703665.68,26.44,27.26,68.12,1,1,60.0,44.4,54.5,35.6,14.214480826858752,13.464060057110713,0.8200000000000003,5.94
FJI,2007,Fiji,Fiji,1432033.73,674415.96,23.95,24.59,69.73,1,1,59.7,44.9,32.5,29.8,14.17460687900193,13.421603833633522,0.6400000000000006,-0.67
FJI,2008,Fiji,Fiji,1751114.51,743153.5,19.76,20.72,70.64,1,1,59.7,41.8,35.1,28.4,14.375763577110469,13.518659242863828,0.9599999999999973,12.78
FJI,2009,Fiji,Fiji,1284269.33,663043.27,28.78,21.3,64.41,1,1,53.1,36.0,21.3,22.7,14.065701278455336,13.404597039186193,-7.48,-20.33
FJI,2010,Fiji,Fiji,1494063.59,757001.24,4.16,13.81,70.99,1,1,53.3,38.9,27.5,15.2,14.21701087667211,13.537121491464084,9.65,12.18
FJI,2011,Fiji,Fiji,2065106.84,837126.77,3.96,16.14,54.76,1,1,60.2,43.1,29.1,16.4,14.540693005774,13.63773199015118,12.18,9.84
FJI,2012,Fiji,Fiji,2017158.58,783727.42,5.02,15.6,53.67,1,1,63.0,42.2,31.0,19.7,14.517200931307963,13.571817836259921,10.58,1.61
FJI,2013,Fiji,Fiji,2872565.08,749061.62,3.82,17.34,64.89,1,1,63.0,44.1,28.2,23.0,14.87071629279206,13.526577863811077,13.52,12.0
FJI,2014,Fiji,Fiji,2370308.25,798535.18,4.45,17.91,72.2,1,1,65.9,64.3,34.6,41.9,14.678530989830923,13.590535555566907,13.46,7.25
FJI,2015,Fiji,Fiji,2223243.51,724330.03,5.81,18.19,70.3,1,1,64.8,63.8,42.9,48.8,14.614478177900915,13.493003790629828,12.380000000000003,-16.47
FJI,2016,Fiji,Fiji,2095589.74,680702.06,6.69,17.61,64.48,1,1,64.3,78.6,51.9,48.8,14.555346047724228,13.43088145479835,10.919999999999998,0.75
FJI,2017,Fiji,Fiji,2154938.87,759338.4,7.33,17.32,63.26,1,1,72.4,65.7,51.9,50.2,14.583273378578497,13.540204123753682,9.99,2.24
FJI,2018,Fiji,Fiji,2552783.71,672864.27,10.12,28.55,66.2,1,1,75.7,74.1,58.6,51.5,14.75269536442651,13.419300395420604,18.43,6.5
FJI,2019,Fiji,Fiji,2800417.88,671605.53,16.07,33.98,80.66,1,1,74.8,72.6,64.3,46.4,14.845279563956467,13.417427927187688,17.909999999999997,0.95
FJI,2020,Fiji,Fiji,1508293.54,643651.3,7.61,14.22,76.44,1,1,71.9,68.4,57.1,50.2,14.22649012678029,13.374913952452017,6.61,-21.12
FJI,2021,Fiji,Fiji,2119389.86,715307.46,7.05,14.27,71.05,1,1,65.7,69.3,59.0,39.1,14.566639275172287,13.480469141231902,7.22,10.57
FRA,1996,France,France,266900435.5,265395724.72,11.06,12.27,28.84,1,1,84.9,76.6,92.0,89.0,19.4023862498174,19.39673257468371,1.209999999999999,0.28
FRA,1998,France,France,281170014.16,292248996.16,11.1,12.72,32.03,1,1,89.8,69.7,91.0,86.1,19.454470080494023,19.493116726864884,1.620000000000001,3.59
FRA,2000,France,France,312137281.33,296660197.44,11.33,10.34,29.54,1,1,88.8,74.1,91.0,86.1,19.558953656466805,19.508097928773424,-0.9900000000000002,2.95
FRA,2002,France,France,319824836.15,306866795.53,11.11,10.39,26.44,1,1,84.1,79.4,85.6,85.6,19.583284019982532,19.541924323870614,-0.7199999999999989,1.68
FRA,2003,France,France,382193540.84,366696737.08,10.53,10.18,28.26,1,1,85.7,50.3,89.6,85.1,19.761437692296443,19.720045737665203,-0.34999999999999964,9.23
FRA,2004,France,France,453342516.38,426670574.72,9.0,8.67,33.43,1,1,88.7,56.3,91.8,91.8,19.932158506747523,19.871522788011607,-0.33000000000000007,9.45
FRA,2005,France,France,489839936.62,441993545.07,8.53,8.93,32.67,1,1,89.8,57.8,90.4,92.8,20.00958923778626,19.906805838283784,0.40000000000000036,4.68
FRA,2006,France,France,552593941.81,497660921.29,8.25,8.42,33.62,1,1,91.7,64.3,90.4,91.8,20.130134009137635,20.02542952414985,0.16999999999999993,5.53
FRA,2007,France,France,628656382.19,573830777.17,7.65,7.8,35.28,1,1,91.7,64.7,90.4,91.3,20.25909537475769,20.16784509926785,0.14999999999999947,7.41
FRA,2008,France,France,702057974.68,622724898.46,7.55,8.26,35.94,1,1,91.3,64.9,90.9,91.3,20.369526545018758,20.24961540532878,0.71,6.62
FRA,2009,France,France,571594590.28,496668406.06,7.23,7.59,37.61,1,1,90.4,63.5,90.0,90.5,20.16394054155394,20.02343317237718,0.35999999999999943,-11.81
FRA,2010,France,France,587219459.75,519786441.07,7.56,7.84,34.68,1,1,91.0,68.7,90.5,90.0,20.190909176319632,20.068928596857276,0.28000000000000025,5.29
FRA,2011,France,France,684472937.5,590009429.59,7.65,7.9,36.57,1,1,91.0,65.4,89.7,88.7,20.344159667214402,20.19564907878714,0.25,9.14
FRA,2012,France,France,633467871.64,568994490.36,6.83,7.78,40.78,1,1,90.5,63.5,89.7,89.7,20.266719842374744,20.15938131077836,0.9500000000000002,-3.35
FRA,2013,France,France,642929414.87,581311484.96,7.14,7.76,39.78,1,1,87.7,62.1,89.2,89.7,20.281545503034856,20.180797291568062,0.6200000000000001,0.34
FRA,2014,France,France,635833423.46,595599904.8,7.05,7.44,43.59,1,1,87.5,58.1,88.5,89.7,20.270447175773246,20.205079700614277,0.39000000000000057,-0.85
FRA,2015,France,France,540033592.34,518121260.42,6.95,8.17,44.58,1,1,87.6,51.4,87.6,89.7,20.107141905476528,20.065719868233106,1.2199999999999998,-7.6
FRA,2016,France,France,539721799.94,508797391.96,7.3,7.92,40.93,1,1,89.5,42.9,87.6,85.2,20.106564381325562,20.047560446077686,0.6200000000000001,-0.25
FRA,2017,France,France,586856959.86,557683973.83,5.69,7.6,53.68,1,1,87.1,56.2,88.6,85.7,20.19029166983565,20.139303006555693,1.9099999999999993,4.58
FRA,2018,France,France,639892863.67,592233698.93,7.08,8.28,47.66,1,1,87.6,48.1,88.1,86.9,20.2768113213521,20.199411878344982,1.1999999999999993,3.7
FRA,2019,France,France,618372609.35,586739799.59,21.04,13.65,44.77,1,1,88.6,57.1,88.6,85.5,20.242601763102012,20.19009200965553,-7.389999999999999,-1.23
FRA,2020,France,France,552748391.49,495037696.3,6.66,7.98,45.54,1,1,83.8,56.1,87.1,82.1,20.130413469493167,20.020144473794847,1.3200000000000003,-4.81
FRA,2021,France,France,683817002.76,590012728.69,6.51,8.17,50.21,1,1,89.0,56.6,87.1,85.5,20.34320090142948,20.19565467037705,1.6600000000000001,10.75
FSM,2003,"Micronesia, Fed. Sts.","Micronesia, Federated States of",64780.57,86894.43,5.22,11.56,39.73,1,1,,67.3,78.6,81.1,11.078776428306906,11.372460720687654,6.340000000000001,0.34
FSM,2004,"Micronesia, Fed. Sts.","Micronesia, Federated States of",77779.75,73761.99,8.71,10.25,30.42,1,1,65.0,81.1,83.2,75.0,11.26164925024489,11.208612394285234,1.5399999999999991,12.35
FSM,2005,"Micronesia, Fed. Sts.","Micronesia, Federated States of",63439.4,53063.39,3.55,9.75,33.88,1,1,53.2,87.9,86.6,79.3,11.05785616145909,10.879261360793942,6.2,-1.61
FSM,2006,"Micronesia, Fed. Sts.","Micronesia, Federated States of",70625.23,36739.05,3.08,10.06,32.55,1,1,54.6,90.3,88.5,84.1,11.16515688422629,10.511622719682725,6.98,3.71
FSM,2007,"Micronesia, Fed. Sts.","Micronesia, Federated States of",87092.39,24586.67,2.9,9.64,41.21,1,1,50.5,92.3,86.6,82.7,11.374736270178959,10.110000376755771,6.74,2.76
FSM,2008,"Micronesia, Fed. Sts.","Micronesia, Federated States of",99622.4,31010.52,3.09,8.8,30.43,1,1,51.5,92.3,64.4,85.1,11.509152355737703,10.342114027339536,5.710000000000001,4.95
FSM,2009,"Micronesia, Fed. Sts.","Micronesia, Federated States of",131367.65,53503.36,4.44,8.85,23.3,1,1,52.2,93.8,61.1,83.4,11.785762772091957,10.887518424890636,4.409999999999999,3.23
FSM,2010,"Micronesia, Fed. Sts.","Micronesia, Federated States of",92648.55,57988.71,4.91,10.39,31.99,1,1,49.0,91.0,59.2,82.0,11.436579374713043,10.968020859995764,5.48,-0.91
FSM,2011,"Micronesia, Fed. Sts.","Micronesia, Federated States of",106120.88,52353.63,5.12,10.1,33.71,1,1,45.5,87.7,53.5,77.5,11.572343523888193,10.865795655558781,4.9799999999999995,5.84
FSM,2012,"Micronesia, Fed. Sts.","Micronesia, Federated States of",134683.07,82733.77,4.9,9.25,39.21,1,1,55.5,89.6,56.3,77.9,11.810687092598622,11.323395227961967,4.35,1.47
FSM,2013,"Micronesia, Fed. Sts.","Micronesia, Federated States of",117941.77,40014.22,4.11,9.42,45.33,1,1,53.6,88.6,55.9,78.9,11.67795478579726,10.597015160724306,5.31,-1.55
GAB,1998,Gabon,Gabon,929179.03,2361839.1,2.35,5.07,83.75,1,1,17.6,58.5,41.0,38.3,13.74205778804176,14.674951576580845,2.72,10.7
GAB,2000,Gabon,Gabon,1780731.87,3438065.82,3.28,4.74,82.85,1,1,35.6,70.4,45.3,33.8,14.392535562252004,15.0504199004545,1.4600000000000004,2.86
GAB,2002,Gabon,Gabon,1636953.25,2839595.69,3.32,6.11,77.75,1,1,37.6,61.4,45.8,32.8,14.30834790849786,14.859172589489553,2.7900000000000005,-13.77
GAB,2003,Gabon,Gabon,1875939.46,3529163.96,2.9,6.2,74.35,1,1,36.5,55.3,41.3,28.9,14.444620670304781,15.076571845685082,3.3000000000000003,5.83
GAB,2004,Gabon,Gabon,2215383.16,4168664.55,2.83,5.42,82.59,1,1,23.2,60.7,38.0,25.5,14.61093638208906,15.243106530569813,2.59,7.5
GAB,2005,Gabon,Gabon,2375576.33,4793170.83,2.88,6.38,76.39,1,1,31.2,55.8,40.2,24.0,14.680751052225977,15.38270292769737,3.5,22.73
GAB,2006,Gabon,Gabon,2704245.67,4396049.36,2.03,4.96,75.59,1,1,14.6,53.1,26.8,21.2,14.81033393609675,15.296217050309002,2.93,9.05
GAB,2007,Gabon,Gabon,3739413.87,6361456.05,0.97,3.92,80.85,1,1,9.7,54.1,27.8,24.5,15.134439705279187,15.665768004989793,2.95,10.58
GAB,2008,Gabon,Gabon,4268636.81,8659222.9,1.02,3.95,80.4,1,1,10.2,53.4,32.7,25.0,15.266805320257477,15.974135657584956,2.93,10.21
GAB,2009,Gabon,Gabon,3673008.96,4821326.07,1.58,4.22,64.04,1,1,13.4,49.3,37.4,20.9,15.116522036477953,15.388559773857752,2.6399999999999997,-1.22
GBR,1996,United Kingdom,United Kingdom of Great Britain and Northern Ireland,269157308.86,240088204.6,11.48,12.0,30.52,1,1,95.2,78.7,94.5,87.0,19.410806561658728,19.296516937119442,0.5199999999999996,3.99
GBR,1998,United Kingdom,United Kingdom of Great Britain and Northern Ireland,298157467.29,250410291.8,10.21,12.14,35.08,1,1,96.3,78.2,95.0,87.1,19.513132321987072,19.338611301776723,1.9299999999999997,1.1
GBR,2000,United Kingdom,United Kingdom of Great Britain and Northern Ireland,332635324.2,281586693.85,9.54,9.12,31.36,1,1,95.7,81.5,94.5,91.5,19.62255732834367,19.45595093272993,-0.41999999999999993,9.01
GBR,2002,United Kingdom,United Kingdom of Great Britain and Northern Ireland,338843921.12,264426145.65,8.95,9.33,29.59,1,1,94.7,69.3,94.0,90.5,19.64105015259934,19.393072551559268,0.3800000000000008,1.84
GBR,2003,United Kingdom,United Kingdom of Great Britain and Northern Ireland,387310145.12,289017625.71,9.25,9.25,31.34,1,1,95.2,54.3,94.0,90.5,19.774736341198388,19.48199823629289,0.0,6.92
GBR,2004,United Kingdom,United Kingdom of Great Britain and Northern Ireland,453923021.55,329134807.17,8.17,7.86,37.28,1,1,94.6,49.5,93.3,95.2,19.933438187775117,19.61197797608111,-0.3099999999999996,8.73
GBR,2005,United Kingdom,United Kingdom of Great Britain and Northern Ireland,477206716.58,362999681.72,7.25,7.98,35.69,1,1,94.6,50.5,91.9,92.3,19.983460325163556,19.709912518179156,0.7300000000000004,2.51
GBR,2006,United Kingdom,United Kingdom of Great Britain and Northern Ireland,533890629.54,386660748.21,7.29,7.69,36.78,1,1,92.7,66.2,95.7,94.2,20.095701564224836,19.77305824951223,0.40000000000000036,7.86
GBR,2007,United Kingdom,United Kingdom of Great Britain and Northern Ireland,633758628.52,468967731.49,6.97,7.2,37.21,1,1,92.7,66.2,93.3,92.8,20.267178729376568,19.9660445233827,0.23000000000000043,5.16
GBR,2008,United Kingdom,United Kingdom of Great Britain and Northern Ireland,682526958.35,497936320.76,6.18,7.36,37.54,1,1,92.2,61.1,93.3,92.3,20.34131258512237,20.025982758861314,1.1800000000000006,1.85
GBR,2009,United Kingdom,United Kingdom of Great Britain and Northern Ireland,533350510.68,370803490.44,5.91,6.37,39.06,1,1,91.9,48.3,94.3,91.9,20.094689386405324,19.731182807577124,0.45999999999999996,-11.53
GBR,2010,United Kingdom,United Kingdom of Great Britain and Northern Ireland,555803494.58,384351004.07,6.72,6.89,37.46,1,1,92.4,60.2,95.7,91.9,20.13592536452962,19.767066768742335,0.16999999999999993,6.63
GBR,2011,United Kingdom,United Kingdom of Great Britain and Northern Ireland,648759491.85,444998995.69,6.33,7.06,38.65,1,1,92.4,58.8,92.5,92.0,20.2905726248614,19.91358258549876,0.7299999999999995,6.93
GBR,2012,United Kingdom,United Kingdom of Great Britain and Northern Ireland,659986196.91,443364891.38,6.32,6.92,41.04,1,1,92.9,59.7,94.8,92.5,20.307729480508506,19.90990367379792,0.5999999999999996,-2.0
GBR,2013,United Kingdom,United Kingdom of Great Britain and Northern Ireland,638230250.26,510320267.07,6.19,7.41,40.22,1,1,93.4,63.0,93.9,92.5,20.274209671593834,20.05054906319569,1.2199999999999998,-2.34
GBR,2014,United Kingdom,United Kingdom of Great Britain and Northern Ireland,655811504.91,469894232.96,5.62,6.7,46.24,1,1,93.3,59.5,94.7,90.1,20.3013839670669,19.96801819321674,1.08,2.79
GBR,2015,United Kingdom,United Kingdom of Great Britain and Northern Ireland,601429374.23,414126298.63,5.35,7.34,44.65,1,1,93.8,61.4,93.8,92.1,20.21481967207143,19.841681556834768,1.9900000000000002,-4.73
GBR,2016,United Kingdom,United Kingdom of Great Britain and Northern Ireland,619577884.8,375234184.84,6.16,7.31,41.94,1,1,94.3,58.1,92.4,93.1,20.24454897477902,19.743060884591802,1.1499999999999995,0.48
GBR,2017,United Kingdom,United Kingdom of Great Britain and Northern Ireland,621148210.56,409497111.88,5.02,7.0,52.64,1,1,95.2,60.5,92.9,93.6,20.247080277379695,19.830440410878452,1.9800000000000004,0.36
GBR,2018,United Kingdom,United Kingdom of Great Britain and Northern Ireland,646679634.61,449067966.43,5.75,7.39,50.13,1,1,94.8,50.5,91.9,93.2,20.287361576219446,19.922684809372964,1.6399999999999997,2.37
GBR,2019,United Kingdom,United Kingdom of Great Britain and Northern Ireland,657724413.64,420438841.49,7.43,8.07,47.87,1,1,93.3,62.3,91.9,91.8,20.30429657882329,19.856809586823637,0.6400000000000006,1.54
GBR,2020,United Kingdom,United Kingdom of Great Britain and Northern Ireland,892403713.36,362511853.89,5.38,6.9,47.54,1,1,94.3,61.3,90.0,88.9,20.609429182728242,19.708567734869096,1.5200000000000005,-4.3
GBR,2021,United Kingdom,United Kingdom of Great Britain and Northern Ireland,1010705115.15,411203957.18,3.7,6.82,68.62,1,1,93.3,60.8,89.5,89.9,20.73391405901882,19.834599897983026,3.12,4.18
GEO,1998,Georgia,Georgia,1083399.59,338166.48,5.09,11.08,33.9,1,1,19.8,8.0,11.0,39.3,13.89561534678766,12.731296554702682,5.99,-3.31
GEO,2000,Georgia,Georgia,1206969.06,647538.83,1.97,7.26,46.87,1,1,13.8,20.6,22.4,42.3,14.003623694469608,13.380935584177465,5.29,8.45
GEO,2000,South Georgia and the South Sa,Georgia,208.29,101.05,7.75,9.29,83.87,0,0,13.8,20.6,22.4,42.3,5.343720850001886,4.625462889255854,1.5399999999999991,8.45
GEO,2002,Georgia,Georgia,1303984.26,595265.66,3.98,8.29,45.81,1,1,4.2,16.4,15.4,33.8,14.080935717723866,13.29676475219768,4.309999999999999,2.77
GEO,2002,South Georgia and the South Sa,Georgia,10426.65,920.83,39.36,19.88,84.37,0,0,4.2,16.4,15.4,33.8,9.252216211007195,6.826360824777442,-19.48,2.77
GEO,2003,Georgia,Georgia,2008806.27,1016237.86,3.88,6.56,53.78,1,1,31.2,11.6,20.9,42.3,14.513051705895029,13.831618977914456,2.6799999999999997,19.77
GEO,2003,South Georgia and the South Sa,Georgia,9253.54,588.2,0.09,6.6,78.57,0,0,31.2,11.6,20.9,42.3,9.132869520909052,6.378765684588475,6.51,19.77
GEO,2004,Georgia,Georgia,2903241.71,1170251.87,2.15,5.46,53.94,1,1,37.4,19.4,27.9,46.6,14.881338846125775,13.972730411626731,3.31,27.17
GEO,2004,South Georgia and the South Sa,Georgia,6118.31,3505.81,0.11,10.83,90.93,0,0,37.4,19.4,27.9,46.6,8.719204624052127,8.162462071312966,10.72,27.17
GEO,2005,Georgia,Georgia,3389863.43,1350458.08,3.26,7.81,58.14,1,1,50.2,25.2,30.6,47.6,15.036300487406523,14.115955151866826,4.55,16.15
GEO,2005,South Georgia and the South Sa,Georgia,3490.96,6559.11,0.54,4.86,97.19,0,0,50.2,25.2,30.6,47.6,8.158218462140164,8.78876265009023,4.32,16.15
GEO,2006,Georgia,Georgia,4786917.89,1779578.71,1.79,6.2,67.01,1,1,58.5,17.9,40.7,43.8,15.381397524424957,14.3918877764105,4.41,21.48
GEO,2006,South Georgia and the South Sa,Georgia,8002.98,6258.04,23.89,24.76,87.17,0,0,58.5,17.9,40.7,43.8,8.987694196949876,8.741782097701533,0.870000000000001,21.48
GEO,2007,Georgia,Georgia,6319133.93,1728083.03,1.57,6.4,61.85,1,1,53.4,24.6,45.0,38.5,15.659092878589812,14.362523855636034,4.83,19.12
GEO,2007,South Georgia and the South Sa,Georgia,7524.34,4716.5,1.12,12.16,59.66,0,0,53.4,24.6,45.0,38.5,8.92603127132062,8.459034277242704,11.04,19.12
GEO,2008,Georgia,Georgia,8495993.91,2305610.1,1.22,6.08,65.7,1,1,53.9,16.8,47.6,39.4,15.955105423358216,14.65085631858083,4.86,7.77
GEO,2008,South Georgia and the South Sa,Georgia,3478.61,7260.06,11.16,16.67,88.67,0,0,53.9,16.8,47.6,39.4,8.154675497522806,8.890281102670716,5.510000000000002,7.77
GEO,2009,Georgia,Georgia,5675026.03,1625362.06,1.57,5.76,69.21,1,1,54.5,17.5,49.3,41.2,15.551585884315992,14.301241770329561,4.1899999999999995,-14.03
GEO,2009,South Georgia and the South Sa,Georgia,28135.05,35144.12,0.13,7.76,90.61,0,0,54.5,17.5,49.3,41.2,10.24480695123498,10.467241054030126,7.63,-14.03
GEO,2010,Georgia,Georgia,7016942.71,2338470.06,1.24,5.09,61.14,1,1,57.6,24.2,48.8,41.7,15.76383831225555,14.66500788061715,3.8499999999999996,8.16
GEO,2010,South Georgia and the South Sa,Georgia,30208.54,7108.84,1.89,10.66,88.05,0,0,57.6,24.2,48.8,41.7,10.315913047518679,8.869235019027904,8.77,8.16
GEO,2011,Georgia,Georgia,9841625.17,2981253.37,1.42,5.45,62.95,1,1,61.1,27.0,51.6,41.8,16.10213151655317,14.907854699445807,4.03,16.22
GEO,2011,South Georgia and the South Sa,Georgia,21704.01,7810.3,0.16,9.1,80.71,0,0,61.1,27.0,51.6,41.8,9.985298388456924,8.963326682246969,8.94,16.22
GEO,2012,Georgia,Georgia,11455531.35,2476176.91,1.3,5.99,70.39,1,1,68.7,24.2,55.4,50.2,16.253983345945716,14.722226764001709,4.69,6.72
GEO,2012,South Georgia and the South Sa,Georgia,1747.58,4043.86,24.8,14.03,71.15,0,0,68.7,24.2,55.4,50.2,7.4665593089597735,8.305202218263222,-10.770000000000001,6.72
GEO,2013,Georgia,Georgia,12018116.03,2506563.81,2.02,6.93,69.85,1,1,69.2,31.3,54.9,55.4,16.301925821721756,14.734423772123806,4.91,-0.2
GEO,2013,South Georgia and the South Sa,Georgia,842.01,985.88,7.26,6.55,87.35,0,0,69.2,31.3,54.9,55.4,6.7369788203277015,6.894548451494855,-0.71,-0.2
GEO,2014,Georgia,Georgia,11922024.69,2811525.13,2.39,6.26,37.24,1,1,77.4,34.8,63.9,57.6,16.293898145599478,14.849238000642394,3.8699999999999997,3.55
GEO,2014,South Georgia and the South Sa,Georgia,1077.81,398.33,1.04,3.16,89.97,0,0,77.4,34.8,63.9,57.6,6.983613860781381,5.989788142727037,2.12,3.55
GEO,2015,Georgia,Georgia,9421054.1,2246379.37,1.29,7.16,80.16,1,1,75.2,29.5,61.9,56.7,16.058457646649728,14.624830754349523,5.87,-7.85
GEO,2015,South Georgia and the South Sa,Georgia,455.47,6305.07,3.99,6.15,83.98,0,0,75.2,29.5,61.9,56.7,6.123522980460424,8.749267940582564,2.16,-7.85
GEO,2016,Georgia,Georgia,9559874.23,1876644.31,1.58,6.88,78.7,1,1,75.2,33.8,61.9,55.7,16.073085233687184,14.444996331276437,5.3,0.26
GEO,2016,South Georgia and the South Sa,Georgia,1312.42,338.22,0.09,3.55,71.97,0,0,75.2,33.8,61.9,55.7,7.180389701294351,5.826648864443693,3.46,0.26
GEO,2017,Georgia,Georgia,10466663.42,2373222.8,1.54,6.93,81.11,1,1,76.7,31.4,60.0,54.7,16.16370594756067,14.679759841969632,5.39,4.76
GEO,2017,South Georgia and the South Sa,Georgia,1508.67,541.7,0.51,8.13,76.5,0,0,76.7,31.4,60.0,54.7,7.319646362878601,6.296556681069359,7.620000000000001,4.76
GEO,2018,Georgia,Georgia,11706465.11,2559379.98,1.41,9.03,80.59,1,1,76.7,30.2,61.0,55.8,16.275651906082615,14.755275982528778,7.619999999999999,7.79
GEO,2018,South Georgia and the South Sa,Georgia,356.66,2766.66,1.43,8.94,82.04,0,0,76.7,30.2,61.0,55.8,5.87958281445989,7.9257574768231045,7.51,7.79
GEO,2019,Georgia,Georgia,12208378.78,2602484.33,2.14,33.84,82.28,1,1,76.2,27.4,59.5,52.7,16.317633141131278,14.771977442567765,31.700000000000003,0.84
GEO,2019,South Georgia and the South Sa,Georgia,1594.63,484.44,1.06,15.09,70.71,0,0,76.2,27.4,59.5,52.7,7.3750239215591895,6.185055696160167,14.03,0.84
GEO,2020,Georgia,Georgia,9969997.82,2831587.94,1.94,10.47,79.84,1,1,71.0,32.5,58.6,49.8,16.11509102358295,14.856348574955627,8.530000000000001,-8.02
GEO,2020,South Georgia and the South Sa,Georgia,763.46,389.46,2.95,10.61,59.14,0,0,71.0,32.5,58.6,49.8,6.639169702221344,5.967325531254656,7.659999999999999,-8.02
GEO,2021,Georgia,Georgia,12432700.47,3792121.32,1.47,7.49,81.86,1,1,73.8,30.2,55.7,47.3,16.33584077454731,15.148436399220756,6.0200000000000005,11.98
GEO,2021,South Georgia and the South Sa,Georgia,574.31,471.92,4.35,7.62,30.13,0,0,73.8,30.2,55.7,47.3,6.354909025953534,6.158926240994912,3.2700000000000005,11.98
GHA,1998,Ghana,Ghana,2804191.8,1712192.22,2.02,10.02,70.04,1,1,47.1,38.8,37.5,44.8,14.846626283688666,14.353285691464903,8.0,-6.81
GHA,2000,Ghana,Ghana,3697941.62,2053258.33,2.5,9.56,72.07,1,1,53.2,33.3,52.2,52.7,15.123287174313422,14.534939005607699,7.0600000000000005,-1.73
GHA,2002,Ghana,Ghana,3669795.31,2186188.4,2.59,9.9,61.56,1,1,43.9,41.3,54.7,49.8,15.115646717128097,14.597670586234381,7.3100000000000005,-7.33
GHA,2003,Ghana,Ghana,4706700.47,2490306.94,3.7,10.45,60.32,1,1,46.0,42.2,52.2,57.2,15.364497895809842,14.727916931477033,6.749999999999999,8.87
GHA,2004,Ghana,Ghana,5560260.75,2607448.1,3.61,9.93,62.57,1,1,47.3,47.1,48.6,54.3,15.531155742456791,14.77388294505292,6.32,12.65
GHA,2005,Ghana,Ghana,6055853.35,2523277.95,3.79,10.71,60.63,1,1,43.9,51.9,48.8,57.2,15.616536023281801,14.741069784333613,6.920000000000001,9.43
GHA,2006,Ghana,Ghana,8487352.11,3212419.34,3.62,9.05,59.46,1,1,56.1,46.4,55.0,58.7,15.954087744071934,14.982535210991005,5.430000000000001,4.51
GHA,2007,Ghana,Ghana,10569796.56,3906831.74,2.98,9.05,63.88,1,1,57.8,40.6,55.0,60.6,16.173511205345132,15.178237562780403,6.07,16.87
GHA,2008,Ghana,Ghana,14053394.6,5202763.13,3.16,9.23,67.45,1,1,55.8,43.8,53.4,58.7,16.458374604259493,15.464700605783383,6.07,11.56
GHA,2009,Ghana,Ghana,10973093.97,4482324.8,2.81,9.44,65.17,1,1,58.9,45.0,53.6,61.6,16.210956922815644,15.315652621464215,6.629999999999999,-15.52
GHA,2010,Ghana,Ghana,13317203.59,4726330.26,3.09,9.14,66.05,1,1,58.1,46.9,54.0,63.0,16.40456733543603,15.368659827374572,6.050000000000001,11.61
GHA,2011,Ghana,Ghana,18798632.98,10619034.07,3.03,6.62,65.67,1,1,56.4,52.6,54.5,62.4,16.749294764521967,16.178158709951393,3.5900000000000003,25.1
GHA,2012,Ghana,Ghana,23324869.18,11573611.53,2.49,6.15,65.56,1,1,55.0,50.7,55.9,62.0,16.965030738980158,16.264238282933274,3.66,3.8
GHA,2013,Ghana,Ghana,22218432.98,13704814.31,1.57,5.78,65.94,1,1,55.5,47.9,57.3,62.4,16.916432861744276,16.43325781152461,4.21,-2.96
GHA,2014,Ghana,Ghana,19621988.77,13126124.6,1.72,5.58,64.12,1,1,52.4,41.4,61.1,61.6,16.792161422351754,16.390115122764783,3.8600000000000003,14.58
GHA,2015,Ghana,Ghana,18455807.48,11561980.52,0.98,5.76,82.12,1,1,51.0,44.3,59.5,64.0,16.73088970166875,16.263232818283893,4.779999999999999,-6.46
GHA,2016,Ghana,Ghana,17558899.93,12329227.73,1.56,5.91,85.01,1,1,51.9,41.0,54.8,67.5,16.6810715548047,16.327483320872613,4.35,-12.05
GHA,2017,Ghana,Ghana,17987369.47,12856871.58,1.43,5.44,83.36,1,1,46.7,50.0,57.6,67.0,16.70518042903995,16.369389057462715,4.010000000000001,5.8
GHA,2018,Ghana,Ghana,17756579.8,16426681.34,1.09,5.04,82.53,1,1,51.4,45.3,55.2,67.0,16.692266754470936,16.614417542660583,3.95,-3.35
GHA,2019,Ghana,Ghana,20300736.34,15807047.25,1.46,6.0,82.47,1,1,52.4,52.8,53.3,64.7,16.82616776551987,16.575966490299994,4.54,-6.26
GIN,1996,Guinea,Guinea,741696.2,848873.48,0.56,7.46,72.32,1,1,18.3,13.3,6.5,13.5,13.516696352606292,13.651666609840436,6.9,-11.05
GIN,1998,Guinea,Guinea,682560.29,886025.0,0.62,7.07,77.53,1,1,14.4,27.1,8.0,14.9,13.433607604207078,13.694501574529111,6.45,-6.95
GIN,2000,Guinea,Guinea,969373.36,930155.58,0.43,6.98,82.31,1,1,13.3,4.2,5.5,14.9,13.784406152693508,13.74310821654894,6.550000000000001,5.3
GIN,2002,Guinea,Guinea,1263321.12,970452.14,1.39,6.29,80.31,1,1,28.6,11.6,16.4,12.4,14.049255412361662,13.785518396035982,4.9,5.74
GIN,2005,Guinea,Guinea,1709219.47,1386306.07,1.73,5.1,77.8,1,1,14.1,16.0,7.2,13.9,14.3515479590435,14.142153985419688,3.3699999999999997,31.36
GIN,2006,Guinea,Guinea,1967157.75,1582041.36,1.2,5.39,75.64,1,1,11.2,3.4,5.3,13.0,14.492100800774477,14.274227203183877,4.1899999999999995,-19.65
GIN,2007,Guinea,Guinea,2473549.94,2407031.85,0.8,4.78,73.01,1,1,5.8,1.9,5.3,9.6,14.721165303737415,14.693905364366305,3.9800000000000004,9.75
GIN,2008,Guinea,Guinea,3344880.8,2132659.51,0.87,4.34,73.81,1,1,6.8,2.4,3.8,9.1,15.022941914597252,14.572880823979686,3.4699999999999998,19.68
GIN,2014,Guinea,Guinea,5001653.51,2742839.52,1.05,3.69,62.8,1,1,13.5,14.3,5.3,24.1,15.425279317662381,14.824504627507665,2.6399999999999997,2.23
GIN,2015,Guinea,Guinea,4342604.7,1882482.14,1.02,3.95,68.47,1,1,15.2,32.9,9.5,24.1,15.283985117618665,14.448102282440779,2.93,-7.68
GIN,2016,Guinea,Guinea,4485965.05,3413997.46,1.8,4.56,68.98,1,1,15.2,31.4,9.0,25.1,15.316464426044353,15.043394731252649,2.76,27.25
GMB,1996,"Gambia, The",Gambia,269575.03,173567.84,1.38,15.27,64.49,1,1,43.5,64.9,52.3,13.0,12.504605744572057,12.064329572010017,13.89,1.07
GMB,1998,"Gambia, The",Gambia,300812.08,154475.02,1.75,12.88,65.88,1,1,44.9,69.1,51.5,20.9,12.614244354154971,11.947794152917576,11.13,0.22
GMB,2000,"Gambia, The",Gambia,397868.57,48088.53,1.64,12.81,85.79,1,1,45.2,69.3,47.8,16.4,12.893879516988909,10.780819760882297,11.17,-0.46
GMB,2002,"Gambia, The",Gambia,492040.85,40194.64,3.86,13.8,79.52,1,1,48.7,74.1,47.3,28.4,13.106319052832575,10.601513811013707,9.940000000000001,9.8
GMB,2003,"Gambia, The",Gambia,613497.07,32372.13,4.66,11.81,80.92,1,1,51.9,58.3,57.7,33.8,13.326932397243883,10.385084036715869,7.15,-0.76
GMB,2004,"Gambia, The",Gambia,665766.81,46761.13,7.71,12.77,85.55,1,1,35.0,51.9,42.3,27.4,13.408696255102058,10.75282896630219,5.06,22.17
GMB,2005,"Gambia, The",Gambia,716794.79,33853.88,12.08,13.0,78.12,1,1,28.8,53.9,39.2,19.2,13.482546267299716,10.42983843338533,0.9199999999999999,4.91
GMB,2006,"Gambia, The",Gambia,779486.35,42684.48,3.93,12.38,69.75,1,1,26.8,44.0,44.5,24.0,13.56639173899678,10.661614094549272,8.450000000000001,-0.47
GMB,2007,"Gambia, The",Gambia,930193.59,49683.92,11.18,11.47,76.93,1,1,28.2,43.5,45.9,23.6,13.743149079801663,10.813456745520261,0.2900000000000009,11.85
GMB,2008,"Gambia, The",Gambia,988110.28,60181.11,1.61,10.03,69.5,1,1,27.7,46.6,39.9,23.6,13.803550601966492,11.005130411051617,8.42,-5.54
GMB,2009,"Gambia, The",Gambia,936404.01,61910.98,1.03,10.06,77.07,1,1,34.4,48.8,36.5,19.0,13.749803364862238,11.03346897791109,9.030000000000001,-3.14
GMB,2010,"Gambia, The",Gambia,914527.62,73275.24,2.69,9.15,62.12,1,1,32.9,48.8,34.1,16.1,13.726164042113403,11.201991687987938,6.460000000000001,-8.72
GMB,2011,"Gambia, The",Gambia,1233163.68,177971.81,6.65,9.21,72.68,1,1,37.4,47.4,33.8,13.6,14.025094333649818,12.089386064797335,2.5600000000000005,22.97
GMB,2012,"Gambia, The",Gambia,1124072.47,170509.98,2.19,9.8,77.11,1,1,30.8,45.0,32.9,12.7,13.932469672068272,12.046554972459171,7.610000000000001,5.71
GMB,2013,"Gambia, The",Gambia,1236014.5,145987.29,1.72,9.39,79.16,1,1,27.5,44.5,33.3,13.6,14.027403457374216,11.89128169199439,7.670000000000001,-4.3
GMB,2014,"Gambia, The",Gambia,1325942.76,125772.92,1.24,7.1,65.9,1,1,28.4,39.5,28.8,13.3,14.097635035555475,11.742241288560578,5.859999999999999,5.05
GMB,2015,"Gambia, The",Gambia,1135071.73,130123.06,1.09,8.21,70.37,1,1,23.3,47.6,27.1,8.9,13.942207286139803,11.77624358206793,7.120000000000001,0.92
GMB,2016,"Gambia, The",Gambia,1089875.95,170487.98,1.2,6.55,63.96,1,1,20.5,29.5,23.3,13.3,13.901575357924523,12.046425940185793,5.35,-3.26
GMB,2017,"Gambia, The",Gambia,1481284.95,210820.98,5.29,8.94,61.86,1,1,29.5,41.0,34.3,29.6,14.208421153613259,12.258769359663377,3.6499999999999995,12.13
GMB,2018,"Gambia, The",Gambia,1488683.54,116095.26,2.27,6.75,69.02,1,1,37.1,43.9,35.2,37.9,14.213403428911647,11.662174953558155,4.48,0.6
GMB,2019,"Gambia, The",Gambia,1667081.93,244877.26,0.33,10.15,66.24,1,1,40.0,55.7,39.0,36.7,14.326585908545928,12.408516468072978,9.82,2.94
GMB,2020,"Gambia, The",Gambia,1629767.9,340742.6,3.43,6.62,65.45,1,1,38.1,55.2,39.0,38.6,14.303948783590227,12.73888556728408,3.19,5.81
GMB,2021,"Gambia, The",Gambia,1879234.32,134992.71,15.9,6.31,68.65,1,1,41.0,48.1,38.6,42.5,14.446375507382225,11.812983463742505,-9.59,13.17
GNB,2004,Guinea-Bissau,Guinea-Bissau,162031.83,113373.44,18.89,10.51,76.45,1,1,7.9,32.0,11.1,23.1,11.995554248003895,11.63845124804471,-8.38,-5.41
GNB,2005,Guinea-Bissau,Guinea-Bissau,289749.42,103523.65,9.29,12.89,62.98,1,1,12.7,28.6,9.1,33.2,12.5767752107264,11.547565027582165,3.6000000000000014,39.8
GRC,1996,Greece,Greece,23889554.79,9905861.88,10.45,14.03,34.04,1,1,64.5,63.8,83.4,76.5,16.988951925156748,16.108637349918627,3.58,4.7
GRC,1998,Greece,Greece,26347980.21,9110807.82,11.6,14.45,47.75,1,1,76.5,73.9,71.5,82.1,17.08690221559536,16.02497204904921,2.8499999999999996,5.93
GRC,2000,Greece,Greece,30178771.74,9938109.69,10.69,12.91,35.5,1,1,72.9,75.1,80.1,78.6,17.22264934579855,16.111887489138322,2.2200000000000006,-1.57
GRC,2002,Greece,Greece,31636706.62,10919550.38,15.0,13.42,26.81,1,1,69.8,76.2,70.1,78.6,17.269828637927244,16.206065445019544,-1.58,4.92
GRC,2003,Greece,Greece,41513618.87,12850427.92,9.86,11.76,32.88,1,1,68.8,60.8,71.6,86.6,17.54153212099704,16.368887747736764,1.9000000000000004,19.71
GRC,2004,Greece,Greece,49408033.68,15004993.33,8.19,10.36,38.84,1,1,70.4,62.6,77.4,87.0,17.71562361427696,16.52389365898249,2.17,8.51
GRC,2005,Greece,Greece,49094351.1,16362534.87,7.28,10.38,38.8,1,1,64.9,63.6,73.2,83.7,17.709254557635223,16.61050488140568,3.1000000000000005,1.95
GRC,2006,Greece,Greece,58612967.31,20203398.55,6.46,9.78,43.67,1,1,68.8,65.2,75.1,77.9,17.886466532281947,16.821361442765948,3.3199999999999994,7.76
GRC,2007,Greece,Greece,71092168.08,23584381.52,6.8,9.04,36.89,1,1,62.6,62.3,76.6,78.8,18.079487749185866,16.976095293310493,2.2399999999999993,9.27
GRC,2008,Greece,Greece,79998061.81,25657779.58,6.18,9.95,44.87,1,1,61.7,54.3,77.4,73.6,18.19751297746997,17.060357420036095,3.7699999999999996,11.35
GRC,2009,Greece,Greece,64156734.24,21162893.74,7.05,8.91,45.28,1,1,59.8,37.9,68.2,73.9,17.976839635564524,16.867759958055235,1.8600000000000003,-12.92
GRC,2010,Greece,Greece,54703644.64,23156906.0,5.5,8.03,43.58,1,1,55.7,40.8,66.8,74.4,17.81744091306896,16.95780365252778,2.5299999999999994,-3.62
GRC,2011,Greece,Greece,54584922.82,28102624.73,5.09,7.63,49.11,1,1,55.5,41.7,65.7,72.8,17.815268282074026,17.151373572287262,2.54,0.18
GRC,2012,Greece,Greece,50451606.34,28319186.22,4.94,8.68,52.98,1,1,52.6,39.3,63.8,69.5,17.736525164315836,17.159050126519187,3.7399999999999993,-3.19
GRC,2013,Greece,Greece,48720488.38,30040028.47,4.45,7.18,48.81,1,1,55.9,40.3,64.8,68.1,17.70161022606095,17.218041365885025,2.7299999999999995,-1.09
GRC,2014,Greece,Greece,50569030.2,31122055.88,4.65,7.55,53.06,1,1,53.4,40.5,66.3,68.5,17.738849915269334,17.25342735020596,2.8999999999999995,0.84
GRC,2015,Greece,Greece,41150954.14,24990129.12,3.95,7.62,54.87,1,1,53.8,38.1,62.9,70.4,17.53275769599659,17.03399150968033,3.67,-12.82
GRC,2016,Greece,Greece,44275605.67,25230364.45,5.28,7.85,49.23,1,1,53.3,41.4,57.6,70.4,17.605944443854373,17.043558805252726,2.5699999999999994,0.35
GRC,2017,Greece,Greece,48343781.85,28261173.77,6.13,9.03,61.12,1,1,53.3,41.4,55.7,69.5,17.693848185246107,17.156999504420337,2.8999999999999995,7.79
GRC,2018,Greece,Greece,56680216.25,33565502.61,6.79,9.84,58.75,1,1,54.8,53.3,57.1,71.8,17.852935805701073,17.329009419264477,3.05,8.53
GRC,2019,Greece,Greece,59247267.67,32251686.15,10.42,13.56,55.3,1,1,56.7,54.2,57.6,72.5,17.897230238520326,17.28908091456637,3.1400000000000006,-2.29
GRC,2020,Greece,Greece,54096188.99,31158001.92,5.39,11.18,54.08,1,1,57.1,51.4,60.0,77.8,17.806274316013255,17.254581685770404,5.79,-5.51
GRC,2021,Greece,Greece,72209036.25,40665213.26,5.16,10.85,60.04,1,1,59.5,50.9,60.5,77.8,18.095075765697576,17.520883598473596,5.6899999999999995,66.83
GRD,1996,Grenada,Grenada,114822.15,22652.06,8.73,12.92,42.45,1,1,80.1,77.1,62.8,66.0,11.651148397590221,10.028050221123834,4.1899999999999995,8.36
GRD,1998,Grenada,Grenada,150930.55,43592.32,4.76,11.72,67.67,1,1,80.7,79.8,63.5,68.7,11.924581701762174,10.682659206589946,6.960000000000001,9.22
GRD,2000,Grenada,Grenada,222449.6,60858.05,7.34,15.21,54.7,1,1,81.4,81.0,61.7,69.2,12.312460333465884,11.016315813733337,7.870000000000001,8.67
GRD,2002,Grenada,Grenada,186289.71,48063.56,11.01,14.83,34.08,1,1,80.4,78.8,61.7,70.6,12.135063689538502,10.780300386187756,3.8200000000000003,-3.19
GRD,2003,Grenada,Grenada,228321.49,51354.9,10.5,14.46,47.83,1,1,79.4,76.4,62.7,71.1,12.338514338397516,10.84653510651693,3.960000000000001,12.94
GRD,2004,Grenada,Grenada,273633.16,30478.8,4.31,12.39,73.38,1,1,74.9,76.7,59.1,65.9,12.519547310738114,10.324819448099264,8.080000000000002,-0.62
GRD,2005,Grenada,Grenada,338321.46,36316.61,5.15,12.07,69.57,1,1,74.6,58.3,60.3,64.4,12.731754743342446,10.500058026585295,6.92,15.48
GRD,2006,Grenada,Grenada,317890.07,31533.89,4.28,14.5,82.34,1,1,74.1,57.0,59.3,70.7,12.669464055909819,10.358849830903939,10.219999999999999,-5.4
GRD,2007,Grenada,Grenada,341601.59,57012.28,0.81,10.34,83.1,1,1,70.9,57.5,57.9,71.6,12.741403322835021,10.951039502136629,9.53,10.52
GRD,2008,Grenada,Grenada,341884.4,42386.81,0.65,10.82,80.35,1,1,67.0,57.7,58.2,72.1,12.742230872171008,10.654616099884,10.17,-0.25
GRD,2009,Grenada,Grenada,232324.42,40396.24,3.84,11.17,69.81,1,1,69.9,58.3,59.2,71.1,12.355894340236237,10.606516744783857,7.33,-11.92
GRD,2010,Grenada,Grenada,231684.55,33201.0,6.1,13.78,53.8,1,1,71.0,63.5,58.8,71.6,12.353136343348362,10.41036539405402,7.68,6.07
GRD,2011,Grenada,Grenada,252192.72,42306.08,4.65,12.04,56.99,1,1,70.1,59.2,60.1,71.4,12.437952801330601,10.652709726915113,7.389999999999999,2.8
GRD,2012,Grenada,Grenada,247675.73,47785.55,0.17,10.05,95.79,1,1,69.7,62.6,60.1,70.4,12.419879666776966,10.774499498131417,9.88,-0.52
GRD,2013,Grenada,Grenada,288458.99,54704.2,0.26,9.66,94.02,1,1,68.7,61.1,59.2,70.9,12.572311672470649,10.909714047877152,9.4,17.61
GRD,2014,Grenada,Grenada,307999.13,42475.21,0.5,10.72,90.66,1,1,64.4,72.4,51.0,73.4,12.637855484033544,10.656699433479872,10.22,-16.2
GRD,2015,Grenada,Grenada,278059.49,44555.16,1.97,12.37,88.09,1,1,68.1,71.4,61.0,72.4,12.535593958931576,10.704505694945256,10.399999999999999,4.38
GRD,2016,Grenada,Grenada,307705.37,38777.58,1.13,12.97,90.43,1,1,67.6,86.2,72.9,72.4,12.6369012630783,10.565623311313441,11.84,4.56
GRD,2017,Grenada,Grenada,360862.72,45085.19,0.58,11.16,91.58,1,1,65.2,83.8,67.6,71.4,12.796255659116133,10.716331270173676,10.58,2.79
GRD,2018,Grenada,Grenada,417931.04,44221.23,0.63,13.34,83.44,1,1,65.2,83.0,60.5,64.6,12.943074114556667,10.696982882809737,12.709999999999999,12.68
GRD,2019,Grenada,Grenada,433393.31,40890.5,0.47,26.56,91.4,1,1,63.3,79.7,58.1,70.0,12.97940323924879,10.618677496471621,26.09,-3.46
GRD,2020,Grenada,Grenada,342480.26,31534.09,0.87,12.05,91.41,1,1,63.8,86.3,61.9,69.1,12.74397221985901,10.358856173065456,11.180000000000001,-9.32
GRD,2021,Grenada,Grenada,361180.03,36735.19,4.89,13.58,84.57,1,1,67.1,86.3,67.1,69.1,12.797134579765931,10.51151765170419,8.690000000000001,6.4
GRL,2009,Greenland,Greenland,1300117.49,630920.01,1.69,13.15,93.4,1,1,84.2,99.5,93.8,91.0,14.077965964432053,13.354935951437001,11.46,-8.43
GRL,2010,Greenland,Greenland,1692087.2,657509.29,1.97,13.21,93.88,1,1,84.3,100.0,93.8,91.5,14.34147394544928,13.396215693101707,11.24,4.39
GRL,2011,Greenland,Greenland,1872148.16,723616.15,1.9,13.19,92.6,1,1,84.4,100.0,95.3,91.5,14.442597612332612,13.49201773316216,11.29,8.79
GRL,2012,Greenland,Greenland,1628055.42,746370.45,1.38,12.87,89.72,1,1,84.4,100.0,93.4,91.5,14.302897480963772,13.522978677515757,11.489999999999998,-7.35
GRL,2013,Greenland,Greenland,1599279.81,833659.45,1.32,12.96,92.07,1,1,83.9,100.0,93.4,91.5,14.28506459240741,13.63358146414665,11.64,5.37
GRL,2014,Greenland,Greenland,1560498.7,801144.19,1.63,12.02,86.71,1,1,84.1,100.0,91.8,92.1,14.260516648446877,13.593797470548564,10.39,-4.92
GRL,2015,Greenland,Greenland,1219767.6,812451.16,1.66,12.68,86.53,1,1,86.7,100.0,92.4,91.6,14.014171726588257,13.607812311452534,11.02,-12.14
GRL,2016,Greenland,Greenland,1339012.03,912696.98,1.56,12.44,93.1,1,1,83.3,100.0,94.3,92.1,14.107443355768606,13.724160305288978,10.879999999999999,4.89
GRL,2017,Greenland,Greenland,1406240.06,986403.19,1.13,11.08,92.11,1,1,83.3,100.0,94.8,92.6,14.156430787581325,13.801821478592917,9.95,1.81
GRL,2018,Greenland,Greenland,1534444.38,1128687.39,1.33,11.79,87.65,1,1,83.3,100.0,94.3,91.3,14.243679557752182,13.936566799720884,10.459999999999999,4.43
GTM,1996,Guatemala,Guatemala,3460360.57,3392499.14,14.15,19.38,19.78,1,1,23.7,17.6,16.6,42.5,15.056883641574162,15.037077711958661,5.229999999999999,-2.25
GTM,1998,Guatemala,Guatemala,4924947.32,4260759.01,11.17,19.89,36.35,1,1,26.2,24.5,17.0,43.8,15.409824339132255,15.264958108436362,8.72,9.88
GTM,2002,Guatemala,Guatemala,6454378.55,4993349.62,9.6,21.03,57.64,1,1,33.3,21.2,17.9,40.3,15.68026945835575,15.42361770932851,11.430000000000001,6.1
GTM,2003,Guatemala,Guatemala,6845111.51,5333075.62,9.69,18.43,58.96,1,1,27.5,24.6,14.9,34.3,15.739045453384797,15.48943885662748,8.74,3.29
GTM,2004,Guatemala,Guatemala,7925818.79,5773380.63,6.56,20.5,69.18,1,1,30.0,21.8,16.3,38.5,15.885636315910828,15.568768537868904,13.940000000000001,7.8
GTM,2005,Guatemala,Guatemala,8929997.17,6224180.58,9.64,18.19,50.55,1,1,29.3,22.3,15.8,37.5,16.00492674792545,15.643952518579331,8.55,15.94
GTM,2006,Guatemala,Guatemala,10826075.99,6342107.45,8.14,17.17,66.59,1,1,21.5,24.6,12.9,41.3,16.197468317897,15.662721834218043,9.030000000000001,-4.68
GTM,2007,Guatemala,Guatemala,12072904.66,7077410.08,7.0,16.38,74.84,1,1,24.8,21.7,12.4,41.8,16.30647429815329,15.772418732130877,9.379999999999999,19.15
GTM,2008,Guatemala,Guatemala,12792461.43,7586744.14,9.03,15.27,74.45,1,1,29.6,22.1,11.5,41.3,16.364366682779995,15.841913222086037,6.24,3.54
GTM,2009,Guatemala,Guatemala,10561269.36,7699836.53,7.26,16.63,70.13,1,1,36.4,19.0,17.1,39.8,16.17270412824944,15.856709786601304,9.37,-10.93
GTM,2010,Guatemala,Guatemala,12627576.26,8773784.72,7.9,15.88,59.99,1,1,36.2,20.9,19.0,36.5,16.351393651698025,15.987278938253699,7.98,9.56
GTM,2011,Guatemala,Guatemala,15885240.94,10992481.41,10.19,15.21,58.32,1,1,36.0,23.2,15.5,36.6,16.58090105629057,16.21272217985388,5.020000000000001,9.59
GTM,2012,Guatemala,Guatemala,15779218.13,10355439.27,9.38,15.41,66.02,1,1,28.9,25.1,13.6,35.7,16.574204387366713,16.153022569532308,6.029999999999999,1.1
GTM,2013,Guatemala,Guatemala,15847536.42,9597412.11,9.35,16.4,64.24,1,1,31.8,23.7,13.6,36.2,16.57852467839339,16.077004152416784,7.049999999999999,1.54
GTM,2014,Guatemala,Guatemala,16532788.7,10979383.98,5.91,13.15,75.24,1,1,26.0,23.8,15.4,36.9,16.620856221438064,16.21152997972643,7.24,2.15
GTM,2015,Guatemala,Guatemala,16594884.81,11239222.94,8.58,15.1,69.82,1,1,24.3,22.9,15.7,36.0,16.624605122124287,16.234920355562153,6.52,-1.73
GTM,2016,Guatemala,Guatemala,15925998.31,11090376.64,7.25,14.68,75.21,1,1,23.3,25.2,15.2,37.4,16.583463508474146,16.221588411046152,7.43,-1.88
GTM,2017,Guatemala,Guatemala,17581825.82,11658591.44,5.1,13.89,76.89,1,1,22.9,23.3,12.9,37.4,16.682376359498317,16.271554014618605,8.790000000000001,4.04
GTM,2018,Guatemala,Guatemala,18252675.73,11278361.22,5.78,15.41,79.84,1,1,22.9,27.8,13.8,35.0,16.719822297374748,16.238396600230214,9.629999999999999,3.39
GTM,2019,Guatemala,Guatemala,18753887.46,11373382.18,7.85,20.19,76.0,1,1,18.6,24.1,12.9,34.8,16.74691167341283,16.246786374676745,12.340000000000002,0.58
GTM,2020,Guatemala,Guatemala,17135914.63,11319983.43,6.71,14.82,72.62,1,1,12.9,33.0,13.3,35.3,16.65668714810479,16.242080255296667,8.11,-4.3
GTM,2021,Guatemala,Guatemala,23291790.26,13938931.81,7.63,14.81,74.17,1,1,11.9,32.5,13.3,33.8,16.963611550023668,16.450196404412004,7.180000000000001,20.89
GUY,1998,Guyana,Guyana,402857.15,569635.4,10.55,15.63,73.62,1,1,46.5,51.6,41.5,61.2,12.906339793855858,13.25275354153248,5.08,-5.33
GUY,2000,Guyana,Guyana,481774.45,612991.45,14.6,24.58,48.33,1,1,42.0,30.7,38.3,62.7,13.085233413111661,13.326107898366153,9.979999999999999,9.31
GUY,2002,Guyana,Guyana,524324.12,557686.9,14.57,16.86,47.7,1,1,47.1,27.5,36.8,64.2,13.169867228913953,13.231554765889813,2.289999999999999,-1.89
GUY,2003,Guyana,Guyana,720611.3,593561.84,23.5,21.37,48.44,1,1,45.0,30.7,34.3,61.7,13.487856546259529,13.293898367797611,-2.129999999999999,-0.54
GUY,2004,Guyana,Guyana,567232.36,662242.42,25.7,25.07,54.13,1,1,40.9,27.2,33.7,51.9,13.248526067703228,13.403388471260115,-0.629999999999999,8.82
GUY,2005,Guyana,Guyana,795380.49,643915.24,25.55,20.97,62.16,1,1,35.1,33.0,31.6,41.8,13.586577140174914,13.37532393451588,-4.580000000000002,8.48
GUY,2006,Guyana,Guyana,1071183.18,687086.17,16.57,19.81,78.61,1,1,34.6,25.1,34.9,50.5,13.884275304766101,13.440216448162543,3.2399999999999984,7.12
GUY,2007,Guyana,Guyana,945396.87,811291.3,15.7,18.84,80.57,1,1,33.5,26.6,40.7,51.0,13.759361144324137,13.606383687397651,3.1400000000000006,7.34
GUY,2008,Guyana,Guyana,1466063.34,994708.74,11.62,14.93,82.05,1,1,35.0,25.0,34.6,51.4,14.198092048596646,13.81020625498962,3.3100000000000005,14.38
GUY,2009,Guyana,Guyana,1080536.51,935871.85,12.81,13.72,60.06,1,1,35.9,24.6,35.5,52.1,13.892969169736045,13.749234902215,0.9100000000000001,-6.55
GUY,2010,Guyana,Guyana,1487956.22,1068547.47,4.29,9.94,58.46,1,1,34.3,30.3,38.4,50.2,14.212914743961884,13.881811715370416,5.6499999999999995,11.13
GUY,2011,Guyana,Guyana,1821350.79,1440049.18,3.26,10.13,61.96,1,1,31.3,32.2,37.6,50.2,14.415089525115064,14.180188518167254,6.870000000000001,10.38
GUY,2012,Guyana,Guyana,1576289.32,1684176.6,0.9,9.81,86.95,1,1,26.5,30.3,40.4,49.8,14.270584745632762,14.336787931406455,8.91,6.26
GUY,2013,Guyana,Guyana,1811910.55,1626900.98,0.86,11.1,85.0,1,1,29.9,30.3,38.0,49.8,14.409892950927862,14.30218813853506,10.24,-3.33
GUY,2014,Guyana,Guyana,1638746.01,1450524.39,1.34,9.33,83.79,1,1,27.4,41.0,31.7,52.2,14.309442489496979,14.187436386699256,7.99,-2.25
GUY,2015,Guyana,Guyana,1340273.47,1255436.45,2.13,11.43,81.11,1,1,30.0,41.4,34.3,53.2,14.108384979310838,14.04299463555015,9.3,-8.77
GUY,2016,Guyana,Guyana,1418335.72,1507477.1,5.18,9.89,91.85,1,1,43.3,45.7,42.9,54.7,14.164995419097734,14.22594868011477,4.710000000000001,4.63
GUY,2017,Guyana,Guyana,1608227.46,1548892.99,1.18,8.98,88.83,1,1,37.6,45.2,43.8,55.7,14.29064379574348,14.253051679355297,7.800000000000001,4.12
GUY,2018,Guyana,Guyana,1902050.76,1536357.82,0.76,10.25,89.05,1,1,45.7,39.6,39.5,55.3,14.45844373517671,14.244925772178775,9.49,16.73
GUY,2019,Guyana,Guyana,2222251.11,1466431.71,0.57,11.62,88.08,1,1,50.5,38.7,36.7,54.6,14.614031703591602,14.198343281587272,11.049999999999999,29.5
GUY,2020,Guyana,Guyana,2374982.05,2362668.4,0.59,7.01,90.06,1,1,46.7,42.9,36.7,54.1,14.680500858583306,14.675302639483151,6.42,-21.29
GUY,2021,Guyana,Guyana,3290866.83,4200046.32,0.38,4.51,85.12,1,1,48.6,42.0,38.1,55.6,15.006661866073726,15.250606349856795,4.13,29.16
HND,1996,Honduras,Honduras,2674880.59,2729348.63,13.97,20.98,29.35,1,1,14.5,30.3,21.1,43.0,14.79941567191194,14.819573908010454,7.01,3.21
HND,1998,Honduras,Honduras,3870480.89,3731139.38,11.61,19.93,36.41,1,1,16.6,45.7,22.5,48.3,15.168889576633914,15.132224476797008,8.32,8.63
HND,2000,Honduras,Honduras,4229312.6,3979197.37,11.42,20.07,53.48,1,1,17.6,41.3,19.9,49.3,15.257550268351794,15.196590942401116,8.65,2.81
HND,2002,Honduras,Honduras,4676074.56,4354674.46,9.75,24.2,59.87,1,1,15.9,39.2,22.4,44.3,15.357969760553889,15.28676064425194,14.45,-0.89
HND,2003,Honduras,Honduras,5205169.71,4457969.04,9.61,18.36,61.86,1,1,15.9,33.7,19.4,42.8,15.465163056803664,15.3102040724029,8.75,4.55
HND,2004,Honduras,Honduras,6179040.08,4971379.43,6.88,19.55,73.51,1,1,18.7,31.1,21.6,38.0,15.636673652345987,15.419208112021813,12.670000000000002,8.29
HND,2005,Honduras,Honduras,6588414.06,5274708.18,9.47,17.65,56.11,1,1,22.4,27.2,27.8,38.0,15.700823370723755,15.478434104053038,8.179999999999998,9.51
HND,2006,Honduras,Honduras,7074635.82,5424215.53,6.98,16.75,69.35,1,1,22.0,26.1,17.2,42.3,15.772026667313808,15.506384028528272,9.77,5.52
HND,2007,Honduras,Honduras,8964797.64,6084860.31,5.49,15.93,78.8,1,1,22.8,30.0,20.1,40.4,16.008816204088703,15.621314492032269,10.44,15.2
HND,2010,Honduras,Honduras,9070076.96,6644664.84,5.71,15.86,68.95,1,1,20.5,28.4,22.3,31.8,16.020491417423727,15.709324961430866,10.149999999999999,7.9
HND,2011,Honduras,Honduras,11817249.07,8173670.99,10.41,15.84,66.8,1,1,21.8,34.1,20.2,31.9,16.28507089228266,15.91642881384511,5.43,11.3
HND,2012,Honduras,Honduras,12136419.09,8392995.31,9.45,15.08,74.52,1,1,18.0,36.5,9.9,33.3,16.311721414605877,15.942908143412776,5.630000000000001,0.61
HND,2015,Honduras,Honduras,11400943.47,8517051.25,5.91,14.25,74.56,1,1,33.3,29.0,16.7,31.5,16.249206758178612,15.957580858893644,8.34,2.46
HND,2016,Honduras,Honduras,10773688.5,8584652.2,9.21,13.93,77.16,1,1,29.0,30.5,11.4,32.5,16.19261756242734,15.965486655458166,4.719999999999999,-2.84
HND,2017,Honduras,Honduras,11439514.84,9100445.83,7.7,13.29,75.85,1,1,25.2,27.1,13.8,32.5,16.252584221342016,16.023834072479406,5.589999999999999,4.33
HND,2018,Honduras,Honduras,12599906.52,9557485.25,7.71,13.6,80.98,1,1,29.0,28.3,15.2,31.1,16.34920003221223,16.072835305890933,5.89,4.63
HND,2019,Honduras,Honduras,12518780.95,9824893.26,8.01,14.55,80.26,1,1,21.4,24.5,14.8,30.4,16.34274063056475,16.100429953320717,6.540000000000001,-1.45
HND,2020,Honduras,Honduras,10465037.4,8446151.16,7.29,13.19,78.34,1,1,17.6,29.7,16.7,30.4,16.163550583229608,15.949221529942445,5.8999999999999995,-6.69
HND,2021,Honduras,Honduras,15639011.58,11039118.54,7.8,13.22,78.7,1,1,14.8,24.1,15.2,32.9,16.565279156817287,16.216955843821285,5.420000000000001,20.79
HRV,1996,Croatia,Croatia,6888222.36,3506509.02,8.74,14.62,28.56,1,1,32.8,47.3,31.2,45.0,15.745323751973935,15.070131804505282,5.879999999999999,1.84
HRV,1998,Croatia,Croatia,6964753.75,3212286.18,7.68,13.41,32.67,1,1,35.3,47.9,39.0,41.8,15.756372952802941,14.982493758520334,5.73,-4.14
HRV,2000,Croatia,Croatia,11765073.36,3190168.27,9.52,9.71,26.54,1,1,57.4,58.2,50.7,65.2,16.280645900565613,14.975584536049176,0.19000000000000128,0.7
HRV,2002,Croatia,Croatia,9836543.52,3537854.19,7.14,10.68,31.91,1,1,62.4,68.8,48.3,65.2,16.101615040688316,15.079031222960316,3.54,8.27
HRV,2003,Croatia,Croatia,12273389.3,4947782.46,5.33,9.74,49.31,1,1,63.5,64.3,51.2,66.7,16.32294408658951,15.41445024840026,4.41,15.12
HRV,2004,Croatia,Croatia,15236141.42,6804648.23,8.2,9.82,34.26,1,1,61.1,70.4,54.8,69.2,16.539180954134736,15.73311664681705,1.620000000000001,8.05
HRV,2005,Croatia,Croatia,16478325.68,7159136.39,6.24,9.45,39.76,1,1,58.5,59.2,55.0,63.5,16.617556540882664,15.783900055421997,3.209999999999999,5.77
HRV,2006,Croatia,Croatia,19394593.06,9262905.59,6.79,10.31,41.16,1,1,58.0,63.8,52.2,60.6,16.780504928500534,16.041528443979338,3.5200000000000005,7.63
HRV,2007,Croatia,Croatia,23823932.01,10612419.22,4.03,9.67,67.82,1,1,58.3,67.1,54.5,63.0,16.98620122203159,16.177535592023425,5.64,9.6
HRV,2008,Croatia,Croatia,29016893.49,11874591.98,4.01,10.06,67.26,1,1,56.3,66.3,55.8,60.6,17.183388786944214,16.289911631929144,6.050000000000001,9.07
HRV,2009,Croatia,Croatia,19680932.48,9260033.23,4.33,9.69,65.83,1,1,56.0,68.2,55.5,61.1,16.795160881390306,16.041218303159805,5.359999999999999,-16.93
HRV,2010,Croatia,Croatia,33155472.82,10412373.57,5.21,9.37,64.31,1,1,58.6,66.8,56.9,61.6,17.316718383740145,16.15850551928624,4.159999999999999,-2.72
HRV,2011,Croatia,Croatia,37976549.57,12280759.16,4.56,9.08,62.99,1,1,58.3,68.2,58.2,64.3,17.452479436948938,16.323544381047533,4.5200000000000005,6.39
HRV,2012,Croatia,Croatia,33601915.73,11528071.12,4.6,9.43,60.57,1,1,58.3,65.4,59.2,64.8,17.33009366884211,16.260295672714097,4.83,-4.23
HRV,2013,Croatia,Croatia,27600306.69,11575790.46,6.1,8.97,51.77,1,1,61.1,66.4,58.2,64.3,17.133337478813644,16.26442653227286,2.870000000000001,2.6
HRV,2014,Croatia,Croatia,22089151.7,11805636.05,3.98,8.27,59.9,1,1,62.0,67.1,63.5,64.0,16.91059721793816,16.28408769146758,4.289999999999999,2.2
HRV,2015,Croatia,Croatia,20148778.93,11003106.51,4.0,8.97,63.3,1,1,61.0,64.8,60.5,65.5,16.818654295144125,16.213688291775867,4.970000000000001,-5.21
HRV,2016,Croatia,Croatia,20889106.66,11805527.9,4.42,9.18,61.97,1,1,61.0,67.6,62.4,65.0,16.854738416488267,16.284078530547678,4.76,2.99
HRV,2017,Croatia,Croatia,24061806.94,13308149.1,13.08,11.59,68.21,1,1,56.7,70.5,61.9,61.6,16.99613640866361,16.403887194986865,-1.4900000000000002,5.97
HRV,2018,Croatia,Croatia,28184733.47,14875533.7,8.02,12.13,66.4,1,1,57.1,71.7,61.9,60.7,17.154291058484834,16.515228454968405,4.110000000000001,7.09
HRV,2019,Croatia,Croatia,29135612.61,14604925.17,12.09,14.5,63.24,1,1,58.1,70.3,61.9,60.4,17.18747181926082,16.49686943867309,2.41,-0.19
HRV,2020,Croatia,Croatia,26579232.17,14187590.03,4.14,8.63,63.49,1,1,59.5,66.5,59.5,64.7,17.095640760946075,16.467878269396763,4.490000000000001,-3.47
HRV,2021,Croatia,Croatia,34820322.29,19128880.55,3.98,8.89,67.91,1,1,56.7,66.0,58.6,64.7,17.365711776867762,16.76670987394666,4.91,13.7
HUN,1996,Hungary,Hungary,18412276.95,15924303.44,9.05,13.78,40.35,1,1,74.2,79.3,79.4,77.0,16.72852827993828,16.583357081231572,4.729999999999999,2.78
HUN,1998,Hungary,Hungary,25400405.11,23675450.97,7.69,12.63,46.15,1,1,75.4,91.5,73.5,80.1,17.050275720443626,16.979949287456094,4.94,10.03
HUN,2000,Hungary,Hungary,30705269.07,29455719.78,8.54,9.79,35.69,1,1,75.5,78.8,73.1,85.1,17.239944861342845,17.198398703186818,1.25,7.02
HUN,2002,Hungary,Hungary,35813682.49,34376885.16,8.6,10.58,30.93,1,1,73.0,91.0,79.1,86.1,17.393840598734386,17.35289498255479,1.9800000000000004,5.67
HUN,2003,Hungary,Hungary,45761409.43,41748010.13,8.19,10.12,38.83,1,1,74.1,86.4,73.1,87.1,17.638951726894735,17.54716237052164,1.9299999999999997,12.59
HUN,2004,Hungary,Hungary,55488846.93,52095659.15,7.34,8.38,44.01,1,1,73.9,75.2,75.0,85.6,17.83169262032768,17.768592204789595,1.040000000000001,12.42
HUN,2005,Hungary,Hungary,62063862.61,57336397.33,5.65,8.08,42.83,1,1,72.2,80.1,75.1,86.5,17.94367447108922,17.86444620392491,2.4299999999999997,4.6
HUN,2006,Hungary,Hungary,73592783.22,67686083.94,6.04,7.63,44.14,1,1,73.2,80.7,79.9,78.8,18.114057538403692,18.030391176726713,1.5899999999999999,8.06
HUN,2007,Hungary,Hungary,89592431.83,89737014.49,5.85,7.16,40.81,1,1,73.3,72.0,80.4,80.8,18.31078141935631,18.31239390066021,1.3100000000000005,10.89
HUN,2008,Hungary,Hungary,101594649.24,98662865.95,6.14,7.37,42.93,1,1,69.9,71.6,80.3,76.4,18.436501436604214,18.40721921223678,1.2300000000000004,7.2
HUN,2009,Hungary,Hungary,69913198.98,75423943.39,5.86,6.87,47.98,1,1,69.4,64.0,71.6,74.9,18.06276503029143,18.13863534741925,1.0099999999999998,-15.72
HUN,2010,Hungary,Hungary,80353383.16,88171848.36,5.94,7.5,45.03,1,1,65.7,69.2,72.0,73.5,18.201944766995776,18.294798301778023,1.5599999999999996,6.37
HUN,2011,Hungary,Hungary,94441293.95,99400602.61,5.54,7.09,47.1,1,1,67.8,70.1,71.8,73.2,18.36348898196814,18.414668744143576,1.5499999999999998,7.68
HUN,2012,Hungary,Hungary,87411454.56,92031151.39,5.74,7.07,48.21,1,1,65.4,68.7,68.1,70.9,18.286136902517327,18.337637690631674,1.33,-3.55
HUN,2013,Hungary,Hungary,93309264.12,98782754.93,6.31,7.69,48.84,1,1,64.9,70.6,67.6,70.4,18.351429965495985,18.408433612363613,1.3800000000000008,2.61
HUN,2014,Hungary,Hungary,98877915.07,105356602.49,6.65,7.77,50.88,1,1,61.1,68.6,70.7,66.5,18.409396476107716,18.472861377692883,1.1199999999999992,2.43
HUN,2015,Hungary,Hungary,87118676.62,98075100.32,6.38,8.75,52.27,1,1,60.0,69.5,64.8,66.5,18.282781857639986,18.40124408314628,2.37,-6.66
HUN,2016,Hungary,Hungary,89677371.19,100129069.87,6.76,8.13,48.41,1,1,58.6,66.2,65.2,59.1,18.311729034224822,18.42197062040394,1.370000000000001,0.8
HUN,2017,Hungary,Hungary,100072348.37,108225309.32,6.17,8.18,59.42,1,1,57.6,74.3,69.5,65.0,18.421403976056965,18.499725818647875,2.01,6.35
HUN,2018,Hungary,Hungary,113575963.61,118751544.7,5.45,8.13,59.52,1,1,58.1,70.8,70.5,64.1,18.547982462727976,18.592544017215364,2.6800000000000006,6.09
HUN,2019,Hungary,Hungary,112638817.63,117548675.97,6.31,8.57,53.83,1,1,57.6,71.7,68.6,58.0,18.53969696230409,18.582363077846605,2.2600000000000007,-0.02
HUN,2020,Hungary,Hungary,107918977.25,114597294.13,4.87,7.64,55.83,1,1,58.6,74.1,66.2,58.9,18.496891302157724,18.556934759261303,2.7699999999999996,-1.68
HUN,2021,Hungary,Hungary,135105889.82,134275134.05,5.0,7.75,59.05,1,1,55.2,73.1,67.6,58.9,18.72156940538471,18.71540149952703,2.75,10.76
IDN,1996,Indonesia,Indonesia,34286549.43,49316412.57,8.93,16.44,30.14,1,1,22.0,13.8,36.2,20.5,17.350263719495246,17.71376751605757,7.510000000000002,2.79
IDN,1998,Indonesia,Indonesia,19885243.0,50969755.47,8.79,11.42,29.1,1,1,10.7,7.4,27.5,17.4,16.80548850710434,17.746743004396237,2.630000000000001,-19.01
IDN,2000,Indonesia,Indonesia,35734082.43,65812751.29,7.86,10.39,31.06,1,1,21.8,2.6,30.8,43.3,17.39161550922374,18.002324181317405,2.5300000000000002,18.16
IDN,2002,Indonesia,Indonesia,36074836.72,64781011.4,7.2,13.52,34.61,1,1,8.5,9.0,21.4,41.8,17.40110616420799,17.98652309986567,6.319999999999999,0.53
IDN,2003,Indonesia,Indonesia,58299004.58,81772990.76,6.81,9.22,36.72,1,1,15.3,3.0,23.4,40.8,17.881095594228423,18.21945757297038,2.410000000000001,2.0
IDN,2004,Indonesia,Indonesia,70471884.76,95568570.32,5.88,8.1,39.94,1,1,17.7,4.4,28.8,40.4,18.070724404701092,18.375354572088035,2.2199999999999998,19.55
IDN,2005,Indonesia,Indonesia,79827762.38,107368978.26,5.75,8.12,38.78,1,1,18.5,7.8,26.3,45.7,18.195381913942754,18.491781864612776,2.369999999999999,11.37
IDN,2006,Indonesia,Indonesia,86212247.6,126121983.62,5.35,7.71,40.18,1,1,20.5,10.1,29.2,45.2,18.272322820666975,18.65276012848307,2.3600000000000003,2.87
IDN,2007,Indonesia,Indonesia,106656900.6,144077292.19,5.18,7.3,42.32,1,1,31.1,13.0,28.7,46.6,18.48512771339921,18.785860471800973,2.12,10.43
IDN,2008,Indonesia,Indonesia,135370375.38,171050444.93,4.4,7.4,42.48,1,1,32.5,15.9,30.3,47.1,18.723525108537803,18.95746907639998,3.0,31.74
IDN,2009,Indonesia,Indonesia,107508653.32,138871619.38,4.52,7.3,43.24,1,1,20.6,21.3,32.7,47.9,18.49308190759394,18.74906046993038,2.7800000000000002,-13.44
IDN,2010,Indonesia,Indonesia,147018229.89,179646099.59,4.59,6.95,33.98,1,1,21.9,20.4,30.8,48.3,18.80606715671307,19.00649936569402,2.3600000000000003,18.37
IDN,2011,Indonesia,Indonesia,189547794.73,226263991.48,4.06,6.88,43.19,1,1,23.7,20.9,31.9,48.8,19.060151770895665,19.237212983847442,2.8200000000000003,14.36
IDN,2012,Indonesia,Indonesia,205799561.56,218738413.23,4.46,7.07,46.06,1,1,28.4,25.6,33.8,52.6,19.14241325580317,19.20338711827938,2.6100000000000003,3.94
IDN,2013,Indonesia,Indonesia,204963295.75,211495216.32,4.75,7.37,47.0,1,1,29.4,28.4,36.6,50.2,19.138341480829162,19.169712943050715,2.62,-1.33
IDN,2014,Indonesia,Indonesia,195376514.17,202220508.73,4.2,6.88,38.58,1,1,32.2,30.0,44.7,51.7,19.090439101864582,19.124869292294907,2.6799999999999997,-2.29
IDN,2015,Indonesia,Indonesia,156079173.31,177048641.78,5.29,7.92,38.46,1,1,36.7,24.3,39.5,53.7,18.865873964093428,18.991935070748664,2.63,-10.51
IDN,2016,Indonesia,Indonesia,148558661.51,169139141.75,4.86,7.82,50.51,1,1,38.1,32.4,40.5,51.7,18.81649047193912,18.946232264018878,2.96,-2.5
IDN,2017,Indonesia,Indonesia,163135669.15,196117537.93,4.9,7.84,53.79,1,1,45.2,28.1,40.0,51.2,18.91009274478326,19.094224725871914,2.9399999999999995,7.58
IDN,2018,Indonesia,Indonesia,186547509.4,212110525.57,4.59,8.3,55.07,1,1,44.3,26.4,41.9,51.9,19.044196512058605,19.172618048524964,3.710000000000001,9.64
IDN,2019,Indonesia,Indonesia,173708752.76,199677042.34,5.92,8.75,37.31,1,1,35.2,26.9,40.5,51.7,18.972890625796428,19.112211836044526,2.83,-4.73
IDN,2020,Indonesia,Indonesia,145945189.94,187775204.63,4.7,8.11,51.83,1,1,36.7,28.3,40.5,52.2,18.798741704670146,19.050756090622954,3.4099999999999993,-9.08
IDN,2021,Indonesia,Indonesia,202125597.34,264351623.59,4.3,7.62,55.75,1,1,36.7,27.4,44.3,53.1,19.124399836104534,19.39279068622927,3.3200000000000003,17.72
IND,1996,British Indian Ocean Ter.,India,4140.6,14415.79,0.88,5.26,6.03,0,0,43.0,19.1,61.3,64.0,8.328837465587691,9.576148778568617,4.38,3.39
IND,1996,India,India,30201081.0,34607016.86,10.27,14.69,29.74,1,1,43.0,19.1,61.3,64.0,17.223388309517865,17.35956704778477,4.42,3.39
IND,1998,British Indian Ocean Ter.,India,11863.79,8457.57,1.6,5.59,30.83,0,0,49.7,12.8,62.0,61.7,9.381330469598188,9.042935407580103,3.9899999999999998,1.19
IND,1998,India,India,31186735.71,36841881.97,10.61,13.96,27.32,1,1,49.7,12.8,62.0,61.7,17.255503456948055,17.422145880151607,3.3500000000000014,1.19
IND,2000,British Indian Ocean Ter.,India,41871.57,60334.68,0.45,11.41,64.88,0,0,43.6,17.5,62.2,59.2,10.642386237592824,11.007678915851086,10.96,2.89
IND,2000,India,India,57582304.52,46222006.82,9.46,13.79,31.81,1,1,43.6,17.5,62.2,59.2,17.86872588263848,17.648966602368944,4.329999999999998,2.89
IND,2002,British Indian Ocean Ter.,India,74129.89,39888.76,0.27,11.73,70.21,0,0,36.5,15.9,53.2,61.2,11.213587593514212,10.593874928335852,11.46,6.48
IND,2002,India,India,60406488.5,53793136.49,9.43,13.65,34.43,1,1,36.5,15.9,53.2,61.2,17.91660709918654,17.800656461048106,4.220000000000001,6.48
IND,2003,British Indian Ocean Ter.,India,10022.11,3667.53,5.21,10.46,60.48,0,0,40.7,9.0,56.2,63.2,9.2126487057227,8.207546315849928,5.250000000000001,12.28
IND,2003,India,India,76383884.07,67364146.78,8.47,12.25,35.75,1,1,40.7,9.0,56.2,63.2,18.151282303485083,18.025623502309013,3.7799999999999994,12.28
IND,2004,British Indian Ocean Ter.,India,13998.41,3237.44,1.96,6.55,80.45,0,0,37.9,13.1,55.8,61.5,9.546770464852218,8.082847011355465,4.59,16.9
IND,2004,India,India,101494618.67,88610545.52,8.51,10.84,24.07,1,1,37.9,13.1,55.8,61.5,18.435516346863793,18.299761443705627,2.33,16.9
IND,2005,British Indian Ocean Ter.,India,16122.5,3970.87,2.41,7.1,80.17,0,0,44.9,17.5,56.9,61.5,9.688033114081227,8.286992295525728,4.6899999999999995,19.29
IND,2005,India,India,132147232.44,106799455.75,7.86,10.55,23.95,1,1,44.9,17.5,56.9,61.5,18.699427263797322,18.486463397866945,2.6900000000000004,19.29
IND,2006,British Indian Ocean Ter.,India,49952.61,4314.74,3.75,11.5,64.83,0,0,47.3,16.9,57.4,59.1,10.818850053737457,8.37002408359961,7.75,12.48
IND,2006,India,India,169840246.47,129243676.46,8.03,10.23,25.58,1,1,47.3,16.9,57.4,59.1,18.950368832435462,18.677210153019,2.200000000000001,12.48
IND,2007,British Indian Ocean Ter.,India,38974.04,4393.24,5.98,9.11,65.21,0,0,41.3,13.5,56.5,59.6,10.570676720224359,8.388049871389217,3.129999999999999,10.76
IND,2007,India,India,234160079.79,163077095.81,6.79,9.25,28.8,1,1,41.3,13.5,56.5,59.6,19.27151554536834,18.909733633512566,2.46,10.76
IND,2008,British Indian Ocean Ter.,India,16498.92,8473.81,2.88,9.33,75.93,0,0,43.7,13.9,57.2,60.1,9.71111081139207,9.044853513118287,6.45,20.16
IND,2008,India,India,290665725.22,206051784.34,9.93,9.72,27.8,1,1,43.7,13.9,57.2,60.1,19.48768445771826,19.143638080307536,-0.20999999999999908,20.16
IND,2009,British Indian Ocean Ter.,India,17372.7,6125.1,5.41,5.86,82.9,0,0,39.2,10.4,55.0,59.7,9.762712847489942,8.720313611124979,0.4500000000000002,-8.14
IND,2009,India,India,255901618.8,165999230.07,6.94,9.29,28.26,1,1,39.2,10.4,55.0,59.7,19.360303630926317,18.927493714201656,2.3499999999999988,-8.14
IND,2010,British Indian Ocean Ter.,India,7019.02,4403.35,2.26,7.19,85.43,0,0,39.0,11.4,53.6,60.2,8.856521346018647,8.390347967890918,4.930000000000001,14.63
IND,2010,India,India,324462100.85,227104836.36,6.71,8.61,27.59,1,1,39.0,11.4,53.6,60.2,19.59767929791975,19.240922307421368,1.8999999999999995,14.63
IND,2011,British Indian Ocean Ter.,India,60230.06,14695.39,1.47,4.97,80.87,0,0,35.5,10.9,52.6,61.0,11.005943445085958,9.595357164376264,3.5,14.94
IND,2011,India,India,394733314.17,283355992.34,6.57,8.6,26.67,1,1,35.5,10.9,52.6,61.0,19.79372094337965,19.462214592076695,2.0299999999999994,14.94
IND,2012,British Indian Ocean Ter.,India,123895.73,31641.07,0.27,4.25,80.78,0,0,36.5,10.9,53.1,61.0,11.727203675017137,10.362242843256103,3.98,2.83
IND,2012,India,India,406680194.3,270878231.85,6.57,8.61,28.06,1,1,36.5,10.9,53.1,61.0,19.823537673601276,19.41717995259037,2.039999999999999,2.83
IND,2013,British Indian Ocean Ter.,India,96414.03,33450.78,0.24,5.1,85.78,0,0,37.0,12.3,53.5,61.5,11.47641738130856,10.41786027789244,4.859999999999999,-2.37
IND,2013,India,India,375966460.68,278024970.27,6.83,8.84,27.43,1,1,37.0,12.3,53.5,61.5,19.745010499716244,19.443221492333144,2.01,-2.37
IND,2014,British Indian Ocean Ter.,India,25389.05,34047.37,0.47,4.38,79.75,0,0,39.9,13.8,55.8,60.1,10.142112643976029,10.43553743965355,3.91,-0.72
IND,2014,India,India,381119495.55,277638153.13,6.1,8.21,29.42,1,1,39.9,13.8,55.8,60.1,19.758623523155315,19.441829219983934,2.110000000000001,-0.72
IND,2015,British Indian Ocean Ter.,India,27249.85,32458.37,0.16,4.42,76.95,0,0,42.9,17.1,55.2,60.6,10.21283999226546,10.387744432377461,4.26,-7.77
IND,2015,India,India,347983711.67,255487338.57,6.65,9.01,29.2,1,1,42.9,17.1,55.2,60.6,19.667666233971055,19.358683414795184,2.3599999999999994,-7.77
IND,2016,British Indian Ocean Ter.,India,34398.02,20154.21,0.71,3.62,72.26,0,0,43.8,14.8,52.4,61.6,10.445783354583595,9.911218094747792,2.91,-4.46
IND,2016,India,India,334435358.39,246940271.94,5.73,8.71,44.26,1,1,43.8,14.8,52.4,61.6,19.627954173387394,19.324657055391995,2.9800000000000004,-4.46
IND,2017,British Indian Ocean Ter.,India,88438.33,17892.01,0.85,5.27,70.72,0,0,45.7,18.6,52.9,58.6,11.39007205918511,9.792165412769478,4.42,11.57
IND,2017,India,India,402560776.96,280488519.23,6.13,8.65,38.42,1,1,45.7,18.6,52.9,58.6,19.813356644566223,19.452043355993272,2.5200000000000005,11.57
IND,2018,British Indian Ocean Ter.,India,51428.82,9604.67,3.21,9.17,67.57,0,0,47.6,13.7,53.3,58.3,10.847973438860055,9.17010882810563,5.96,17.97
IND,2018,India,India,441845299.42,303564518.07,5.81,8.9,45.59,1,1,47.6,13.7,53.3,58.3,19.906470379728233,19.53110472929786,3.0900000000000007,17.97
IND,2019,British Indian Ocean Ter.,India,80324.9,83654.63,0.12,2.43,79.29,0,0,44.8,19.3,51.4,56.0,11.293847388403082,11.334464008394013,2.31,-11.97
IND,2019,India,India,412938399.57,307828043.66,6.77,8.89,28.04,1,1,44.8,19.3,51.4,56.0,19.838808988638938,19.545051888473854,2.120000000000001,-11.97
IND,2020,British Indian Ocean Ter.,India,45202.31,13656.07,0.14,3.34,75.15,0,0,44.3,18.4,52.4,52.7,10.718925593227626,9.522012615241916,3.1999999999999997,-12.34
IND,2020,India,India,330163051.31,264629535.68,6.12,8.49,38.18,1,1,44.3,18.4,52.4,52.7,19.61509718830771,19.393841431079625,2.37,-12.34
IND,2021,British Indian Ocean Ter.,India,49412.27,4084.69,0.86,6.77,31.11,0,0,44.8,22.6,50.0,50.7,10.807974290584967,8.31524590367902,5.909999999999999,24.5
IND,2021,India,India,501730633.41,372312850.46,5.88,8.32,40.6,1,1,44.8,22.6,50.0,50.7,20.0335739488022,19.735245057344677,2.4400000000000004,24.5
IRL,1996,Ireland,Ireland,34562276.68,43355659.94,8.31,9.94,31.18,1,1,91.9,95.2,93.0,91.5,17.358273404821077,17.584947839516314,1.629999999999999,5.19
IRL,1998,Ireland,Ireland,42096856.92,59054883.49,8.99,9.4,37.69,1,1,91.4,99.5,93.0,92.5,17.55548366213816,17.893977815052924,0.41000000000000014,6.36
IRL,2000,Ireland,Ireland,51317984.21,80445123.61,7.49,7.35,36.09,1,1,89.9,97.9,92.5,93.0,17.753551837587963,18.203085828074713,-0.14000000000000057,3.71
IRL,2002,Ireland,Ireland,54027813.93,101544318.56,6.34,6.6,34.12,1,1,88.9,96.3,93.0,89.6,17.80500956321086,18.43600590705536,0.2599999999999998,1.46
IRL,2003,Ireland,Ireland,56542617.08,115855744.47,6.7,6.73,37.3,1,1,90.5,97.0,90.5,90.0,17.850505214074552,18.567856401656936,0.03000000000000025,2.67
IRL,2004,Ireland,Ireland,67775357.57,133008384.1,6.95,6.76,43.67,1,1,87.2,91.3,92.3,93.3,18.031709243928884,18.70592273006338,-0.1900000000000004,8.1
IRL,2005,Ireland,Ireland,77009025.43,141837213.29,5.88,6.57,41.13,1,1,92.2,94.2,92.3,97.6,18.15943319931112,18.77019057973195,0.6900000000000004,6.5
IRL,2006,Ireland,Ireland,82752614.95,146664704.78,6.05,6.39,43.02,1,1,92.2,91.8,93.8,95.2,18.231366184410597,18.803659626437277,0.33999999999999986,5.0
IRL,2007,Ireland,Ireland,92263654.92,163893647.91,5.45,5.61,43.92,1,1,93.2,93.2,93.8,95.7,18.340160861582422,18.91472829317681,0.16000000000000014,50.16
IRL,2008,Ireland,Ireland,89250128.79,164463198.5,5.71,5.69,43.95,1,1,92.7,93.3,93.8,95.7,18.306953432852655,18.918197391896406,-0.019999999999999574,-1.74
IRL,2009,Ireland,Ireland,62114865.57,150084661.77,5.72,5.43,44.84,1,1,93.8,86.3,95.3,93.8,17.944495915515233,18.826710111303004,-0.29000000000000004,-12.22
IRL,2010,Ireland,Ireland,62886703.41,138422291.87,5.58,6.06,44.0,1,1,92.9,84.8,95.3,93.4,17.95684532269791,18.745819663826843,0.47999999999999954,-30.68
IRL,2011,Ireland,Ireland,68190458.33,150169745.74,5.5,6.31,44.27,1,1,91.9,77.7,96.2,92.5,18.037815220505824,18.827276857166396,0.8099999999999996,6.87
IRL,2012,Ireland,Ireland,66575534.07,135949726.25,5.25,6.02,48.86,1,1,90.0,77.7,94.4,92.0,18.013847726732987,18.727795722788443,0.7699999999999996,-1.07
IRL,2013,Ireland,Ireland,72048754.64,134036847.0,5.16,6.31,46.8,1,1,92.4,75.4,94.8,92.0,18.092853609476485,18.713625305188344,1.1499999999999995,1.29
IRL,2014,Ireland,Ireland,75248073.81,135233230.07,4.99,5.91,51.29,1,1,92.8,87.1,92.8,92.6,18.136300877345718,18.722511483309116,0.9199999999999999,5.57
IRL,2015,Ireland,Ireland,69700938.83,142804694.88,5.05,6.04,49.46,1,1,92.4,77.6,92.9,92.6,18.05972435957098,18.776988491642804,0.9900000000000002,-2.94
IRL,2016,Ireland,Ireland,68701536.27,160076211.88,4.87,5.83,45.67,1,1,92.4,73.3,89.0,92.6,18.045282133507,18.89116059028874,0.96,2.82
IRL,2017,Ireland,Ireland,75004489.65,169372041.15,5.01,6.25,56.95,1,1,91.4,84.3,88.1,90.6,18.13305854504146,18.94760828612472,1.2400000000000002,6.74
IRL,2018,Ireland,Ireland,88470758.9,196626176.29,5.55,7.01,54.79,1,1,90.5,85.8,88.6,91.7,18.298182658775,19.096814906813666,1.46,7.68
IRL,2019,Ireland,Ireland,79189338.5,204681026.9,7.02,8.2,51.43,1,1,90.0,80.7,88.1,93.2,18.187352245452228,19.13696336387409,1.1799999999999997,-3.15
IRL,2020,Ireland,Ireland,82510942.99,212738759.06,4.6,5.38,51.55,1,1,91.4,80.2,89.5,95.2,18.22844149693133,19.17557549234174,0.7800000000000002,-1.21
IRL,2021,Ireland,Ireland,100144839.53,247653488.01,4.35,6.4,58.97,1,1,92.9,75.9,90.5,95.2,18.422128101325168,19.327541105370912,2.0500000000000007,11.11
IRN,1998,"Iran, Islamic Rep.","Iran, Islamic Republic of",10887598.25,12228553.19,5.36,6.95,33.73,1,1,40.1,23.4,29.5,23.4,16.203135016060013,16.3192842823594,1.5899999999999999,0.37
IRN,2000,"Iran, Islamic Rep.","Iran, Islamic Republic of",19008302.45,25730110.55,4.16,5.1,32.87,1,1,44.1,24.3,34.8,21.4,16.76038646534789,17.063172519654668,0.9399999999999995,3.9
IRN,2002,"Iran, Islamic Rep.","Iran, Islamic Republic of",28362074.11,19789792.47,4.15,5.97,33.64,1,1,49.7,23.3,25.4,17.4,17.16056342726168,16.800676881445465,1.8199999999999994,12.13
IRN,2003,"Iran, Islamic Rep.","Iran, Islamic Republic of",38711222.1,29451978.4,3.03,4.64,38.03,1,1,46.6,24.1,29.4,11.4,17.47164011854137,17.19827167802734,1.6099999999999999,12.28
IRN,2004,"Iran, Islamic Rep.","Iran, Islamic Republic of",49549529.66,37546929.68,2.23,4.1,41.49,1,1,42.9,22.3,31.7,13.0,17.718483346646973,17.441102193286287,1.8699999999999997,13.45
IRN,2005,"Iran, Islamic Rep.","Iran, Islamic Republic of",55170271.61,48887103.92,2.74,4.05,38.59,1,1,40.5,24.3,23.0,10.6,17.825934826508835,17.70502421660185,1.3099999999999996,8.26
IRN,2006,"Iran, Islamic Rep.","Iran, Islamic Republic of",56264311.38,69148759.64,2.76,3.71,41.18,1,1,38.0,17.4,16.3,8.2,17.84557100899496,18.051770693137854,0.9500000000000002,2.57
IRN,2011,"Iran, Islamic Rep.","Iran, Islamic Republic of",88718235.88,121533756.34,1.39,2.89,43.25,1,1,20.4,7.6,17.4,7.0,18.300976027950487,18.615702620344294,1.5000000000000002,11.76
IRN,2014,"Iran, Islamic Rep.","Iran, Islamic Republic of",76054611.15,67963871.95,2.3,3.04,25.46,1,1,30.8,17.1,13.0,5.9,18.146962221116002,18.03448684181402,0.7400000000000002,3.87
IRN,2015,"Iran, Islamic Rep.","Iran, Islamic Republic of",62699652.18,41329014.81,2.85,3.56,26.81,1,1,31.0,17.6,17.6,7.9,17.953866474168393,17.537075373235595,0.71,-12.46
IRN,2016,"Iran, Islamic Rep.","Iran, Islamic Republic of",65207584.2,48838804.29,2.42,3.36,27.4,1,1,26.7,17.6,25.7,12.3,17.99308635755352,17.704035745195874,0.94,3.27
IRN,2017,"Iran, Islamic Rep.","Iran, Islamic Republic of",78949367.98,69761374.39,1.51,2.98,26.68,1,1,20.5,14.8,26.7,12.8,18.184317305980404,18.060591053397015,1.47,9.94
IRN,2018,"Iran, Islamic Rep.","Iran, Islamic Republic of",62829548.53,78427409.12,2.04,2.68,24.07,1,1,15.7,9.9,25.2,12.6,17.955936054689253,18.17768404309575,0.6400000000000001,-10.62
ISL,1996,Iceland,Iceland,1816685.12,2109391.98,7.02,12.54,24.82,1,1,93.0,94.1,93.5,94.0,14.412524586170864,14.561910776858555,5.52,7.97
ISL,1998,Iceland,Iceland,2166164.38,2165473.95,7.68,11.73,32.1,1,1,94.1,95.2,94.0,94.0,14.588469056352267,14.588150271802652,4.050000000000001,10.88
ISL,2000,Iceland,Iceland,4374269.07,2215436.51,5.71,11.33,34.58,1,1,98.4,96.8,96.5,94.5,15.291250222711463,14.610960463401275,5.62,5.62
ISL,2002,Iceland,Iceland,3286800.94,2421807.39,2.3,10.34,61.28,1,1,97.4,98.9,98.0,96.5,15.005425595278743,14.70002508766175,8.04,-0.13
ISL,2003,Iceland,Iceland,4361630.08,2614266.28,2.1,10.12,63.3,1,1,98.4,99.0,99.0,98.5,15.288356646284347,14.776494417365354,8.02,11.5
ISL,2004,Iceland,Iceland,5800918.6,2947281.25,2.63,9.36,67.36,1,1,98.0,98.5,98.6,95.7,15.57352701467279,14.896394032498442,6.7299999999999995,14.61
ISL,2005,Iceland,Iceland,7722018.19,2935277.49,2.23,9.66,66.36,1,1,99.5,99.5,99.5,95.7,15.859586440910716,14.892312892603261,7.43,15.8
ISL,2006,Iceland,Iceland,8720611.29,3537449.57,1.74,9.03,66.97,1,1,97.6,99.5,98.1,96.2,15.981200010163201,15.078916847691128,7.289999999999999,9.7
ISL,2007,Iceland,Iceland,10516433.05,4123195.9,2.48,8.12,69.48,1,1,97.6,99.5,97.1,96.2,16.168449739179806,15.232139367036726,5.639999999999999,5.67
ISL,2008,Iceland,Iceland,8322136.76,4412542.62,1.7,7.75,71.95,1,1,99.5,94.2,97.6,96.2,15.934429722101061,15.299961865727235,6.05,-3.99
ISL,2009,Iceland,Iceland,5256825.09,3963099.48,2.14,7.39,72.97,1,1,95.7,91.5,93.4,95.7,15.475037997648897,15.192537226380548,5.25,-23.55
ISL,2010,Iceland,Iceland,6572595.17,4528378.05,2.04,7.48,70.31,1,1,94.3,85.3,93.4,95.7,15.69841946765866,15.325874607817294,5.44,4.22
ISL,2011,Iceland,Iceland,8143324.44,5258302.42,1.96,7.56,71.29,1,1,94.8,92.9,93.4,95.3,15.912709185265303,15.475318988959241,5.6,11.26
ISL,2012,Iceland,Iceland,7245875.23,5376273.15,1.48,7.03,74.7,1,1,94.8,92.9,92.5,94.8,15.795943069143055,15.497506155048603,5.550000000000001,-0.76
ISL,2013,Iceland,Iceland,6767009.62,5446120.54,1.73,8.02,73.71,1,1,95.7,94.3,92.5,94.8,15.727569984593949,15.510414269263913,6.289999999999999,2.56
ISL,2014,Iceland,Iceland,7284848.56,5948478.8,1.33,7.06,77.59,1,1,94.2,94.3,90.9,93.1,15.801307346746189,15.59864624907888,5.7299999999999995,3.45
ISL,2015,Iceland,Iceland,7788605.21,5051549.86,1.28,7.35,76.88,1,1,95.7,94.8,91.0,93.6,15.868172481427981,15.435205855095784,6.069999999999999,-0.81
ISL,2016,Iceland,Iceland,9593124.98,4383325.99,1.72,8.07,78.04,1,1,95.2,95.7,89.5,94.6,16.076557356206298,15.2933185807706,6.3500000000000005,3.88
ISL,2017,Iceland,Iceland,10581327.51,5066651.49,1.08,6.65,77.74,1,1,94.3,95.7,91.0,94.6,16.17460154456435,15.438190899118164,5.57,10.56
ISL,2018,Iceland,Iceland,10655223.16,5857496.39,1.07,7.14,78.5,1,1,94.3,97.6,93.3,93.7,16.181560861303883,15.583233003781402,6.069999999999999,5.01
ISL,2019,Iceland,Iceland,9246712.86,5130426.13,1.86,8.58,78.98,1,1,92.4,99.5,95.2,92.8,16.039778787991022,15.450699474889507,6.72,-7.48
ISL,2020,Iceland,Iceland,7980489.18,4405965.6,1.75,7.15,78.45,1,1,94.8,96.7,96.2,94.7,15.89251039360465,15.298470225743745,5.4,-6.95
ISL,2021,Iceland,Iceland,10693241.05,6197077.36,1.28,6.66,78.17,1,1,95.2,96.2,96.2,94.2,16.18512251578672,15.63958850669244,5.38,17.3
ISR,1996,Israel,Israel,25364316.89,19337329.98,6.43,12.29,40.01,1,1,88.2,12.8,88.4,69.0,17.048853936841326,16.7775480332952,5.859999999999999,2.79
ISR,1998,Israel,Israel,25573407.25,22911464.41,5.36,10.73,35.65,1,1,83.4,14.9,83.0,66.2,17.057063629350893,16.94714801615536,5.37,-2.71
ISR,2000,Israel,Israel,47520266.25,30985484.0,3.58,9.31,65.22,1,1,83.0,16.9,83.6,68.7,17.67666685695066,17.249029426991036,5.73,7.23
ISR,2002,Israel,Israel,42128577.81,29220179.4,3.84,9.8,54.21,1,1,84.7,11.1,83.6,66.2,17.55623689994211,17.190370138121295,5.960000000000001,-0.3
ISR,2003,Israel,Israel,43917012.28,30705474.45,4.09,9.02,58.11,1,1,81.5,8.5,80.1,67.2,17.59781234921021,17.23995155007454,4.93,1.66
ISR,2004,Israel,Israel,54086683.06,36871776.64,3.56,7.48,68.14,1,1,81.8,11.2,75.5,69.7,17.806098577845678,17.42295698277198,3.9200000000000004,9.43
ISR,2005,Israel,Israel,58348959.03,41999549.17,3.11,7.6,65.05,1,1,78.5,13.1,73.7,68.3,17.88195209357314,17.55316946595219,4.49,4.84
ISR,2006,Israel,Israel,62681934.9,45835090.67,3.04,7.76,66.95,1,1,80.0,13.0,77.0,71.2,17.953583860425052,17.640560549376012,4.72,3.06
ISR,2007,Israel,Israel,73315305.88,55747162.89,2.97,7.34,66.89,1,1,77.2,11.6,72.7,69.7,18.11027997015827,17.83633709508223,4.369999999999999,8.8
ISR,2008,Israel,Israel,84733130.65,62485918.72,2.95,7.21,65.94,1,1,77.7,11.1,74.0,69.2,18.255017247836253,17.950451804846267,4.26,7.29
ISR,2009,Israel,Israel,61206315.49,50201825.02,3.06,6.76,66.57,1,1,74.2,7.1,73.9,65.4,17.92976095277762,17.731561958900805,3.6999999999999997,-14.75
ISR,2010,Israel,Israel,75563181.11,57990597.19,3.41,7.17,69.22,1,1,73.8,10.4,79.1,66.8,18.140479713395315,17.875791455198627,3.76,11.79
ISR,2011,Israel,Israel,91722738.23,66930972.93,3.52,7.26,68.98,1,1,76.3,13.3,80.8,67.6,18.334280880641035,18.01917240644264,3.7399999999999998,11.45
ISR,2012,Israel,Israel,89988393.3,64973490.03,3.3,6.97,70.17,1,1,77.7,16.1,77.9,67.6,18.315191267757264,17.98948991436682,3.67,-0.28
ISR,2013,Israel,Israel,90520948.46,67467100.87,3.31,6.99,70.47,1,1,78.2,15.2,80.3,67.1,18.32109186762732,18.02715065733096,3.68,-0.77
ISR,2014,Israel,Israel,93803836.51,67427045.43,2.81,6.19,73.99,1,1,78.8,12.9,83.7,70.9,18.356716324760065,18.02655677773452,3.3800000000000003,0.23
ISR,2015,Israel,Israel,84775318.72,62824381.72,2.41,6.56,72.45,1,1,78.6,11.4,84.3,71.9,18.255515017363734,17.955853815957678,4.1499999999999995,-7.37
ISR,2016,Israel,Israel,89563001.15,58720705.71,2.41,6.36,74.54,1,1,83.8,19.0,82.4,71.9,18.31045287023618,17.888302977450156,3.95,2.96
ISR,2017,Israel,Israel,92127520.63,61033367.6,2.15,5.78,77.19,1,1,78.6,16.7,81.0,70.9,18.338684279930924,17.926931298802785,3.6300000000000003,2.49
ISR,2018,Israel,Israel,97823645.25,63202030.66,2.03,6.12,76.13,1,1,77.6,15.1,79.5,68.9,18.3986768874779,17.961847005119385,4.09,5.26
ISR,2019,Israel,Israel,96920323.01,58808278.93,1.99,6.35,77.68,1,1,78.1,18.9,81.4,69.1,18.389399796973457,17.889793218091388,4.359999999999999,0.0
ISR,2020,Israel,Israel,89014440.15,53884586.92,2.04,5.81,75.58,1,1,68.1,16.5,80.5,68.1,18.304309174646026,17.802355056586592,3.7699999999999996,-4.9
ISR,2021,Israel,Israel,116918781.21,69776578.96,1.72,5.33,75.42,1,1,80.0,13.2,81.4,67.6,18.576990082569772,18.060808980770567,3.6100000000000003,15.35
ITA,1996,Italy,Italy,173057842.63,220904636.74,10.62,12.45,28.01,1,1,67.2,86.7,84.4,84.5,18.969136452820234,19.213241662918712,1.83,1.93
ITA,1998,Italy,Italy,187622188.97,222736175.37,10.69,12.73,31.54,1,1,68.4,91.0,73.0,79.6,19.04994087096364,19.22149856344445,2.040000000000001,1.73
ITA,2000,Italy,Italy,217944935.81,221079558.47,11.89,11.3,28.57,1,1,75.0,78.3,73.6,79.6,19.199753005408425,19.214033192300246,-0.5899999999999999,2.21
ITA,2002,Italy,Italy,238174991.38,234714940.93,10.86,11.01,26.85,1,1,72.5,75.7,70.6,78.1,19.288516223563835,19.273882322748772,0.15000000000000036,2.34
ITA,2003,Italy,Italy,285429198.79,277433843.34,10.38,10.26,29.99,1,1,70.9,59.8,69.7,77.6,19.469504569581503,19.441093063954483,-0.120000000000001,9.66
ITA,2004,Italy,Italy,335386945.99,325363171.6,9.22,8.96,34.57,1,1,66.5,54.9,68.3,86.5,19.630795488856055,19.600452570560698,-0.2599999999999998,9.33
ITA,2005,Italy,Italy,362681489.85,345826991.59,8.22,9.05,33.83,1,1,67.8,63.1,64.6,81.7,19.709035571382184,19.661449186553416,0.8300000000000001,3.63
ITA,2006,Italy,Italy,420450828.67,391442465.52,8.37,8.74,34.99,1,1,71.2,62.3,61.7,83.2,19.856838097531757,19.78534910606978,0.370000000000001,9.58
ITA,2007,Italy,Italy,488438425.64,468578915.63,7.53,8.14,35.85,1,1,67.5,60.4,63.6,86.1,20.0067239757299,19.965215090772265,0.6100000000000003,7.52
ITA,2008,Italy,Italy,570601360.01,516201539.13,7.53,8.39,37.09,1,1,64.1,65.4,62.5,81.3,20.162201381966906,20.062007828835966,0.8600000000000003,4.8
ITA,2009,Italy,Italy,407032326.82,388222257.32,7.28,7.87,38.87,1,1,64.1,54.5,62.6,81.5,19.82440316978568,19.777088564304307,0.5899999999999999,-14.05
ITA,2010,Italy,Italy,460571784.66,421866836.38,7.71,7.98,36.93,1,1,64.3,62.6,64.0,75.8,19.947979287851556,19.86020027097129,0.27000000000000046,8.31
ITA,2011,Italy,Italy,515496761.81,492738674.47,7.1,7.83,38.89,1,1,65.9,62.6,64.3,75.1,20.06064158169255,20.015489521429608,0.7300000000000004,7.12
ITA,2012,Italy,Italy,449191094.29,480271979.92,6.76,7.69,42.92,1,1,62.1,63.0,64.3,74.6,19.922958957145877,19.98986312831046,0.9300000000000006,-6.45
ITA,2013,Italy,Italy,452931201.18,492582197.2,6.78,7.93,41.75,1,1,60.2,64.0,63.8,76.1,19.931250800346323,20.015171904548655,1.1499999999999995,-1.0
ITA,2014,Italy,Italy,461823662.95,504017370.41,6.35,7.65,46.12,1,1,56.7,60.5,67.8,77.8,19.950693696425848,20.038121292525,1.3000000000000007,-0.55
ITA,2015,Italy,Italy,385627355.58,446483817.69,6.55,8.17,46.02,1,1,57.1,58.6,63.3,81.3,19.770382063671704,19.916913717288185,1.62,-6.9
ITA,2016,Italy,Italy,398712277.77,453921823.32,6.76,8.08,42.91,1,1,59.0,58.6,62.9,81.8,19.803750608892663,19.93343554805093,1.3200000000000003,-0.52
ITA,2017,Italy,Italy,438070450.3,512871434.99,5.65,8.33,53.09,1,1,60.5,57.6,62.4,78.8,19.897890303123006,20.055535759621318,2.6799999999999997,5.61
ITA,2018,Italy,Italy,487046381.58,544601327.68,6.6,9.11,50.67,1,1,61.0,57.1,60.0,78.2,20.003869917949057,20.115564577936542,2.51,5.37
ITA,2019,Italy,Italy,462233086.02,526935399.43,17.39,12.69,47.72,1,1,61.4,59.0,60.5,76.8,19.951579839179228,20.082588519162893,-4.700000000000001,-2.88
ITA,2020,Italy,Italy,410229235.44,491095840.62,6.47,8.71,48.02,1,1,67.1,58.0,57.6,81.2,19.832226674685334,20.012149863492457,2.240000000000001,-5.24
ITA,2021,Italy,Italy,541322556.98,611544045.05,6.45,8.89,51.82,1,1,67.6,63.7,58.1,83.6,20.109525884610317,20.23149754001508,2.4400000000000004,15.43
JAM,1998,Jamaica,Jamaica,2449722.02,1891018.54,10.33,17.23,50.02,1,1,59.9,48.9,43.0,69.2,14.711485523068706,14.452626680744267,6.9,-2.07
JAM,2000,Jamaica,Jamaica,3281787.44,1609253.6,5.88,18.05,51.34,1,1,59.0,54.5,36.8,68.2,15.003899087859795,14.29128164838522,12.170000000000002,4.84
JAM,2002,Jamaica,Jamaica,3710860.63,1489416.31,6.79,16.44,42.52,1,1,38.1,40.2,42.3,66.7,15.126774652901876,14.213895534320862,9.650000000000002,2.04
JAM,2003,Jamaica,Jamaica,3987706.5,1587155.78,10.99,17.14,41.69,1,1,41.3,33.2,38.8,64.7,15.198727062338882,14.27745478479925,6.15,1.04
JAM,2004,Jamaica,Jamaica,3710685.73,1759257.87,9.51,15.13,60.11,1,1,41.4,33.0,40.4,61.1,15.126727519880154,14.380403181737357,5.620000000000001,4.28
JAM,2005,Jamaica,Jamaica,4669770.59,1868577.18,8.79,12.64,62.43,1,1,46.3,36.9,39.7,62.0,15.356620718384704,14.440688368081332,3.8500000000000014,11.44
JAM,2006,Jamaica,Jamaica,5604658.88,2300534.97,5.98,14.48,70.64,1,1,46.3,34.3,43.5,67.3,15.539108931112853,14.648652684186786,8.5,1.59
JAM,2007,Jamaica,Jamaica,5481159.08,2376029.42,5.96,14.02,73.4,1,1,46.6,36.2,44.5,67.3,15.516827329950962,14.680941762413017,8.059999999999999,15.69
JAM,2008,Jamaica,Jamaica,7194234.17,2632298.22,4.97,12.03,74.35,1,1,44.2,34.1,46.2,66.3,15.788790592444858,14.783368250375982,7.06,12.01
JAM,2009,Jamaica,Jamaica,3779689.32,1370141.19,13.19,17.83,64.15,1,1,47.8,31.8,42.7,66.4,15.145152638313732,14.13042508073984,4.639999999999999,-22.65
JAM,2010,Jamaica,Jamaica,4401476.0,1101277.66,5.18,13.63,56.8,1,1,48.1,30.8,40.8,61.1,15.297450724378134,13.911982480865506,8.450000000000001,1.58
JAM,2011,Jamaica,Jamaica,5114612.55,1609674.87,3.59,13.01,58.0,1,1,53.1,44.5,43.7,62.0,15.44761240221648,14.291543393711088,9.42,10.99
JAM,2012,Jamaica,Jamaica,5386521.05,1355762.1,2.87,21.65,79.36,1,1,48.3,50.2,44.6,63.4,15.499410474875257,14.11987502720503,18.779999999999998,1.11
JAM,2013,Jamaica,Jamaica,5378393.99,1419606.46,1.97,14.1,77.36,1,1,47.4,54.5,45.5,64.8,15.497900558632736,14.16589095474208,12.129999999999999,-2.81
JAM,2014,Jamaica,Jamaica,5203484.95,1296448.26,1.66,8.71,79.75,1,1,46.2,46.7,47.1,67.5,15.464839333950707,14.075139747059268,7.050000000000001,-3.11
JAM,2015,Jamaica,Jamaica,4576497.98,1263193.48,2.08,10.75,76.51,1,1,48.6,51.0,49.5,69.0,15.336444848929201,14.049154372059682,8.67,-7.5
JAM,2016,Jamaica,Jamaica,4584906.2,1046771.35,7.8,13.84,76.85,1,1,49.5,57.1,48.6,70.9,15.338280423555114,13.861222035456644,6.04,-2.29
JAM,2017,Jamaica,Jamaica,5644836.93,1187509.79,4.17,13.17,82.01,1,1,47.6,58.6,50.0,70.0,15.546252044790595,13.987369901165442,9.0,10.48
JAM,2018,Jamaica,Jamaica,6306627.35,1486376.67,4.38,15.94,82.45,1,1,47.1,61.3,47.1,68.4,15.657111757320044,14.211852624054808,11.559999999999999,2.98
JAM,2019,Jamaica,Jamaica,5871759.45,1388307.66,8.37,24.92,83.44,1,1,51.9,59.4,43.8,66.7,15.58566505314461,14.143596772848284,16.550000000000004,1.76
JAM,2020,Jamaica,Jamaica,4828106.6,1043804.79,3.72,13.78,81.86,1,1,53.8,55.7,45.2,66.7,15.389965147612358,13.858384005215727,10.059999999999999,-13.64
JAM,2021,Jamaica,Jamaica,5336113.7,1107797.53,7.34,12.35,76.76,1,1,52.4,52.8,46.2,65.7,15.49000836184882,13.917885297625936,5.01,11.98
JOR,1998,Jordan,Jordan,3406557.2,1026059.39,4.36,6.73,55.14,1,1,59.4,48.4,61.0,36.3,15.0412130140345,13.841237162629813,2.37,-0.19
JOR,2000,Jordan,Jordan,5111313.1,1205546.13,6.53,8.17,46.86,1,1,58.5,43.9,62.7,41.8,15.446967091545911,14.002444071650007,1.6399999999999997,11.11
JOR,2002,Jordan,Jordan,6997989.5,2256798.33,5.72,11.62,41.31,1,1,55.0,30.2,55.7,25.4,15.761133594378125,14.62945814178934,5.8999999999999995,1.51
JOR,2003,Jordan,Jordan,8688345.77,2716736.06,5.82,10.92,41.23,1,1,67.7,40.7,61.7,29.9,15.977493234033357,14.814942107869676,5.1,6.12
JOR,2004,Jordan,Jordan,11095542.92,3455011.12,5.05,10.33,51.82,1,1,64.0,36.9,59.6,31.7,16.222054137031833,15.055336523137234,5.28,20.02
JOR,2005,Jordan,Jordan,11727426.84,3638596.55,4.73,10.68,76.06,1,1,63.4,41.7,58.4,32.2,16.27744091610677,15.107108876908715,5.949999999999999,13.3
JOR,2006,Jordan,Jordan,13449208.17,4357906.47,4.0,10.52,76.58,1,1,64.4,23.7,60.3,27.9,16.41443086451395,15.287502562044683,6.52,4.64
JOR,2007,Jordan,Jordan,15653911.83,4509722.43,3.73,9.59,78.7,1,1,64.1,34.8,60.3,28.8,16.566231464786636,15.321746385873428,5.859999999999999,8.72
JOR,2008,Jordan,Jordan,21529286.74,6527527.57,3.31,7.5,74.51,1,1,67.5,30.8,60.1,26.9,16.88492478658245,15.691538956412943,4.1899999999999995,11.66
JOR,2009,Jordan,Jordan,18580781.79,4858554.47,2.95,7.79,74.6,1,1,62.7,32.2,59.7,27.0,16.73763842124828,15.3962517233005,4.84,-8.66
JOR,2010,Jordan,Jordan,19149320.42,5179099.55,3.26,8.06,66.56,1,1,60.0,34.6,59.7,27.0,16.767777837976148,15.460141960162531,4.800000000000001,4.13
JOR,2011,Jordan,Jordan,22368051.56,6257398.58,3.71,7.99,63.63,1,1,59.7,30.3,61.0,26.3,16.92314427379832,15.649275254216827,4.28,9.5
JOR,2012,Jordan,Jordan,24696464.9,6248008.55,2.32,8.64,82.23,1,1,60.2,29.4,62.4,26.8,17.022170710389485,15.647773498989606,6.32,6.33
JOR,2013,Jordan,Jordan,27139568.74,5898146.09,2.54,9.71,84.73,1,1,59.7,26.1,63.4,24.9,17.116503358892345,15.590148807008747,7.170000000000001,2.05
JOR,2014,Jordan,Jordan,27412751.36,7053211.53,3.0,10.21,85.47,1,1,60.6,27.6,68.3,26.6,17.126518877685058,15.768993749012937,7.210000000000001,2.73
JOR,2015,Jordan,Jordan,23632764.91,7533712.25,3.05,10.12,82.35,1,1,62.4,25.7,66.7,25.6,16.978144693096084,15.834898605718712,7.069999999999999,-5.11
JOR,2016,Jordan,Jordan,21834620.08,6655119.57,3.25,9.47,84.71,1,1,61.9,27.1,59.0,26.6,16.899007390961433,15.710897126852343,6.220000000000001,-3.15
JOR,2017,Jordan,Jordan,23365731.61,6983057.99,3.05,9.69,85.88,1,1,61.9,30.0,59.5,27.1,16.966781088643295,15.75899762945109,6.64,3.08
JOR,2018,Jordan,Jordan,23420038.07,7102444.64,3.9,10.67,83.44,1,1,58.6,32.5,59.5,27.7,16.969102584364734,15.775949739038106,6.77,-0.24
JOR,2019,Jordan,Jordan,24090821.77,7979405.64,4.83,11.77,83.92,1,1,58.6,36.8,56.7,28.0,16.99734152801363,15.89237461077173,6.9399999999999995,-2.43
JOR,2020,Jordan,Jordan,20204712.33,7802794.47,3.02,11.18,83.05,1,1,57.6,37.7,56.2,28.5,16.8214264683218,15.869992621041922,8.16,-6.22
JOR,2021,Jordan,Jordan,25586379.06,9808091.8,3.6,10.12,82.07,1,1,55.7,35.4,56.7,27.1,17.057570738965943,16.098718398777315,6.52,12.55
JPN,1996,Japan,Japan,268342184.51,406740681.38,11.09,11.16,20.05,1,1,84.4,88.3,89.4,81.0,19.407773535648847,19.82368639631487,0.07000000000000028,1.93
JPN,1998,Japan,Japan,224903388.47,409281329.52,11.15,11.55,21.63,1,1,82.4,93.1,90.5,74.6,19.231181487825314,19.82991332722906,0.40000000000000036,-8.99
JPN,2000,Japan,Japan,345774331.47,513854403.87,9.17,9.66,23.25,1,1,85.1,88.4,88.1,75.6,19.66129690194032,20.057450524286246,0.4900000000000002,10.67
JPN,2002,Japan,Japan,328908223.59,461915802.27,9.53,10.23,21.55,1,1,81.5,88.9,84.1,75.6,19.611289317201145,19.950893188433227,0.7000000000000011,-1.69
JPN,2003,Japan,Japan,373003101.81,523318155.43,9.56,9.93,21.65,1,1,84.1,82.9,84.6,83.6,19.73709729609896,20.075700166765767,0.3699999999999992,6.57
JPN,2004,Japan,Japan,437318860.27,626411106.57,8.15,8.43,25.31,1,1,85.7,82.5,88.5,82.7,19.896173146644426,20.25551743487509,0.27999999999999936,8.96
JPN,2005,Japan,Japan,494448580.74,664493650.39,8.12,8.69,24.11,1,1,83.9,82.5,88.0,81.3,20.018953723317377,20.314535882106547,0.5700000000000003,6.45
JPN,2006,Japan,Japan,547853147.96,716597290.38,7.87,8.52,25.82,1,1,89.3,90.8,90.0,76.9,20.121517832649847,20.390024583006603,0.6499999999999995,5.95
JPN,2007,Japan,Japan,579276942.25,787596892.23,7.72,8.26,27.92,1,1,85.4,82.6,89.5,76.0,20.177291234221773,20.484496960117603,0.54,3.66
JPN,2008,Japan,Japan,650916984.58,858122954.49,6.98,7.67,27.84,1,1,88.8,77.4,88.9,75.5,20.2938926737314,20.570257951951987,0.6899999999999995,10.7
JPN,2009,Japan,Japan,479247024.04,647371988.72,6.18,6.93,29.01,1,1,89.5,84.4,88.2,79.6,19.987726732338157,20.28843163271876,0.75,-14.92
JPN,2010,Japan,Japan,595809643.87,829607541.18,6.33,7.08,28.26,1,1,91.4,77.7,88.2,81.0,20.20543178621246,20.536463306183492,0.75,12.13
JPN,2011,Japan,Japan,721993840.66,897524447.55,5.91,6.87,28.45,1,1,91.5,82.0,87.8,82.2,20.397527167263934,20.61515091867992,0.96,11.01
JPN,2012,Japan,Japan,735536916.49,883364655.11,5.99,6.91,30.27,1,1,91.9,78.2,88.3,84.5,20.41611129047826,20.59924864739492,0.9199999999999999,1.78
JPN,2013,Japan,Japan,708583475.97,806986724.3,6.18,7.23,29.52,1,1,92.9,82.9,89.7,85.0,20.378778432271677,20.50881777665655,1.0500000000000007,-3.03
JPN,2014,Japan,Japan,707208557.48,781230169.07,5.14,6.32,32.65,1,1,92.3,80.0,89.4,79.3,20.376836171137555,20.476380376382348,1.1800000000000006,-1.27
JPN,2015,Japan,Japan,595680877.63,714588499.06,5.86,6.85,29.77,1,1,91.4,87.6,88.6,78.8,20.20521564309095,20.38721741058894,0.9899999999999993,-12.24
JPN,2016,Japan,Japan,570925547.86,728482296.73,5.48,6.45,29.58,1,1,90.5,81.4,88.1,77.3,20.162769371833658,20.406473883688644,0.9699999999999998,-1.5
JPN,2017,Japan,Japan,612176156.0,787221806.07,4.9,6.2,32.29,1,1,90.0,87.6,89.0,80.3,20.232530637294417,20.48402060538925,1.2999999999999998,5.22
JPN,2018,Japan,Japan,668775926.91,831891680.53,5.1,6.6,32.54,1,1,89.0,87.3,89.5,79.6,20.32095962612947,20.539212799841216,1.5,5.55
JPN,2019,Japan,Japan,654804747.44,795029187.31,5.21,6.82,33.21,1,1,89.0,83.5,89.5,77.8,20.29984765517595,20.493889386799978,1.6100000000000003,-1.85
JPN,2020,Japan,Japan,593173166.59,721069676.57,4.09,6.33,62.78,1,1,90.5,85.4,90.5,79.2,20.200996933877278,20.396246330760167,2.24,-6.13
JPN,2021,Japan,Japan,704318189.05,850187993.81,3.69,6.0,64.42,1,1,91.0,84.9,91.0,82.1,20.372740786515447,20.56096805335878,2.31,10.25
KAZ,1996,Kazakhstan,Kazakhstan,4158050.09,4970414.57,4.42,9.6,21.01,1,1,12.4,33.5,14.1,18.5,15.240557034481895,15.419014010271379,5.18,5.54
KAZ,1998,Kazakhstan,Kazakhstan,4627199.23,4925554.41,3.61,6.53,42.76,1,1,13.9,52.7,16.0,27.9,15.347462541212613,15.409947599833922,2.9200000000000004,-0.06
KAZ,2000,Kazakhstan,Kazakhstan,6279048.98,9039712.5,2.21,5.28,46.43,1,1,9.6,49.2,13.9,20.4,15.652729249930788,16.017138039388264,3.0700000000000003,17.06
KAZ,2002,Kazakhstan,Kazakhstan,8119065.31,9471381.43,2.67,6.27,35.73,1,1,9.0,58.7,11.4,17.9,15.90972571907321,16.063785434444867,3.5999999999999996,2.37
KAZ,2003,Kazakhstan,Kazakhstan,11230909.98,11479133.2,1.79,5.21,52.7,1,1,11.6,58.8,15.4,17.9,16.234180443638273,16.25604152789314,3.42,12.99
KAZ,2004,Kazakhstan,Kazakhstan,17647694.05,18018977.49,1.18,4.14,49.91,1,1,12.3,48.1,14.4,18.3,16.686115740747706,16.706936120968297,2.96,23.3
KAZ,2005,Kazakhstan,Kazakhstan,22695542.61,23053006.72,1.28,4.02,41.67,1,1,16.6,52.9,20.1,18.3,16.93767914643889,16.95330680566217,2.7399999999999993,16.49
KAZ,2006,Kazakhstan,Kazakhstan,30839658.32,30923423.76,0.64,3.94,71.34,1,1,18.0,52.2,12.4,15.9,17.24431205990578,17.247024537516207,3.3,16.84
KAZ,2007,Kazakhstan,Kazakhstan,42023433.1,37674630.73,0.77,3.52,72.26,1,1,18.0,69.1,14.8,15.4,17.553737975410662,17.444497527512006,2.75,17.54
KAZ,2008,Kazakhstan,Kazakhstan,47091819.28,54086190.61,0.79,3.94,74.14,1,1,16.0,68.3,19.7,16.8,17.667609876813476,17.806089472975405,3.15,7.56
KAZ,2009,Kazakhstan,Kazakhstan,36974405.08,34841902.86,0.53,3.26,72.75,1,1,19.1,72.5,28.4,15.6,17.42573650368703,17.36633135426496,2.7299999999999995,-13.33
KAZ,2010,Kazakhstan,Kazakhstan,39884328.04,47233167.38,0.43,2.81,72.19,1,1,16.7,64.0,29.4,14.2,17.50149404882157,17.670606923679006,2.38,-8.04
KAZ,2011,Kazakhstan,Kazakhstan,48430699.75,67855347.61,0.47,2.8,71.61,1,1,17.5,36.0,31.0,15.0,17.695644483611918,18.032888771057177,2.33,25.79
KAZ,2012,Kazakhstan,Kazakhstan,52827494.25,68631013.1,0.88,3.6,78.38,1,1,19.0,34.1,26.8,15.0,17.782542356507925,18.044255091112525,2.72,8.25
KAZ,2013,Kazakhstan,Kazakhstan,59439494.84,65341573.34,0.74,2.96,76.88,1,1,19.0,34.6,29.6,14.1,17.90046947650739,17.995139058429114,2.2199999999999998,4.68
KAZ,2014,Kazakhstan,Kazakhstan,52573058.58,56959702.09,0.72,2.56,55.1,1,1,23.6,47.6,32.2,14.3,17.777714371216202,17.85785461244907,1.84,-8.01
KAZ,2015,Kazakhstan,Kazakhstan,37335326.43,34534710.36,0.74,2.43,54.07,1,1,21.0,43.8,36.2,16.3,17.43545055246839,17.3574755025725,1.6900000000000002,-13.96
KAZ,2016,Kazakhstan,Kazakhstan,34973545.34,29806627.5,0.95,2.78,51.83,1,1,21.9,47.6,32.9,13.8,17.37010251482147,17.210241359627013,1.8299999999999998,-9.25
KAZ,2017,Kazakhstan,Kazakhstan,43177329.91,42171773.16,1.0,3.23,48.76,1,1,20.0,47.1,32.9,13.8,17.580826168032505,17.55726169645265,2.23,8.43
KAZ,2018,Kazakhstan,Kazakhstan,45557432.27,51109041.64,1.24,3.06,49.79,1,1,37.6,44.8,32.9,15.0,17.634484357598915,17.7494719992053,1.82,6.14
KAZ,2019,Kazakhstan,Kazakhstan,50860585.27,48941106.83,0.7,3.02,51.69,1,1,45.2,41.5,32.9,14.5,17.744598845025116,17.706128252216264,2.3200000000000003,9.12
KAZ,2020,Kazakhstan,Kazakhstan,47389793.48,40951966.67,1.4,3.72,59.35,1,1,41.0,38.2,36.2,15.9,17.673917457154456,17.52791041765841,2.3200000000000003,-0.99
KAZ,2021,Kazakhstan,Kazakhstan,54558408.45,59384037.77,1.34,3.55,56.17,1,1,47.1,38.2,33.3,18.8,17.81478241876516,17.899536040648766,2.21,3.14
KEN,1998,Kenya,Kenya,2506251.63,1797641.68,14.2,20.68,54.06,1,1,9.6,18.6,17.5,22.9,14.734299219413025,14.401986742339536,6.48,0.36
KEN,2000,Kenya,Kenya,3187447.77,1681463.35,10.83,17.74,55.88,1,1,10.1,16.4,23.4,23.9,14.974731396162797,14.335175608629354,6.909999999999998,1.88
KEN,2002,Kenya,Kenya,3493841.83,2050370.97,8.85,15.68,55.68,1,1,16.9,16.9,18.4,27.9,15.066512785836675,14.533531783435238,6.83,-8.89
KEN,2003,Kenya,Kenya,4052057.97,2415790.14,10.69,16.44,55.3,1,1,16.9,13.6,19.9,41.3,15.214735697551822,14.697537385624443,5.750000000000002,2.2
KEN,2004,Kenya,Kenya,5496839.77,2811435.37,13.72,16.52,66.63,1,1,20.2,16.0,20.7,41.8,15.519684079714139,14.849206074411335,2.799999999999999,14.59
KEN,2005,Kenya,Kenya,6290500.05,3117591.38,13.11,16.49,74.3,1,1,17.1,12.6,22.0,41.3,15.654551283691678,14.952571588815813,3.379999999999999,13.18
KEN,2006,Kenya,Kenya,8245788.7,3372402.72,11.58,16.15,67.86,1,1,19.5,15.5,22.5,42.8,15.925213288649452,15.031136318102044,4.5699999999999985,11.23
KEN,2007,Kenya,Kenya,10199427.21,3680746.02,9.39,15.44,69.84,1,1,18.4,11.1,17.2,38.0,16.137842218840063,15.118626284109721,6.049999999999999,11.48
KEN,2008,Kenya,Kenya,11867623.38,4728814.47,9.19,14.32,75.17,1,1,14.1,10.1,16.3,38.9,16.289324610077355,15.369185299930017,5.130000000000001,11.26
KEN,2009,Kenya,Kenya,11630603.75,4155781.84,9.13,14.42,76.3,1,1,15.8,9.5,16.6,36.5,16.26915052228309,15.240011377670518,5.289999999999999,-4.25
KEN,2010,Kenya,Kenya,13653000.37,4398237.55,11.61,15.51,75.46,1,1,19.5,12.8,18.0,39.3,16.42946993601113,15.29671468918977,3.9000000000000004,8.87
KEN,2016,Kenya,Kenya,18604619.77,5241373.57,9.11,13.24,81.26,1,1,16.7,10.0,35.2,42.4,16.738920536324805,15.472094344415773,4.130000000000001,-6.25
KEN,2017,Kenya,Kenya,19919936.57,5550843.89,11.87,14.85,73.48,1,1,15.2,11.9,37.1,39.4,16.80723167607967,15.529460706568868,2.9800000000000004,8.75
KEN,2018,Kenya,Kenya,20677691.22,6128360.65,11.09,14.3,76.33,1,1,20.0,12.3,36.7,34.0,16.844566006599777,15.628438004653356,3.210000000000001,2.04
KEN,2019,Kenya,Kenya,20463750.43,6151303.53,8.92,14.87,78.15,1,1,24.3,12.7,35.2,36.2,16.83416565603035,15.632174735987897,5.949999999999999,-0.48
KEN,2020,Kenya,Kenya,20051748.11,6110701.42,8.01,13.31,74.99,1,1,21.0,14.6,30.5,35.7,16.813826945318375,15.625552286896905,5.300000000000001,-5.39
KEN,2021,Kenya,Kenya,24886099.46,6255228.02,8.31,12.96,75.25,1,1,26.2,15.1,37.1,35.7,17.02981999111741,15.648928315121749,4.65,12.78
KHM,2002,Cambodia,Cambodia,2451018.96,2075608.58,6.55,24.77,65.45,1,1,17.5,25.4,12.4,26.9,14.712014806091942,14.545765441997927,18.22,5.19
KHM,2003,Cambodia,Cambodia,2789374.71,2435611.43,5.89,17.07,64.67,1,1,14.3,27.1,13.4,23.4,14.841328368902944,14.705708794168798,11.18,3.17
KHM,2004,Cambodia,Cambodia,3399471.71,3001698.32,5.12,16.48,72.61,1,1,14.3,30.6,10.6,22.1,15.039130892265304,14.914689126265802,11.36,7.81
KHM,2005,Cambodia,Cambodia,4052751.88,3293385.86,7.23,16.56,66.6,1,1,10.2,35.0,10.0,18.8,15.214906931632152,15.007427033960298,9.329999999999998,11.23
KHM,2006,Cambodia,Cambodia,5268314.76,4062958.78,6.73,16.7,68.31,1,1,7.3,33.8,10.0,21.6,15.477221279304906,15.217422275831524,9.969999999999999,8.23
KHM,2007,Cambodia,Cambodia,6144958.55,4682626.02,6.98,16.06,65.36,1,1,10.7,31.9,12.0,21.6,15.631142718373138,15.359369839467433,9.079999999999998,9.05
KHM,2008,Cambodia,Cambodia,7878792.39,5073867.92,8.5,15.83,67.52,1,1,5.3,34.6,11.1,21.2,15.879685327013076,15.439614185145864,7.33,11.46
KHM,2009,Cambodia,Cambodia,7018709.89,4924231.01,7.65,15.41,69.65,1,1,9.6,27.0,13.3,22.3,15.76409012523609,15.409678883373042,7.76,-5.96
KHM,2010,Cambodia,Cambodia,10394736.45,5833766.91,7.65,15.47,60.44,1,1,6.2,27.5,12.3,21.8,16.15681022162002,15.579173646307874,7.82,12.04
KHM,2011,Cambodia,Cambodia,14908553.72,7929788.58,6.76,15.23,68.72,1,1,5.2,36.5,14.6,22.1,16.517445748440945,15.886137058580543,8.47,11.94
KHM,2012,Cambodia,Cambodia,15562910.59,9303921.26,12.06,14.94,76.19,1,1,13.3,41.2,16.4,20.2,16.56040117938967,16.04594661759973,2.879999999999999,10.25
KHM,2013,Cambodia,Cambodia,21356035.77,10688885.62,6.87,15.46,71.55,1,1,12.8,41.7,16.0,19.7,16.876845010365106,16.18471512603358,8.59,5.0
KHM,2014,Cambodia,Cambodia,18919015.18,12834555.05,5.51,14.97,66.75,1,1,11.5,46.2,15.9,18.7,16.755678121293098,16.36765178267475,9.46,8.57
KHM,2015,Cambodia,Cambodia,19831040.31,14590895.43,6.27,15.26,61.72,1,1,11.4,49.5,14.3,18.2,16.80275901096801,16.49590836000974,8.99,4.86
KHM,2016,Cambodia,Cambodia,18592725.14,17211901.25,5.75,13.71,58.77,1,1,9.0,53.3,12.4,18.2,16.738280994454563,16.66111169374718,7.960000000000001,7.68
KHM,2017,Cambodia,Cambodia,21919436.54,18015782.4,6.2,14.22,65.47,1,1,9.0,51.0,13.3,15.8,16.90288436004334,16.706758787202745,8.02,7.45
KHM,2018,Cambodia,Cambodia,28829437.62,20492360.28,6.56,14.57,61.42,1,1,8.6,52.8,11.4,13.6,17.176907597347306,16.835562754180568,8.010000000000002,10.65
KHM,2019,Cambodia,Cambodia,29227312.37,25971672.21,5.57,13.75,63.12,1,1,9.5,44.8,17.6,15.5,17.190614219418038,17.072517010134927,8.18,7.68
KHM,2020,Cambodia,Cambodia,26384611.6,25166569.35,6.29,12.88,55.61,1,1,10.5,40.6,17.1,12.6,17.088291542129312,17.041027098391503,6.590000000000001,-2.91
KHM,2021,Cambodia,Cambodia,37816122.97,29706982.66,6.79,13.14,56.53,1,1,11.4,42.5,19.5,10.6,17.44824612969185,17.206892716199174,6.3500000000000005,22.54
KIR,1996,Kiribati,Kiribati,42735.01,8514.58,4.41,12.35,65.63,1,1,,,76.9,85.0,10.662797169344472,9.049652705868077,7.9399999999999995,5.69
KIR,1998,Kiribati,Kiribati,26882.57,28895.82,6.22,11.09,63.53,1,1,,,80.0,86.6,10.199270598318286,10.271486833444197,4.87,-8.54
KIR,2005,Kiribati,Kiribati,57760.96,6807.81,2.93,9.9,87.54,1,1,62.4,99.0,70.8,52.4,10.964085706508984,8.825972640849253,6.970000000000001,13.67
KIR,2006,Kiribati,Kiribati,49925.82,8103.53,3.59,10.19,64.81,1,1,59.0,98.6,76.6,69.7,10.818313612301584,9.000178443592612,6.6,-8.44
KIR,2007,Kiribati,Kiribati,75980.61,11612.33,2.55,11.37,79.31,1,1,60.2,98.6,72.2,67.8,11.238246616303902,9.35990885527188,8.82,6.29
KIR,2008,Kiribati,Kiribati,59400.86,27139.58,3.81,8.25,48.88,1,1,58.7,98.1,60.6,70.7,10.992080817991804,10.208785303831107,4.4399999999999995,3.52
KIR,2009,Kiribati,Kiribati,64409.66,35798.19,1.29,5.95,52.03,1,1,54.1,98.1,58.8,68.2,11.073034426344515,10.485680546434502,4.66,-5.58
KIR,2010,Kiribati,Kiribati,99855.38,24516.59,4.29,10.1,66.95,1,1,55.2,96.7,56.4,68.2,11.511488232646474,10.10714609810709,5.81,4.44
KIR,2011,Kiribati,Kiribati,144522.58,55933.73,2.94,10.14,69.44,1,1,60.7,95.7,58.7,73.7,11.881197956612665,10.931940754238004,7.200000000000001,12.04
KIR,2012,Kiribati,Kiribati,159859.97,66791.29,2.59,9.46,77.03,1,1,59.2,94.8,59.6,71.4,11.982059778970934,11.109342933701756,6.870000000000001,8.78
KIR,2013,Kiribati,Kiribati,184463.61,85343.06,4.19,10.01,78.79,1,1,57.8,93.8,59.6,72.8,12.125212908345574,11.354446130018614,5.819999999999999,-5.42
KIR,2014,Kiribati,Kiribati,196046.6,82368.97,2.79,8.67,60.67,1,1,63.5,73.8,53.4,74.4,12.186112765870488,11.318976207724956,5.88,9.52
KIR,2015,Kiribati,Kiribati,184950.7,129290.65,5.73,9.78,55.72,1,1,62.9,72.9,52.9,77.8,12.127849988891782,11.769825984175053,4.049999999999999,-2.5
KIR,2016,Kiribati,Kiribati,139841.6,132636.37,5.41,9.64,60.46,1,1,62.9,74.8,60.5,78.8,11.848272783393865,11.79537414206639,4.23,3.66
KIR,2017,Kiribati,Kiribati,130366.35,155775.98,6.12,9.43,53.02,1,1,63.8,75.7,71.0,82.8,11.778111513687941,11.956180647971989,3.3099999999999996,-4.78
KIR,2018,Kiribati,Kiribati,108812.98,115482.16,4.94,10.05,59.09,1,1,64.8,84.9,71.9,86.4,11.597395097796564,11.656879997448204,5.11,-2.46
KNA,1996,St. Kitts and Nevis,Saint Kitts and Nevis,84985.81,39189.75,32.15,14.27,63.82,1,1,,,76.9,77.5,11.35025134696075,10.576196028545642,-17.88,5.01
KNA,2000,St. Kitts and Nevis,Saint Kitts and Nevis,158872.43,79160.22,2.32,12.68,59.55,1,1,,,79.6,79.1,11.975863126460236,11.279241811421894,10.36,13.19
KNA,2002,St. Kitts and Nevis,Saint Kitts and Nevis,167853.24,70966.49,3.22,13.2,40.05,1,1,,,77.6,76.1,12.030851262738524,11.169977163837096,9.979999999999999,3.19
KNA,2003,St. Kitts and Nevis,Saint Kitts and Nevis,251187.05,66814.0,32.86,15.47,63.84,1,1,,92.0,78.6,73.1,12.433957140788563,11.109682885215161,-17.39,-0.48
KNA,2004,St. Kitts and Nevis,Saint Kitts and Nevis,341131.3,67175.87,32.77,16.55,78.72,1,1,60.1,97.1,76.4,62.0,12.740025657561807,11.115084270833483,-16.220000000000002,-4.28
KNA,2005,St. Kitts and Nevis,Saint Kitts and Nevis,241180.58,71872.75,28.18,13.41,75.3,1,1,83.4,92.2,78.9,87.5,12.393305372759766,11.182666386644073,-14.77,7.28
KNA,2006,St. Kitts and Nevis,Saint Kitts and Nevis,326436.88,70698.3,2.65,6.07,80.47,1,1,83.4,92.3,78.5,87.5,12.695994949259921,11.16619095084555,3.4200000000000004,8.94
KNA,2007,St. Kitts and Nevis,Saint Kitts and Nevis,328030.72,76567.25,0.86,5.83,82.98,1,1,84.5,75.8,79.9,87.5,12.700865590007503,11.245937778941983,4.97,4.34
KNA,2008,St. Kitts and Nevis,Saint Kitts and Nevis,318458.27,76037.98,0.95,5.6,78.36,1,1,87.4,78.8,81.7,83.7,12.671249865126184,11.239001382519762,4.6499999999999995,9.34
KNA,2009,St. Kitts and Nevis,Saint Kitts and Nevis,297446.94,82107.98,1.9,4.9,69.66,1,1,87.6,87.7,81.5,85.3,12.602994497058367,11.315802668265427,3.0000000000000004,-4.57
KNA,2010,St. Kitts and Nevis,Saint Kitts and Nevis,377139.29,80738.29,1.2,5.43,75.17,1,1,88.1,85.8,80.6,87.7,12.840372519225836,11.29898060070961,4.2299999999999995,-4.48
KNA,2011,St. Kitts and Nevis,Saint Kitts and Nevis,922236.57,92973.98,1.27,5.3,75.73,1,1,87.2,79.6,79.3,85.9,13.734558137460802,11.440085703681659,4.029999999999999,-4.39
KNA,2012,St. Kitts and Nevis,Saint Kitts and Nevis,347158.2,90735.21,0.62,5.93,83.68,1,1,87.2,80.6,79.3,86.9,12.757538743342575,11.415711784657761,5.31,-4.64
KNA,2013,St. Kitts and Nevis,Saint Kitts and Nevis,575317.79,99228.34,1.21,5.67,77.99,1,1,86.7,79.6,80.8,86.4,13.262679583538251,11.505189015671817,4.46,5.32
KNA,2014,St. Kitts and Nevis,Saint Kitts and Nevis,542843.59,113433.44,0.81,4.73,85.38,1,1,58.2,64.8,29.3,84.2,13.204578351689733,11.638980327870858,3.9200000000000004,3.78
KNA,2015,St. Kitts and Nevis,Saint Kitts and Nevis,396088.95,101381.8,0.98,5.6,85.13,1,1,65.7,63.3,68.6,73.9,12.889396610907411,11.526658730504682,4.619999999999999,5.29
KNA,2016,St. Kitts and Nevis,Saint Kitts and Nevis,428550.08,85565.74,1.13,5.33,87.95,1,1,65.7,65.7,68.1,79.3,12.96816521644986,11.357051935222309,4.2,6.0
KNA,2017,St. Kitts and Nevis,Saint Kitts and Nevis,503176.89,81198.6,0.8,5.75,84.32,1,1,65.7,67.6,68.1,79.3,13.128699044611297,11.304665600029262,4.95,-3.79
KOR,1996,"Korea, Rep.","Korea, Republic of",111637782.65,109034594.13,10.06,11.08,23.78,1,1,65.6,66.0,71.4,67.5,18.530770113783948,18.507175776350735,1.0199999999999996,5.48
KOR,1998,"Korea, Rep.","Korea, Republic of",68886894.06,119745970.32,9.63,10.84,25.1,1,1,63.1,64.9,72.0,66.7,18.047976515570923,18.600883151267666,1.209999999999999,-19.69
KOR,2000,"Korea, Rep.","Korea, Republic of",142094905.67,174445818.57,8.29,9.09,22.99,1,1,63.3,62.4,72.6,66.7,18.772005749145563,18.977124761824687,0.8000000000000007,15.76
KOR,2002,"Korea, Rep.","Korea, Republic of",143125648.15,167731240.14,8.11,9.23,21.78,1,1,71.4,52.4,80.6,69.7,18.779233467808343,18.93787350127392,1.120000000000001,3.83
KOR,2003,"Korea, Rep.","Korea, Republic of",163600769.58,204109895.15,8.01,8.67,22.14,1,1,73.0,52.8,72.1,68.7,18.912939692268527,19.13416911337582,0.6600000000000001,8.42
KOR,2004,"Korea, Rep.","Korea, Republic of",203631350.14,266099860.39,6.92,7.38,25.38,1,1,68.0,61.2,79.3,72.1,19.131821814774536,19.399382215053382,0.45999999999999996,12.04
KOR,2005,"Korea, Rep.","Korea, Republic of",228498749.04,300206792.23,6.77,7.59,23.92,1,1,71.7,62.6,82.3,71.6,19.247041297999107,19.519982105921592,0.8200000000000003,7.88
KOR,2006,"Korea, Rep.","Korea, Republic of",270478109.45,351307484.92,6.27,7.17,26.27,1,1,65.4,59.4,73.7,69.2,19.41570173042557,19.677172426203438,0.9000000000000004,8.83
KOR,2007,"Korea, Rep.","Korea, Republic of",313378828.86,389065465.04,5.64,6.79,27.95,1,1,72.8,65.2,82.8,68.8,19.562923335700322,19.779258180584968,1.1500000000000004,7.4
KOR,2008,"Korea, Rep.","Korea, Republic of",369889390.14,428957932.59,5.44,6.52,27.54,1,1,68.9,58.2,77.9,68.3,19.728714576045352,19.876869415184633,1.0799999999999992,10.44
KOR,2009,"Korea, Rep.","Korea, Republic of",292741059.74,357018163.0,4.95,5.87,30.08,1,1,71.8,60.7,82.0,68.7,19.49479902450193,19.693297218001412,0.9199999999999999,-13.85
KOR,2010,"Korea, Rep.","Korea, Republic of",382807012.58,468903832.31,4.7,5.85,29.74,1,1,70.0,55.0,82.5,69.7,19.763041539162064,19.965908259138363,1.1499999999999995,14.72
KOR,2011,"Korea, Rep.","Korea, Republic of",457837429.58,550285750.57,4.15,5.98,55.24,1,1,71.1,60.7,81.7,69.5,19.942024724001495,20.125948249581388,1.83,11.05
KOR,2012,"Korea, Rep.","Korea, Republic of",461077465.08,559096089.75,4.54,6.46,59.63,1,1,70.1,55.5,79.8,70.0,19.949076626063004,20.14183191393165,1.92,-0.46
KOR,2013,"Korea, Rep.","Korea, Republic of",466392231.85,582607822.91,4.42,6.56,60.47,1,1,71.1,57.3,78.4,68.5,19.960537539452794,20.183024831699125,2.1399999999999997,-0.39
KOR,2014,"Korea, Rep.","Korea, Republic of",484579267.53,597335773.89,3.53,5.53,61.93,1,1,69.2,50.5,81.3,70.4,19.99879158484966,20.20798995025014,2.0000000000000004,0.96
KOR,2015,"Korea, Rep.","Korea, Republic of",432866802.98,552012684.22,3.55,5.93,61.36,1,1,64.3,53.8,79.0,69.5,19.885940626589043,20.129081584448336,2.38,-8.87
KOR,2016,"Korea, Rep.","Korea, Republic of",412454921.09,529762972.36,3.08,5.34,64.34,1,1,65.2,52.4,85.2,68.5,19.83763747798572,20.087940244402247,2.26,-3.53
KOR,2017,"Korea, Rep.","Korea, Republic of",475735384.66,613436693.25,3.26,5.72,67.63,1,1,64.8,61.0,84.8,71.9,19.98037234514007,20.234587628934445,2.46,8.53
KOR,2018,"Korea, Rep.","Korea, Republic of",510250237.65,654131162.84,3.17,5.84,69.45,1,1,71.0,65.6,85.2,74.3,20.050411827366023,20.298818445643015,2.67,5.76
KOR,2019,"Korea, Rep.","Korea, Republic of",484505254.22,593957679.71,3.08,5.6,68.66,1,1,75.2,64.6,84.8,71.0,19.998638835923575,20.20231863019294,2.5199999999999996,-3.03
KOR,2020,"Korea, Rep.","Korea, Republic of",466456375.49,580512852.86,2.94,5.36,67.28,1,1,75.2,67.0,84.8,72.5,19.960675061531852,20.17942250159609,2.4200000000000004,-3.61
KOR,2021,"Korea, Rep.","Korea, Republic of",599607208.16,731208977.99,2.57,4.98,70.66,1,1,76.7,66.5,83.8,77.3,20.211785347402625,20.410209857829145,2.4100000000000006,14.69
KWT,2002,Kuwait,Kuwait,10936130.19,15843185.25,3.32,5.71,45.94,1,1,82.5,42.3,67.2,39.8,16.20758265347344,16.57825007626864,2.39,6.99
KWT,2003,Kuwait,Kuwait,14131332.05,20526430.86,4.13,4.79,44.27,1,1,74.6,54.8,66.7,38.3,16.4639050920367,16.837223972623487,0.6600000000000001,10.47
KWT,2004,Kuwait,Kuwait,16491257.56,27641263.57,3.53,4.11,45.91,1,1,75.4,56.8,64.9,39.9,16.61834101424313,17.134820307264356,0.5800000000000005,7.2
KWT,2007,Kuwait,Kuwait,25927971.87,58868103.27,2.1,3.52,67.49,1,1,69.9,68.1,68.4,32.2,17.070832977443825,17.890809978515506,1.42,11.32
KWT,2008,Kuwait,Kuwait,29729382.25,86226572.91,1.88,4.4,63.94,1,1,68.4,62.0,68.3,30.3,17.207646449720418,18.272488970143346,2.5200000000000005,7.83
KWT,2011,Kuwait,Kuwait,29010073.49,97452278.73,1.83,2.98,51.38,1,1,59.2,56.9,66.2,30.0,17.18315372382955,18.394873377487208,1.15,5.26
KWT,2014,Kuwait,Kuwait,36586542.07,101320729.73,1.44,2.64,51.6,1,1,51.0,51.4,60.6,28.6,17.41519105507926,18.433801595172017,1.2000000000000002,3.06
KWT,2015,Kuwait,Kuwait,35060604.26,57935045.63,1.42,2.77,46.66,1,1,50.0,39.5,56.7,28.1,17.37258870085655,17.8748330552805,1.35,-0.85
KWT,2016,Kuwait,Kuwait,33166198.49,43991014.67,1.39,2.64,41.79,1,1,46.2,45.2,53.8,29.1,17.317041827632863,17.599495981714878,1.2500000000000002,-0.28
KWT,2017,Kuwait,Kuwait,38320077.66,55463070.71,1.17,2.99,60.22,1,1,43.3,44.8,56.7,30.5,17.461484563778814,17.83122798266215,1.8200000000000003,4.47
KWT,2018,Kuwait,Kuwait,41046172.02,75632017.35,1.11,2.16,42.77,1,1,43.8,51.9,59.0,30.1,17.530208162232977,18.141390274637295,1.05,3.32
KWT,2019,Kuwait,Kuwait,40016930.97,66912815.68,0.59,2.22,37.7,1,1,50.0,54.7,58.6,28.5,17.504813221762358,18.018901086420566,1.6300000000000003,-3.31
KWT,2020,Kuwait,Kuwait,34656347.81,44102348.98,1.72,3.16,51.09,1,1,52.4,54.2,61.4,30.0,17.360991493656027,17.60202362652569,1.4400000000000002,-8.06
KWT,2021,Kuwait,Kuwait,41825145.56,63953633.45,1.47,2.52,36.96,1,1,51.9,54.2,57.6,30.0,17.54900830895535,17.973668917055992,1.05,6.06
LAO,2011,Lao PDR,Lao People's Democratic Republic,4519281.66,3015056.68,2.27,7.62,70.42,1,1,10.0,45.0,16.4,4.7,15.323863835673851,14.919129518972035,5.35,18.57
LAO,2012,Lao PDR,Lao People's Democratic Republic,6109890.13,3234883.33,2.14,10.96,86.01,1,1,15.6,46.0,23.0,4.2,15.625419512658423,14.989503729481902,8.82,0.3
LAO,2013,Lao PDR,Lao People's Democratic Republic,6834312.11,3919282.08,2.82,8.97,71.3,1,1,18.5,48.8,23.9,4.2,15.737466527113536,15.181419307285537,6.15,16.94
LAO,2014,Lao PDR,Lao People's Democratic Republic,7412382.73,4664523.42,1.16,6.4,80.01,1,1,21.2,62.4,25.5,4.4,15.818662636498992,15.35549644065726,5.24,11.95
LAO,2015,Lao PDR,Lao People's Democratic Republic,6804900.39,4290272.36,1.32,6.74,77.99,1,1,17.6,61.9,22.4,4.4,15.733153703147133,15.271861009153868,5.42,-7.88
LAO,2016,Lao PDR,Lao People's Democratic Republic,6173101.71,4427458.66,2.85,7.56,68.25,1,1,14.8,63.8,21.4,4.4,15.63571213982501,15.303336537361028,4.709999999999999,4.26
LAO,2017,Lao PDR,Lao People's Democratic Republic,6788491.29,5146493.21,6.94,10.01,73.85,1,1,15.7,61.4,18.6,4.4,15.730739426277554,15.453826304911685,3.0699999999999994,12.08
LAO,2018,Lao PDR,Lao People's Democratic Republic,7158441.07,6000720.05,6.18,8.36,70.11,1,1,15.2,60.4,19.5,4.4,15.7838029272723,15.607390194971892,2.1799999999999997,6.46
LAO,2019,Lao PDR,Lao People's Democratic Republic,6823449.29,5985505.99,4.83,9.56,68.26,1,1,12.9,63.2,17.1,3.4,15.73587580951616,15.604851603495117,4.73,-0.43
LAO,2020,Lao PDR,Lao People's Democratic Republic,6143724.42,6720996.71,1.48,7.66,72.49,1,1,14.8,69.3,20.0,3.4,15.630941862055774,15.720747170228938,6.18,-7.01
LAO,2021,Lao PDR,Lao People's Democratic Republic,7130577.41,8545267.29,1.28,6.29,73.72,1,1,15.2,68.9,26.7,4.3,15.779902912522312,15.96088827134731,5.01,8.22
LBN,1998,Lebanon,Lebanon,5481220.07,610326.05,6.36,13.85,28.15,1,1,39.6,20.2,38.5,37.3,15.516838457095542,13.321750240014737,7.489999999999999,-2.62
LBN,2000,Lebanon,Lebanon,8127875.84,890343.53,7.38,11.7,45.59,1,1,41.5,31.2,46.8,39.3,15.910810296126543,13.699363779159215,4.319999999999999,0.17
LBN,2002,Lebanon,Lebanon,9045567.63,1459658.05,7.97,11.9,38.14,1,1,42.3,31.7,43.3,28.9,16.017785541612724,14.19371343901549,3.9300000000000006,-5.98
LBN,2003,Lebanon,Lebanon,11303527.44,1907229.14,6.07,12.15,48.37,1,1,34.4,30.2,43.3,33.3,16.240625486269703,14.461162559000108,6.08,5.47
LBN,2004,Lebanon,Lebanon,12565413.07,2230927.39,6.05,10.89,56.93,1,1,31.5,23.3,45.7,36.5,16.346458682654813,14.617928375185496,4.840000000000001,14.43
LBN,2005,Lebanon,Lebanon,11687897.22,1821260.9,3.52,10.52,74.31,1,1,37.6,18.4,45.5,40.4,16.274064524298097,14.415040170444124,7.0,-0.31
LBN,2006,Lebanon,Lebanon,12639487.49,2544719.46,3.78,10.48,70.62,1,1,17.6,6.3,33.0,33.7,16.35233647830086,14.749531363034222,6.700000000000001,0.36
LBN,2007,Lebanon,Lebanon,14887550.25,2974964.52,3.38,9.43,69.42,1,1,18.9,3.4,31.1,33.7,16.516035935125075,14.905743006978737,6.05,12.14
LBN,2008,Lebanon,Lebanon,21089007.97,3472682.21,3.65,9.5,65.64,1,1,20.4,4.8,33.7,34.1,16.864262560834035,15.06043811247804,5.85,16.87
LBN,2009,Lebanon,Lebanon,20492092.3,3019085.54,3.47,10.31,67.99,1,1,21.1,8.5,32.2,35.5,16.835549677027156,14.92046487339904,6.84,0.29
LBN,2010,Lebanon,Lebanon,23222917.47,2845731.67,4.6,9.48,52.63,1,1,19.0,7.1,31.8,36.0,16.960650214105137,14.86133112138591,4.880000000000001,5.22
LBN,2011,Lebanon,Lebanon,25650033.63,3789239.03,4.75,8.76,53.93,1,1,19.4,5.7,31.5,34.7,17.060055479677608,15.14767603716291,4.01,5.93
LBN,2012,Lebanon,Lebanon,28790108.33,3700056.29,2.99,9.43,66.88,1,1,19.9,6.2,30.0,35.2,17.17554246008028,15.123858861278364,6.4399999999999995,2.41
LBN,2013,Lebanon,Lebanon,29970129.47,3604524.65,3.9,9.71,68.02,1,1,19.4,6.6,27.7,35.2,17.21571179263672,15.097700738906319,5.8100000000000005,0.21
LBN,2014,Lebanon,Lebanon,28761082.17,3430277.07,3.0,9.21,70.19,1,1,13.9,7.1,26.9,33.5,17.174533752486212,15.048151885826975,6.210000000000001,-1.77
LBN,2015,Lebanon,Lebanon,25312047.57,3251158.17,3.16,10.46,71.68,1,1,19.0,7.1,23.3,31.0,17.046791068400395,14.994522158407426,7.300000000000001,-4.72
LBN,2016,Lebanon,Lebanon,25126349.81,2754708.2,3.12,10.04,73.06,1,1,14.3,8.1,21.9,32.0,17.039427686480394,14.828822441458964,6.919999999999999,0.28
LBN,2017,Lebanon,Lebanon,27554660.73,3112843.89,1.94,8.5,76.62,1,1,14.8,8.6,21.9,31.5,17.131682289049195,14.951047621648472,6.5600000000000005,174.0
LBN,2018,Lebanon,Lebanon,28438901.6,3299911.51,2.84,9.18,75.08,1,1,11.9,7.1,22.9,31.6,17.163268575656947,15.009406513964043,6.34,-62.28
LBN,2019,Lebanon,Lebanon,23592172.26,4281195.53,2.56,11.23,72.4,1,1,11.9,6.6,21.9,31.9,16.976425573465203,15.269743091571614,8.67,-1.88
LBN,2020,Lebanon,Lebanon,16163392.35,3705857.98,2.94,9.62,67.45,1,1,11.9,8.0,19.0,32.9,16.59825957354326,15.125425633295574,6.68,-23.18
LBN,2021,Lebanon,Lebanon,20240124.34,3646837.38,3.28,8.73,66.06,1,1,10.5,9.0,14.8,30.9,16.823177595052112,15.109371152932777,5.450000000000001,10.47
LBY,2008,Libya,Libya,27283105.96,67576336.67,1.99,3.42,63.98,1,1,18.0,74.0,23.6,2.4,17.121778275949993,18.02876844526937,1.43,16.23
LBY,2009,Libya,Libya,29703656.0,39173728.7,0.7,2.82,70.64,1,1,8.6,76.3,18.0,2.8,17.206780727506022,17.483516919388336,2.12,18.77
LBY,2010,Libya,Libya,30560253.79,50099107.24,0.57,2.53,67.58,1,1,5.7,47.4,16.1,2.8,17.235210859596947,17.72951376629588,1.96,17.24
LBY,2017,Libya,Libya,13419312.8,19465660.13,0.62,2.36,33.22,1,1,3.3,2.4,4.3,9.4,16.412205555562636,16.784162503515397,1.7399999999999998,-5.89
LBY,2018,Libya,Libya,18775638.11,30989326.35,0.55,1.91,28.5,1,1,3.3,1.9,3.8,6.8,16.74807079551447,17.24915342413953,1.3599999999999999,20.66
LBY,2019,Libya,Libya,20701874.15,29212458.15,0.05,1.98,35.62,1,1,2.4,1.9,3.8,7.7,16.845734841089367,17.190105859454288,1.93,7.82
LCA,1996,St. Lucia,Saint Lucia,216011.85,118331.47,21.97,25.59,39.54,1,1,,82.4,76.9,80.5,12.28309317563754,11.681253483988181,3.620000000000001,1.22
LCA,1998,St. Lucia,Saint Lucia,236178.68,99641.82,13.9,22.64,61.17,1,1,,59.0,80.0,80.6,12.372348150255549,11.509347270862419,8.74,-0.61
LCA,2000,St. Lucia,Saint Lucia,811857.93,913721.17,16.94,32.16,46.54,1,1,,90.5,79.6,81.6,13.60708187252365,13.725281832673959,15.219999999999995,0.07
LCA,2002,St. Lucia,Saint Lucia,1106485.48,755761.11,27.82,25.31,34.0,1,1,,59.8,77.6,82.6,13.916700219690956,13.535481936330724,-2.5100000000000016,6.86
LCA,2003,St. Lucia,Saint Lucia,1005215.01,983416.59,31.31,26.75,41.52,1,1,,92.0,78.6,84.1,13.820713011703408,13.798789120722926,-4.559999999999999,13.77
LCA,2004,St. Lucia,Saint Lucia,1228915.61,1363934.33,10.03,49.08,65.68,1,1,62.6,92.7,71.6,68.3,14.021643534334002,14.125884704238098,39.05,1.69
LCA,2005,St. Lucia,Saint Lucia,2057287.83,1544216.36,8.96,12.27,70.79,1,1,84.4,79.6,74.6,88.5,14.53689957200122,14.250027776860751,3.3099999999999987,7.34
LCA,2006,St. Lucia,Saint Lucia,2493793.86,1849902.58,1.92,11.57,84.05,1,1,84.4,74.4,76.1,88.9,14.729316148430941,14.43064407677735,9.65,10.43
LCA,2007,St. Lucia,Saint Lucia,3211563.59,1885317.77,3.36,11.21,81.16,1,1,85.0,67.6,75.6,88.9,14.982268787574888,14.44960747332029,7.850000000000001,1.8
LCA,2008,St. Lucia,Saint Lucia,6843144.71,3091861.38,1.6,14.06,86.61,1,1,87.9,69.2,79.8,90.4,15.73875808300035,14.944284179290124,12.46,3.35
LCA,2009,St. Lucia,Saint Lucia,4835521.03,1856457.86,0.77,6.56,66.67,1,1,88.5,70.1,76.8,90.0,15.391499650017517,14.434181392375281,5.789999999999999,-2.99
LCA,2010,St. Lucia,Saint Lucia,6665455.65,2214320.13,10.65,14.83,52.8,1,1,85.2,73.0,76.3,89.6,15.712449023876584,14.610456426899804,4.18,2.38
LCA,2011,St. Lucia,Saint Lucia,7164694.26,3364187.69,2.18,4.43,71.67,1,1,88.2,72.5,73.2,88.3,15.784676086588338,15.028697389465075,2.2499999999999996,4.4
LCA,2012,St. Lucia,Saint Lucia,5080029.05,3351519.45,0.92,11.91,91.76,1,1,80.6,74.4,70.4,85.4,15.4408277348915,15.02492466650702,10.99,-3.54
LCA,2013,St. Lucia,Saint Lucia,3976295.63,3423919.83,1.72,11.6,93.2,1,1,81.0,73.5,72.8,85.4,15.19586144910656,15.046296893897011,9.879999999999999,16.32
LCA,2014,St. Lucia,Saint Lucia,4944871.56,3578348.26,0.04,11.55,92.56,1,1,68.8,75.2,74.0,84.7,15.413861751220509,15.09041215147867,11.510000000000002,-14.94
LCA,2015,St. Lucia,Saint Lucia,4373151.97,2150939.93,3.27,17.02,80.38,1,1,71.4,73.3,72.4,80.3,15.290994810345794,14.581415946227043,13.75,-4.68
LCA,2016,St. Lucia,Saint Lucia,3719430.2,1504300.08,0.75,11.85,92.75,1,1,71.4,86.2,70.0,80.8,15.129081311332632,14.223838949627558,11.1,7.04
LCA,2017,St. Lucia,Saint Lucia,4630287.36,2071177.73,0.23,15.13,88.68,1,1,70.5,81.0,71.9,77.8,15.348129704900588,14.543628437957695,14.9,-0.36
LCA,2018,St. Lucia,Saint Lucia,4311988.93,2511833.14,0.3,21.2,90.93,1,1,70.5,84.0,73.3,75.7,15.276910056225015,14.73652377732028,20.9,0.69
LCA,2019,St. Lucia,Saint Lucia,4181197.24,2516099.02,0.07,29.23,92.35,1,1,69.5,77.8,72.9,75.8,15.24610842370881,14.738220649589422,29.16,-3.72
LCA,2020,St. Lucia,Saint Lucia,3182134.05,1697753.99,0.34,11.17,92.73,1,1,68.6,75.0,74.3,74.4,14.973062928839704,14.344817342155933,10.83,-7.57
LKA,2000,Sri Lanka,Sri Lanka,7337876.68,5067746.61,10.65,17.4,29.89,1,1,50.0,4.8,56.7,45.8,15.808560214366222,15.43840701847273,6.749999999999998,7.58
LKA,2002,Sri Lanka,Sri Lanka,5868611.43,4982369.74,10.91,21.92,34.85,1,1,50.3,22.2,61.2,45.8,15.585128780556401,15.421416387932767,11.010000000000002,5.57
LKA,2003,Sri Lanka,Sri Lanka,7226943.81,5400640.24,10.92,15.71,31.55,1,1,47.6,23.1,59.7,44.8,15.793326933595582,15.502028252632646,4.790000000000001,3.86
LKA,2004,Sri Lanka,Sri Lanka,8722680.89,6419076.13,10.89,14.21,33.56,1,1,50.7,18.4,58.2,44.2,15.981437304792111,15.67478491611205,3.3200000000000003,9.79
LKA,2005,Sri Lanka,Sri Lanka,9883032.85,6852744.8,7.68,14.46,57.54,1,1,46.8,16.5,57.4,43.8,16.106330092425814,15.740159976636154,6.780000000000001,2.86
LKA,2006,Sri Lanka,Sri Lanka,11102774.32,7546948.8,8.22,14.65,55.94,1,1,51.2,9.7,56.9,36.5,16.222705663859394,15.83665403959522,6.43,8.47
LKA,2007,Sri Lanka,Sri Lanka,11686447.72,8311849.43,7.47,14.27,60.91,1,1,52.9,7.7,56.9,34.1,16.273940499442507,15.933192817133465,6.8,7.94
LKA,2008,Sri Lanka,Sri Lanka,13478312.13,9215046.4,7.96,14.07,60.4,1,1,50.5,7.7,54.3,32.7,16.416592516893896,16.036348292860133,6.11,9.41
LKA,2009,Sri Lanka,Sri Lanka,10033845.73,7958481.48,8.19,14.11,59.16,1,1,42.6,10.9,51.7,32.2,16.12147460884489,15.889748896429756,5.92,-16.81
LKA,2010,Sri Lanka,Sri Lanka,14285034.58,8810812.39,7.92,14.02,59.49,1,1,41.9,17.5,51.2,31.3,16.474723084368446,15.991490319416775,6.1,14.45
LKA,2011,Sri Lanka,Sri Lanka,19153629.96,10484292.58,8.1,13.57,56.12,1,1,42.7,23.7,52.1,30.5,16.768002861884252,16.1653888457041,5.470000000000001,26.27
LKA,2012,Sri Lanka,Sri Lanka,17606120.64,9962858.4,7.04,12.91,62.34,1,1,50.2,22.7,52.1,29.6,16.683757219987413,16.114374676712217,5.87,-4.71
LKA,2013,Sri Lanka,Sri Lanka,19432030.5,10089303.45,7.7,13.13,59.31,1,1,52.1,25.6,46.5,28.6,16.782433370700296,16.126986455364992,5.430000000000001,0.13
LKA,2014,Sri Lanka,Sri Lanka,22010095.89,11185093.24,9.05,12.41,39.27,1,1,45.2,34.3,50.5,28.1,16.907011855582915,16.230092578440832,3.3599999999999994,3.6
LKA,2015,Sri Lanka,Sri Lanka,22362982.16,11099971.22,10.14,13.16,37.66,1,1,43.3,50.5,58.1,36.5,16.922917612379013,16.222453163576727,3.0199999999999996,-0.72
LKA,2016,Sri Lanka,Sri Lanka,18951990.8,10495869.85,8.75,12.34,43.86,1,1,44.3,46.7,57.1,43.3,16.75741959214865,16.166492485402802,3.59,1.4
LKA,2017,Sri Lanka,Sri Lanka,21021931.23,11309729.66,6.86,11.99,60.3,1,1,39.5,42.4,54.3,43.3,16.86107684259466,16.24117403348513,5.13,4.55
LKA,2020,Sri Lanka,Sri Lanka,15756763.44,10396142.34,6.99,12.66,59.45,1,1,43.3,44.8,53.8,44.4,16.572780319286203,16.156945462643847,5.67,-10.48
LKA,2021,Sri Lanka,Sri Lanka,20752701.77,13054215.31,7.39,12.33,60.01,1,1,42.4,33.0,53.3,44.4,16.848187050134573,16.38462172843989,4.94,17.38
LSO,2002,Lesotho,Lesotho,187402.35,360084.12,6.48,27.64,78.15,1,1,50.8,46.0,56.7,50.7,12.141018524827322,12.794095726928154,21.16,15.65
LSO,2003,Lesotho,Lesotho,254853.01,437823.59,4.49,17.6,79.89,1,1,52.4,47.2,54.7,47.8,12.448446150390327,12.989573629693215,13.110000000000001,18.05
LSO,2004,Lesotho,Lesotho,309099.86,540275.73,5.22,15.9,74.44,1,1,53.2,58.7,49.0,45.2,12.641422910387446,13.199836750239118,10.68,12.03
LSO,2009,Lesotho,Lesotho,321690.47,482849.6,2.59,12.34,70.38,1,1,63.2,54.0,47.9,45.0,12.681348197488571,13.087462568016223,9.75,12.78
LSO,2010,Lesotho,Lesotho,1614492.3,800569.98,2.8,12.53,66.4,1,1,62.9,62.1,46.0,44.1,14.294531719280249,13.593080477069503,9.73,-2.97
LSO,2011,Lesotho,Lesotho,1858880.47,1055251.62,1.56,11.12,76.06,1,1,62.6,59.7,47.4,45.5,14.435485504584753,13.869290746465637,9.559999999999999,6.93
LSO,2012,Lesotho,Lesotho,1898620.01,915963.07,1.83,11.43,79.43,1,1,60.7,56.4,47.4,53.1,14.456638396417274,13.72773241799612,9.6,4.51
LSO,2013,Lesotho,Lesotho,1726989.69,908067.16,1.58,12.0,90.86,1,1,64.0,59.2,49.3,54.5,14.361890966263097,13.719074720845407,10.42,7.18
LSO,2014,Lesotho,Lesotho,1594701.11,1014702.11,1.86,9.78,92.02,1,1,61.5,33.8,48.6,53.7,14.282197511868066,13.830106625207781,7.919999999999999,-11.83
LSO,2015,Lesotho,Lesotho,1434315.2,964951.08,1.44,10.89,88.35,1,1,56.7,35.2,49.0,50.2,14.17619877792674,13.779833721057033,9.450000000000001,-0.5
LSO,2016,Lesotho,Lesotho,1365411.89,927870.05,1.28,10.34,91.48,1,1,55.2,37.1,47.6,47.3,14.126967424378764,13.740648047371854,9.06,2.65
LSO,2017,Lesotho,Lesotho,1569560.64,1124287.95,1.44,9.27,88.85,1,1,55.2,39.0,43.3,46.3,14.266306928146985,13.93266134935192,7.83,17.93
LSO,2018,Lesotho,Lesotho,1537135.03,1297446.71,2.13,9.65,90.13,1,1,51.9,40.1,40.0,47.1,14.24543152218292,14.075909592632055,7.5200000000000005,-11.31
LSO,2019,Lesotho,Lesotho,1552744.94,1146575.83,1.48,10.35,90.67,1,1,51.4,28.8,37.6,44.9,14.255535495702304,13.952291391682035,8.87,-1.09
LSO,2020,Lesotho,Lesotho,1260467.31,965644.26,1.26,10.03,89.67,1,1,49.0,38.7,34.3,45.9,14.04699388447694,13.780551820077918,8.77,-10.24
LSO,2021,Lesotho,Lesotho,1614549.36,1074263.13,2.43,10.29,87.0,1,1,42.9,39.6,36.2,46.4,14.2945670610136,13.887146454913548,7.859999999999999,14.13
LTU,1996,Lithuania,Lithuania,4235269.08,2495962.25,8.76,12.89,30.6,1,1,68.3,62.8,63.3,75.5,15.258957657352452,14.73018528480537,4.130000000000001,11.78
LTU,1998,Lithuania,Lithuania,5200776.68,3250720.69,6.9,13.6,49.74,1,1,63.6,62.8,65.5,74.1,15.464318726215748,14.994387588116128,6.699999999999999,1.32
LTU,2000,Lithuania,Lithuania,6235342.4,3646520.58,6.51,13.01,44.69,1,1,67.0,64.0,58.7,73.6,15.645744211762475,15.109284279392478,6.5,6.24
LTU,2002,Lithuania,Lithuania,8151729.25,4922579.81,7.79,11.96,28.6,1,1,61.9,77.2,63.2,73.1,15.913740763297955,15.409343505815722,4.170000000000001,10.16
LTU,2003,Lithuania,Lithuania,10585015.68,6588226.8,5.81,10.89,47.8,1,1,68.3,83.9,64.7,74.1,16.174950038364692,15.700794947702505,5.080000000000001,12.77
LTU,2004,Lithuania,Lithuania,12490411.98,8470105.59,4.62,8.39,47.1,1,1,67.0,72.8,67.3,77.9,16.34047194640701,15.952053650964638,3.7700000000000005,12.37
LTU,2005,Lithuania,Lithuania,14710475.63,10278041.84,5.98,9.93,37.84,1,1,64.4,69.9,67.9,74.5,16.504070493820198,16.14552041465172,3.9499999999999993,11.94
LTU,2006,Lithuania,Lithuania,18096717.12,11113925.57,5.89,8.73,46.36,1,1,59.5,74.9,69.4,74.5,16.711241160458698,16.22370952581799,2.8400000000000007,11.8
LTU,2007,Lithuania,Lithuania,22301325.57,13603859.0,6.0,9.83,42.47,1,1,58.7,76.3,69.9,74.0,16.920156722104984,16.425864133965412,3.83,12.29
LTU,2008,Lithuania,Lithuania,25738510.24,19266207.15,5.78,11.78,40.94,1,1,60.7,70.7,70.7,72.6,17.063498920075713,16.7738632462484,5.999999999999999,13.15
LTU,2009,Lithuania,Lithuania,15616400.75,13120342.59,6.03,9.69,46.82,1,1,65.1,69.2,69.7,74.4,16.563832314122727,16.389674529399507,3.6599999999999993,-23.45
LTU,2010,Lithuania,Lithuania,18039765.46,16436167.32,6.31,9.0,44.38,1,1,68.6,70.6,73.0,75.4,16.70808912683868,16.614994849867532,2.6900000000000004,12.9
LTU,2011,Lithuania,Lithuania,27811447.85,22443881.0,6.87,9.49,43.44,1,1,67.3,68.7,72.3,74.6,17.140958323019213,16.926528618309327,2.62,16.63
LTU,2012,Lithuania,Lithuania,26378428.77,22898200.02,9.54,11.06,40.2,1,1,68.2,72.5,75.6,75.1,17.088057179979195,16.946568907360017,1.5200000000000014,0.68
LTU,2013,Lithuania,Lithuania,29218849.85,23511393.24,7.31,10.89,43.18,1,1,67.8,80.6,73.2,75.6,17.19032463599808,16.972995722883734,3.580000000000001,3.92
LTU,2014,Lithuania,Lithuania,28427321.9,25765017.21,6.75,9.31,41.93,1,1,70.2,70.5,78.8,76.4,17.162861314578574,17.064528246516964,2.5600000000000005,0.58
LTU,2015,Lithuania,Lithuania,23230282.31,19243998.35,8.83,11.74,45.14,1,1,70.0,70.5,80.5,77.3,16.960967300539636,16.772709848024718,2.91,-10.55
LTU,2016,Lithuania,Lithuania,24009360.0,19947303.18,7.45,9.96,43.13,1,1,72.9,72.9,81.9,78.3,16.99395435393241,16.80860456334737,2.5100000000000007,-1.4
LTU,2017,Lithuania,Lithuania,28063365.97,23647395.7,35.56,24.55,50.49,1,1,67.6,72.4,80.0,78.3,17.149975617243427,16.978763590733458,-11.010000000000002,6.35
LTU,2018,Lithuania,Lithuania,32790554.71,26508158.62,41.04,26.51,51.47,1,1,66.7,69.8,78.1,77.2,17.305651096222206,17.092963153750517,-14.529999999999998,8.55
LTU,2019,Lithuania,Lithuania,31223873.77,26228915.25,37.09,24.64,49.98,1,1,73.3,72.2,80.5,80.2,17.256693577137646,17.082373033795424,-12.450000000000003,-1.02
LTU,2020,Lithuania,Lithuania,30323450.8,26787841.13,7.11,9.38,50.63,1,1,78.6,78.8,81.0,80.7,17.227431957904958,17.103458690684274,2.2700000000000005,-3.48
LTU,2021,Lithuania,Lithuania,40923728.89,33713173.3,5.18,8.95,57.34,1,1,79.5,73.6,82.9,80.7,17.527220645675733,17.333399247713224,3.7699999999999996,15.55
LUX,2000,Luxembourg,Luxembourg,11170423.46,6889957.79,7.25,7.97,36.76,1,1,94.1,98.9,98.5,95.0,16.2287801703234,15.745575661839878,0.7199999999999998,1.18
LUX,2002,Luxembourg,Luxembourg,12404697.14,8253266.29,6.74,8.0,39.53,1,1,95.2,99.5,98.5,94.0,16.33358584107557,15.926119715061157,1.2599999999999998,1.51
LUX,2003,Luxembourg,Luxembourg,15123060.96,11402995.23,5.5,7.14,43.85,1,1,91.5,97.5,95.5,97.0,16.53173141879517,16.24938670602469,1.6399999999999997,8.8
LUX,2004,Luxembourg,Luxembourg,19576569.47,14746001.31,3.67,6.42,52.71,1,1,93.1,95.1,96.6,96.6,16.78984402497551,16.50648257418437,2.75,10.86
LUX,2005,Luxembourg,Luxembourg,21884267.66,15890077.58,4.44,6.61,46.75,1,1,92.7,95.1,96.7,96.2,16.901278610639572,16.581205483749255,2.17,2.4
LUX,2006,Luxembourg,Luxembourg,25632118.53,18738064.89,3.98,6.05,48.91,1,1,94.1,99.0,93.3,99.5,17.059356792150833,16.746067621870907,2.07,5.68
LUX,2007,Luxembourg,Luxembourg,25813677.08,21451592.81,3.62,5.32,48.76,1,1,94.2,99.0,94.7,99.5,17.066415067547204,16.881309504074434,1.7000000000000002,6.53
LUX,2008,Luxembourg,Luxembourg,30125417.04,23913685.87,4.15,5.94,47.65,1,1,95.1,100.0,95.7,99.5,17.220879826525284,16.989961525372422,1.79,6.96
LUX,2009,Luxembourg,Luxembourg,23837021.8,16158285.57,3.96,6.22,48.53,1,1,94.7,98.6,97.6,100.0,16.986750509812612,16.597943576351582,2.26,-14.2
LUX,2010,Luxembourg,Luxembourg,24224638.18,16610004.32,5.37,5.83,47.21,1,1,95.7,99.1,97.6,98.6,17.002880821099737,16.625515801878407,0.45999999999999996,4.25
LUX,2011,Luxembourg,Luxembourg,28585854.45,20004464.63,4.57,6.1,46.85,1,1,98.1,96.2,97.7,99.1,17.168422588767314,16.81146608809466,1.5299999999999994,12.83
LUX,2012,Luxembourg,Luxembourg,26458779.66,17184433.85,4.4,6.04,51.92,1,1,96.7,95.7,96.2,98.6,17.091098633200748,16.659514581487308,1.6399999999999997,-3.3
LUX,2013,Luxembourg,Luxembourg,26387142.96,17892809.2,4.25,5.99,48.87,1,1,97.2,95.3,96.7,98.6,17.088387478295434,16.699909525317597,1.7400000000000002,-0.72
LUX,2014,Luxembourg,Luxembourg,26680484.92,18837512.44,3.8,5.66,53.99,1,1,96.6,97.6,95.7,98.5,17.099442991739398,16.751360835387104,1.8600000000000003,-0.18
LUX,2015,Luxembourg,Luxembourg,22322881.13,16797151.57,3.77,6.08,55.65,1,1,97.1,98.1,96.7,97.0,16.921122814829292,16.636719940127502,2.31,-10.05
LUX,2016,Luxembourg,Luxembourg,21122776.54,16100902.22,4.71,6.17,49.05,1,1,97.6,98.1,95.2,96.6,16.865862520465953,16.59438592900223,1.46,-0.45
LUX,2017,Luxembourg,Luxembourg,22687628.55,16186232.76,4.08,6.19,58.4,1,1,96.2,94.8,95.2,97.5,16.93733038016588,16.599671671043964,2.1100000000000003,4.93
LUX,2018,Luxembourg,Luxembourg,26280894.54,17461600.24,4.59,6.11,56.36,1,1,97.1,95.8,96.2,97.1,17.084352827864617,16.675514813219966,1.5200000000000005,4.79
LUX,2019,Luxembourg,Luxembourg,26635646.15,15938708.18,4.36,6.06,50.87,1,1,97.6,95.3,96.2,97.1,17.09776099501573,16.584261248122573,1.6999999999999993,-0.97
LUX,2020,Luxembourg,Luxembourg,23372074.84,15486089.91,4.25,6.08,48.75,1,1,96.7,93.4,95.7,96.6,16.967052527559638,16.55545281837522,1.83,-4.03
LUX,2021,Luxembourg,Luxembourg,29529665.52,19331797.55,3.15,5.93,58.52,1,1,96.2,93.4,96.7,97.6,17.200905960733888,16.777261891346573,2.78,10.58
LVA,1996,Latvia,Latvia,3471141.88,2742279.5,5.32,9.88,41.97,1,1,50.0,65.4,56.8,70.0,15.059994457926415,14.824300431465351,4.5600000000000005,12.95
LVA,1998,Latvia,Latvia,4410105.74,2825577.43,2.87,9.76,60.24,1,1,60.4,46.8,59.0,71.6,15.299409451211746,14.854223655585743,6.89,8.3
LVA,2000,Latvia,Latvia,5741428.04,2970682.46,3.9,9.49,54.24,1,1,56.9,63.5,56.2,70.1,15.563218698982409,14.904302605517179,5.59,24.16
LVA,2002,Latvia,Latvia,5654675.87,3041794.61,5.45,11.25,49.11,1,1,57.1,82.0,60.7,72.6,15.547993525316217,14.927958560194957,5.8,7.37
LVA,2003,Latvia,Latvia,7051996.84,3791453.84,3.45,9.16,70.17,1,1,63.0,81.9,67.7,71.6,15.768821516203765,15.148260366198967,5.71,13.77
LVA,2004,Latvia,Latvia,8374120.25,5426576.29,3.81,6.4,46.15,1,1,59.6,66.0,66.8,71.2,15.940656704797217,15.506819159833208,2.5900000000000003,16.03
LVA,2005,Latvia,Latvia,9613683.88,6413725.24,5.08,7.71,35.79,1,1,65.9,71.4,67.0,72.1,16.07869814969894,15.673950976690424,2.63,10.6
LVA,2006,Latvia,Latvia,13446476.5,7749741.44,5.04,7.83,43.74,1,1,68.3,72.9,67.0,74.0,16.41422773380062,15.863170167228896,2.79,-3.47
LVA,2007,Latvia,Latvia,18422604.49,9254750.6,5.05,6.72,39.8,1,1,68.4,64.3,71.3,72.1,16.729089027756984,16.040647664083355,1.67,15.22
LVA,2008,Latvia,Latvia,25396449.94,10472327.08,5.1,7.55,37.19,1,1,63.1,51.4,73.1,71.2,17.050119995454416,16.164246915340097,2.45,1.89
LVA,2009,Latvia,Latvia,14381906.65,7569919.28,6.27,7.62,41.71,1,1,64.6,55.0,72.5,72.0,16.48148156140299,15.839693094314587,1.3500000000000005,-22.97
LVA,2010,Latvia,Latvia,17651723.87,8771964.8,5.79,7.36,44.92,1,1,63.3,64.5,71.1,72.0,16.68634406291428,15.987071489743505,1.5700000000000003,9.19
LVA,2011,Latvia,Latvia,25457615.09,11876417.54,6.49,8.54,42.62,1,1,65.4,57.8,70.9,70.0,17.052525513166827,16.290065356750677,2.049999999999999,17.68
LVA,2012,Latvia,Latvia,28150382.23,11432267.61,6.03,8.26,42.61,1,1,64.5,61.1,71.8,71.8,17.153071526311656,16.251950494641907,2.2299999999999995,2.09
LVA,2013,Latvia,Latvia,28660816.01,12154676.32,7.52,8.59,44.24,1,1,66.8,65.4,72.3,71.4,17.17104148693635,16.31322461828002,1.0700000000000003,2.14
LVA,2014,Latvia,Latvia,31393079.24,13497429.69,6.42,8.59,45.1,1,1,66.8,61.9,77.9,72.4,17.262098052070154,16.41800990603639,2.17,1.03
LVA,2015,Latvia,Latvia,22131121.24,10854359.6,8.51,8.21,46.22,1,1,65.2,60.5,75.2,73.4,16.912495421993153,16.200077455828637,-0.29999999999999893,-9.28
LVA,2016,Latvia,Latvia,20428350.74,10973393.7,6.07,8.58,45.67,1,1,64.8,61.9,79.0,73.9,16.83243428512503,16.210984237434474,2.51,-1.28
LVA,2017,Latvia,Latvia,22019012.62,12096939.14,6.08,9.08,53.06,1,1,66.7,62.9,78.6,73.9,16.907416893523433,16.308463097595443,3.0,8.1
LVA,2018,Latvia,Latvia,23812538.34,15116819.32,5.06,8.12,53.19,1,1,62.4,59.9,78.6,73.3,16.985722862923318,16.531318610303998,3.0599999999999996,7.68
LVA,2019,Latvia,Latvia,23097637.09,13631806.56,7.73,9.15,50.64,1,1,66.7,59.9,80.0,73.9,16.955240923078275,16.427916411167555,1.42,-2.3
LVA,2020,Latvia,Latvia,20185506.82,14139621.09,6.86,7.81,52.82,1,1,74.8,60.8,79.5,73.4,16.82047547023857,16.464491491767202,0.9499999999999993,-1.28
LVA,2021,Latvia,Latvia,25931764.47,17392576.97,5.12,8.51,59.82,1,1,76.2,67.9,81.9,74.9,17.070979241197872,16.67155411973668,3.3899999999999997,15.47
MAC,1996,Macao,Macao,2925931.14,1997809.26,14.91,19.94,31.86,1,1,69.4,56.9,58.8,60.0,14.88912366822218,14.507562268716212,5.030000000000001,-0.83
MAC,1998,Macao,Macao,3008856.53,2274063.86,13.03,18.57,32.72,1,1,67.4,56.9,58.5,57.2,14.9170710065351,14.637079475313302,5.540000000000001,-3.15
MAC,2000,Macao,Macao,2841854.8,2588492.52,11.32,18.59,33.25,1,1,68.1,67.7,57.2,57.7,14.859967847435664,14.766586611940623,7.27,3.54
MAC,2002,Macao,Macao,3138450.4,2594544.59,11.78,24.57,40.76,1,1,54.5,67.7,69.2,62.2,14.959240051515478,14.76892194942202,12.790000000000001,6.26
MAC,2003,Macao,Macao,3647437.86,2886059.06,12.37,16.85,34.43,1,1,79.4,85.9,86.6,69.7,15.109535797072724,14.875402828910222,4.480000000000002,3.7
MAC,2004,Macao,Macao,3873883.04,3386532.83,10.72,15.73,38.71,1,1,90.6,96.1,89.9,55.3,15.169768189615175,15.035317487252044,5.01,12.73
MAC,2005,Macao,Macao,4230756.97,2694610.12,11.26,15.79,37.92,1,1,70.2,93.2,70.3,60.6,15.257891724095302,14.806764455067432,4.529999999999999,5.83
MAC,2006,Macao,Macao,5265584.91,2860713.74,10.74,15.75,44.76,1,1,66.8,80.2,63.2,57.2,15.47670298130923,14.866582060664868,5.01,8.16
MAC,2007,Macao,Macao,6598247.62,2846262.71,9.84,14.51,43.68,1,1,71.4,61.4,58.9,48.1,15.702314811176237,14.86151771321278,4.67,8.95
MAC,2008,Macao,Macao,7135861.84,2471796.9,9.34,13.82,44.67,1,1,69.4,60.6,63.5,50.0,15.780643732205242,14.720456338554111,4.48,-0.79
MAC,2009,Macao,Macao,5720770.48,1217410.91,6.11,10.83,48.78,1,1,62.2,67.3,69.2,67.8,15.559614228387158,14.012237778138513,4.72,-7.23
MAC,2010,Macao,Macao,6587772.39,997265.0,4.53,10.99,52.87,1,1,69.5,64.9,69.7,67.8,15.700725972298871,13.812772813760281,6.46,9.19
MAC,2011,Macao,Macao,8563022.41,1262127.74,4.17,10.34,53.34,1,1,69.7,66.4,68.5,67.1,15.96296388785955,14.048310329558644,6.17,18.91
MAC,2012,Macao,Macao,9566233.43,1411032.43,3.42,9.77,53.52,1,1,69.2,65.9,69.5,40.8,16.07375020950792,14.159832922971015,6.35,6.44
MAC,2013,Macao,Macao,11744513.87,1804822.63,3.02,9.69,55.71,1,1,70.1,69.2,70.4,39.0,16.278896869985793,14.405973433063641,6.67,7.11
MAC,2014,Macao,Macao,12691928.98,1454540.85,2.78,8.54,39.05,1,1,77.9,93.8,79.8,37.4,16.35647691480899,14.190201529277614,5.76,5.14
MAC,2015,Macao,Macao,13752584.09,1569650.82,4.2,10.79,36.34,1,1,68.6,91.9,78.6,45.3,16.436737370951292,14.266364382029096,6.589999999999999,-3.17
MAC,2016,Macao,Macao,11257372.85,1472541.23,5.29,8.58,35.07,1,1,77.1,97.6,78.1,44.8,16.23653392523232,14.202500873213788,3.29,-8.25
MAC,2017,Macao,Macao,11643506.83,1461187.23,19.83,13.23,35.72,1,1,71.0,97.6,76.7,43.8,16.270259314833407,14.194760518847554,-6.599999999999998,3.07
MAC,2018,Macao,Macao,13539187.79,1448166.31,14.18,14.57,35.57,1,1,74.8,92.0,80.0,42.2,16.42109891154134,14.185809390833032,0.39000000000000057,8.6
MAC,2019,Macao,Macao,13932436.01,1630161.64,10.26,15.47,34.35,1,1,72.9,92.9,78.6,35.3,16.44973027733181,14.304190346946442,5.210000000000001,3.7
MAC,2020,Macao,Macao,10178404.19,1409830.88,4.77,10.92,33.49,1,1,77.6,89.2,76.2,37.2,16.135778895713823,14.158981021202854,6.15,-0.31
MAC,2021,Macao,Macao,15969720.17,1662902.62,5.55,10.83,32.68,1,1,79.0,85.4,76.2,33.3,16.586205060427,14.324075800993475,5.28,27.24
MAR,1996,Morocco,Morocco,8036231.48,7279239.96,10.56,17.08,30.85,1,1,53.2,39.9,59.3,36.5,15.899470934314332,15.800537151000762,6.519999999999998,-1.69
MAR,1998,Morocco,Morocco,9034371.68,7762216.63,8.76,14.51,55.18,1,1,58.3,57.4,55.5,42.8,16.016547047389857,15.86477862839477,5.75,14.28
MAR,2000,Morocco,Morocco,16779829.85,8039254.31,7.4,15.02,69.64,1,1,47.9,42.3,53.7,34.3,16.635688178499606,15.899847013731033,7.619999999999999,3.42
MAR,2002,Morocco,Morocco,17986991.81,8883757.52,7.52,16.67,56.53,1,1,48.1,37.0,51.7,34.8,16.705159432976888,15.999735282177236,9.150000000000002,3.5
MAR,2003,Morocco,Morocco,22188348.22,10220657.62,6.63,13.67,58.53,1,1,45.5,32.2,49.3,26.9,16.915077899171674,16.1399215848904,7.04,9.58
MAR,2004,Morocco,Morocco,27064976.19,12005427.68,6.48,12.66,66.54,1,1,48.8,35.4,51.0,33.7,17.113751095426974,16.30086949545477,6.18,11.8
MAR,2005,Morocco,Morocco,32165232.01,13223679.88,6.13,12.44,71.42,1,1,42.0,29.1,45.0,26.4,17.286396707010542,16.39751978631039,6.31,8.21
MAR,2006,Morocco,Morocco,33594044.76,14532710.19,5.36,12.44,68.8,1,1,39.0,30.9,45.5,28.8,17.32985939970616,16.491912610707338,7.079999999999999,7.28
MAR,2007,Morocco,Morocco,44253877.22,17792061.26,5.54,11.7,67.43,1,1,42.2,27.5,46.4,27.9,17.605453568967587,16.69426297535186,6.159999999999999,15.42
MAR,2008,Morocco,Morocco,54891023.88,22363939.97,5.49,11.08,65.17,1,1,40.3,26.0,41.8,26.0,17.82086041187663,16.922960441615263,5.59,14.85
MAR,2009,Morocco,Morocco,43469586.7,15408506.8,5.73,11.76,67.38,1,1,43.5,31.3,46.9,28.0,17.5875721182179,16.55043036938248,6.029999999999999,-11.75
MAR,2010,Morocco,Morocco,47351555.89,18544452.11,5.39,10.98,63.51,1,1,52.4,32.7,47.9,28.9,17.673110257520435,16.735681278581534,5.590000000000001,3.92
MAR,2011,Morocco,Morocco,57634346.33,23620833.87,5.28,10.54,63.3,1,1,40.3,33.6,46.9,27.7,17.86962925575776,16.977639714002148,5.259999999999999,11.85
MAR,2012,Morocco,Morocco,58752444.09,22937434.64,5.2,10.46,64.65,1,1,37.4,32.7,46.5,29.1,17.888843328675705,16.948280877889566,5.260000000000001,0.59
MAR,2013,Morocco,Morocco,60521945.46,23707129.79,4.54,10.71,75.05,1,1,41.7,28.9,44.6,27.2,17.918516608627645,16.98128643806608,6.170000000000001,0.44
MAR,2014,Morocco,Morocco,61365065.53,25252369.39,5.13,10.76,75.22,1,1,47.1,29.5,52.4,27.6,17.932351282181656,17.044430586111172,5.63,1.11
MAR,2015,Morocco,Morocco,52313047.79,25544217.48,4.54,11.01,75.79,1,1,48.1,33.8,51.0,28.6,17.772756396768262,17.05592156642505,6.47,-9.13
MAR,2016,Morocco,Morocco,59132393.5,25973046.91,4.35,10.62,75.92,1,1,50.5,34.3,44.3,29.6,17.89528946249544,17.072569939478687,6.27,4.55
MAR,2017,Morocco,Morocco,64608268.76,29062326.76,4.21,10.15,79.01,1,1,49.0,31.0,44.3,28.6,17.98385297542031,17.18495331475665,5.94,3.93
MAR,2018,Morocco,Morocco,70482829.02,32257702.68,4.09,10.47,77.35,1,1,44.8,34.0,44.8,29.1,18.070879692304796,17.2892674464787,6.380000000000001,6.72
MAR,2019,Morocco,Morocco,71067611.05,31617740.98,4.31,10.59,72.91,1,1,41.4,32.5,45.7,29.5,18.07914226426673,17.26922897606351,6.28,-0.24
MAR,2020,Morocco,Morocco,61896309.75,29437287.75,4.43,10.57,73.44,1,1,38.6,34.0,47.1,31.4,17.940971135717113,17.197772753494355,6.140000000000001,-6.61
MAR,2021,Morocco,Morocco,81145206.14,38144192.88,4.51,10.28,71.94,1,1,38.6,31.6,45.7,32.4,18.211750788443137,17.4568841122382,5.77,14.8
MDA,1996,Moldova,"Moldova, Republic of",1243033.12,1233020.42,10.74,23.99,16.59,1,1,39.8,47.9,47.7,52.0,14.033065819834535,14.024978154258358,13.249999999999998,12.94
MDA,1998,Moldova,"Moldova, Republic of",1272524.35,1021924.06,9.68,17.14,27.96,1,1,42.8,61.2,49.5,51.7,14.056513948622925,13.837198720247068,7.460000000000001,17.07
MDA,2000,Moldova,"Moldova, Republic of",1616553.43,831238.81,7.7,14.77,22.07,1,1,34.6,31.7,37.3,46.3,14.295807547093279,13.630673612230446,7.069999999999999,15.09
MDA,2002,Moldova,"Moldova, Republic of",1939769.54,828390.52,9.71,18.34,21.73,1,1,18.0,41.8,34.3,32.3,14.47808024569356,13.627241171850496,8.629999999999999,7.86
MDA,2003,Moldova,"Moldova, Republic of",2669667.29,1077400.53,8.35,14.02,31.81,1,1,21.2,39.7,36.8,32.8,14.79746478670345,13.890062709312952,5.67,16.22
MDA,2004,Moldova,"Moldova, Republic of",3490693.77,1424807.49,7.43,12.07,27.49,1,1,14.8,37.9,42.8,29.8,15.065611348864477,14.169547969670885,4.640000000000001,12.3
MDA,2005,Moldova,"Moldova, Republic of",4146709.78,1424585.08,7.1,13.87,55.25,1,1,30.2,34.5,42.1,30.8,15.237825994814276,14.169391859314816,6.77,13.85
MDA,2006,Moldova,"Moldova, Republic of",4731912.38,1405950.54,3.66,13.73,74.11,1,1,31.7,31.9,38.3,37.0,15.36984019875649,14.156224884186926,10.07,8.39
MDA,2007,Moldova,"Moldova, Republic of",6112688.78,2011094.5,2.78,11.18,77.16,1,1,29.6,42.5,37.3,37.0,15.62587746013605,14.514190156438767,8.4,17.05
MDA,2008,Moldova,"Moldova, Republic of",8466751.34,2438332.52,2.76,11.08,86.39,1,1,33.0,35.6,40.4,36.5,15.951657562167098,14.706825380323272,8.32,15.22
MDA,2009,Moldova,"Moldova, Republic of",5558440.07,1488911.17,3.68,12.81,86.07,1,1,26.8,26.1,41.7,37.4,15.53082824381855,14.213556324029835,9.13,-18.2
MDA,2010,Moldova,"Moldova, Republic of",5793893.14,1724263.88,3.79,12.76,76.04,1,1,29.0,33.2,43.6,46.9,15.572315186519738,14.360311361095361,8.969999999999999,8.44
MDA,2011,Moldova,"Moldova, Republic of",7231298.11,2372841.68,3.14,11.81,78.23,1,1,30.8,45.5,45.5,51.2,15.79392926125802,14.67959923739217,8.67,16.04
MDA,2012,Moldova,"Moldova, Republic of",7294822.34,2368712.66,2.62,11.75,79.24,1,1,31.8,46.9,46.0,47.4,15.802675523059094,14.67785760627039,9.129999999999999,0.21
MDA,2013,Moldova,"Moldova, Republic of",8417073.12,2531797.43,3.75,11.69,77.28,1,1,23.7,46.0,43.2,46.0,15.945772834142822,14.7444404500725,7.9399999999999995,2.65
MDA,2014,Moldova,"Moldova, Republic of",8473836.29,2801156.18,3.04,10.86,82.17,1,1,20.7,39.0,46.2,49.3,15.952494008898624,14.845543168340793,7.819999999999999,-1.61
MDA,2015,Moldova,"Moldova, Republic of",6053315.53,2359931.76,3.46,11.36,80.35,1,1,17.1,34.8,42.4,48.3,15.6161168665844,14.674143685070478,7.8999999999999995,-13.41
MDA,2016,Moldova,"Moldova, Republic of",6575648.69,2376518.51,3.57,11.99,79.41,1,1,13.8,34.8,32.4,46.8,15.6988839433138,14.681147584554365,8.42,0.42
MDA,2017,Moldova,"Moldova, Republic of",7816338.37,2963959.99,2.97,12.1,83.64,1,1,21.0,33.3,34.8,45.3,15.87172689167002,14.902037104042948,9.129999999999999,9.62
MDA,2018,Moldova,"Moldova, Republic of",9244453.67,3411157.71,2.4,11.6,81.47,1,1,25.2,31.1,36.2,40.3,16.039534434584414,15.04256258919551,9.2,9.23
MDA,2019,Moldova,"Moldova, Republic of",9415222.69,3360027.8,3.42,16.79,82.82,1,1,29.0,31.1,36.2,42.0,16.05783847868653,15.027460103331224,13.37,0.68
MDA,2020,Moldova,"Moldova, Republic of",8480718.92,3074929.61,2.18,11.94,82.15,1,1,30.0,34.9,32.4,44.0,15.953305900391019,14.938792893114483,9.76,-3.72
MDA,2021,Moldova,"Moldova, Republic of",11171686.73,3959145.55,2.46,11.23,82.3,1,1,35.2,40.1,40.5,48.3,16.228893254528746,15.191539042326623,8.77,15.11
MDG,1996,Madagascar,Madagascar,578418.31,691801.91,9.12,17.29,72.39,1,1,44.1,53.7,38.7,46.5,13.268054334469971,13.447056381894399,8.17,4.68
MDG,1998,Madagascar,Madagascar,744238.16,765068.11,6.31,16.8,76.36,1,1,35.8,53.2,40.5,55.2,13.520117713773631,13.547721448597553,10.490000000000002,-1.43
MDG,2000,Madagascar,Madagascar,1133675.49,940380.55,4.14,17.4,81.87,1,1,41.0,52.9,44.3,53.2,13.940976440382181,13.754040976144658,13.259999999999998,40.01
MDG,2002,Madagascar,Madagascar,840000.07,850879.58,4.81,16.85,81.84,1,1,56.6,39.7,46.3,45.3,13.641158444628209,13.654027068683796,12.040000000000003,-18.81
MDG,2003,Madagascar,Madagascar,1562717.8,1209946.68,3.69,15.35,82.63,1,1,50.3,66.3,44.8,48.8,14.261937682789128,14.00608767696864,11.66,46.89
MDG,2004,Madagascar,Madagascar,1835977.01,1452896.17,3.8,16.72,82.35,1,1,44.3,53.9,43.8,48.6,14.423087872966663,14.189070169229051,12.919999999999998,16.44
MDG,2005,Madagascar,Madagascar,1729608.01,1094749.09,5.11,15.42,77.71,1,1,55.1,45.1,41.6,45.2,14.363405935150459,13.906036666874192,10.309999999999999,-2.15
MDG,2006,Madagascar,Madagascar,1692857.88,1166627.76,5.11,15.48,79.49,1,1,51.7,51.7,41.1,43.3,14.34192930264991,13.969628745835102,10.370000000000001,2.18
MDG,2007,Madagascar,Madagascar,2510234.1,1360262.91,4.4,14.78,74.5,1,1,51.9,46.4,43.1,44.7,14.735886972060287,14.12318929035727,10.379999999999999,19.21
MDG,2008,Madagascar,Madagascar,3686077.56,1410653.96,4.56,14.3,74.72,1,1,49.0,29.8,39.4,35.6,15.120073730061291,14.15956466514098,9.740000000000002,24.52
MDG,2009,Madagascar,Madagascar,3139139.66,1323658.31,4.17,14.04,76.41,1,1,46.9,21.8,28.0,26.1,14.95945964526932,14.095910663635827,9.87,-9.43
MDG,2010,Madagascar,Madagascar,2495992.82,1215533.83,4.06,13.26,73.31,1,1,42.4,17.1,21.8,25.6,14.730197532506851,14.010694727202308,9.2,-10.55
MDG,2011,Madagascar,Madagascar,2898020.55,1894491.4,4.16,13.34,74.4,1,1,38.9,24.6,20.7,24.9,14.879538837997988,14.454461497820184,9.18,3.56
MDG,2012,Madagascar,Madagascar,3093232.3,1816844.59,3.63,13.16,79.66,1,1,29.4,28.9,19.2,23.9,14.944727477209309,14.41261236302976,9.530000000000001,-4.81
MDG,2013,Madagascar,Madagascar,3422787.66,2157292.27,3.34,12.02,83.93,1,1,23.2,24.6,18.8,25.8,15.045966174443535,14.584364878113538,8.68,4.45
MDG,2014,Madagascar,Madagascar,3600323.01,2453035.96,2.91,10.12,80.12,1,1,21.6,26.7,26.4,31.5,15.09653440215411,14.71283739039169,7.209999999999999,10.66
MDG,2015,Madagascar,Madagascar,3269740.85,2470618.47,2.74,10.42,80.56,1,1,20.0,30.5,28.6,34.5,15.00022159480299,14.719979474730556,7.68,-5.36
MDG,2016,Madagascar,Madagascar,3351698.07,2752695.85,2.76,9.51,83.4,1,1,16.2,35.2,19.5,35.5,15.024977960300998,14.828091661824674,6.75,0.0
MDG,2017,Madagascar,Madagascar,4111309.61,3538113.53,3.25,9.48,81.58,1,1,13.3,33.8,20.0,35.0,15.229252418851651,15.079104524574193,6.23,11.29
MDG,2018,Madagascar,Madagascar,4000484.87,3908030.55,3.17,9.83,81.0,1,1,14.8,25.9,20.5,36.4,15.201926379207585,15.178544365295435,6.66,4.63
MDG,2019,Madagascar,Madagascar,4259408.09,3585527.9,2.39,10.04,80.07,1,1,14.8,34.0,15.7,38.2,15.264640997356649,15.092416552514926,7.649999999999999,-1.37
MDG,2020,Madagascar,Madagascar,3481995.02,2780026.8,3.03,10.35,81.78,1,1,16.7,26.4,20.5,37.7,15.063116256288366,14.83797148561682,7.32,-9.21
MDG,2021,Madagascar,Madagascar,4261222.63,3334517.01,2.79,9.76,80.58,1,1,18.6,26.9,20.5,36.7,15.26506691409008,15.019838702149523,6.97,17.01
MDV,1996,Maldives,Maldives,237372.0,68854.51,4.83,17.64,73.01,1,1,46.8,76.1,52.8,28.0,12.377388022591994,11.139765530003304,12.81,6.11
MDV,1998,Maldives,Maldives,250354.66,90724.29,8.26,17.07,63.49,1,1,48.1,88.8,45.5,30.3,12.430637825850837,11.41559142854902,8.81,0.73
MDV,2000,Maldives,Maldives,421948.13,182388.22,6.16,18.79,70.36,1,1,47.3,87.8,59.2,26.4,12.952640040728316,12.113898253998649,12.629999999999999,-1.7
MDV,2002,Maldives,Maldives,345239.39,246926.48,4.88,29.51,71.04,1,1,52.4,84.1,50.2,22.9,12.751996235981895,12.416849969261378,24.630000000000003,0.49
MDV,2003,Maldives,Maldives,438832.2,210604.27,5.78,16.12,71.36,1,1,57.1,83.4,54.2,21.4,12.991874665414416,12.257740902110614,10.34,9.63
MDV,2004,Maldives,Maldives,623035.97,213628.06,3.82,14.82,71.15,1,1,46.8,63.1,43.3,15.9,13.34236113790299,12.27199642550353,11.0,16.76
MDV,2005,Maldives,Maldives,687894.58,155391.47,3.91,13.26,64.52,1,1,41.5,70.9,55.5,20.2,13.441392332140941,11.953709260143217,9.35,7.73
MDV,2006,Maldives,Maldives,764193.91,186199.75,1.8,12.74,69.42,1,1,32.7,69.6,52.6,20.2,13.546578153412693,12.13458067174395,10.94,11.53
MDV,2007,Maldives,Maldives,967667.76,168699.36,2.11,12.38,73.62,1,1,19.9,45.9,51.7,22.1,13.782645117615683,12.035879402497402,10.270000000000001,8.78
MDV,2008,Maldives,Maldives,1219569.05,199390.01,1.89,10.96,77.16,1,1,21.4,38.9,50.0,37.0,14.014008936562822,12.203023050237737,9.07,12.5
MDV,2009,Maldives,Maldives,869501.7,120817.85,2.58,11.45,77.02,1,1,28.7,37.4,49.8,46.0,13.675676718004546,11.70204759535576,8.87,-16.55
MDV,2010,Maldives,Maldives,997120.32,144248.74,3.14,10.3,68.99,1,1,36.7,40.3,45.0,46.4,13.812627726596114,11.879301381942378,7.16,6.47
MDV,2011,Maldives,Maldives,1233972.66,212395.52,2.49,12.05,77.59,1,1,35.1,39.3,34.7,43.2,14.025750138000857,12.266210184034907,9.56,13.54
MDV,2012,Maldives,Maldives,1170557.26,228143.49,0.74,13.28,76.85,1,1,28.0,36.0,36.2,33.8,13.972991338275463,12.337734435285917,12.54,4.94
MDV,2013,Maldives,Maldives,1308499.05,238618.33,0.58,12.99,81.08,1,1,27.0,51.7,28.6,33.8,14.08439203916403,12.382624799614266,12.41,5.59
MDV,2014,Maldives,Maldives,1569695.12,216947.83,8.77,12.17,53.99,1,1,46.6,69.0,35.6,35.5,14.266392604450344,12.287416798264271,3.4000000000000004,7.22
MDV,2015,Maldives,Maldives,1543367.03,249703.36,1.97,12.37,55.94,1,1,41.9,59.5,32.9,30.5,14.249477618783066,12.428032937068567,10.399999999999999,-2.44
MDV,2016,Maldives,Maldives,1831865.06,281733.2,12.59,12.59,42.49,1,1,32.4,61.0,41.0,27.1,14.420845710189734,12.54871935224618,0.0,5.92
MDV,2017,Maldives,Maldives,2483498.93,411862.91,8.61,9.12,42.11,1,1,24.8,55.2,31.4,26.1,14.725179385343514,12.92844825823149,0.5099999999999998,5.3
MDV,2018,Maldives,Maldives,2252741.88,291123.21,9.62,10.3,36.58,1,1,21.9,51.4,32.4,29.6,14.627659089510777,12.581505293571968,0.6800000000000015,12.02
MDV,2019,Maldives,Maldives,2607083.17,273901.64,8.34,10.05,37.12,1,1,48.1,48.1,40.0,33.3,14.773742978547117,12.520527993758936,1.7100000000000009,-1.26
MEX,1996,Mexico,Mexico,72917797.66,91776577.41,9.12,14.72,24.92,1,1,36.0,20.7,27.1,50.5,18.104843318893383,18.33486768589173,5.600000000000001,11.05
MEX,1998,Mexico,Mexico,103401870.57,115501464.26,8.87,14.17,25.85,1,1,43.9,30.9,35.0,50.2,18.454133620164928,18.56479377407942,5.300000000000001,5.79
MEX,2000,Mexico,Mexico,158354442.82,162409696.75,7.86,12.29,42.89,1,1,54.8,39.2,37.8,57.2,18.880346393832706,18.90563269911833,4.429999999999999,12.42
MEX,2002,Mexico,Mexico,149083929.24,161837799.78,7.06,12.06,44.74,1,1,47.6,45.5,40.8,58.7,18.8200199955227,18.902105161878247,5.000000000000001,0.08
MEX,2003,Mexico,Mexico,152937680.65,168252361.22,6.05,11.39,53.84,1,1,48.7,40.2,42.3,60.7,18.84554108690655,18.940975566331115,5.340000000000001,0.56
MEX,2004,Mexico,Mexico,178615769.26,192244069.76,4.59,9.97,64.26,1,1,41.9,38.3,40.9,58.7,19.000747521836622,19.074276324574033,5.380000000000001,7.42
MEX,2005,Mexico,Mexico,198359363.11,215251900.58,4.44,9.62,62.33,1,1,45.9,33.5,41.1,57.7,19.105590913843024,19.187319535518807,5.179999999999999,6.16
MEX,2006,Mexico,Mexico,231343218.14,252552920.72,4.93,9.8,59.8,1,1,43.9,26.6,40.2,51.9,19.25941296292448,19.347131375688868,4.870000000000001,7.45
MEX,2007,Mexico,Mexico,251007116.16,278044465.87,4.67,9.01,61.09,1,1,45.6,23.7,35.9,52.4,19.34099185191318,19.443291611633615,4.34,4.92
MEX,2008,Mexico,Mexico,280507257.06,295931194.91,3.97,8.53,65.79,1,1,45.6,19.2,28.8,51.9,19.452110158028983,19.50563753901852,4.559999999999999,4.62
MEX,2009,Mexico,Mexico,222849612.07,239134601.69,4.29,8.3,66.26,1,1,44.5,22.3,35.1,55.5,19.22200772107532,19.292537142534705,4.010000000000001,-12.85
MEX,2010,Mexico,Mexico,283720290.65,315685326.11,4.58,8.39,66.05,1,1,40.5,23.2,35.5,55.0,19.463499422247722,19.570256475127874,3.8100000000000005,13.41
MEX,2011,Mexico,Mexico,341634757.17,371512794.38,4.14,7.93,64.59,1,1,39.3,26.1,34.3,53.1,19.649252765785537,19.733093864005404,3.79,7.88
MEX,2012,Mexico,Mexico,365947103.69,393395458.43,4.18,7.97,67.54,1,1,37.9,24.6,38.0,54.0,19.71799935821631,19.790325921986838,3.79,2.8
MEX,2013,Mexico,Mexico,379591601.74,397015696.32,4.64,8.23,66.78,1,1,34.6,23.2,35.2,53.1,19.754606503117117,19.79948637771865,3.5900000000000007,1.4
MEX,2014,Mexico,Mexico,405816700.93,411718333.71,3.89,7.67,71.17,1,1,22.1,17.6,39.4,48.8,19.821412142542535,19.8358500198996,3.78,2.43
MEX,2015,Mexico,Mexico,401984585.66,404748315.1,4.71,8.54,66.19,1,1,19.5,21.4,39.0,44.3,19.811924304206443,19.81877599016747,3.829999999999999,-0.59
MEX,2016,Mexico,Mexico,395433004.14,402792168.91,4.95,8.35,65.82,1,1,20.0,23.8,31.0,43.8,19.795491938004183,19.813931279468793,3.3999999999999995,-1.04
MEX,2017,Mexico,Mexico,427782226.99,435835201.38,4.71,8.55,70.95,1,1,16.2,17.6,31.0,42.9,19.87412481094928,19.89277475366964,3.8400000000000007,4.21
MEX,2018,Mexico,Mexico,468979660.51,482291745.74,4.6,10.07,71.3,1,1,16.7,22.6,28.1,45.6,19.966069959819915,19.99405977259753,5.470000000000001,5.09
MEX,2019,Mexico,Mexico,455179179.9,492856452.62,8.51,14.75,71.75,1,1,18.1,18.4,26.7,45.9,19.936201703570536,20.015728520481215,6.24,-0.98
MEX,2020,Mexico,Mexico,382451627.87,445334660.1,4.4,8.72,69.57,1,1,19.5,19.3,29.0,44.9,19.762112742763478,19.914336604900285,4.32,-8.28
MEX,2021,Mexico,Mexico,510446816.12,529171620.04,4.72,8.66,69.62,1,1,17.6,23.1,22.9,44.0,20.05079701212054,20.086823362614457,3.9400000000000004,15.01
MKD,1996,Middle East & North Africa,North Macedonia,167064044.46,193619178.08,11.05,11.45,40.25,0,0,32.3,29.8,40.7,37.5,18.93388780261,19.081403793395957,0.3999999999999986,-2.71
MKD,1996,North Macedonia,North Macedonia,1905333.16,1214193.1,10.41,16.77,23.52,1,1,32.3,29.8,40.7,37.5,14.46016796323353,14.009591122500135,6.359999999999999,-2.71
MKD,1998,Middle East & North Africa,North Macedonia,189630289.71,171082169.72,5.57,8.17,38.51,0,0,34.2,22.3,42.0,45.8,19.06058689615344,18.95765452957543,2.5999999999999996,3.76
MKD,1998,North Macedonia,North Macedonia,1886653.99,1403648.13,11.66,16.75,25.34,1,1,34.2,22.3,42.0,45.8,14.450315972446166,14.154585924928426,5.09,3.76
MKD,2000,Middle East & North Africa,North Macedonia,284705238.74,297384193.82,4.42,6.35,49.82,0,0,33.5,27.0,33.3,38.8,19.46696495650462,19.51053544605894,1.9299999999999997,8.58
MKD,2000,North Macedonia,North Macedonia,3816053.74,1249630.69,5.03,13.43,52.53,1,1,33.5,27.0,33.3,38.8,15.15472765631116,14.038359417861233,8.399999999999999,8.58
MKD,2002,Middle East & North Africa,North Macedonia,333125127.61,265865897.42,11.52,9.04,44.46,0,0,25.4,18.5,34.8,43.8,19.6240287389556,19.398502598345836,-2.4800000000000004,8.54
MKD,2002,North Macedonia,North Macedonia,3200990.41,963874.75,5.54,17.47,59.32,1,1,25.4,18.5,34.8,43.8,14.978971135412005,13.778717675244152,11.93,8.54
MKD,2003,Middle East & North Africa,North Macedonia,387997990.15,335683329.6,3.78,6.14,45.98,0,0,30.7,20.1,38.3,46.8,19.77651072012569,19.63167880507246,2.36,7.52
MKD,2003,North Macedonia,North Macedonia,3401085.82,1079189.48,5.07,13.21,68.79,1,1,30.7,20.1,38.3,46.8,15.03960559144945,13.891721762487627,8.14,7.52
MKD,2004,Middle East & North Africa,North Macedonia,481715911.71,438455352.63,3.17,5.32,52.4,0,0,34.5,19.9,46.6,44.7,19.992865105536865,19.89876854846975,2.1500000000000004,12.74
MKD,2004,North Macedonia,North Macedonia,4577741.89,1603398.99,2.93,11.68,77.38,1,1,34.5,19.9,46.6,44.7,15.33671661583799,14.28763692635424,8.75,12.74
MKD,2005,Middle East & North Africa,North Macedonia,560125258.12,572978861.18,2.46,5.15,62.77,0,0,40.0,15.5,44.0,46.2,20.143670993681496,20.16635938426035,2.6900000000000004,5.01
MKD,2005,North Macedonia,North Macedonia,4462574.82,1750410.13,3.52,11.5,71.91,1,1,40.0,15.5,44.0,46.2,15.311236695401885,14.375361249736201,7.98,5.01
MKD,2006,Middle East & North Africa,North Macedonia,631183479.91,741323209.33,2.31,4.81,61.79,0,0,40.5,24.2,36.4,52.4,20.263107156225082,20.42394726944301,2.4999999999999996,7.73
MKD,2006,North Macedonia,North Macedonia,5610000.27,2407529.1,2.82,11.08,77.17,1,1,40.5,24.2,36.4,52.4,15.540061503880315,14.694111925172315,8.26,7.73
MKD,2007,Middle East & North Africa,North Macedonia,777661189.74,831060018.7,2.05,4.33,62.54,0,0,41.7,30.4,41.6,55.8,20.471801499809732,20.538212576084003,2.2800000000000002,18.63
MKD,2007,North Macedonia,North Macedonia,7100097.16,3596007.99,2.4,9.51,87.08,1,1,41.7,30.4,41.6,55.8,15.775619167268086,15.095335174570522,7.109999999999999,18.63
MKD,2008,Middle East & North Africa,North Macedonia,999155064.86,1171727040.66,2.24,4.72,58.79,0,0,51.9,35.1,45.2,54.3,20.72242054564836,20.881744601368396,2.4799999999999995,14.17
MKD,2008,North Macedonia,North Macedonia,9218156.15,3870478.37,2.17,9.98,86.97,1,1,51.9,35.1,45.2,54.3,16.036685700283904,15.168888925551984,7.8100000000000005,14.17
MKD,2009,Middle East & North Africa,North Macedonia,852360652.95,737776640.56,1.93,4.35,61.1,0,0,53.6,34.6,46.0,55.0,20.563520297984468,20.41915168304313,2.42,-14.15
MKD,2009,North Macedonia,North Macedonia,7116058.26,2607352.13,2.65,11.36,84.86,1,1,53.6,34.6,46.0,55.0,15.777864655445384,14.773846138287954,8.709999999999999,-14.15
MKD,2010,Middle East & North Africa,North Macedonia,949576307.65,984320393.84,2.14,3.97,55.0,0,0,54.8,27.0,45.5,53.1,20.671526452180604,20.707462006531077,1.83,3.89
MKD,2010,North Macedonia,North Macedonia,7818142.13,3309871.46,2.24,9.62,79.8,1,1,54.8,27.0,45.5,53.1,15.871957632918795,15.012420214888825,7.379999999999999,3.89
MKD,2011,Middle East & North Africa,North Macedonia,1075517815.07,1304018469.56,2.12,4.12,54.73,0,0,55.0,27.5,47.9,47.4,20.796068071918395,20.988716464890434,2.0,13.3
MKD,2011,North Macedonia,North Macedonia,9766363.38,4570695.92,1.84,8.93,79.02,1,1,55.0,27.5,47.9,47.4,16.094454833986955,15.33517625014952,7.09,13.3
MKD,2012,Middle East & North Africa,North Macedonia,1172360655.72,1391531637.39,1.76,3.87,63.28,0,0,55.9,30.8,47.9,48.8,20.882285208339603,21.053670875567175,2.1100000000000003,-3.66
MKD,2012,North Macedonia,North Macedonia,9831954.78,4147913.76,1.79,9.39,80.97,1,1,55.9,30.8,47.9,48.8,16.101148432658903,15.23811629845792,7.6000000000000005,-3.66
MKD,2013,Middle East & North Africa,North Macedonia,1259884203.89,1356513098.97,1.85,3.78,64.34,0,0,56.4,33.2,48.4,46.9,20.9542856528057,21.02818334720056,1.9299999999999997,0.74
MKD,2013,North Macedonia,North Macedonia,10262101.27,4490276.64,2.24,9.32,80.03,1,1,56.4,33.2,48.4,46.9,16.143968276327975,15.317425092996029,7.08,0.74
MKD,2014,Middle East & North Africa,North Macedonia,1283334373.05,1276797464.67,1.76,3.68,59.66,0,0,55.3,56.7,57.2,43.8,20.97272750752572,20.967620799750268,1.9200000000000002,5.02
MKD,2014,North Macedonia,North Macedonia,11533985.09,5421692.84,2.15,8.25,80.13,1,1,55.3,56.7,57.2,43.8,16.260808547157115,15.505918841197852,6.1,5.02
MKD,2015,Middle East & North Africa,North Macedonia,1163807857.76,821098632.35,1.94,4.24,59.31,0,0,49.5,35.7,47.1,40.9,20.874963102836325,20.52615379826404,2.3000000000000003,-6.18
MKD,2015,North Macedonia,North Macedonia,10387558.17,5241211.27,2.07,9.08,80.54,1,1,49.5,35.7,47.1,40.9,16.15611941439917,15.472063378776758,7.01,-6.18
MKD,2016,Middle East & North Africa,North Macedonia,1092291945.48,746497552.72,2.05,4.43,58.87,0,0,46.7,32.9,39.5,38.9,20.811544028793822,20.430902897938818,2.38,2.54
MKD,2016,North Macedonia,North Macedonia,11261375.68,5727604.43,1.62,8.58,83.27,1,1,46.7,32.9,39.5,38.9,16.236889436079764,15.560808100822603,6.96,2.54
MKD,2017,Middle East & North Africa,North Macedonia,1141813217.01,951994874.61,1.78,4.4,61.56,0,0,43.8,36.7,42.4,41.9,20.855883377894408,20.674070209978545,2.62,6.96
MKD,2017,North Macedonia,North Macedonia,12629210.61,6538957.19,2.11,7.98,83.26,1,1,43.8,36.7,42.4,41.9,16.351523070367254,15.693288412578942,5.870000000000001,6.96
MKD,2018,Middle East & North Africa,North Macedonia,1165264468.72,1151111775.24,3.22,5.01,57.39,0,0,41.0,38.7,42.4,44.7,20.876213910835798,20.863994074256034,1.7899999999999996,8.21
MKD,2018,North Macedonia,North Macedonia,14696080.79,7764912.55,1.67,7.91,83.0,1,1,41.0,38.7,42.4,44.7,16.5030914713216,15.865125881212542,6.24,8.21
MKD,2019,Middle East & North Africa,North Macedonia,1126006811.87,1003292080.0,1.86,4.36,56.68,0,0,36.7,47.6,44.3,44.4,20.84194341715182,20.726552510911436,2.5,2.15
MKD,2019,North Macedonia,North Macedonia,15393570.64,7887477.87,1.67,8.68,82.8,1,1,36.7,47.6,44.3,44.4,16.54946055426336,15.880787106905672,7.01,2.15
MKD,2020,Middle East & North Africa,North Macedonia,975034134.28,740853316.79,2.37,5.16,56.94,0,0,34.8,50.9,50.5,49.3,20.697983038892854,20.42331321196493,2.79,-3.98
MKD,2020,North Macedonia,North Macedonia,12430848.88,7542490.03,1.54,8.23,81.93,1,1,34.8,50.9,50.5,49.3,16.335691834439974,15.83606306075379,6.69,-3.98
MKD,2021,Middle East & North Africa,North Macedonia,1196712297.78,1088471256.52,2.14,4.29,55.14,0,0,41.4,49.5,51.0,52.7,20.902843882736693,20.808040032704575,2.15,14.36
MKD,2021,North Macedonia,North Macedonia,17577149.89,9610934.06,1.56,7.24,82.62,1,1,41.4,49.5,51.0,52.7,16.682110371672042,16.078412076941476,5.68,14.36
MLI,1998,Mali,Mali,808565.1,318414.17,2.89,5.91,77.78,1,1,25.1,62.2,43.5,47.8,13.60301771099633,12.671111376289765,3.02,10.7
MLI,2000,Mali,Mali,1082408.37,362408.81,2.81,5.88,81.24,1,1,23.4,56.1,42.8,50.7,13.894700012490086,12.80053092232101,3.07,-7.51
MLI,2002,Mali,Mali,1169425.72,596902.12,3.42,5.73,78.15,1,1,30.7,61.9,44.8,57.2,13.972024203787104,13.299510101149279,2.3100000000000005,-3.13
MLI,2003,Mali,Mali,1317907.07,846886.86,3.8,5.41,76.96,1,1,27.0,53.3,53.2,60.2,14.091556241991334,13.64932356817476,1.6100000000000003,17.09
MLI,2004,Mali,Mali,1620328.39,578659.14,3.13,5.63,84.37,1,1,29.6,62.1,46.2,56.7,14.298140013700895,13.268470606668872,2.5,3.61
MLI,2005,Mali,Mali,1812948.99,344772.34,4.09,6.03,78.82,1,1,39.0,52.4,47.4,58.7,14.410465905241812,12.7506424945967,1.9400000000000004,6.36
MLI,2006,Mali,Mali,2065061.19,579589.71,2.54,5.6,84.91,1,1,38.5,58.9,46.4,56.3,14.540670900146546,13.270077461004833,3.0599999999999996,8.58
MLI,2007,Mali,Mali,2587928.81,509071.42,2.3,6.52,81.79,1,1,38.3,51.7,49.3,54.8,14.766368812905926,13.140345564390355,4.22,9.57
MLI,2008,Mali,Mali,2873225.36,488008.26,1.96,6.1,78.77,1,1,35.4,52.9,45.7,54.8,14.870946123580348,13.098089660065089,4.14,23.62
MLI,2011,Mali,Mali,3661911.15,1004352.02,1.6,4.73,80.21,1,1,28.4,24.2,38.5,54.9,15.11349601430568,13.819854130978072,3.1300000000000003,-15.59
MLI,2012,Mali,Mali,3581134.48,2616103.23,0.83,5.14,77.09,1,1,22.3,3.8,31.5,31.5,15.09119048127246,14.777196834037674,4.31,1.64
MLI,2017,Mali,Mali,4926205.19,1451953.96,0.47,4.14,68.2,1,1,29.0,6.2,22.9,38.4,15.410079714277485,14.188421454602024,3.67,6.19
MLI,2018,Mali,Mali,5168290.88,2913124.92,0.45,4.67,63.16,1,1,26.7,4.7,21.4,35.9,15.458052801177907,14.884737261921149,4.22,3.21
MLI,2019,Mali,Mali,5457986.66,4907070.13,0.3,5.97,62.34,1,1,26.7,3.8,20.0,33.8,15.512590719346436,15.406187810585484,5.67,4.54
MLT,1996,Malta,Malta,3113651.51,1642297.55,4.91,10.42,59.76,1,1,71.5,94.1,83.9,85.5,14.951307035554123,14.311607373417145,5.51,-2.4
MLT,1998,Malta,Malta,3590736.21,1913901.82,3.62,6.53,26.44,1,1,70.6,96.8,89.5,84.1,15.093868090357766,14.464655076456292,2.91,2.19
MLT,2000,Malta,Malta,4583327.35,2347820.69,3.58,5.1,31.99,1,1,81.9,98.4,89.6,86.6,15.337936006135426,14.668998515819867,1.5199999999999996,9.41
MLT,2002,Malta,Malta,4668033.78,2657724.41,4.06,4.47,29.72,1,1,77.2,97.9,91.0,86.6,15.35624872308919,14.792981205921048,0.41000000000000014,2.07
MLT,2003,Malta,Malta,5171967.36,3234913.76,2.86,3.89,28.98,1,1,80.4,99.5,92.5,92.0,15.4587639012991,14.989513136265506,1.0300000000000002,9.47
MLT,2004,Malta,Malta,5752234.47,3527287.87,2.71,2.8,35.72,1,1,77.8,95.6,89.4,90.4,15.565099114610488,15.07604010833105,0.08999999999999986,10.49
MLT,2005,Malta,Malta,5626278.95,3357551.16,2.35,3.92,41.59,1,1,78.0,96.6,90.9,88.9,15.542959026836607,15.026722742627435,1.5699999999999998,-3.53
MLT,2006,Malta,Malta,7365739.55,4196296.7,2.6,4.01,45.18,1,1,80.5,92.8,91.4,89.9,15.812350152722232,15.249713194503999,1.4099999999999997,6.64
MLT,2007,Malta,Malta,8590413.89,5450837.95,2.21,3.98,48.65,1,1,81.1,95.2,92.3,90.9,15.966157591979169,15.511280090572347,1.77,6.09
MLT,2008,Malta,Malta,12902790.42,7980936.11,3.73,5.09,47.92,1,1,80.6,95.2,91.8,90.9,16.37295423507043,15.892566394862182,1.3599999999999999,1.94
MLT,2009,Malta,Malta,11530680.29,4879696.59,4.17,4.43,47.65,1,1,73.7,92.9,90.5,87.7,16.260521978964462,15.40059380664686,0.2599999999999998,-11.42
MLT,2010,Malta,Malta,13602934.15,6260422.02,3.08,4.26,45.54,1,1,74.8,91.9,89.1,88.6,16.425796147273466,15.64975831587306,1.1799999999999997,19.2
MLT,2011,Malta,Malta,17478926.74,6375473.1,3.48,4.34,44.29,1,1,73.0,84.8,87.3,87.8,16.676506584204894,15.667969014871005,0.8599999999999999,13.59
MLT,2012,Malta,Malta,16884116.57,6394520.1,3.73,4.7,50.29,1,1,78.7,87.2,87.8,88.3,16.64188394925758,15.670952103560756,0.9700000000000002,3.33
MLT,2013,Malta,Malta,17921372.79,6490010.01,2.53,4.58,49.08,1,1,80.6,83.9,87.8,87.8,16.70150462496104,15.68577478513492,2.0500000000000003,-2.38
MLT,2014,Malta,Malta,19426729.75,5975522.71,2.35,4.08,51.44,1,1,78.4,90.5,86.1,89.2,16.782160549347996,15.603182302149998,1.73,5.94
MLT,2015,Malta,Malta,18355672.6,5346478.9,2.16,4.71,52.76,1,1,77.6,87.1,82.9,89.2,16.72544927268699,15.49194893970297,2.55,-10.35
MLT,2016,Malta,Malta,13564204.8,6210235.01,3.27,4.72,50.26,1,1,73.8,89.0,81.0,88.7,16.422944954628047,15.641709458018413,1.4499999999999997,2.86
MLT,2017,Malta,Malta,16242381.33,4603642.32,1.58,4.16,66.65,1,1,74.8,93.3,84.3,87.2,16.60313457713616,15.342358574059134,2.58,-2.5
MLT,2018,Malta,Malta,19026155.11,5065933.97,2.11,4.68,57.96,1,1,70.0,93.9,81.9,82.5,16.76132522780265,15.438049272903926,2.57,2.72
MLT,2019,Malta,Malta,18457620.42,4644614.32,2.85,5.11,53.2,1,1,60.0,83.0,79.0,82.6,16.7309879282495,15.351219110869538,2.2600000000000002,6.76
MLT,2020,Malta,Malta,14756868.2,4148622.46,2.47,4.94,56.04,1,1,62.9,82.1,78.1,85.0,16.507219240816145,15.238287140797924,2.47,-16.42
MLT,2021,Malta,Malta,21411733.16,5556461.28,2.13,4.46,59.95,1,1,62.9,77.8,77.1,82.6,16.879449654950374,15.530472183138832,2.33,11.57
MMR,2011,Myanmar,Myanmar,12731375.26,8496129.33,4.45,8.63,44.4,1,1,0.9,14.7,4.2,3.3,16.35958007623748,15.955121362506272,4.180000000000001,32.72
MMR,2012,Myanmar,Myanmar,15889773.26,8602675.0,9.24,11.99,50.22,1,1,13.7,18.5,6.1,5.2,16.581186331992853,15.967583875613332,2.75,-4.3
MMR,2013,Myanmar,Myanmar,19371503.38,10994957.89,5.02,7.95,45.41,1,1,16.1,14.2,9.4,8.0,16.779313697829426,16.212947442991748,2.9300000000000006,23.69
MMR,2014,Myanmar,Myanmar,23079599.53,24209688.65,1.91,7.88,75.91,1,1,20.2,11.4,8.2,9.9,16.95445969139546,17.002263509749053,5.97,16.26
MMR,2015,Myanmar,Myanmar,23281788.61,13459657.83,2.19,8.22,69.67,1,1,21.4,10.5,7.6,14.3,16.9631820511547,16.41520753490568,6.030000000000001,2.08
MMR,2016,Myanmar,Myanmar,22601988.41,11604464.61,4.53,9.35,64.0,1,1,31.4,18.6,18.6,24.1,16.933548487359516,16.266900548375357,4.819999999999999,-3.67
MMR,2017,Myanmar,Myanmar,23884140.37,13356708.18,6.6,11.66,69.1,1,1,32.4,13.3,16.7,23.6,16.988725255656792,16.407529376869025,5.0600000000000005,10.76
MMR,2018,Myanmar,Myanmar,26246879.44,16647942.23,5.1,11.68,66.86,1,1,30.0,11.3,15.7,23.3,17.083057699558875,16.62779723703057,6.58,0.26
MMR,2019,Myanmar,Myanmar,27595532.25,19605652.81,4.5,12.09,67.14,1,1,30.0,10.8,13.8,23.2,17.133164478821957,16.791328542298125,7.59,-1.94
MMR,2020,Myanmar,Myanmar,26749965.59,19487639.33,5.18,11.66,67.31,1,1,27.1,10.4,11.0,22.2,17.102043782333546,16.78529099334854,6.48,-1.75
MMR,2021,Myanmar,Myanmar,23714433.0,21028569.88,4.67,10.16,67.73,1,1,15.7,4.7,5.7,4.8,16.981594450258,16.86139258911678,5.49,-10.71
MNE,1998,"Serbia, FR(Serbia/Montenegro)",Montenegro,3553872.86,2089155.23,9.92,13.02,15.92,1,1,69.0,,26.0,32.8,15.083548794663937,14.552270824721711,3.0999999999999996,0.52
MNE,2000,"Serbia, FR(Serbia/Montenegro)",Montenegro,6338964.09,1448034.34,7.82,12.02,18.43,1,1,51.6,,61.2,32.3,15.66222607807335,14.185718257707324,4.199999999999999,6.12
MNE,2002,"Serbia, FR(Serbia/Montenegro)",Montenegro,9346669.35,1942303.67,5.93,13.64,54.54,1,1,51.9,,59.2,49.3,16.050530725542362,14.479385800183291,7.710000000000001,14.31
MNE,2007,Montenegro,Montenegro,3603499.67,646165.35,0.58,5.23,85.68,1,1,42.7,47.3,48.8,55.3,15.097416339276961,13.37881225735525,4.65,24.78
MNE,2007,Montenegro,Montenegro,3603499.67,646165.35,0.58,5.23,85.68,1,1,42.7,47.3,48.8,55.3,15.097416339276961,13.37881225735525,4.65,18.68
MNE,2007,"Serbia, FR(Serbia/Montenegro)",Montenegro,28159699.21,8571844.15,7.35,9.87,24.66,1,1,42.7,47.3,48.8,55.3,17.153402443245742,15.963993570783412,2.5199999999999996,24.78
MNE,2007,"Serbia, FR(Serbia/Montenegro)",Montenegro,28159699.21,8571844.15,7.35,9.87,24.66,1,1,42.7,47.3,48.8,55.3,17.153402443245742,15.963993570783412,2.5199999999999996,18.68
MNE,2008,Montenegro,Montenegro,5251359.92,660357.59,0.32,5.0,87.71,1,1,50.0,72.1,52.9,55.8,15.473997823832509,13.400538284640543,4.68,14.07
MNE,2008,Montenegro,Montenegro,5251359.92,660357.59,0.32,5.0,87.71,1,1,50.0,72.1,52.9,55.8,15.473997823832509,13.400538284640543,4.68,11.34
MNE,2008,"Serbia, FR(Serbia/Montenegro)",Montenegro,35488655.37,10589498.52,6.6,9.34,26.06,1,1,50.0,72.1,52.9,55.8,17.38472366450898,16.175373456781873,2.74,14.07
MNE,2008,"Serbia, FR(Serbia/Montenegro)",Montenegro,35488655.37,10589498.52,6.6,9.34,26.06,1,1,50.0,72.1,52.9,55.8,17.38472366450898,16.175373456781873,2.74,11.34
MNE,2009,Montenegro,Montenegro,3277597.49,486482.55,0.44,4.95,84.9,1,1,51.2,74.4,54.5,55.9,15.002621544511738,13.094958367086885,4.51,-21.26
MNE,2009,Montenegro,Montenegro,3277597.49,486482.55,0.44,4.95,84.9,1,1,51.2,74.4,54.5,55.9,15.002621544511738,13.094958367086885,4.51,-16.47
MNE,2009,"Serbia, FR(Serbia/Montenegro)",Montenegro,24475747.67,7754778.41,7.24,10.23,25.56,1,1,51.2,74.4,54.5,55.9,17.013193335085635,15.863819909313937,2.99,-21.26
MNE,2009,"Serbia, FR(Serbia/Montenegro)",Montenegro,24475747.67,7754778.41,7.24,10.23,25.56,1,1,51.2,74.4,54.5,55.9,17.013193335085635,15.863819909313937,2.99,-16.47
MNE,2010,Montenegro,Montenegro,3234748.23,467067.75,0.42,4.86,74.36,1,1,50.0,65.4,52.6,55.5,14.989461965138137,13.054231742089872,4.44,-2.88
MNE,2010,Montenegro,Montenegro,3234748.23,467067.75,0.42,4.86,74.36,1,1,50.0,65.4,52.6,55.5,14.989461965138137,13.054231742089872,4.44,2.12
MNE,2010,"Serbia, FR(Serbia/Montenegro)",Montenegro,25738822.62,9353204.19,7.2,9.6,24.94,1,1,50.0,65.4,52.6,55.5,17.063511056679165,16.051229643591526,2.3999999999999995,-2.88
MNE,2010,"Serbia, FR(Serbia/Montenegro)",Montenegro,25738822.62,9353204.19,7.2,9.6,24.94,1,1,50.0,65.4,52.6,55.5,17.063511056679165,16.051229643591526,2.3999999999999995,2.12
MNE,2011,Montenegro,Montenegro,3633133.89,532168.35,0.26,4.85,73.73,1,1,52.6,64.0,53.1,55.4,15.105606439608483,13.18471704473614,4.59,7.98
MNE,2011,Montenegro,Montenegro,3633133.89,532168.35,0.26,4.85,73.73,1,1,52.6,64.0,53.1,55.4,15.105606439608483,13.18471704473614,4.59,8.94
MNE,2011,"Serbia, FR(Serbia/Montenegro)",Montenegro,31327844.04,11676365.73,7.91,9.51,24.48,1,1,52.6,64.0,53.1,55.4,17.260017877926288,16.273077419335795,1.5999999999999996,7.98
MNE,2011,"Serbia, FR(Serbia/Montenegro)",Montenegro,31327844.04,11676365.73,7.91,9.51,24.48,1,1,52.6,64.0,53.1,55.4,17.260017877926288,16.273077419335795,1.5999999999999996,8.94
MNE,2012,Montenegro,Montenegro,3609192.27,631295.71,0.16,4.87,75.79,1,1,54.5,64.9,54.0,56.8,15.09899483442159,13.355531252873739,4.71,-4.17
MNE,2012,Montenegro,Montenegro,3609192.27,631295.71,0.16,4.87,75.79,1,1,54.5,64.9,54.0,56.8,15.09899483442159,13.355531252873739,4.71,-2.39
MNE,2012,"Serbia, FR(Serbia/Montenegro)",Montenegro,29923760.63,11320181.11,7.67,10.1,24.86,1,1,54.5,64.9,54.0,56.8,17.214163426095894,16.24209771806574,2.4299999999999997,-4.17
MNE,2012,"Serbia, FR(Serbia/Montenegro)",Montenegro,29923760.63,11320181.11,7.67,10.1,24.86,1,1,54.5,64.9,54.0,56.8,17.214163426095894,16.24209771806574,2.4299999999999997,-2.39
MNE,2013,Montenegro,Montenegro,3714979.57,568745.4,0.81,7.69,70.41,1,1,48.3,64.5,54.0,56.3,15.12788400597227,13.251189919556936,6.880000000000001,0.27
MNE,2013,Montenegro,Montenegro,3714979.57,568745.4,0.81,7.69,70.41,1,1,48.3,64.5,54.0,56.3,15.12788400597227,13.251189919556936,6.880000000000001,4.21
MNE,2013,"Serbia, FR(Serbia/Montenegro)",Montenegro,32068965.28,14404488.71,7.02,10.44,25.0,1,1,48.3,64.5,54.0,56.3,17.283399337910048,16.483050501367924,3.42,0.27
MNE,2013,"Serbia, FR(Serbia/Montenegro)",Montenegro,32068965.28,14404488.71,7.02,10.44,25.0,1,1,48.3,64.5,54.0,56.3,17.283399337910048,16.483050501367924,3.42,4.21
MNE,2014,Montenegro,Montenegro,3980738.15,614533.03,2.68,8.53,79.32,1,1,54.8,54.8,58.2,53.2,15.196978076097926,13.328619584811289,5.85,0.38
MNE,2014,Montenegro,Montenegro,3980738.15,614533.03,2.68,8.53,79.32,1,1,54.8,54.8,58.2,53.2,15.196978076097926,13.328619584811289,5.85,0.14
MNE,2014,"Serbia, FR(Serbia/Montenegro)",Montenegro,33099486.98,15239751.93,7.63,9.67,23.13,1,1,54.8,54.8,58.2,53.2,17.31502837134547,16.5394178961491,2.04,0.38
MNE,2014,"Serbia, FR(Serbia/Montenegro)",Montenegro,33099486.98,15239751.93,7.63,9.67,23.13,1,1,54.8,54.8,58.2,53.2,17.31502837134547,16.5394178961491,2.04,0.14
MNE,2015,Montenegro,Montenegro,3131548.02,385077.32,0.43,7.71,81.62,1,1,52.9,52.9,56.2,50.7,14.957038334665096,12.861202021152563,7.28,-6.93
MNE,2015,Montenegro,Montenegro,3131548.02,385077.32,0.43,7.71,81.62,1,1,52.9,52.9,56.2,50.7,14.957038334665096,12.861202021152563,7.28,-6.0
MNE,2015,"Serbia, FR(Serbia/Montenegro)",Montenegro,29655296.55,13957426.98,7.6,10.93,28.35,1,1,52.9,52.9,56.2,50.7,17.205151336925752,16.45152239620349,3.33,-6.93
MNE,2015,"Serbia, FR(Serbia/Montenegro)",Montenegro,29655296.55,13957426.98,7.6,10.93,28.35,1,1,52.9,52.9,56.2,50.7,17.205151336925752,16.45152239620349,3.33,-6.0
MNE,2016,Montenegro,Montenegro,3494623.55,420141.86,1.0,7.18,80.98,1,1,54.8,55.7,50.0,49.3,15.066736502986876,12.948350075281226,6.18,5.51
MNE,2016,Montenegro,Montenegro,3494623.55,420141.86,1.0,7.18,80.98,1,1,54.8,55.7,50.0,49.3,15.066736502986876,12.948350075281226,6.18,2.76
MNE,2016,"Serbia, FR(Serbia/Montenegro)",Montenegro,31469305.57,15253239.7,7.4,10.56,28.96,1,1,54.8,55.7,50.0,49.3,17.26452323416166,16.540302543359754,3.16,5.51
MNE,2016,"Serbia, FR(Serbia/Montenegro)",Montenegro,31469305.57,15253239.7,7.4,10.56,28.96,1,1,54.8,55.7,50.0,49.3,17.26452323416166,16.540302543359754,3.16,2.76
MNE,2017,Montenegro,Montenegro,3816198.61,576448.07,1.61,7.34,83.63,1,1,53.8,42.9,51.4,50.7,15.154765618882472,13.264642271336873,5.7299999999999995,6.94
MNE,2017,Montenegro,Montenegro,3816198.61,576448.07,1.61,7.34,83.63,1,1,53.8,42.9,51.4,50.7,15.154765618882472,13.264642271336873,5.7299999999999995,7.31
MNE,2017,"Serbia, FR(Serbia/Montenegro)",Montenegro,36497025.02,17922460.82,11.66,12.02,22.09,1,1,53.8,42.9,51.4,50.7,17.412741336329024,16.70156533442373,0.35999999999999943,6.94
MNE,2017,"Serbia, FR(Serbia/Montenegro)",Montenegro,36497025.02,17922460.82,11.66,12.02,22.09,1,1,53.8,42.9,51.4,50.7,17.412741336329024,16.70156533442373,0.35999999999999943,7.31
MNE,2018,Montenegro,Montenegro,4564836.6,460069.25,0.63,7.75,79.64,1,1,56.2,49.5,54.3,49.5,15.333893496351017,13.039134474196468,7.12,7.25
MNE,2018,Montenegro,Montenegro,4564836.6,460069.25,0.63,7.75,79.64,1,1,56.2,49.5,54.3,49.5,15.333893496351017,13.039134474196468,7.12,8.11
MNE,2018,"Serbia, FR(Serbia/Montenegro)",Montenegro,42931787.57,19702988.28,11.82,12.84,21.73,1,1,56.2,49.5,54.3,49.5,17.575123101806682,16.796280922298376,1.0199999999999996,7.25
MNE,2018,"Serbia, FR(Serbia/Montenegro)",Montenegro,42931787.57,19702988.28,11.82,12.84,21.73,1,1,56.2,49.5,54.3,49.5,17.575123101806682,16.796280922298376,1.0199999999999996,8.11
MNE,2019,Montenegro,Montenegro,4449827.56,436806.87,0.77,10.27,80.12,1,1,54.8,50.0,52.9,47.3,15.308376127557587,12.987248720649788,9.5,-1.58
MNE,2019,Montenegro,Montenegro,4449827.56,436806.87,0.77,10.27,80.12,1,1,54.8,50.0,52.9,47.3,15.308376127557587,12.987248720649788,9.5,1.62
MNE,2019,"Serbia, FR(Serbia/Montenegro)",Montenegro,43674875.12,20014184.08,8.49,14.7,81.37,1,1,54.8,50.0,52.9,47.3,17.592283577575106,16.81195183411651,6.209999999999999,-1.58
MNE,2019,"Serbia, FR(Serbia/Montenegro)",Montenegro,43674875.12,20014184.08,8.49,14.7,81.37,1,1,54.8,50.0,52.9,47.3,17.592283577575106,16.81195183411651,6.209999999999999,1.62
MNE,2020,Montenegro,Montenegro,3560841.65,458478.65,1.49,6.38,75.16,1,1,54.3,46.2,52.9,47.8,15.085507774257522,13.03567118583325,4.89,-9.27
MNE,2020,Montenegro,Montenegro,3560841.65,458478.65,1.49,6.38,75.16,1,1,54.3,46.2,52.9,47.8,15.085507774257522,13.03567118583325,4.89,-0.94
MNE,2020,"Serbia, FR(Serbia/Montenegro)",Montenegro,42487854.96,19898835.9,6.78,9.8,21.98,1,1,54.3,46.2,52.9,47.8,17.56472885094494,16.806171840750434,3.0200000000000005,-9.27
MNE,2020,"Serbia, FR(Serbia/Montenegro)",Montenegro,42487854.96,19898835.9,6.78,9.8,21.98,1,1,54.3,46.2,52.9,47.8,17.56472885094494,16.806171840750434,3.0200000000000005,-0.94
MNE,2021,Montenegro,Montenegro,4596217.25,727784.91,0.91,5.07,80.55,1,1,52.9,46.2,51.4,53.6,15.340744403768483,13.497762204258587,4.16,10.92
MNE,2021,Montenegro,Montenegro,4596217.25,727784.91,0.91,5.07,80.55,1,1,52.9,46.2,51.4,53.6,15.340744403768483,13.497762204258587,4.16,13.51
MNE,2021,"Serbia, FR(Serbia/Montenegro)",Montenegro,56388198.18,26382054.99,7.08,9.33,22.57,1,1,52.9,46.2,51.4,53.6,17.847770460178552,17.08819463966909,2.25,10.92
MNE,2021,"Serbia, FR(Serbia/Montenegro)",Montenegro,56388198.18,26382054.99,7.08,9.33,22.57,1,1,52.9,46.2,51.4,53.6,17.847770460178552,17.08819463966909,2.25,13.51
MNG,1998,Mongolia,Mongolia,487597.38,385375.75,3.82,8.04,21.56,1,1,58.8,59.6,59.5,65.2,13.097247354188328,12.861976706209603,4.219999999999999,2.22
MNG,2000,Mongolia,Mongolia,605191.02,510090.35,5.51,9.71,29.19,1,1,46.3,75.7,51.7,59.7,13.313301075085677,13.142345106307916,4.200000000000001,9.74
MNG,2004,Mongolia,Mongolia,1176132.96,967729.12,5.39,8.67,43.48,1,1,47.8,73.8,57.7,57.2,13.977743312517905,13.782708525733415,3.2800000000000002,12.91
MNG,2005,Mongolia,Mongolia,1343272.62,1073571.26,2.92,6.95,63.1,1,1,33.7,75.2,45.9,54.3,14.110620192653851,13.886502206564696,4.03,7.61
MNG,2006,Mongolia,Mongolia,1616041.27,1667859.59,1.37,5.24,70.05,1,1,33.7,65.7,45.9,54.8,14.295490674899302,14.327052279271207,3.87,12.08
MNG,2007,Mongolia,Mongolia,2317366.68,1971745.58,2.96,4.68,62.24,1,1,32.0,69.6,45.5,57.2,14.655942478783478,14.494430296758923,1.7199999999999998,19.37
MNG,2014,Mongolia,Mongolia,5802727.83,5789674.1,0.8,2.89,29.28,1,1,38.5,73.3,43.3,56.7,15.573838852802938,15.571586733985091,2.09,-10.16
MNG,2015,Mongolia,Mongolia,4264179.9,4542068.37,0.88,3.53,63.52,1,1,37.1,68.6,41.9,56.2,15.265760668881,15.328893274538494,2.65,-13.98
MNG,2016,Mongolia,Mongolia,3667486.24,4654576.93,0.87,3.5,63.49,1,1,36.2,72.4,45.7,56.7,15.11501730978395,15.353361794335463,2.63,-6.21
MNG,2017,Mongolia,Mongolia,4809094.03,6186172.68,0.75,4.46,66.94,1,1,41.0,73.8,41.9,56.2,15.386019480929601,15.637827308134344,3.71,13.96
MNG,2018,Mongolia,Mongolia,5759213.44,7417450.43,1.24,3.48,62.56,1,1,39.5,73.6,43.8,56.3,15.566311641426767,15.819346083097363,2.24,16.38
MNG,2019,Mongolia,Mongolia,6256325.24,7270617.78,2.01,3.7,70.76,1,1,37.1,67.9,45.2,57.5,15.649103708185201,15.799351960055509,1.6900000000000004,2.13
MNG,2020,Mongolia,Mongolia,5175689.37,6241441.7,1.11,3.76,65.19,1,1,34.3,71.2,44.3,58.5,15.459483293048992,15.64672191554564,2.6499999999999995,-7.01
MNG,2021,Mongolia,Mongolia,6894926.71,8292901.88,1.0,3.32,64.51,1,1,33.3,68.4,44.8,57.5,15.746296584745584,15.93091063228313,2.32,13.65
MOZ,1996,Mozambique,Mozambique,945789.94,227768.2,7.64,15.83,49.14,1,1,40.9,46.3,23.6,40.5,13.759776829953813,12.336088114532686,8.190000000000001,3.76
MOZ,2002,Mozambique,Mozambique,2000200.39,1126500.71,2.08,7.46,79.22,1,1,38.6,51.3,30.3,42.8,14.508758428454819,13.934627556829316,5.38,20.47
MOZ,2003,Mozambique,Mozambique,1937353.89,1093528.37,3.29,7.44,76.03,1,1,32.8,52.3,28.9,46.3,14.47683414192096,13.904920977448834,4.15,6.59
MOZ,2004,Mozambique,Mozambique,2437060.42,1675678.53,1.85,6.26,89.22,1,1,30.5,44.7,31.3,47.6,14.706303535408338,14.331729330523785,4.41,7.73
MOZ,2005,Mozambique,Mozambique,2772468.74,2114118.16,2.17,6.94,83.81,1,1,37.1,51.0,32.5,51.9,14.835249083809856,14.564148810900388,4.7700000000000005,8.79
MOZ,2006,Mozambique,Mozambique,3081444.09,2602516.51,3.87,6.6,84.27,1,1,32.2,61.8,31.6,44.7,14.940909229981795,14.77198980759464,2.7299999999999995,9.16
MOZ,2007,Mozambique,Mozambique,4065538.95,3183663.82,3.71,6.69,79.6,1,1,36.9,55.6,33.5,45.7,15.218057121171343,14.973543550304623,2.9800000000000004,3.1
MOZ,2008,Mozambique,Mozambique,4789312.6,2830582.63,3.21,7.05,82.39,1,1,37.9,57.2,33.2,45.2,15.38189766058026,14.85599347803898,3.84,14.64
MOZ,2009,Mozambique,Mozambique,5049029.58,2511326.57,2.01,6.51,78.55,1,1,40.7,68.7,33.2,44.5,15.43470681846759,14.736322083633727,4.5,-3.09
MOZ,2010,Mozambique,Mozambique,5996990.63,3015096.7,1.43,5.24,77.71,1,1,41.0,58.3,37.0,43.6,15.606768506451823,14.919142792261853,3.8100000000000005,-2.69
MOZ,2011,Mozambique,Mozambique,8059941.92,3803651.84,1.61,5.84,85.44,1,1,38.4,58.3,32.9,41.3,15.902417032571877,15.151472436653151,4.2299999999999995,33.01
MOZ,2012,Mozambique,Mozambique,8794392.27,4585835.7,1.35,6.92,82.84,1,1,34.6,59.2,33.3,42.7,15.989624947986787,15.338483133392684,5.57,-1.02
MOZ,2013,Mozambique,Mozambique,11288565.83,5219372.39,1.02,6.88,85.02,1,1,34.1,38.4,23.5,39.4,16.2393009865269,15.467887912423532,5.859999999999999,27.86
MOZ,2014,Mozambique,Mozambique,13381967.25,6067263.72,0.74,5.83,86.7,1,1,29.3,32.4,22.1,39.4,16.409418705732037,15.618418438739983,5.09,-6.96
MOZ,2015,Mozambique,Mozambique,10680852.61,4360078.14,1.03,7.03,88.93,1,1,24.8,27.6,20.5,37.9,16.18396331433237,15.288000766536628,6.0,-4.9
MOZ,2016,Mozambique,Mozambique,8126710.27,4335526.32,3.98,7.21,92.05,1,1,17.1,12.9,12.9,34.0,15.910666881849403,15.282353803244149,3.23,-18.17
MOZ,2017,Mozambique,Mozambique,9241505.25,6024906.56,1.68,6.76,91.7,1,1,19.0,16.2,15.2,34.0,16.03921544440178,15.611412694484702,5.08,3.77
MOZ,2018,Mozambique,Mozambique,10757679.9,6849659.78,1.09,5.92,84.92,1,1,23.8,18.4,14.3,32.5,16.19113055972826,15.73970968784431,4.83,9.09
MOZ,2019,Mozambique,Mozambique,13159658.14,6074866.15,1.33,6.88,89.56,1,1,21.9,19.8,14.3,30.9,16.3926665823102,15.619670678639014,5.55,6.1
MOZ,2020,Mozambique,Mozambique,11756111.68,4892968.62,1.71,8.18,84.97,1,1,24.8,10.8,14.8,30.9,16.27988389136783,15.40330996138217,6.47,-8.2
MOZ,2021,Mozambique,Mozambique,18276924.4,7398246.96,1.74,6.24,80.17,1,1,22.4,11.3,15.7,31.4,16.721149915095594,15.81675376797965,4.5,15.73
MRT,2002,Mauritania,Mauritania,1147550.67,586935.05,3.11,8.54,77.93,1,1,52.9,60.3,38.3,25.9,13.953141248225533,13.282671149093487,5.43,-2.53
MRT,2003,Mauritania,Mauritania,1312936.24,604789.55,2.59,8.92,81.38,1,1,57.7,44.2,31.8,26.4,14.087777353208788,13.312637478725389,6.33,4.27
MRT,2004,Mauritania,Mauritania,1406629.34,837904.68,1.97,7.33,82.18,1,1,42.4,38.8,26.9,17.8,14.156707572366074,13.638660819430292,5.36,86.22
MRT,2005,Mauritania,Mauritania,1713112.12,978936.94,1.95,7.4,82.62,1,1,36.6,39.3,29.2,22.6,14.353822811319775,13.794223528287812,5.45,0.08
MRT,2006,Mauritania,Mauritania,1741632.7,1741665.79,0.82,5.66,83.31,1,1,25.9,53.6,25.4,25.5,14.370334138738233,14.370353137960434,4.84,-10.57
MRT,2007,Mauritania,Mauritania,2289543.99,1857441.06,0.88,5.54,83.96,1,1,34.0,35.3,28.2,29.3,14.643863661464946,14.434710862624568,4.66,15.44
MRT,2008,Mauritania,Mauritania,2902113.87,2698993.13,1.15,4.86,78.48,1,1,23.3,24.5,10.6,21.6,14.880950294689058,14.80838971711819,3.7100000000000004,7.0
MRT,2009,Mauritania,Mauritania,2705567.59,2101296.08,1.2,5.6,75.88,1,1,31.6,19.9,23.7,21.8,14.810822647804185,14.558065369164844,4.3999999999999995,-9.64
MRT,2010,Mauritania,Mauritania,3168156.36,2446226.34,1.38,5.27,61.33,1,1,25.7,14.2,20.9,22.7,14.968660702400026,14.710057534491625,3.8899999999999997,13.01
MRT,2011,Mauritania,Mauritania,4308510.97,3547605.05,1.09,5.32,75.99,1,1,29.4,13.7,18.8,21.6,15.276103151887181,15.081783581861263,4.23,19.84
MRT,2012,Mauritania,Mauritania,4998911.61,3298597.85,1.48,6.34,78.99,1,1,23.7,15.2,17.8,21.6,15.424730968746605,15.009008345363375,4.859999999999999,10.05
MRT,2013,Mauritania,Mauritania,5177223.59,3386363.89,1.97,6.82,78.51,1,1,21.8,17.5,15.5,21.1,15.459779677210777,15.035267600192745,4.8500000000000005,15.73
MRT,2014,Mauritania,Mauritania,4967050.46,3242057.5,1.78,4.94,64.36,1,1,16.8,25.7,19.2,22.2,15.418336954414317,14.991719025531985,3.16,-4.33
MRT,2015,Mauritania,Mauritania,3443237.41,2268480.85,1.6,6.06,64.94,1,1,18.1,23.3,18.1,23.6,15.051922984767959,14.634621377172508,4.459999999999999,0.84
MRT,2016,Mauritania,Mauritania,3364678.93,2344849.56,2.41,6.57,61.61,1,1,25.2,20.5,25.2,24.6,15.028843399152175,14.667732230752968,4.16,-23.39
MRT,2017,Mauritania,Mauritania,3756650.09,2738580.31,0.72,4.72,68.49,1,1,23.8,24.8,30.0,24.1,15.139038450932864,14.822950574202048,4.0,27.29
MRT,2018,Mauritania,Mauritania,3944521.1,3003730.42,0.8,4.58,61.33,1,1,23.3,24.5,25.7,23.8,15.187838364239575,14.915365880412352,3.7800000000000002,-4.94
MRT,2019,Mauritania,Mauritania,4161358.62,3232651.05,0.98,5.19,57.03,1,1,22.4,25.0,28.6,24.6,15.241352410570359,14.988813426418266,4.210000000000001,5.16
MRT,2020,Mauritania,Mauritania,3702025.26,3323660.29,0.94,5.09,55.31,1,1,23.3,21.7,30.0,25.1,15.124390865553414,15.016577531450206,4.15,-11.7
MRT,2021,Mauritania,Mauritania,4587551.47,3910413.25,0.79,4.3,53.85,1,1,21.9,26.4,25.2,28.5,15.338857208881732,15.179153872641196,3.51,18.61
MUS,1996,Mauritius,Mauritius,1754064.14,1620258.95,17.02,20.66,64.8,1,1,58.1,86.2,78.9,73.5,14.37744658919502,14.298097157298725,3.6400000000000006,6.69
MUS,1998,Mauritius,Mauritius,1683111.73,1713120.58,15.53,20.53,63.9,1,1,61.0,81.4,83.5,77.6,14.336155452510287,14.353827749685498,5.000000000000002,-1.09
MUS,2000,Mauritius,Mauritius,2636165.62,1694948.01,8.16,22.45,69.39,1,1,61.7,73.5,81.1,76.6,14.784836382015099,14.343163215748326,14.29,-4.34
MUS,2002,Mauritius,Mauritius,2469094.58,1743428.27,13.77,23.38,71.2,1,1,66.7,86.8,82.6,71.1,14.719362479607186,14.371364576451603,9.61,4.27
MUS,2003,Mauritius,Mauritius,3139486.45,1884470.67,19.07,21.99,67.35,1,1,61.4,82.4,81.1,72.6,14.959570112076488,14.449158058411031,2.919999999999998,4.97
MUS,2004,Mauritius,Mauritius,3299753.07,1990772.17,21.74,23.37,74.08,1,1,59.1,80.1,77.9,75.5,15.009358499417214,14.504033648881547,1.6300000000000026,7.81
MUS,2005,Mauritius,Mauritius,3636570.38,2023536.42,19.52,22.7,71.55,1,1,61.0,81.6,80.9,73.1,15.106551867148012,14.520357735837718,3.1799999999999997,6.67
MUS,2006,Mauritius,Mauritius,4162833.92,2078517.88,25.25,21.94,76.42,1,1,63.9,70.5,73.2,75.0,15.241706871295264,14.547166121107233,-3.3099999999999987,7.37
MUS,2007,Mauritius,Mauritius,4768657.2,2296166.19,15.24,20.92,71.39,1,1,69.4,78.3,76.1,73.6,15.37757552350196,14.646751851714747,5.6800000000000015,3.47
MUS,2008,Mauritius,Mauritius,5268118.62,2427304.03,13.77,18.91,70.82,1,1,70.4,76.9,81.3,73.1,15.477184048497154,14.702292158723253,5.140000000000001,9.41
MUS,2009,Mauritius,Mauritius,4114710.73,2228465.75,11.98,18.37,72.93,1,1,70.8,71.1,77.7,70.6,15.230079336176507,14.616824350907427,6.390000000000001,-10.69
MUS,2010,Mauritius,Mauritius,4735386.54,2299132.34,5.3,16.32,71.64,1,1,71.4,67.3,78.2,71.1,15.370574127082062,14.64804280119349,11.02,8.71
MUS,2011,Mauritius,Mauritius,6900790.37,2590563.66,4.88,17.12,72.66,1,1,70.6,76.3,77.0,71.8,15.74714665429529,14.767386425357822,12.240000000000002,8.25
MUS,2012,Mauritius,Mauritius,5237022.1,2542325.85,4.33,16.45,75.34,1,1,64.9,79.6,81.7,74.2,15.47126378417418,14.748590302324233,12.12,5.78
MUS,2013,Mauritius,Mauritius,5538312.81,2927244.54,4.74,17.39,74.9,1,1,63.5,78.2,79.8,75.1,15.527200645968612,14.889572450095496,12.65,-3.32
MUS,2014,Mauritius,Mauritius,6332605.02,2844726.19,4.08,16.39,77.59,1,1,64.9,68.1,79.3,73.9,15.661222402920739,14.860977729907821,12.31,1.94
MUS,2015,Mauritius,Mauritius,5160933.34,3148739.81,3.99,15.4,73.93,1,1,61.4,83.8,77.6,72.9,15.456628194709303,14.962513188026199,11.41,-10.83
MUS,2016,Mauritius,Mauritius,5017624.34,2666473.31,3.6,14.59,77.65,1,1,59.5,86.7,74.3,72.9,15.428467339908632,14.796267674624236,10.99,2.18
MUS,2017,Mauritius,Mauritius,5940020.84,2568104.89,3.62,15.39,79.9,1,1,60.0,80.0,74.8,73.4,15.597223368099744,14.758679177365549,11.77,6.4
MUS,2018,Mauritius,Mauritius,6197066.07,2824206.87,3.52,15.47,81.08,1,1,60.0,76.9,74.8,71.4,15.639586684864536,14.853738483243248,11.950000000000001,3.72
MUS,2019,Mauritius,Mauritius,6459317.04,2589417.63,4.86,16.87,80.11,1,1,60.5,75.0,73.8,71.5,15.681034303622775,14.766943941297724,12.010000000000002,-0.6
MUS,2020,Mauritius,Mauritius,4395399.24,2000995.59,3.24,14.37,79.1,1,1,65.2,75.5,78.6,70.5,15.296069152076784,14.509155909416492,11.129999999999999,-13.16
MUS,2021,Mauritius,Mauritius,5342370.67,2312994.75,4.52,15.44,79.74,1,1,65.2,74.5,77.6,67.1,15.491180245297329,14.654054103771335,10.92,10.39
MWI,2000,Malawi,Malawi,509024.32,477242.1,11.82,19.28,58.9,1,1,48.9,34.4,34.3,46.8,13.140253038892688,13.075781283652153,7.460000000000001,-9.2
MWI,2002,Malawi,Malawi,647517.72,485396.53,14.25,18.68,54.94,1,1,14.8,47.1,39.3,30.8,13.38090298333482,13.092723483674957,4.43,12.96
MWI,2003,Malawi,Malawi,618156.88,563989.43,21.96,23.37,70.07,1,1,26.5,42.7,46.8,36.8,13.334499173068776,13.242792562251129,1.4100000000000001,6.25
MWI,2004,Malawi,Malawi,873877.47,529361.36,19.65,22.25,70.29,1,1,25.1,49.0,48.1,32.2,13.680696594626028,13.179428466889695,2.6000000000000014,8.22
MWI,2005,Malawi,Malawi,769164.98,664950.21,14.24,20.76,74.33,1,1,27.3,49.5,49.3,31.7,13.553062063949573,13.407468948525343,6.520000000000001,12.75
MWI,2006,Malawi,Malawi,869640.4,583273.52,21.69,21.79,71.74,1,1,36.1,49.3,48.8,38.5,13.675836221751583,13.276413229291478,0.09999999999999787,4.44
MWI,2007,Malawi,Malawi,982550.84,911109.74,10.99,20.01,77.31,1,1,35.9,45.4,50.2,37.5,13.797908384692395,13.722419727581105,9.020000000000001,3.61
MWI,2008,Malawi,Malawi,1446731.86,803779.97,9.92,18.98,75.94,1,1,38.3,42.3,52.4,39.9,14.184818372122082,13.597082085673437,9.06,21.25
MWI,2009,Malawi,Malawi,1365221.01,971799.07,7.59,17.96,80.63,1,1,41.1,46.4,50.7,43.1,14.126827618064628,13.786905372985219,10.370000000000001,1.7
MWI,2010,Malawi,Malawi,1403924.88,1060100.36,7.18,15.91,70.32,1,1,38.6,47.9,50.7,40.8,14.154783070151552,13.873875084158206,8.73,1.47
MWI,2011,Malawi,Malawi,1460200.92,1166858.71,5.88,13.17,77.03,1,1,41.2,42.7,50.7,39.4,14.194085285491628,13.969826689817877,7.29,5.9
MWI,2012,Malawi,Malawi,1831179.27,1097952.0,6.95,22.09,82.22,1,1,38.9,44.5,48.8,42.3,14.420471273206836,13.908958095035265,15.14,6.02
MWI,2013,Malawi,Malawi,2132750.05,1019419.1,6.84,22.85,84.77,1,1,32.7,38.9,50.2,42.7,14.572923277092938,13.834744494174561,16.01,1.96
MWI,2014,Malawi,Malawi,1679492.85,984151.33,3.94,12.91,78.03,1,1,25.0,50.0,45.2,46.8,14.334003026223671,13.799535970963605,8.97,-1.48
MWI,2015,Malawi,Malawi,1468975.07,942193.92,5.7,22.73,79.99,1,1,23.8,48.1,43.8,47.3,14.200076165030138,13.755967453596947,17.03,-9.2
MWI,2016,Malawi,Malawi,1456022.11,911721.5,11.59,24.31,73.45,1,1,23.8,41.9,37.1,45.8,14.191219379865553,13.723090946439248,12.719999999999999,-0.35
MWI,2017,Malawi,Malawi,1744207.06,777953.42,7.86,34.01,78.07,1,1,27.6,37.1,39.0,44.8,14.371811176794044,13.564423215326043,26.15,6.39
MWI,2018,Malawi,Malawi,1709159.53,858007.68,5.8,28.81,72.73,1,1,24.8,30.7,37.6,41.3,14.351512889810431,13.662369494969044,23.009999999999998,2.62
MWI,2019,Malawi,Malawi,1707839.66,922217.53,6.41,26.64,73.06,1,1,25.2,35.8,41.9,41.5,14.350740358580705,13.734537491808133,20.23,3.76
MWI,2020,Malawi,Malawi,1510049.61,782390.85,7.0,37.76,76.1,1,1,40.0,43.9,43.8,46.4,14.22765372478573,13.570110980981823,30.759999999999998,-3.77
MWI,2021,Malawi,Malawi,1780692.79,996042.85,6.69,25.05,71.06,1,1,44.3,43.9,45.2,49.3,14.392513615990726,13.811546561702032,18.36,7.12
MYS,1996,Europe & Central Asia,Malaysia,2130671440.06,2134787540.94,9.26,11.79,30.04,0,0,66.1,66.5,63.8,44.5,21.479702997537636,21.481632966703458,2.5299999999999994,0.56
MYS,1996,Malaysia,Malaysia,71746689.02,84513540.31,7.97,11.1,35.05,1,1,66.1,66.5,63.8,44.5,18.08865227941445,18.25242233167774,3.13,0.56
MYS,1998,Europe & Central Asia,Malaysia,2277984542.13,2246566657.39,8.66,11.79,34.6,0,0,65.8,43.6,60.5,35.8,21.546556916667434,21.532668958142004,3.129999999999999,-14.19
MYS,1998,Malaysia,Malaysia,57283129.6,83315044.34,6.89,8.71,34.29,1,1,65.8,43.6,60.5,35.8,17.86351673345278,18.238139707154435,1.8200000000000012,-14.19
MYS,2000,Europe & Central Asia,Malaysia,2822723464.03,2608251430.51,7.99,9.53,36.02,0,0,63.8,49.7,57.7,35.3,21.760968023583946,21.68194588415146,1.5399999999999991,12.34
MYS,2000,Malaysia,Malaysia,89003332.8,119005409.28,5.68,7.34,37.97,1,1,63.8,49.7,57.7,35.3,18.30418438542183,18.594679514580136,1.6600000000000001,12.34
MYS,2002,Europe & Central Asia,Malaysia,2964574681.46,2768257758.74,8.19,10.24,34.58,0,0,64.0,66.1,62.7,34.3,21.80999941305614,21.741483991659667,2.0500000000000007,8.0
MYS,2002,Malaysia,Malaysia,84869113.27,115688818.89,5.07,7.94,39.14,1,1,64.0,66.1,62.7,34.3,18.25662079557704,18.566414557330692,2.87,8.0
MYS,2003,Europe & Central Asia,Malaysia,3585183431.51,3331257492.87,7.55,9.16,39.41,0,0,67.2,62.8,63.7,35.3,22.000075476358482,21.926615695442877,1.6100000000000003,-1.47
MYS,2003,Malaysia,Malaysia,94826199.52,133464493.44,4.66,6.26,39.88,1,1,67.2,62.8,63.7,35.3,18.367556305833467,18.709346041180208,1.5999999999999996,-1.47
MYS,2004,Europe & Central Asia,Malaysia,4347326892.4,4025324955.3,6.18,7.71,44.82,0,0,64.5,57.3,63.0,41.3,22.19282698589566,22.115871479042557,1.5300000000000002,12.14
MYS,2004,Malaysia,Malaysia,108699740.06,158280969.76,3.87,5.43,45.86,1,1,64.5,57.3,63.0,41.3,18.504099969935886,18.879882307644394,1.5599999999999996,12.14
MYS,2005,Europe & Central Asia,Malaysia,4827727443.79,4403416376.33,5.55,7.75,42.67,0,0,59.5,64.6,61.7,44.7,22.297641685562066,22.20564652598292,2.2,4.25
MYS,2005,Malaysia,Malaysia,117174262.13,175422872.13,3.94,5.57,43.1,1,1,59.5,64.6,61.7,44.7,18.57917281312515,18.98271003493051,1.6300000000000003,4.25
MYS,2006,Europe & Central Asia,Malaysia,5628914003.48,5032247562.04,5.23,7.37,45.61,0,0,62.4,54.1,63.6,31.3,22.451182366082964,22.33913255287683,2.1399999999999997,7.11
MYS,2006,Malaysia,Malaysia,137378182.24,199882255.1,3.47,5.22,46.22,1,1,62.4,54.1,63.6,31.3,18.738248142321325,19.11323903164894,1.7499999999999996,7.11
MYS,2007,Europe & Central Asia,Malaysia,6695162748.97,5987594946.55,4.78,6.85,46.26,0,0,60.7,49.3,60.8,32.7,22.62465112497556,22.512955657186104,2.0699999999999994,5.56
MYS,2007,Malaysia,Malaysia,157213704.4,223387087.16,3.54,5.34,47.92,1,1,60.7,49.3,60.8,32.7,18.873116618637404,19.224416645972934,1.7999999999999998,5.56
MYS,2008,Europe & Central Asia,Malaysia,7669742612.44,6739414707.02,4.49,6.88,47.34,0,0,54.9,48.6,58.7,29.8,22.760548894192755,22.631238919527238,2.3899999999999997,3.22
MYS,2008,Malaysia,Malaysia,176880736.24,249883611.29,3.66,5.8,45.9,1,1,54.9,48.6,58.7,29.8,18.990986262528295,19.336505816584083,2.1399999999999997,3.22
MYS,2009,Europe & Central Asia,Malaysia,5730384427.87,5112029907.82,4.57,6.53,48.92,0,0,55.5,42.7,62.1,31.3,22.469048455975816,22.354862404712666,1.96,-10.9
MYS,2009,Malaysia,Malaysia,143715943.66,199841073.3,3.5,5.4,49.03,1,1,55.5,42.7,62.1,31.3,18.78334930286186,19.11303298012773,1.9000000000000004,-10.9
MYS,2010,Europe & Central Asia,Malaysia,6360634716.39,5721797041.49,4.58,6.52,47.21,0,0,61.0,51.2,62.6,32.2,22.57339400765068,22.467548761265082,1.9399999999999995,15.41
MYS,2010,Malaysia,Malaysia,185425528.32,263711374.15,3.57,5.21,38.53,1,1,61.0,51.2,62.6,32.2,19.038163900214073,19.390365787101533,1.6400000000000001,15.41
MYS,2011,Europe & Central Asia,Malaysia,7574077190.97,6855452055.11,4.32,6.47,48.35,0,0,57.8,49.3,62.9,31.5,22.747997358078592,22.648310093243712,2.1499999999999995,6.76
MYS,2011,Malaysia,Malaysia,212514097.03,303422729.9,3.35,5.59,51.19,1,1,57.8,49.3,62.9,31.5,19.17451888779869,19.53063754263921,2.2399999999999998,6.76
MYS,2012,Europe & Central Asia,Malaysia,7224238561.12,6617274431.53,4.16,6.44,51.71,0,0,63.5,44.1,63.4,36.2,22.70070767606511,22.61294940497607,2.2800000000000002,2.27
MYS,2012,Malaysia,Malaysia,226696145.77,300056881.49,3.32,5.41,54.67,1,1,63.5,44.1,63.4,36.2,19.239121118288754,19.51948262294709,2.0900000000000003,2.27
MYS,2013,Europe & Central Asia,Malaysia,7423535119.67,6925789764.31,4.27,6.56,50.61,0,0,67.3,47.4,62.0,37.1,22.727921212025457,22.658517928049246,2.29,2.42
MYS,2013,Malaysia,Malaysia,239821678.76,301639113.43,3.28,5.34,54.28,1,1,67.3,47.4,62.0,37.1,19.29540620414422,19.524741875443727,2.06,2.42
MYS,2014,Europe & Central Asia,Malaysia,7374909595.0,6915743819.25,4.05,6.22,53.39,0,0,66.3,57.6,71.2,35.0,22.72134948092767,22.65706636247498,2.17,0.73
MYS,2014,Malaysia,Malaysia,236392109.28,304639799.5,2.85,4.77,42.86,1,1,66.3,57.6,71.2,35.0,19.28100246848919,19.534640654695735,1.9199999999999995,0.73
MYS,2015,Europe & Central Asia,Malaysia,6243275253.56,5959124355.07,3.92,6.69,53.81,0,0,60.5,56.7,66.2,34.0,22.5547707621646,22.508189387107368,2.7700000000000005,-8.15
MYS,2015,Malaysia,Malaysia,201293672.7,275162858.31,3.18,5.1,42.3,1,1,60.5,56.7,66.2,34.0,19.120275462893122,19.432873696013072,1.9199999999999995,-8.15
MYS,2016,Europe & Central Asia,Malaysia,6275284590.7,5902101952.75,4.32,6.78,51.81,0,0,57.6,49.5,64.3,34.5,22.559884674194794,22.498574387758826,2.46,-2.24
MYS,2016,Malaysia,Malaysia,188939837.03,262430958.41,3.14,4.76,39.86,1,1,57.6,49.5,64.3,34.5,19.05693920504862,19.38549859363086,1.6199999999999997,-2.24
MYS,2017,Europe & Central Asia,Malaysia,6890468435.09,6543027552.2,4.31,7.05,58.57,0,0,55.7,51.4,63.8,34.5,22.65340490748239,22.601665823920975,2.74,7.54
MYS,2017,Malaysia,Malaysia,212452951.05,295958070.1,2.77,4.76,45.04,1,1,55.7,51.4,63.8,34.5,19.17423111969803,19.505728350565597,1.9899999999999998,7.54
MYS,2018,Europe & Central Asia,Malaysia,7582345597.46,7180525662.05,4.46,7.28,57.01,0,0,62.9,55.2,69.5,40.8,22.74908843443937,22.69463842945062,2.8200000000000003,5.81
MYS,2018,Malaysia,Malaysia,231483184.6,335099506.71,2.66,4.7,44.97,1,1,62.9,55.2,69.5,40.8,19.260017796455294,19.629938083622605,2.04,5.81
MYS,2019,Europe & Central Asia,Malaysia,7387309217.6,6915886922.95,5.77,8.85,56.13,0,0,61.0,53.8,67.6,43.5,22.723029394451757,22.65708705471332,3.08,-3.02
MYS,2019,Malaysia,Malaysia,226490386.96,333954500.0,2.88,4.89,44.88,1,1,61.0,53.8,67.6,43.5,19.23821306472418,19.62651531711067,2.01,-3.02
MYS,2020,Europe & Central Asia,Malaysia,7182502793.99,6433077504.4,4.32,7.19,54.53,0,0,60.5,51.9,68.6,40.1,22.694913737956522,22.58471887739845,2.87,-3.63
MYS,2020,Malaysia,Malaysia,210912634.46,328732126.69,2.81,4.85,46.15,1,1,60.5,51.9,68.6,40.1,19.166954555745384,19.610753775537383,2.0399999999999996,-3.63
MYS,2021,Europe & Central Asia,Malaysia,8895000033.22,8008407877.91,3.94,7.02,59.25,0,0,59.0,49.1,68.6,39.6,22.908755161911312,22.80375781159206,3.0799999999999996,11.86
MYS,2021,Malaysia,Malaysia,269840936.93,417142772.68,2.71,4.72,48.54,1,1,59.0,49.1,68.6,39.6,19.41334322458622,19.848939104089077,2.01,11.86
NAM,2002,Namibia,Namibia,444562.2,864496.15,10.52,13.73,59.06,1,1,59.3,49.7,59.7,55.7,13.004847506056382,13.669903287396751,3.210000000000001,-6.88
NAM,2003,Namibia,Namibia,533150.59,884048.29,8.59,12.98,72.24,1,1,60.8,61.3,60.7,54.2,13.186561071717035,13.692268097983916,4.390000000000001,4.28
NAM,2004,Namibia,Namibia,658251.59,1454327.24,7.31,11.2,63.03,1,1,58.6,69.4,51.4,57.7,13.39734401202609,14.190054661254102,3.8899999999999997,30.83
NAM,2005,Namibia,Namibia,720379.6,1776865.8,7.32,10.48,67.3,1,1,59.0,66.0,50.7,59.6,13.487534962437712,14.390362146533278,3.16,2.11
NAM,2006,Namibia,Namibia,895003.97,2638234.22,3.13,8.86,65.87,1,1,61.5,71.0,58.4,60.1,13.7045845503142,14.785620774319217,5.7299999999999995,5.27
NAM,2007,Namibia,Namibia,1249348.03,2595477.61,4.63,8.14,75.84,1,1,66.5,83.6,57.4,59.1,14.038133197627564,14.769281493028792,3.5100000000000007,19.94
NAM,2008,Namibia,Namibia,1885707.74,1949510.94,4.59,9.88,68.72,1,1,73.8,93.8,62.0,59.6,14.44981429758787,14.483089612033378,5.290000000000001,7.92
NAM,2009,Namibia,Namibia,1972744.71,3026616.63,3.94,9.33,70.3,1,1,66.0,80.6,60.7,58.3,14.494936891751593,14.922956260236269,5.390000000000001,15.07
NAM,2010,Namibia,Namibia,5761920.41,3716856.18,2.51,8.0,69.88,1,1,66.7,75.8,61.1,57.8,15.56678155517226,15.12838902508141,5.49,-1.86
NAM,2011,Namibia,Namibia,6925743.65,4419849.02,1.78,7.92,71.1,1,1,64.9,73.5,59.6,57.7,15.750756134942586,15.301616321351476,6.14,3.92
NAM,2012,Namibia,Namibia,7485520.94,4443744.92,2.26,8.4,73.83,1,1,66.8,81.0,61.5,60.1,15.828481304867665,15.307008254389807,6.140000000000001,5.1
NAM,2013,Namibia,Namibia,8764806.85,4539660.06,2.16,10.6,77.91,1,1,66.4,78.7,61.0,59.6,15.98625515367846,15.328362910842937,8.44,3.06
NAM,2014,Namibia,Namibia,8651371.81,4362848.16,1.63,8.21,76.41,1,1,62.5,66.7,63.0,66.0,15.973228572673921,15.288635878966273,6.580000000000001,6.13
NAM,2015,Namibia,Namibia,7661313.06,3920425.27,1.67,8.73,80.29,1,1,63.3,69.0,62.4,67.5,15.851694075306918,15.181710948201562,7.0600000000000005,-5.01
NAM,2016,Namibia,Namibia,6525754.25,3237788.64,1.57,9.09,86.31,1,1,62.4,70.0,67.6,67.0,15.691267251601285,14.99040144508092,7.52,-6.56
NAM,2017,Namibia,Namibia,5931806.15,4490566.27,1.27,7.82,82.65,1,1,62.9,67.1,60.5,65.5,15.595839471596861,15.317489592495354,6.550000000000001,0.42
NAM,2018,Namibia,Namibia,6042891.23,5633966.96,1.62,9.55,81.51,1,1,63.3,68.4,62.4,62.1,15.614393301327315,15.544324540501325,7.930000000000001,10.58
NAM,2019,Namibia,Namibia,5681779.02,4853718.03,1.34,22.59,79.11,1,1,62.9,62.7,62.4,63.8,15.552775125405702,15.395255779374127,21.25,-1.23
NAM,2020,Namibia,Namibia,4561563.82,4245242.76,2.92,6.75,79.25,1,1,61.9,63.2,62.4,63.8,15.333176284904562,15.261309798929368,3.83,-8.14
NAM,2021,Namibia,Namibia,6961463.68,5191267.52,3.57,6.8,78.3,1,1,60.5,62.3,61.4,63.3,15.755900452699414,15.462488641462272,3.23,26.92
NER,1996,Niger,Niger,277206.63,93844.55,3.61,7.23,64.17,1,1,21.0,48.4,30.2,8.5,12.532522071171597,11.449405624800972,3.6200000000000006,2.99
NER,1998,Niger,Niger,345320.13,291303.79,2.14,5.51,70.55,1,1,15.0,34.6,30.0,11.4,12.752230074671221,12.58212538634134,3.3699999999999997,10.32
NER,2000,Niger,Niger,506499.47,395826.48,3.64,5.54,80.39,1,1,19.1,51.3,28.4,48.3,13.135280530607265,12.888733738745067,1.9,-9.14
NER,2002,Niger,Niger,642759.49,135665.08,0.82,9.02,87.45,1,1,15.3,42.9,33.3,43.3,13.373527445492819,11.817951851422947,8.2,6.11
NER,2003,Niger,Niger,710272.94,119440.61,0.74,5.01,80.75,1,1,18.0,43.2,37.3,43.3,13.473406005589778,11.690582911693555,4.27,14.41
NER,2004,Niger,Niger,822340.27,312295.47,2.71,4.0,82.54,1,1,21.2,29.1,32.2,42.3,13.61991075819527,12.651708239973217,1.29,8.61
NER,2005,Niger,Niger,914320.53,286315.84,2.81,4.26,75.48,1,1,26.3,31.6,29.7,39.9,13.725937571944828,12.564854308776601,1.4499999999999997,5.0
NER,2006,Niger,Niger,990108.5,430931.45,2.98,4.49,78.01,1,1,21.0,40.1,32.5,36.1,13.805570822054978,12.9737066282644,1.5100000000000002,8.14
NER,2007,Niger,Niger,1858604.66,357840.95,0.21,3.02,78.17,1,1,25.7,29.5,33.0,35.1,14.435337119403655,12.787846687454726,2.81,5.4
NER,2008,Niger,Niger,1866435.62,275757.8,0.41,6.05,75.87,1,1,27.2,24.0,29.8,33.7,14.439541620156968,12.527281849571182,5.64,12.44
NER,2009,Niger,Niger,1777972.86,508030.64,0.13,3.24,77.48,1,1,31.1,14.7,38.4,28.4,14.390984993035651,13.138299008085651,3.1100000000000003,16.04
NER,2010,Niger,Niger,1779738.34,347866.3,0.24,3.18,51.27,1,1,30.0,13.3,36.0,29.4,14.3919774733429,12.75957636419587,2.9400000000000004,18.63
NER,2011,Niger,Niger,1755838.47,808163.14,0.56,3.2,83.13,1,1,28.0,19.9,42.7,39.0,14.378457631002874,13.602520460436729,2.64,-8.5
NER,2012,Niger,Niger,1799800.66,1001799.68,0.86,3.12,85.79,1,1,31.3,14.7,31.9,39.4,14.403187027906261,13.817309618683622,2.2600000000000002,-6.18
NER,2013,Niger,Niger,2087949.31,2787713.47,0.73,3.4,82.3,1,1,33.2,9.5,31.9,38.0,14.551693429808772,14.840732631701101,2.67,0.78
NER,2014,Niger,Niger,3242247.51,888865.88,16.3,14.2,52.1,1,1,27.9,10.0,30.3,40.9,14.991777631640476,13.697702762001356,-2.1000000000000014,12.02
NER,2015,Niger,Niger,1825865.57,1025816.57,13.61,3.43,58.76,1,1,28.6,13.3,31.9,39.9,14.417565265177984,13.841000481885766,-10.18,6.9
NER,2016,Niger,Niger,1354115.96,742688.85,0.28,3.27,57.81,1,1,30.5,11.9,27.1,33.0,14.118660109816783,13.518033807211504,2.99,-12.94
NER,2017,Niger,Niger,1602997.47,752776.87,0.21,2.82,56.6,1,1,27.1,10.0,26.2,33.0,14.287386477130847,13.531525469903036,2.61,-2.76
NER,2018,Niger,Niger,1656183.2,665751.22,0.6,5.79,57.08,1,1,31.9,9.0,29.5,30.6,14.320026839625593,13.408672838255672,5.19,22.55
NER,2019,Niger,Niger,1977829.17,1028578.1,1.09,5.67,59.35,1,1,31.4,9.4,31.4,30.0,14.497510928024665,13.84368889323649,4.58,2.32
NER,2020,Niger,Niger,1971476.43,2372255.09,9.21,5.6,58.56,1,1,28.1,7.1,31.0,33.8,14.494293784098351,14.679351997015763,-3.610000000000001,4.55
NER,2021,Niger,Niger,2182991.53,3634250.08,2.34,4.54,56.54,1,1,31.4,8.5,36.7,34.8,14.596207213629754,15.105913617461258,2.2,-16.19
NGA,1998,Nigeria,Nigeria,6991166.29,11803690.51,3.54,6.23,66.06,1,1,10.2,26.6,12.5,15.9,15.76015809454554,16.283922880342224,2.6900000000000004,-4.83
NGA,2000,Nigeria,Nigeria,11724684.44,22878809.42,2.33,4.32,71.52,1,1,3.2,9.5,13.4,32.8,16.277207043791748,16.945721730991366,1.9900000000000002,13.92
NGA,2002,Nigeria,Nigeria,16813932.46,16731633.79,2.19,6.1,56.66,1,1,0.5,7.4,4.5,29.9,16.63771847325311,16.632811784268,3.9099999999999997,4.91
NGA,2003,Nigeria,Nigeria,19220394.11,24945986.11,1.88,4.22,56.42,1,1,4.2,6.0,5.0,29.4,16.771482518527172,17.03222352995155,2.34,30.39
NGA,2007,Nigeria,Nigeria,41175346.87,68854906.99,1.47,2.79,61.35,1,1,13.1,3.9,13.4,25.5,17.53335028256545,18.047512065856072,1.32,18.86
NGA,2008,Nigeria,Nigeria,58371019.16,90468450.32,0.78,3.26,64.14,1,1,18.9,5.3,14.9,27.4,17.88233009449855,18.32051174369469,2.4799999999999995,-6.66
NGA,2009,Nigeria,Nigeria,46415516.95,53852614.67,0.87,2.81,44.69,1,1,16.7,4.3,12.3,25.1,17.653144399861954,17.801761533646083,1.94,9.66
NGA,2010,Nigeria,Nigeria,50344519.67,81148014.92,1.05,2.56,45.16,1,1,15.2,2.8,11.4,28.0,17.734400346380777,18.211785402088086,1.51,14.22
NGA,2011,Nigeria,Nigeria,65436648.37,111560725.97,1.16,2.83,48.15,1,1,10.4,3.3,11.7,27.2,17.99659304738924,18.53007963710606,1.6700000000000002,20.26
NGA,2012,Nigeria,Nigeria,58445103.67,108536559.44,1.27,2.68,50.68,1,1,10.9,3.3,11.3,27.2,17.88359848993694,18.502597636766293,1.4100000000000001,-25.12
NGA,2013,Nigeria,Nigeria,64184318.07,99466896.72,0.72,2.32,49.47,1,1,9.5,3.8,12.7,27.7,17.97726948757989,18.415335460545325,1.5999999999999999,11.5
NGA,2014,Nigeria,Nigeria,67452871.12,94864412.8,0.59,2.2,28.13,1,1,7.7,5.2,12.5,29.6,18.02693972117923,18.36795920695384,1.6100000000000003,2.15
NGA,2015,Nigeria,Nigeria,52019391.21,53307991.16,0.7,2.18,38.92,1,1,12.9,6.2,14.8,35.0,17.767127134141052,17.791596824611887,1.4800000000000002,-14.73
NGA,2016,Nigeria,Nigeria,39667039.2,36724855.64,0.9,2.33,64.04,1,1,13.3,6.2,14.8,35.0,17.496031179170078,17.4189643764087,1.4300000000000002,2.0
NGA,2017,Nigeria,Nigeria,47986875.24,47260249.07,0.9,2.67,59.26,1,1,12.4,4.8,19.0,35.5,17.686438119821712,17.671180121075942,1.77,-5.74
NGA,2018,Nigeria,Nigeria,55178091.3,64856706.72,0.75,2.08,54.96,1,1,12.4,4.2,18.6,33.0,17.82607655384697,17.987690897764807,1.33,17.28
NGA,2019,Nigeria,Nigeria,61429466.92,56622871.87,0.37,2.41,57.8,1,1,12.4,4.7,18.6,34.3,17.933400211536586,17.85192357585217,2.04,4.94
NGA,2020,Nigeria,Nigeria,53327809.17,38445334.05,1.04,3.13,53.8,1,1,13.8,4.7,21.0,31.9,17.791968519854855,17.464747921457914,2.09,8.2
NGA,2021,Nigeria,Nigeria,71524943.07,52749353.62,0.92,2.61,53.76,1,1,14.3,6.1,21.0,30.4,18.085556814935792,17.78106209555366,1.69,-3.1
NIC,1996,Nicaragua,Nicaragua,915270.88,663678.58,10.67,20.88,26.98,1,1,33.9,28.2,35.2,52.5,13.72697643673334,13.405554751747943,10.209999999999999,3.26
NIC,1998,Nicaragua,Nicaragua,1612063.7,848912.7,11.1,22.38,37.8,1,1,20.9,30.3,33.0,52.7,14.29302633771969,13.651712811128052,11.28,2.1
NIC,2000,Nicaragua,Nicaragua,1549791.97,986690.79,9.22,23.49,57.62,1,1,20.7,41.8,26.4,47.8,14.253631912232528,13.802113000145798,14.269999999999998,-0.07
NIC,2002,Nicaragua,Nicaragua,1729341.55,1101948.41,7.1,24.44,62.02,1,1,39.2,45.0,32.3,46.8,14.363251865342944,13.912591360200201,17.340000000000003,0.41
NIC,2003,Nicaragua,Nicaragua,1930187.58,1239133.23,8.39,22.15,67.64,1,1,37.0,34.2,34.8,53.2,14.473128265952331,14.029923492112056,13.759999999999998,3.21
NIC,2004,Nicaragua,Nicaragua,2180675.66,1546486.2,5.66,22.46,73.8,1,1,38.4,34.5,24.0,48.1,14.595145781098278,14.251496594319049,16.8,8.68
NIC,2005,Nicaragua,Nicaragua,2668584.43,1961886.0,8.42,21.51,50.81,1,1,32.7,36.4,33.5,40.9,14.797059088483902,14.48941732315729,13.090000000000002,6.16
NIC,2006,Nicaragua,Nicaragua,3089039.64,2243968.86,6.95,19.95,67.09,1,1,29.3,36.7,27.3,40.4,14.943371128175457,14.623757114161974,13.0,3.97
NIC,2007,Nicaragua,Nicaragua,4112241.27,2586545.79,6.11,21.11,76.34,1,1,25.2,39.6,24.4,39.4,15.229479002183108,14.765834258345206,15.0,13.62
NIC,2008,Nicaragua,Nicaragua,4105596.39,2830503.27,5.54,20.06,77.45,1,1,24.8,37.5,24.0,34.6,15.227861817686183,14.855965441025104,14.52,15.8
NIC,2009,Nicaragua,Nicaragua,3201844.39,2713232.78,6.22,20.55,74.75,1,1,25.4,33.6,25.1,34.1,14.979237885926421,14.813651758219812,14.330000000000002,-14.37
NIC,2010,Nicaragua,Nicaragua,3910938.28,3360141.92,6.67,18.63,67.02,1,1,23.8,28.0,24.2,33.2,15.179288128176067,15.027494066749055,11.959999999999999,9.76
NIC,2011,Nicaragua,Nicaragua,4781178.37,5032235.84,9.8,18.04,69.26,1,1,24.2,38.4,28.6,29.6,15.38019780416029,15.431375143027463,8.239999999999998,9.74
NIC,2012,Nicaragua,Nicaragua,5562478.7,5127600.26,9.13,17.57,73.9,1,1,24.2,37.0,28.2,30.5,15.531554556011772,15.450148517149081,8.44,9.3
NIC,2013,Nicaragua,Nicaragua,5325570.21,5491014.27,8.19,16.8,72.24,1,1,25.6,37.9,31.5,33.3,15.48803053329037,15.518623727171367,8.610000000000001,-4.5
NIC,2014,Nicaragua,Nicaragua,5814768.2,5458301.65,5.38,17.15,81.45,1,1,19.2,43.3,27.4,34.5,15.575911652691497,15.512648429427633,11.77,2.23
NIC,2015,Nicaragua,Nicaragua,6346228.19,5216164.2,6.66,17.38,74.88,1,1,18.6,42.9,25.7,32.5,15.663371366136532,15.467273053866226,10.719999999999999,1.04
NIC,2016,Nicaragua,Nicaragua,6556757.63,5479222.78,7.11,15.02,78.92,1,1,18.1,43.8,28.6,28.1,15.696006927526579,15.516474002906056,7.909999999999999,12.89
NIC,2017,Nicaragua,Nicaragua,6833146.46,5333145.89,7.54,16.95,79.59,1,1,18.1,44.3,28.6,26.6,15.737295954094963,15.489452032799896,9.41,1.51
NIC,2018,Nicaragua,Nicaragua,6137309.49,5764566.49,7.1,17.02,81.54,1,1,14.3,14.6,13.3,18.4,15.62989717321512,15.567240685453726,9.92,-2.32
NIC,2019,Nicaragua,Nicaragua,5976460.19,6196406.24,5.27,18.6,80.54,1,1,15.7,14.2,9.5,18.4,15.603339176511833,15.639480204634035,13.330000000000002,-2.52
NIC,2020,Nicaragua,Nicaragua,5804587.96,5877227.54,5.19,15.55,79.24,1,1,11.4,25.5,10.5,18.4,15.574159362682925,15.58659587202604,10.36,-3.2
NIC,2021,Nicaragua,Nicaragua,7499399.3,7782218.18,8.11,18.5,78.92,1,1,10.0,29.2,7.1,14.5,15.830333615309566,15.867352097126155,10.39,22.53
NLD,1996,Netherlands,"Netherlands, Kingdom of the",195551609.58,171821415.19,10.22,11.89,32.04,1,1,96.8,100.0,95.5,97.0,19.091334895286316,18.961966217428657,1.67,0.93
NLD,1998,Netherlands,"Netherlands, Kingdom of the",207378239.84,178101704.55,10.72,12.83,36.88,1,1,97.3,100.0,95.5,99.5,19.1500549342732,18.99786532457563,2.1099999999999994,-1.75
NLD,2000,Netherlands,"Netherlands, Kingdom of the",225632979.39,195372076.07,11.74,11.77,34.06,1,1,96.8,100.0,95.5,98.0,19.234420256575493,19.0904163859798,0.02999999999999936,8.86
NLD,2002,Netherlands,"Netherlands, Kingdom of the",226241345.88,188055560.68,10.26,10.93,31.29,1,1,96.3,93.1,95.0,96.0,19.237112893978665,19.052248017981693,0.6699999999999999,-0.37
NLD,2003,Netherlands,"Netherlands, Kingdom of the",268781319.23,229213731.48,10.49,10.72,34.52,1,1,95.8,87.4,95.0,96.0,19.40940867100654,19.250165455844243,0.23000000000000043,9.79
NLD,2004,Netherlands,"Netherlands, Kingdom of the",323924923.08,280574758.91,8.68,9.1,39.16,1,1,95.6,81.6,95.2,98.1,19.596022331103878,19.452350771159196,0.41999999999999993,10.17
NLD,2005,Netherlands,"Netherlands, Kingdom of the",369156264.51,310839124.97,7.32,8.8,37.13,1,1,96.1,79.1,95.7,99.0,19.726730596127794,19.55478605646891,1.4800000000000004,4.57
NLD,2006,Netherlands,"Netherlands, Kingdom of the",436017867.76,358449109.75,7.36,8.74,38.03,1,1,96.1,75.8,94.7,98.6,19.893193783868007,19.697297257439878,1.38,7.44
NLD,2007,Netherlands,"Netherlands, Kingdom of the",513865816.11,425475017.48,7.02,7.95,38.41,1,1,97.1,73.4,95.7,99.0,20.05747273313211,19.86871679327882,0.9300000000000006,8.41
NLD,2008,Netherlands,"Netherlands, Kingdom of the",604745852.91,473491910.03,6.43,9.18,38.9,1,1,96.6,76.4,94.7,97.6,20.22031885155658,19.975645387086512,2.75,8.38
NLD,2009,Netherlands,"Netherlands, Kingdom of the",454792349.03,362864882.19,7.17,8.08,40.33,1,1,97.6,82.0,97.2,96.2,19.935351499184677,19.70954110032001,0.9100000000000001,-12.13
NLD,2010,Netherlands,"Netherlands, Kingdom of the",524339713.22,413367796.15,7.03,8.08,39.21,1,1,97.6,81.5,97.2,96.2,20.077650341803597,19.839848304620922,1.0499999999999998,7.3
NLD,2011,Netherlands,"Netherlands, Kingdom of the",612991288.7,496983992.21,6.98,8.2,40.16,1,1,96.7,89.6,97.2,96.7,20.233861284501,20.024068376721324,1.2199999999999989,7.42
NLD,2012,Netherlands,"Netherlands, Kingdom of the",615855323.76,481140177.25,7.22,8.19,43.19,1,1,96.2,91.5,97.2,97.2,20.2385226315107,19.991669216485487,0.9699999999999998,-0.7
NLD,2013,Netherlands,"Netherlands, Kingdom of the",608949447.59,498712004.79,6.87,8.19,42.14,1,1,96.2,91.0,97.2,96.7,20.227245814987498,20.027539344399422,1.3199999999999994,1.24
NLD,2014,Netherlands,"Netherlands, Kingdom of the",612402437.29,499483039.12,6.05,7.58,47.19,1,1,95.7,86.2,97.1,98.0,20.232900203271555,20.02908420176273,1.5300000000000002,-0.48
NLD,2015,Netherlands,"Netherlands, Kingdom of the",498951354.18,410248920.3,6.96,8.32,47.74,1,1,94.3,78.6,97.1,99.0,20.02801916435464,19.83227465855868,1.3600000000000003,-9.89
NLD,2016,Netherlands,"Netherlands, Kingdom of the",481266590.09,409455992.89,7.2,8.34,44.06,1,1,94.8,77.6,97.1,98.5,19.991931917964227,19.83033999245475,1.1399999999999997,-0.56
NLD,2017,Netherlands,"Netherlands, Kingdom of the",538310543.25,446952875.68,7.04,8.81,52.85,1,1,92.4,78.6,95.7,96.6,20.10394617139433,19.917963725723087,1.7700000000000005,6.39
NLD,2018,Netherlands,"Netherlands, Kingdom of the",617362296.5,507488017.52,9.32,10.84,49.46,1,1,95.2,75.5,95.7,96.1,20.24096660159821,20.044983659773937,1.5199999999999996,6.21
NLD,2019,Netherlands,"Netherlands, Kingdom of the",591671365.45,483001660.44,16.01,17.24,47.17,1,1,95.7,75.5,95.7,96.6,20.198461914469906,19.9955306514453,1.2299999999999969,-0.6
NLD,2020,Netherlands,"Netherlands, Kingdom of the",544793978.46,471970929.62,6.8,8.45,47.0,1,1,96.2,73.6,94.8,98.1,20.115918261820745,19.97242795398374,1.6499999999999995,-3.03
NLD,2021,Netherlands,"Netherlands, Kingdom of the",699721383.81,593441055.4,6.49,8.79,52.58,1,1,97.1,78.3,94.8,96.6,20.366192792076017,20.201448451833386,2.299999999999999,13.48
NOR,1996,Norway,Norway,31477592.45,48899550.05,4.3,9.68,28.41,1,1,98.4,99.5,99.5,97.5,17.264786531640816,17.70527877342136,5.38,2.42
NOR,1998,Norway,Norway,35157207.66,39899568.61,4.45,8.14,34.77,1,1,98.4,98.4,99.5,96.0,17.3753402379824,17.501876095085123,3.6900000000000004,2.36
NOR,2000,Norway,Norway,55043920.39,59441202.57,2.87,5.69,31.64,1,1,96.3,96.3,99.0,95.5,17.823641995236066,17.900498206654646,2.8200000000000003,0.46
NOR,2002,Norway,Norway,59299656.28,53580929.02,2.11,8.77,62.28,1,1,96.8,98.4,97.0,97.0,17.898114084524607,17.79670377952621,6.66,2.85
NOR,2003,Norway,Norway,70393713.87,70747643.68,1.84,5.28,64.97,1,1,96.3,94.5,97.5,96.5,18.069614539728033,18.07462980319142,3.4400000000000004,6.91
NOR,2004,Norway,Norway,85078307.79,87458581.82,1.15,4.57,69.53,1,1,95.1,92.2,100.0,98.6,18.2590826702191,18.28667590006748,3.4200000000000004,10.26
NOR,2005,Norway,Norway,94382086.54,102891297.89,1.06,4.67,66.59,1,1,96.6,93.7,98.6,98.6,18.362861862475206,18.449183638336844,3.61,7.07
NOR,2006,Norway,Norway,109924800.73,123171052.71,1.28,4.45,68.97,1,1,97.1,93.7,99.5,99.0,18.51530706934519,18.629084627805163,3.17,7.54
NOR,2007,Norway,Norway,136751217.39,132969535.21,1.0,4.03,69.46,1,1,94.7,91.8,99.0,100.0,18.73367390884276,18.7056306088972,3.0300000000000002,11.62
NOR,2008,Norway,Norway,149662650.08,162448761.01,1.16,4.32,68.34,1,1,94.7,95.7,100.0,100.0,18.823894326478037,18.9058731993055,3.16,5.74
NOR,2009,Norway,Norway,120537170.07,109874628.67,1.33,4.05,67.61,1,1,95.2,93.4,98.1,99.1,18.607468736936738,18.514850543497495,2.7199999999999998,-12.53
NOR,2010,Norway,Norway,128726560.77,121779722.38,1.11,3.93,67.16,1,1,97.1,95.3,98.6,100.0,18.673201036431152,18.617724424668975,2.8200000000000003,6.3
NOR,2011,Norway,Norway,149766444.49,147176060.66,1.35,4.06,67.41,1,1,97.6,97.2,98.1,100.0,18.82458760856282,18.807140126441844,2.7099999999999995,8.35
NOR,2012,Norway,Norway,146371335.22,140728773.27,1.21,3.87,71.52,1,1,98.6,95.3,100.0,100.0,18.80165734947496,18.762345009135913,2.66,-1.93
NOR,2013,Norway,Norway,151411971.3,134649851.05,1.19,3.82,70.87,1,1,99.1,95.7,100.0,100.0,18.83551497311991,18.71818827844668,2.63,1.42
NOR,2014,Norway,Norway,151778836.43,131284410.33,0.83,3.7,74.27,1,1,99.0,89.5,99.0,100.0,18.83793500233764,18.692876606634332,2.87,-0.21
NOR,2015,Norway,Norway,126734898.1,98718928.32,1.05,3.78,75.71,1,1,99.0,90.5,98.6,100.0,18.65760805408743,18.40778727243855,2.7299999999999995,-7.58
NOR,2016,Norway,Norway,124362875.37,86857051.8,1.57,4.16,74.1,1,1,98.6,92.4,99.5,100.0,18.638714272269784,18.279774254032485,2.59,-2.38
NOR,2017,Norway,Norway,133352180.83,102351677.24,0.94,3.97,77.77,1,1,99.5,89.0,99.5,100.0,18.708504170138237,18.443925267006023,3.0300000000000002,8.38
NOR,2018,Norway,Norway,145126948.64,119177469.93,1.0,3.97,76.39,1,1,97.6,89.6,99.5,100.0,18.79311943210398,18.596124292467245,2.97,1.11
NOR,2019,Norway,Norway,143613579.47,102681264.99,1.29,4.4,75.41,1,1,97.1,90.1,99.5,100.0,18.7826367816249,18.447140243361403,3.1100000000000003,-0.74
NOR,2020,Norway,Norway,131202726.51,83337822.85,1.41,4.88,74.71,1,1,97.6,94.3,99.5,100.0,18.692254223206344,18.2384130719066,3.4699999999999998,-2.66
NOR,2021,Norway,Norway,155577307.55,145335950.93,1.12,4.18,73.88,1,1,98.1,88.7,99.5,100.0,18.86265332713318,18.79455853034985,3.0599999999999996,10.27
NPL,2000,Nepal,Nepal,878644.61,739698.01,10.23,16.29,70.76,1,1,36.7,13.8,43.8,42.8,13.686136921309366,13.513998639194638,6.059999999999999,7.53
NPL,2010,Nepal,Nepal,3430195.07,787051.65,4.77,11.15,67.89,1,1,27.1,7.6,17.5,33.6,15.048127980773671,13.576050424780666,6.380000000000001,16.73
NPL,2011,Nepal,Nepal,4745540.48,823811.71,9.28,12.96,77.43,1,1,23.2,8.1,21.6,32.4,15.372716099426926,13.621698489367162,3.6800000000000015,7.54
NPL,2012,Nepal,Nepal,5688865.49,629921.85,7.06,11.66,82.89,1,1,22.7,8.5,27.7,28.2,15.554021575361078,13.353352630551377,4.6000000000000005,0.85
NPL,2013,Nepal,Nepal,6719351.04,700805.73,8.1,11.83,80.9,1,1,28.9,14.7,29.1,30.5,15.720502285231325,13.459987421868709,3.7300000000000004,3.55
NPL,2014,Nepal,Nepal,7813538.59,915569.64,3.69,11.84,64.94,1,1,33.2,21.4,30.8,33.0,15.871368631694097,13.727302800141867,8.15,8.46
NPL,2015,Nepal,Nepal,5537165.62,817275.7,5.32,11.88,69.66,1,1,32.4,14.3,29.0,32.0,15.526993487459984,13.613732994594235,6.5600000000000005,-6.66
NPL,2016,Nepal,Nepal,6754568.87,711495.58,2.24,11.52,67.83,1,1,22.4,17.1,21.0,37.9,15.72572985155334,13.47512588975418,9.28,15.88
NPL,2017,Nepal,Nepal,8540130.0,763869.61,1.81,9.7,71.58,1,1,23.3,25.7,27.1,39.9,15.960286905225557,13.54615369516712,7.889999999999999,6.33
NPL,2018,Nepal,Nepal,10702211.89,860834.35,1.86,10.33,69.26,1,1,27.1,26.9,33.8,39.8,16.185961090198983,13.665658533996266,8.47,13.18
NPL,2019,Nepal,Nepal,10425535.5,972785.83,1.35,12.08,67.55,1,1,27.1,28.3,31.0,39.6,16.159768787154707,13.787920251862264,10.73,-2.09
NPL,2020,Nepal,Nepal,8370443.22,908331.89,1.42,11.87,69.64,1,1,29.0,41.5,32.9,42.5,15.940217513936673,13.719366209337858,10.45,-11.08
NPL,2021,Nepal,Nepal,13437485.0,1653715.14,0.94,13.18,67.56,1,1,32.4,41.0,33.8,43.0,16.413558821991145,14.318535519522932,12.24,27.45
NZL,1996,New Zealand,New Zealand,12100671.5,14002113.24,18.35,18.83,25.16,1,1,97.8,94.7,98.5,100.0,16.308771587534938,16.45471889332045,0.4799999999999969,2.71
NZL,1998,New Zealand,New Zealand,10790872.12,13128586.58,20.57,24.81,29.1,1,1,97.9,93.6,98.5,99.0,16.19421125333031,16.390302668520118,4.239999999999998,-11.64
NZL,2000,New Zealand,New Zealand,13976178.03,14582767.73,22.54,25.05,28.68,1,1,97.9,93.7,96.0,100.0,16.452864940530812,16.495351165693172,2.5100000000000016,-1.46
NZL,2002,New Zealand,New Zealand,15045453.06,14875696.6,22.26,23.23,27.96,1,1,98.4,94.2,96.0,98.0,16.526586447717158,16.515239405775308,0.9699999999999989,6.33
NZL,2003,New Zealand,New Zealand,19415460.1,17807594.82,21.63,22.99,25.89,1,1,98.9,93.5,97.0,100.0,16.78158027054397,16.695135655699012,1.3599999999999994,11.06
NZL,2004,New Zealand,New Zealand,24325457.86,21040850.2,21.63,23.46,29.33,1,1,99.0,99.0,97.1,96.2,17.007034049578877,16.861976401289215,1.8300000000000018,11.79
NZL,2005,New Zealand,New Zealand,26564229.13,22544954.45,22.09,23.96,30.62,1,1,98.5,91.7,97.1,98.1,17.095076136833644,16.931021893787463,1.870000000000001,6.35
NZL,2006,New Zealand,New Zealand,27115791.67,23306990.67,21.31,22.16,30.72,1,1,99.0,94.2,96.2,97.6,17.115626871464524,16.96426394519725,0.8500000000000014,0.37
NZL,2007,New Zealand,New Zealand,31293243.2,27281119.09,19.14,20.3,30.22,1,1,99.0,94.7,96.7,97.6,17.25891279195793,17.12170544911423,1.1600000000000001,8.12
NZL,2008,New Zealand,New Zealand,34450203.87,31493060.25,19.15,20.14,29.43,1,1,98.5,91.8,97.1,97.1,17.355025502285795,17.26527780175337,0.990000000000002,5.48
NZL,2009,New Zealand,New Zealand,25157863.62,25776227.51,20.18,20.5,30.25,1,1,99.5,86.7,99.1,97.2,17.0406811141756,17.06496324958306,0.3200000000000003,-13.75
NZL,2010,New Zealand,New Zealand,30322684.38,31772232.84,18.47,19.19,31.9,1,1,99.5,91.5,98.1,97.2,17.227406682758488,17.274103316647643,0.7200000000000024,9.43
NZL,2011,New Zealand,New Zealand,36364115.52,38665092.19,18.3,19.4,29.78,1,1,99.5,97.6,98.6,98.1,17.40909303648671,17.470447766212462,1.0999999999999979,23.74
NZL,2012,New Zealand,New Zealand,36680186.67,38049235.48,17.3,17.96,33.85,1,1,99.5,96.7,98.6,97.7,17.417747321751662,17.454391575841992,0.6600000000000001,-9.68
NZL,2013,New Zealand,New Zealand,38315003.53,39923559.97,16.95,18.07,33.09,1,1,99.5,98.6,98.1,97.7,17.46135214061709,17.502477208084528,1.120000000000001,1.78
NZL,2014,New Zealand,New Zealand,42837936.04,43476625.19,17.4,19.22,37.94,1,1,99.5,99.5,98.6,96.6,17.572934647389,17.58773402268045,1.8200000000000003,3.58
NZL,2015,New Zealand,New Zealand,38170231.51,36207984.42,19.8,19.52,36.84,1,1,100.0,99.0,98.1,98.0,17.457566516135923,17.40479024418193,-0.28000000000000114,-7.3
NZL,2016,New Zealand,New Zealand,36251356.2,35158277.23,18.96,19.97,35.9,1,1,100.0,99.5,98.6,98.0,17.4059873785641,17.37537066001451,1.009999999999998,-0.67
NZL,2017,New Zealand,New Zealand,40187331.25,39983812.4,20.01,22.83,38.3,1,1,100.0,98.6,98.6,99.0,17.509062385769884,17.503985265179235,2.8199999999999967,5.51
NZL,2018,New Zealand,New Zealand,44324751.93,41857019.23,22.61,21.78,36.84,1,1,99.0,99.1,98.1,99.5,17.607053835853737,17.54977008826303,-0.8299999999999983,4.34
NZL,2019,New Zealand,New Zealand,43354922.42,42038566.67,28.3,29.33,38.36,1,1,100.0,97.2,98.1,98.1,17.584930828444243,17.554098032745603,1.0299999999999976,-1.63
NZL,2020,New Zealand,New Zealand,38148805.51,40068135.7,15.89,16.68,38.02,1,1,98.6,98.1,99.0,99.0,17.457005031063833,17.50609198040808,0.7899999999999991,-7.02
NZL,2021,New Zealand,New Zealand,49928447.97,46316762.07,18.16,21.36,41.52,1,1,99.0,96.7,98.1,99.0,17.726101517904567,17.651014506878695,3.1999999999999993,16.05
OMN,1996,Oman,Oman,2969111.31,6306848.88,4.38,8.7,38.59,1,1,67.7,75.0,65.3,26.0,14.903773580581817,15.657146883237889,4.319999999999999,3.8
OMN,1998,Oman,Oman,3506493.8,4723281.99,5.33,7.12,37.55,1,1,74.9,75.0,64.0,22.4,15.070127463997785,15.368014664508642,1.79,6.32
OMN,2000,Oman,Oman,5029775.72,10146916.77,4.34,4.82,35.77,1,1,76.1,83.1,65.2,26.9,15.430886151428643,16.132680549355317,0.4800000000000004,3.84
OMN,2002,Oman,Oman,8082842.76,9632077.73,3.06,10.98,39.11,1,1,81.0,80.4,64.2,26.4,15.905254319072279,16.080609620293014,7.92,1.77
OMN,2003,Oman,Oman,6168443.56,10616915.25,3.31,4.64,35.49,1,1,73.5,84.9,64.2,25.4,15.634957266854986,16.177959159672234,1.3299999999999996,6.42
OMN,2004,Oman,Oman,7629806.67,12309036.77,3.06,4.09,35.99,1,1,73.4,86.9,65.9,28.8,15.847573195865609,16.3258443285742,1.0299999999999998,13.72
OMN,2005,Oman,Oman,8940951.36,16712905.11,2.74,4.17,58.89,1,1,67.3,78.6,58.9,22.1,16.0061526694402,16.631691799872716,1.4299999999999997,0.99
OMN,2006,Oman,Oman,10874661.64,21981278.24,2.63,3.81,59.34,1,1,67.3,73.4,59.8,16.8,16.201946112848645,16.905701705428168,1.1800000000000002,10.93
OMN,2007,Oman,Oman,15664096.7,22187008.01,1.96,3.28,58.65,1,1,68.9,79.2,61.7,17.8,16.566881880964846,16.915017495828295,1.3199999999999998,20.49
OMN,2008,Oman,Oman,23183099.12,33752744.72,1.84,3.87,55.44,1,1,72.3,79.3,68.8,17.8,16.958934128089496,17.334572326640366,2.0300000000000002,19.61
OMN,2009,Oman,Oman,17337639.55,23560590.5,1.63,3.59,59.15,1,1,67.5,75.8,65.9,16.1,16.668390450277485,16.97508602254456,1.96,-11.76
OMN,2010,Oman,Oman,19470554.17,31861067.42,1.58,2.91,46.32,1,1,67.1,65.9,65.9,18.0,16.784413891066155,17.27689539672382,1.33,5.25
OMN,2011,Oman,Oman,22390163.34,44513077.33,1.72,3.71,46.93,1,1,62.1,61.6,63.8,18.8,16.924132328431877,17.611293599013955,1.99,9.29
OMN,2012,Oman,Oman,30855068.79,48996727.56,1.58,3.66,68.3,1,1,62.6,61.6,65.7,16.9,17.244811631604783,17.707264089764447,2.08,9.11
OMN,2013,Oman,Oman,32618303.07,53334108.78,1.34,3.68,67.26,1,1,62.1,62.6,65.3,17.4,17.300384163308962,17.792086642799017,2.34,10.5
OMN,2014,Oman,Oman,33196127.54,50030596.19,1.29,2.98,48.59,1,1,63.9,70.0,69.7,19.2,17.31794381684625,17.728145320031164,1.69,-7.61
OMN,2015,Oman,Oman,32386704.84,32431190.86,1.73,3.4,45.44,1,1,61.9,71.0,64.3,20.7,17.29325858298066,17.29463122938122,1.67,-0.51
OMN,2016,Oman,Oman,29802036.32,26686967.9,1.73,3.5,41.31,1,1,63.8,71.9,63.8,19.7,17.210087315581706,17.099685948052517,1.77,-10.67
OMN,2017,Oman,Oman,36758448.03,31604368.16,1.9,5.17,57.12,1,1,61.4,71.4,65.2,19.2,17.419878662777112,17.26880593355644,3.27,6.87
OMN,2018,Oman,Oman,39308422.05,44914871.03,1.93,3.0,37.41,1,1,60.5,66.5,67.1,19.4,17.486949380846756,17.620279523481862,1.07,-1.26
OMN,2019,Oman,Oman,35966319.13,42457858.39,1.21,2.93,37.83,1,1,65.7,66.5,69.5,16.9,17.398093506574078,17.56402259822523,1.7200000000000002,-4.49
OMN,2020,Oman,Oman,31661015.01,34375858.34,2.32,3.76,39.92,1,1,60.0,59.9,69.5,16.9,17.2705967031846,17.352865112620357,1.44,10.12
OMN,2021,Oman,Oman,32956954.56,59758859.48,1.94,3.25,40.42,1,1,58.1,59.4,62.9,15.9,17.310712891020938,17.90582803033394,1.31,4.27
PAK,2004,Pakistan,Pakistan,20246497.17,12254305.39,8.75,14.81,57.83,1,1,10.8,5.8,17.3,16.8,16.823492406686185,16.3213879752194,6.0600000000000005,8.71
PAK,2005,Pakistan,Pakistan,25373042.98,13044670.14,11.94,14.33,29.39,1,1,14.6,5.3,21.5,20.7,17.04919790782304,16.383890266576323,2.3900000000000006,27.57
PAK,2006,Pakistan,Pakistan,29456746.3,15136330.57,10.86,13.79,31.65,1,1,22.4,2.9,23.4,24.5,17.198433552176635,16.53260847608566,2.9299999999999997,9.02
PAK,2007,Pakistan,Pakistan,31680363.55,16761053.36,10.46,13.61,31.85,1,1,21.8,1.0,21.1,21.2,17.271207632104392,16.63456856034738,3.1499999999999986,4.54
PAK,2008,Pakistan,Pakistan,35373939.13,20338493.44,10.98,14.99,31.55,1,1,19.4,1.0,18.3,25.5,17.381485952489438,16.828025926179414,4.01,13.96
PAK,2009,Pakistan,Pakistan,30440171.13,18009903.52,10.84,13.42,32.18,1,1,13.9,1.4,22.3,24.2,17.23127374567239,16.70643241563892,2.58,-13.62
PAK,2010,Pakistan,Pakistan,35017119.81,21736252.38,9.89,13.04,34.51,1,1,13.8,0.5,28.4,27.5,17.371347665851,16.894492087179007,3.1499999999999986,9.02
PAK,2011,Pakistan,Pakistan,38292592.53,26384095.85,9.55,12.95,32.69,1,1,15.2,0.5,19.7,25.8,17.460767055032715,17.088271994560102,3.3999999999999986,7.75
PAK,2012,Pakistan,Pakistan,38428746.63,25854477.39,9.98,14.08,33.94,1,1,14.2,0.9,21.1,24.9,17.464316373667575,17.067994389174608,4.1,0.27
PAK,2013,Pakistan,Pakistan,40182263.46,25185604.98,10.1,14.25,36.85,1,1,17.1,0.9,22.1,25.4,17.508936273652512,17.04178319801993,4.15,-0.04
PAK,2014,Pakistan,Pakistan,44990369.79,25768233.31,6.96,12.54,60.0,1,1,23.1,3.3,26.0,27.1,17.62195904239264,17.06465306301299,5.579999999999999,4.22
PAK,2015,Pakistan,Pakistan,46729636.53,24599184.64,7.58,13.87,56.27,1,1,22.4,1.4,24.3,27.1,17.65988915795917,17.018223896289598,6.289999999999999,-3.81
PAK,2016,Pakistan,Pakistan,51568438.12,22287663.13,7.52,13.47,59.43,1,1,17.6,1.4,20.5,27.6,17.758420398359462,16.919543905344028,5.950000000000001,3.36
PAK,2017,Pakistan,Pakistan,59968864.24,24137187.93,7.32,14.16,58.09,1,1,21.9,1.9,23.8,28.1,17.909336072837934,16.999264318220018,6.84,10.55
PAK,2018,Pakistan,Pakistan,60320726.78,25808846.88,8.38,14.82,58.85,1,1,24.3,2.8,26.7,25.2,17.91518634690949,17.066227932186262,6.4399999999999995,2.34
PAK,2019,Pakistan,Pakistan,53475362.99,25263958.59,9.24,17.88,57.52,1,1,21.0,3.3,25.7,22.7,17.794731619641695,17.0448894159671,8.639999999999999,-8.78
PAK,2020,Pakistan,Pakistan,49371497.74,22617788.88,8.05,14.43,55.05,1,1,21.9,5.2,25.2,23.7,17.714883867076278,16.934247317424195,6.379999999999999,-4.38
PAK,2021,Pakistan,Pakistan,72875923.26,29618546.12,8.54,14.71,59.21,1,1,23.3,6.6,27.6,25.1,18.10426888536754,17.203911314959445,6.170000000000002,26.19
PAN,1996,Panama,Panama,16601374.01,3184947.95,7.4,12.09,13.21,1,1,50.5,51.6,46.7,55.0,16.624996081824108,14.97394681860249,4.6899999999999995,5.22
PAN,1998,Panama,Panama,16473347.33,2404857.78,10.98,14.8,20.38,1,1,51.9,60.6,47.0,63.7,16.61725438021639,14.693001740463231,3.8200000000000003,6.58
PAN,2000,Panama,Panama,18423899.16,2420604.8,14.63,16.97,27.37,1,1,45.7,57.1,44.8,66.2,16.729159301449304,14.69952839738391,2.339999999999998,-1.58
PAN,2002,Panama,Panama,15721967.89,3121125.46,12.33,14.52,31.53,1,1,45.0,57.7,49.3,67.2,16.570569584577996,14.953704539496444,2.1899999999999995,0.8
PAN,2003,Panama,Panama,17962020.57,3305571.3,11.95,13.46,35.94,1,1,43.4,46.2,48.8,63.7,16.703770174080812,15.011120178153082,1.5100000000000016,1.41
PAN,2004,Panama,Panama,21516403.87,3546584.57,7.31,22.63,39.97,1,1,45.8,48.5,50.0,64.9,16.884326219357554,15.081495887346737,15.32,7.26
PAN,2005,Panama,Panama,24894679.77,4753467.39,10.85,12.64,37.74,1,1,42.9,41.3,50.2,63.0,17.030164714919366,15.374385096922149,1.790000000000001,7.54
PAN,2006,Panama,Panama,29535442.75,5380563.2,6.88,10.08,39.73,1,1,42.0,43.0,50.2,66.3,17.20110158315775,15.49830379652798,3.2,61.08
PAN,2007,Panama,Panama,37721429.85,6281876.21,8.33,10.63,40.05,1,1,46.1,41.5,49.8,66.8,17.445738948467127,15.65317941256687,2.3000000000000007,10.97
PAN,2008,Panama,Panama,51893009.92,6987381.66,6.4,9.33,43.54,1,1,54.4,40.4,49.5,66.8,17.76469467471353,15.759616603460124,2.9299999999999997,8.9
PAN,2009,Panama,Panama,47581241.73,6323096.26,6.1,8.33,47.77,1,1,47.4,47.4,52.1,67.3,17.67794918124537,15.659719718861401,2.2300000000000004,-6.1
PAN,2010,Panama,Panama,59931616.78,6686638.63,5.77,8.35,48.11,1,1,43.8,41.7,52.1,64.9,17.908714766563598,15.715622008451888,2.58,9.82
PAN,2011,Panama,Panama,67500925.94,8170003.16,5.19,7.9,46.66,1,1,44.1,46.0,56.3,64.8,18.027651888192914,15.915979976015983,2.71,18.19
PAN,2012,Panama,Panama,74017415.04,8716739.48,4.21,7.01,51.32,1,1,44.1,39.8,49.3,62.4,18.119810975369422,15.980755927840075,2.8,7.87
PAN,2013,Panama,Panama,64202125.89,8078044.73,4.52,7.19,52.34,1,1,43.6,41.2,47.4,61.0,17.977546897239158,15.904660536144188,2.670000000000001,-2.8
PAN,2014,Panama,Panama,56709534.03,5789315.26,3.59,7.77,68.63,1,1,43.8,54.3,56.7,63.5,17.853452920873544,15.57152475276601,4.18,-1.84
PAN,2015,Panama,Panama,42883655.31,5615374.42,4.72,8.49,61.99,1,1,41.4,59.0,53.3,66.0,17.57400133951518,15.54101900411554,3.7700000000000005,-4.69
PAN,2016,Panama,Panama,37013072.58,5399862.74,4.82,8.78,61.38,1,1,32.9,59.5,55.2,64.5,17.42678174819862,15.501884277882803,3.959999999999999,-3.57
PAN,2017,Panama,Panama,40575112.16,5893275.46,3.87,8.21,61.82,1,1,31.4,60.0,53.3,64.0,17.518665460270466,15.589322676006606,4.340000000000001,2.34
PAN,2018,Panama,Panama,44350293.51,5571105.81,3.93,8.95,66.51,1,1,30.5,55.7,50.0,67.5,17.60762990728406,15.53310430131961,5.02,2.38
PAN,2019,Panama,Panama,44417347.24,5593928.54,3.21,9.49,68.72,1,1,30.5,57.5,47.6,66.2,17.609140677215002,15.537192557026533,6.28,-3.3
PAN,2020,Panama,Panama,37018737.11,5210680.45,3.7,8.51,65.44,1,1,30.5,54.7,43.3,64.3,17.426934777818772,15.466221201721533,4.81,-17.24
PAN,2021,Panama,Panama,47818372.93,7455126.07,3.02,6.52,60.48,1,1,30.5,56.1,43.3,62.3,17.682920515443072,15.824412550971996,3.4999999999999996,-4.89
PER,1996,Peru,Peru,6453232.58,5476270.67,6.16,8.81,35.86,1,1,41.9,15.4,28.1,34.5,15.680091893380496,15.515935075189839,2.6500000000000004,2.37
PER,1998,Peru,Peru,7237826.0,5545081.53,6.34,10.44,22.77,1,1,41.2,29.8,28.0,31.3,15.794831581189891,15.528422062334833,4.1,-1.99
PER,2000,Peru,Peru,7469415.13,7373048.9,5.22,9.46,40.1,1,1,43.1,18.0,29.9,36.8,15.826327392072935,15.813342004885952,4.240000000000001,4.25
PER,2002,Peru,Peru,7416036.87,8220981.74,3.97,9.89,48.26,1,1,46.0,20.1,36.3,54.7,15.819155492741219,15.922200314630789,5.92,1.2
PER,2003,Peru,Peru,8398161.33,9522476.98,4.12,8.75,56.09,1,1,53.4,15.6,33.8,51.2,15.943523469641747,16.069165664914266,4.63,5.97
PER,2004,Peru,Peru,9605242.67,13036956.3,3.09,7.79,58.25,1,1,38.9,18.0,36.1,45.7,16.07781972294161,16.383298751346157,4.7,9.57
PER,2005,Peru,Peru,11942534.05,17815171.77,3.25,7.84,54.36,1,1,44.4,18.9,30.1,50.0,16.295616959138325,16.695561054982345,4.59,11.25
PER,2006,Peru,Peru,15942612.66,24692920.12,2.7,7.11,65.3,1,1,48.8,21.7,27.8,51.0,16.584506186517327,17.022027166190217,4.41,10.67
PER,2007,Peru,Peru,21085235.73,30257858.42,2.23,6.47,62.67,1,1,49.5,20.8,26.3,51.4,16.864083672512624,17.2252665242321,4.24,15.34
PER,2008,Peru,Peru,29684228.45,33337455.75,2.84,7.61,63.89,1,1,52.4,17.3,26.0,52.4,17.206126467795688,17.32219215013373,4.7700000000000005,21.27
PER,2009,Peru,Peru,21369986.72,28174726.26,2.17,7.34,67.03,1,1,45.9,13.7,31.8,51.2,16.877498052657824,17.153935937630305,5.17,-14.66
PER,2010,Peru,Peru,31128426.66,33120364.68,3.06,6.77,57.61,1,1,50.5,16.6,34.6,52.6,17.253632032308253,17.31565892848318,3.7099999999999995,17.21
PER,2011,Peru,Peru,39369355.77,42690315.41,1.93,6.95,66.49,1,1,51.7,21.8,32.4,53.5,17.488498324711777,17.56948267051272,5.0200000000000005,12.45
PER,2012,Peru,Peru,43929253.06,47603406.52,2.07,7.07,68.92,1,1,43.1,19.4,34.3,54.5,17.59809103561203,17.678414903194074,5.0,5.49
PER,2013,Peru,Peru,44281711.82,44711256.19,2.52,7.49,69.35,1,1,39.8,20.4,34.3,52.1,17.606082346628412,17.615735866580213,4.970000000000001,1.36
PER,2014,Peru,Peru,42498218.87,40510325.82,1.83,6.81,80.32,1,1,31.7,27.1,34.1,54.7,17.564972747605662,17.51706748278395,4.9799999999999995,-1.33
PER,2015,Peru,Peru,38638015.04,34929739.28,2.25,7.27,75.77,1,1,31.9,32.4,37.1,54.7,17.46974722126991,17.36884918131306,5.02,-5.05
PER,2016,Peru,Peru,36543634.23,37917771.03,2.7,6.97,74.79,1,1,41.0,38.1,33.8,55.2,17.414017590282064,17.45093047914186,4.27,-2.5
PER,2017,Peru,Peru,40621440.76,46836658.95,1.91,6.01,81.6,1,1,35.2,36.2,31.9,55.2,17.51980660733202,17.66217678650824,4.1,4.88
PER,2018,Peru,Peru,43672595.72,51010978.8,2.04,6.31,80.37,1,1,31.4,37.3,31.4,54.4,17.59223138602505,17.74755145771307,4.27,4.16
PER,2019,Peru,Peru,43071681.92,49481729.47,2.24,8.43,79.55,1,1,34.3,42.0,32.4,55.1,17.578376330332397,17.71711407799747,6.1899999999999995,-0.89
PER,2020,Peru,Peru,36639066.15,46278058.12,2.03,7.25,77.05,1,1,32.9,34.4,39.5,55.6,17.41662563756618,17.650178521640242,5.220000000000001,-7.75
PER,2021,Peru,Peru,50828364.65,65199125.07,2.03,6.25,78.04,1,1,28.6,33.5,32.4,54.1,17.743965135650207,17.99295662297269,4.220000000000001,19.13
PHL,1998,Philippines,Philippines,32555895.15,32590345.55,5.7,8.0,39.35,1,1,44.4,35.1,52.5,62.2,17.29846905153579,17.299526684387153,2.3,-9.6
PHL,2000,Philippines,Philippines,47426580.24,46808678.25,4.82,6.9,39.89,1,1,37.8,11.1,39.3,56.7,17.6746934151378,17.661579197753227,2.08,6.6
PHL,2002,Philippines,Philippines,40957568.64,46009271.46,4.43,6.89,43.56,1,1,37.0,20.6,39.8,53.7,17.5280472019742,17.644353509357206,2.46,8.44
PHL,2003,Philippines,Philippines,46087580.44,51838308.95,3.73,5.83,43.32,1,1,33.9,7.0,35.8,52.7,17.646054088596475,17.763640008203712,2.1,1.79
PHL,2004,Philippines,Philippines,52713713.89,58267261.02,3.37,5.52,45.48,1,1,28.1,5.3,32.7,50.5,17.78038622424587,17.880550950199954,2.1499999999999995,4.06
PHL,2005,Philippines,Philippines,53696358.9,64143326.72,3.35,5.19,44.87,1,1,30.7,14.1,43.1,50.5,17.798855771334228,17.976630633016285,1.8400000000000003,3.61
PHL,2006,Philippines,Philippines,59077875.84,72203257.57,2.91,4.83,46.58,1,1,20.0,8.2,42.6,44.2,17.894367077947173,18.094995735393088,1.92,4.54
PHL,2007,Philippines,Philippines,68331567.01,78734383.01,2.58,4.7,48.01,1,1,23.8,8.2,39.7,45.2,18.03988241410087,18.181590517720597,2.12,3.56
PHL,2008,Philippines,Philippines,75141469.48,74253753.88,3.18,5.36,46.55,1,1,23.8,8.2,35.6,44.2,18.134883167788185,18.122998905142836,2.18,2.07
PHL,2009,Philippines,Philippines,61658611.48,55011226.57,3.43,5.53,48.3,1,1,23.4,5.7,34.6,46.9,17.937123477412033,17.823047859999857,2.1,-12.86
PHL,2010,Philippines,Philippines,81191867.02,74211412.35,2.61,5.28,52.75,1,1,22.9,5.2,35.1,47.9,18.21232565257986,18.122428515041875,2.6700000000000004,12.89
PHL,2011,Philippines,Philippines,90071980.42,76488235.67,3.13,5.75,49.9,1,1,26.5,9.5,38.0,48.4,18.31611970218566,18.152647517953486,2.62,4.37
PHL,2012,Philippines,Philippines,97949121.17,76273613.28,3.3,6.01,53.13,1,1,34.1,13.7,39.4,47.9,18.399958740293226,18.149837620981458,2.71,1.29
PHL,2013,Philippines,Philippines,104640779.01,74659271.09,3.31,5.95,52.28,1,1,44.1,16.1,41.3,48.8,18.466043899869387,18.128445281738035,2.64,0.27
PHL,2014,Philippines,Philippines,113955943.65,81117418.86,2.21,5.01,60.48,1,1,41.3,21.9,42.3,52.7,18.551322481228958,18.211408290841746,2.8,1.52
PHL,2015,Philippines,Philippines,105170754.58,76957535.29,1.99,5.41,71.13,1,1,38.1,19.5,40.0,51.2,18.471095830838568,18.158764350945475,3.42,1.78
PHL,2016,Philippines,Philippines,111480922.71,77716921.84,2.04,5.13,70.46,1,1,35.7,9.5,36.2,51.2,18.52936404642457,18.168583588792114,3.09,10.66
PHL,2017,Philippines,Philippines,125799186.31,90375624.19,1.93,5.07,75.95,1,1,38.6,11.4,32.4,48.8,18.650197442034866,18.319485156150947,3.1400000000000006,8.9
PHL,2018,Philippines,Philippines,137351788.29,97024300.51,1.92,4.9,73.39,1,1,32.9,12.7,31.9,47.6,18.73805599765041,18.390472036120926,2.9800000000000004,6.26
PHL,2019,Philippines,Philippines,136053277.19,94371725.13,1.9,5.09,72.38,1,1,31.0,16.0,29.5,45.4,18.72855711838284,18.362752074918504,3.19,0.96
PHL,2020,Philippines,Philippines,122722239.34,87263105.03,1.95,5.1,71.35,1,1,33.3,19.8,28.1,41.1,18.62543415112063,18.284438320144282,3.1499999999999995,-9.95
PHL,2021,Philippines,Philippines,160694229.05,108774557.15,1.88,4.82,73.39,1,1,33.8,16.0,26.2,40.1,18.895013924960463,18.504788024508066,2.9400000000000004,14.39
PLW,2008,Palau,Palau,59905.19,30657.55,3.74,10.52,32.65,1,1,45.1,83.7,72.1,89.9,11.000535117662608,10.330666858417702,6.779999999999999,5.89
PLW,2009,Palau,Palau,54629.19,18679.11,3.72,10.43,33.18,1,1,42.1,96.7,73.5,89.6,10.908341939326238,9.835214600416458,6.709999999999999,-16.89
PLW,2010,Palau,Palau,51851.94,18598.06,3.69,11.4,52.57,1,1,38.1,98.6,70.6,89.1,10.856166914075246,9.830866320789815,7.710000000000001,9.22
PLW,2011,Palau,Palau,54349.7,19763.28,3.58,11.02,37.71,1,1,36.5,84.4,76.5,89.7,10.903212771951235,9.891631547037925,7.4399999999999995,9.78
PLW,2012,Palau,Palau,72329.21,25674.14,3.6,10.9,38.17,1,1,41.7,85.3,76.5,89.2,11.188997163198714,10.153278487556966,7.300000000000001,4.81
PLW,2013,Palau,Palau,94694.02,16655.99,3.75,11.34,50.34,1,1,31.3,85.8,77.0,89.2,11.458416690674206,9.720585227128725,7.59,8.99
PLW,2014,Palau,Palau,91566.73,18422.75,3.39,8.89,59.92,1,1,38.0,82.9,65.9,88.7,11.424834196016194,9.821395872150967,5.5,-1.06
PLW,2015,Palau,Palau,101621.77,15371.61,1.09,7.37,63.03,1,1,67.1,72.9,79.5,88.7,11.529022903189917,9.640342633437086,6.28,-4.55
PLW,2016,Palau,Palau,115097.43,23949.61,7.37,10.12,55.74,1,1,70.0,74.8,79.5,89.7,11.653542954304172,10.083749072243315,2.749999999999999,1.06
PLW,2017,Palau,Palau,114023.56,25950.81,6.35,8.1,60.24,1,1,68.6,92.9,79.5,89.2,11.644169142769561,10.163996635679954,1.75,1.39
PLW,2018,Palau,Palau,114086.92,31116.08,7.07,7.61,59.57,1,1,68.6,91.5,81.0,86.4,11.644724658203257,10.345512143555796,0.54,-1.08
PNG,2002,Papua New Guinea,Papua New Guinea,1111766.96,1733365.88,1.13,8.07,79.46,1,1,21.2,28.0,28.9,44.8,13.921462062953498,14.365576248542416,6.94,-4.92
PNG,2003,Papua New Guinea,Papua New Guinea,1246961.84,2485217.37,0.88,7.69,72.78,1,1,23.8,29.1,18.9,41.8,14.036221424699313,14.72587108890357,6.8100000000000005,4.9
PNG,2004,Papua New Guinea,Papua New Guinea,1461264.89,2696876.71,0.9,6.87,82.65,1,1,15.8,27.7,26.4,36.1,14.194813665960787,14.807605258120168,5.97,9.69
PNG,2012,Papua New Guinea,Papua New Guinea,8713739.5,7812737.31,1.91,6.29,80.73,1,1,18.5,26.1,23.5,46.5,15.980411705551195,15.871266076241566,4.38,16.88
POL,1996,Poland,Poland,35543908.68,21855590.82,8.82,13.6,34.39,1,1,75.8,73.9,70.9,80.0,17.386279382518804,16.89996736529978,4.779999999999999,13.06
POL,1998,Poland,Poland,43343083.31,25608892.4,7.67,14.2,47.98,1,1,77.5,74.5,72.5,81.1,17.584657716976434,17.058450247558426,6.529999999999999,5.47
POL,2000,Poland,Poland,45092589.63,29843945.0,9.09,11.99,29.74,1,1,73.4,59.3,69.2,81.1,17.624228503393073,17.211492563162977,2.9000000000000004,2.42
POL,2002,Poland,Poland,49626602.22,38586243.75,9.2,12.38,31.17,1,1,68.8,71.4,67.7,80.6,17.72003760315003,17.468406417299075,3.1800000000000015,4.76
POL,2003,Poland,Poland,61741503.7,51239310.04,9.39,11.73,40.12,1,1,69.8,65.3,65.2,79.1,17.938466948299453,17.7520175891569,2.34,11.24
POL,2004,Poland,Poland,78758088.57,66284674.79,8.26,10.52,40.25,1,1,58.1,51.0,61.5,82.2,18.18189155509261,18.009469294051282,2.26,14.58
POL,2005,Poland,Poland,95553417.72,75810253.49,8.19,11.35,39.18,1,1,62.0,56.8,62.7,78.4,18.37519600739301,18.143744124971846,3.16,7.32
POL,2006,Poland,Poland,128217809.19,98243229.77,7.53,10.69,42.6,1,1,63.4,55.1,62.2,73.6,18.669241017840655,18.4029569083248,3.1599999999999993,11.24
POL,2007,Poland,Poland,167136101.91,124918263.79,7.1,10.18,40.14,1,1,63.6,70.0,62.7,73.1,18.934319025944088,18.643170199712713,3.08,14.31
POL,2008,Poland,Poland,210519645.51,152648660.37,7.07,10.03,39.57,1,1,70.9,77.9,66.8,76.0,19.16508953932057,18.843649507830587,2.959999999999999,13.23
POL,2009,Poland,Poland,154434851.06,120163511.6,6.94,9.4,43.57,1,1,70.3,81.5,67.8,80.1,18.855282895859922,18.604363978242578,2.46,-15.7
POL,2010,Poland,Poland,177248794.46,142502275.68,7.35,9.54,42.03,1,1,71.9,84.4,68.7,80.1,18.99306492764115,18.77486853424711,2.1899999999999995,7.9
POL,2011,Poland,Poland,216812994.91,172043462.76,6.81,9.49,43.23,1,1,71.6,85.8,72.8,80.3,19.194545769967498,18.96325769913447,2.6800000000000006,9.61
POL,2012,Poland,Poland,201183801.32,168203605.63,7.08,9.16,43.46,1,1,73.0,86.3,73.2,82.6,19.119729487581335,18.94068574778215,2.08,-4.34
POL,2013,Poland,Poland,211243936.07,185643428.12,6.7,8.99,45.09,1,1,73.0,81.5,74.2,79.3,19.16852412352934,19.039338344047707,2.29,3.64
POL,2014,Poland,Poland,223790271.77,198226161.33,6.54,8.8,46.89,1,1,72.6,76.2,78.4,82.3,19.226219888956496,19.104919170795796,2.2600000000000007,2.66
POL,2015,Poland,Poland,199497337.96,181875407.46,6.28,9.36,48.5,1,1,74.8,74.8,76.2,81.8,19.111311455658868,19.018832441715688,3.079999999999999,-6.44
POL,2016,Poland,Poland,205628767.28,190613571.81,6.76,9.29,44.68,1,1,75.7,63.3,71.4,74.4,19.141583005297754,19.06575875761437,2.5299999999999994,-0.31
POL,2017,Poland,Poland,232758239.27,212023313.46,9.07,11.03,53.38,1,1,73.8,64.3,64.3,72.4,19.265510877447483,19.172206800457527,1.959999999999999,7.53
POL,2018,Poland,Poland,270339699.47,238489523.15,7.17,9.62,53.03,1,1,73.3,62.7,64.3,70.9,19.4151898760442,19.289835943428617,2.4499999999999993,10.82
POL,2019,Poland,Poland,268253899.56,240427964.34,7.49,9.97,50.39,1,1,71.4,65.6,63.3,69.6,19.407444480133577,19.29793108222909,2.4800000000000004,-4.01
POL,2020,Poland,Poland,265790136.54,242050390.33,6.39,8.63,50.36,1,1,72.4,62.3,67.6,66.2,19.398217598739368,19.30465649108075,2.240000000000001,1.61
POL,2021,Poland,Poland,347416542.22,297597904.98,6.4,9.55,55.9,1,1,68.1,61.3,64.3,63.8,19.66603503072959,19.51125382454093,3.1500000000000004,14.77
PRT,1996,Portugal,Portugal,33404196.74,22954900.51,10.24,15.0,32.43,1,1,89.2,91.0,88.9,94.5,17.324192130888076,16.94904204508775,4.76,0.83
PRT,1998,Portugal,Portugal,37642464.82,23431676.56,9.47,14.52,37.27,1,1,85.0,94.7,88.5,94.5,17.44364338116272,16.969599406725855,5.049999999999999,3.72
PRT,2000,Portugal,Portugal,39458362.02,24469286.61,10.54,11.91,33.26,1,1,84.6,94.7,85.1,92.0,17.49075657315693,17.012929322203895,1.370000000000001,0.06
PRT,2002,Portugal,Portugal,41874335.43,26054800.15,10.4,11.95,28.03,1,1,85.2,95.2,88.6,91.0,17.550183701536188,17.075712614363876,1.549999999999999,0.73
PRT,2003,Portugal,Portugal,48182423.69,32195814.42,9.35,9.93,31.02,1,1,83.1,96.0,88.6,93.0,17.690504879538505,17.287347046169014,0.5800000000000001,8.55
PRT,2004,Portugal,Portugal,56729837.88,36436720.8,7.84,9.13,37.98,1,1,84.7,79.6,88.0,92.3,17.85381088917885,17.411087664728566,1.290000000000001,20.27
PRT,2005,Portugal,Portugal,61176160.21,37253942.24,8.11,9.43,33.51,1,1,81.5,80.6,87.6,91.8,17.929268148886457,17.43326835597914,1.3200000000000003,-3.22
PRT,2006,Portugal,Portugal,67532697.77,42923509.24,8.45,9.49,34.69,1,1,81.0,79.2,79.4,90.4,18.028122464768476,17.574930258030225,1.040000000000001,5.19
PRT,2007,Portugal,Portugal,77388801.83,47412759.42,7.41,8.96,36.57,1,1,81.6,76.8,82.3,90.4,18.16435266181571,17.674401957608552,1.5500000000000007,7.87
PRT,2008,Portugal,Portugal,86429980.03,49215581.53,8.24,10.14,35.89,1,1,81.6,81.3,83.7,89.4,18.27484517624482,17.71172084940738,1.9000000000000004,7.21
PRT,2009,Portugal,Portugal,68199442.93,41518980.01,8.59,9.47,36.12,1,1,81.8,73.0,83.4,86.7,18.037946969261387,17.541661254372382,0.8800000000000008,-12.85
PRT,2010,Portugal,Portugal,73877831.89,46497916.52,9.46,9.69,32.59,1,1,81.4,71.1,82.9,83.9,18.117923380028063,17.6549180850386,0.22999999999999865,4.01
PRT,2011,Portugal,Portugal,79106116.06,56550528.28,9.02,9.67,34.05,1,1,81.5,69.7,80.3,84.5,18.186300762996872,17.850645119987465,0.6500000000000004,3.32
PRT,2012,Portugal,Portugal,67033390.04,57025817.33,7.97,9.69,41.07,1,1,79.6,70.6,82.6,81.2,18.02070142693964,17.859014676404403,1.7199999999999998,-6.49
PRT,2013,Portugal,Portugal,72917822.55,61152003.4,8.07,9.76,38.26,1,1,79.1,68.7,83.1,82.6,18.104843660236597,17.928873197973992,1.6899999999999995,2.19
PRT,2014,Portugal,Portugal,75386632.09,62900166.25,7.52,8.71,42.8,1,1,79.3,74.3,84.1,82.8,18.138140537288756,17.957059380649646,1.1900000000000013,1.76
PRT,2015,Portugal,Portugal,64012479.12,55241320.81,7.61,9.79,44.45,1,1,78.1,78.1,82.4,84.7,17.974588624188552,17.827221814712928,2.179999999999999,-7.62
PRT,2016,Portugal,Portugal,65267421.57,54754371.82,7.53,9.27,40.62,1,1,78.6,79.5,82.9,86.2,17.994003581092613,17.818367792329983,1.7399999999999993,0.78
PRT,2017,Portugal,Portugal,74686893.5,60402264.54,6.77,9.3,52.42,1,1,79.5,88.6,83.3,88.7,18.12881519294427,17.916537171141997,2.530000000000001,7.65
PRT,2018,Portugal,Portugal,83039293.41,66897066.3,7.28,10.51,46.91,1,1,79.0,89.2,84.3,87.9,18.234824480356348,18.01866568706733,3.2299999999999995,10.2
PRT,2019,Portugal,Portugal,84039094.6,65604855.34,21.46,15.67,46.57,1,1,76.7,87.3,83.8,88.4,18.246792672341044,17.999160280747436,-5.790000000000001,-3.24
PRT,2020,Portugal,Portugal,73788406.91,61081526.63,6.79,9.33,46.11,1,1,76.7,83.5,85.2,89.4,18.116712202842983,17.927720048316296,2.54,-6.74
PRT,2021,Portugal,Portugal,94093227.59,73565699.38,6.56,9.55,51.32,1,1,77.1,81.1,84.3,89.4,18.359796642242685,18.11368944762891,2.990000000000001,12.37
PRY,1996,Paraguay,Paraguay,4074484.93,1304253.48,8.94,16.28,20.35,1,1,10.2,31.4,29.1,46.0,15.22025514455201,14.081142155803025,7.340000000000002,-0.46
PRY,1998,Paraguay,Paraguay,3897046.1,1306315.6,8.88,18.19,21.05,1,1,2.7,20.7,24.0,42.3,15.175729670467977,14.082721979041468,9.31,-7.74
PRY,2000,Paraguay,Paraguay,2995767.59,2195110.1,9.29,14.67,45.11,1,1,1.1,18.5,21.4,31.8,14.912711380983241,14.60174321824468,5.380000000000001,8.9
PRY,2002,Paraguay,Paraguay,2065345.83,2394046.97,8.83,11.72,27.69,1,1,2.6,15.3,13.9,35.8,14.540808726690635,14.68849620249329,2.8900000000000006,-12.74
PRY,2003,Paraguay,Paraguay,2548639.49,2699549.09,8.93,11.47,34.96,1,1,3.2,25.6,16.9,37.8,14.751070633787847,14.808595683756348,2.540000000000001,7.69
PRY,2004,Paraguay,Paraguay,3191920.24,2983850.03,4.28,11.29,56.02,1,1,3.9,26.7,17.8,34.1,14.97613356306196,14.908725316137346,7.009999999999999,17.46
PRY,2005,Paraguay,Paraguay,3740100.99,3074806.04,3.57,16.06,58.51,1,1,4.9,26.2,19.1,35.6,15.134623439072369,14.938752706034302,12.489999999999998,10.75
PRY,2006,Paraguay,Paraguay,4382112.3,3515573.74,7.4,13.36,60.98,1,1,9.8,23.2,19.1,37.5,15.293041654576912,15.072713580529053,5.959999999999999,21.02
PRY,2007,Paraguay,Paraguay,5806378.75,4700869.97,4.93,15.21,55.7,1,1,7.8,23.2,18.2,42.8,15.574467827903861,15.363258362277953,10.280000000000001,10.92
PRY,2008,Paraguay,Paraguay,8353426.83,6517638.98,9.09,16.35,53.73,1,1,16.5,21.2,20.7,44.7,15.93818253115022,15.690022902119567,7.260000000000002,24.2
PRY,2009,Paraguay,Paraguay,6114825.37,5139775.4,28.92,17.92,53.12,1,1,23.0,19.4,21.8,43.6,15.626226932587452,15.452520134539585,-11.0,-12.35
PRY,2010,Paraguay,Paraguay,9275898.01,6334592.33,13.24,16.4,45.71,1,1,26.7,21.3,24.6,46.0,16.042930090062416,15.66153617551741,3.1599999999999984,20.05
PRY,2011,Paraguay,Paraguay,11010816.97,7691286.94,27.03,15.07,53.56,1,1,25.6,25.1,25.4,46.0,16.21438879930891,15.85559880990294,-11.96,11.02
PRY,2012,Paraguay,Paraguay,10304048.81,7451689.33,52.21,20.27,56.8,1,1,21.3,19.9,25.4,44.6,16.14804756135962,15.823951454552999,-31.94,-3.33
PRY,2013,Paraguay,Paraguay,11057106.07,9437874.25,30.27,19.1,51.97,1,1,14.2,22.7,25.8,44.6,16.218583952936097,16.060241433338348,-11.169999999999998,2.51
PRY,2014,Paraguay,Paraguay,11448673.08,9495669.78,23.16,17.9,44.96,1,1,15.4,42.4,32.7,45.3,16.25338448038572,16.066346545336188,-5.260000000000002,0.11
PRY,2015,Paraguay,Paraguay,9366050.22,7780370.28,22.83,16.63,70.95,1,1,14.8,48.6,30.0,44.8,16.052602137427304,15.867114617380937,-6.199999999999999,-8.04
PRY,2016,Paraguay,Paraguay,9150914.04,8215210.6,32.36,17.07,75.84,1,1,24.8,51.0,26.2,44.3,16.029364436623183,15.921498066881973,-15.29,-2.66
PRY,2017,Paraguay,Paraguay,11485207.41,8398083.03,29.51,17.48,66.99,1,1,24.3,46.2,28.1,44.3,16.256570540218448,15.943514146130015,-12.030000000000001,10.35
PRY,2018,Paraguay,Paraguay,11751236.35,9033713.22,39.5,18.42,69.0,1,1,18.6,44.3,30.5,48.5,16.279469099393094,16.016474160868565,-21.08,5.97
PRY,2019,Paraguay,Paraguay,10334363.1,7987642.71,12.44,16.63,70.06,1,1,19.5,46.2,30.5,48.3,16.15098522041935,15.89340636936836,4.1899999999999995,-4.4
PRY,2020,Paraguay,Paraguay,8362444.52,8555955.61,29.92,12.62,66.44,1,1,21.4,48.1,37.1,48.3,15.939261468599193,15.962138277876576,-17.300000000000004,-8.44
PRY,2021,Paraguay,Paraguay,11782055.93,10929697.37,39.57,17.02,44.9,1,1,16.7,47.2,31.0,46.9,16.282088332999134,16.2069942632486,-22.55,15.21
QAT,2002,Qatar,Qatar,5834686.54,10997233.93,2.83,14.84,58.11,1,1,75.1,74.6,65.2,27.4,15.579331272997344,16.21315442916391,12.01,3.84
QAT,2003,Qatar,Qatar,7841638.47,14101548.78,2.63,4.32,54.65,1,1,72.0,92.5,63.2,27.9,15.8749584865363,16.46179526278353,1.6900000000000004,9.94
QAT,2004,Qatar,Qatar,11442938.08,18563415.77,2.57,3.96,53.73,1,1,70.9,87.4,60.1,35.6,16.25288342350695,16.736703361590457,1.3900000000000001,10.73
QAT,2005,Qatar,Qatar,13468706.68,25643004.23,2.5,4.06,71.06,1,1,72.7,81.1,67.5,32.7,16.415879603175192,17.05978139180669,1.5599999999999996,29.44
QAT,2006,Qatar,Qatar,21756308.39,34672718.23,2.13,3.68,68.11,1,1,78.5,78.3,67.9,25.0,16.89541436032845,17.361463746370998,1.5500000000000003,27.83
QAT,2007,Qatar,Qatar,30364698.41,40832453.31,1.75,3.11,67.39,1,1,73.8,79.7,65.6,19.7,17.22879128803873,17.524987771947192,1.3599999999999999,19.38
QAT,2008,Qatar,Qatar,37821403.83,67461604.15,1.26,3.73,63.12,1,1,79.1,89.4,70.2,18.8,17.44838576566601,18.02706918141491,2.4699999999999998,9.12
QAT,2013,Qatar,Qatar,34304668.76,129681000.82,1.13,2.78,64.41,1,1,81.5,91.9,78.9,20.2,17.350792047475746,18.68058816068573,1.65,3.22
QAT,2014,Qatar,Qatar,43741375.6,123226659.32,0.87,2.89,39.66,1,1,80.3,80.5,77.4,16.7,17.593805045054186,18.62953598435417,2.02,6.47
QAT,2015,Qatar,Qatar,43170311.57,76930582.69,1.2,2.9,39.07,1,1,77.1,82.4,74.3,16.7,17.5806636079502,18.158414062693478,1.7,3.49
QAT,2016,Qatar,Qatar,39941590.39,55651464.7,1.61,2.9,35.33,1,1,79.0,76.7,76.2,16.3,17.502928729674945,17.83461897316469,1.2899999999999998,-0.85
QAT,2017,Qatar,Qatar,40486533.47,64093403.14,1.18,2.85,34.38,1,1,74.3,69.0,75.2,15.3,17.516479994570076,17.975852017064398,1.6700000000000002,-3.43
QAT,2018,Qatar,Qatar,43664024.54,86443425.92,1.24,2.69,33.83,1,1,75.2,67.0,74.3,14.1,17.592035106851302,18.275000733888838,1.45,2.97
QAT,2019,Qatar,Qatar,47558213.83,73608466.05,1.31,2.99,36.43,1,1,78.6,69.8,74.3,13.5,17.677465093968852,18.114270618522564,1.6800000000000002,-4.05
QAT,2020,Qatar,Qatar,35816696.31,55863687.73,1.55,3.31,36.97,1,1,77.1,68.9,81.4,14.0,17.393924747945043,17.83842515156781,1.76,-5.9
QAT,2021,Qatar,Qatar,39425790.64,83639792.08,1.5,2.78,37.43,1,1,78.1,75.0,81.0,17.4,17.489930770256677,18.24202995858573,1.2799999999999998,4.08
RUS,1998,Russian Federation,Russian Federation,51219300.32,72287010.75,3.77,7.32,39.72,1,1,21.4,16.0,23.5,36.8,17.751626997877292,18.096155027146015,3.5500000000000003,-19.6
RUS,2000,Russian Federation,Russian Federation,63459126.03,109451669.04,3.57,6.18,40.04,1,1,20.2,10.6,16.9,37.8,17.965906587800312,18.510993640290927,2.61,-8.46
RUS,2002,Russian Federation,Russian Federation,90065309.74,111635378.81,3.52,9.2,38.81,1,1,20.6,24.9,22.9,36.3,18.316045640008717,18.530748581057285,5.68,5.02
RUS,2003,Russian Federation,Russian Federation,117373489.02,143861660.69,3.47,5.54,47.43,1,1,25.4,14.6,17.9,32.3,18.58087163083061,18.784362713080554,2.07,11.44
RUS,2004,Russian Federation,Russian Federation,159168381.44,197756654.44,2.3,4.43,51.1,1,1,23.6,7.8,18.8,30.8,18.885473208886598,19.10254781987376,2.13,14.79
RUS,2005,Russian Federation,Russian Federation,197583669.12,249242915.01,2.63,4.52,49.73,1,1,21.5,11.7,18.7,27.4,19.10167269876996,19.33393854517866,1.8899999999999997,14.29
RUS,2006,Russian Federation,Russian Federation,253788265.61,314939464.96,2.04,4.47,55.97,1,1,19.0,19.3,17.7,22.1,19.35201088132482,19.56789100676703,2.4299999999999997,18.16
RUS,2007,Russian Federation,Russian Federation,349850817.33,361500812.7,1.84,3.92,53.81,1,1,16.5,18.8,15.8,22.6,19.673017388241625,19.70577485045959,2.08,20.39
RUS,2008,Russian Federation,Russian Federation,442499957.21,462656759.91,1.57,4.39,66.16,1,1,12.1,20.2,15.9,22.6,19.907950927971577,19.952495999996827,2.8199999999999994,15.63
RUS,2009,Russian Federation,Russian Federation,254435473.77,303215133.22,1.55,3.87,64.42,1,1,11.0,17.1,24.6,23.2,19.35455782455934,19.529953125460395,2.3200000000000003,-20.02
RUS,2010,Russian Federation,Russian Federation,334792922.21,387606603.33,1.47,3.57,63.64,1,1,13.3,18.5,26.5,23.7,19.629022758990605,19.775501476870808,2.0999999999999996,15.76
RUS,2011,Russian Federation,Russian Federation,448495165.25,513572723.07,1.33,3.71,64.43,1,1,15.6,17.1,26.8,24.4,19.921408461813073,20.056902201589438,2.38,15.64
RUS,2012,Russian Federation,Russian Federation,470893840.63,518498110.01,1.42,3.75,68.65,1,1,15.2,20.9,22.5,19.2,19.970143237256107,20.066446942444962,2.33,1.64
RUS,2013,Russian Federation,Russian Federation,475284700.49,507172370.95,1.37,3.61,64.54,1,1,15.6,22.3,23.0,18.8,19.97942455400542,20.04436148789624,2.2399999999999998,-0.2
RUS,2014,Russian Federation,Russian Federation,424763374.83,471232108.04,1.53,3.42,46.18,1,1,17.3,14.8,25.0,20.7,19.867042809085813,19.97086133110395,1.89,-4.6
RUS,2015,Russian Federation,Russian Federation,258884297.53,325446461.3,1.69,3.54,43.21,1,1,15.7,13.8,22.9,20.2,19.371891796030603,19.600708527743837,1.85,-20.15
RUS,2016,Russian Federation,Russian Federation,254039189.8,281769055.91,1.88,3.8,43.48,1,1,21.4,15.2,19.0,17.7,19.352999107568827,19.456598346254335,1.92,6.53
RUS,2017,Russian Federation,Russian Federation,308206023.24,353942266.62,1.8,3.97,40.93,1,1,16.7,24.3,21.0,18.7,19.546279027187488,19.6846443719789,2.17,11.95
RUS,2018,Russian Federation,Russian Federation,324434963.81,443101838.3,1.89,3.73,35.16,1,1,19.0,27.4,21.0,18.9,19.597595657412157,19.90931018714282,1.84,-3.87
RUS,2019,Russian Federation,Russian Federation,329275365.98,412721965.82,1.77,4.18,36.97,1,1,23.8,25.9,23.8,17.9,19.612404940357912,19.838284720396196,2.4099999999999997,1.43
RUS,2020,Russian Federation,Russian Federation,304069411.97,329678782.3,1.92,4.71,42.3,1,1,19.0,22.6,21.9,20.3,19.532766565444838,19.613629354439613,2.79,-3.19
RUS,2021,Russian Federation,Russian Federation,369704970.09,497599095.74,1.85,4.14,41.45,1,1,19.5,21.7,20.0,19.8,19.728215870097227,20.025305284154477,2.2899999999999996,12.56
RWA,1998,Rwanda,Rwanda,225797.92,82088.03,0.97,14.34,80.37,1,1,29.9,4.3,6.0,10.0,12.32740014769246,11.315559668973314,13.37,1.32
RWA,2002,Rwanda,Rwanda,260593.37,115233.24,2.9,13.88,76.01,1,1,31.7,5.8,16.9,7.5,12.470720339448722,11.654722205304376,10.98,-4.75
RWA,2003,Rwanda,Rwanda,327081.76,113350.87,0.57,8.22,85.9,1,1,35.4,17.1,17.4,10.4,12.697968506542868,11.638252153373477,7.65,1.73
RWA,2004,Rwanda,Rwanda,403459.83,344685.66,8.0,6.63,79.08,1,1,40.4,14.6,21.2,8.7,12.9078346863914,12.750391051436962,-1.37,8.87
RWA,2005,Rwanda,Rwanda,485842.02,108892.4,2.49,16.41,70.88,1,1,31.7,18.0,23.4,13.5,13.09364084659034,11.598124701023824,13.92,9.85
RWA,2006,Rwanda,Rwanda,585865.29,109692.53,1.41,15.97,72.5,1,1,49.8,25.6,30.1,13.5,13.280846868462055,11.605445665490262,14.56,23.1
RWA,2007,Rwanda,Rwanda,725024.68,133263.85,1.39,13.88,76.55,1,1,57.3,32.4,35.4,11.1,13.49396235389917,11.800093780471505,12.49,5.22
RWA,2008,Rwanda,Rwanda,1159333.0,193043.77,1.8,13.07,72.59,1,1,60.2,33.2,38.5,12.0,13.963356260271219,12.17067740989831,11.27,30.55
RWA,2009,Rwanda,Rwanda,1093067.06,207105.51,1.29,13.16,80.52,1,1,60.8,28.0,37.0,11.8,13.90449903420449,12.240988480979446,11.870000000000001,1.94
RWA,2010,Rwanda,Rwanda,1200792.66,193373.06,12.51,13.17,79.53,1,1,68.1,36.0,44.5,11.8,13.998493279473992,12.17238172684222,0.6600000000000001,6.0
RWA,2011,Rwanda,Rwanda,1244731.87,338760.63,3.94,10.92,87.95,1,1,68.2,39.8,46.5,11.7,14.034431502610175,12.733051982690036,6.98,10.62
RWA,2012,Rwanda,Rwanda,1278121.08,327587.92,9.61,11.67,87.74,1,1,71.6,38.4,48.4,13.6,14.060902433614116,12.69951480865526,2.0600000000000005,-0.37
RWA,2013,Rwanda,Rwanda,1379319.37,358021.39,7.71,10.89,88.84,1,1,72.0,42.2,51.2,15.0,14.137101450315322,12.788350805326616,3.1800000000000006,14.3
RWA,2014,Rwanda,Rwanda,1247041.97,373720.05,2.47,10.5,77.23,1,1,75.5,35.2,61.5,17.2,14.036285682769368,12.831264942493013,8.03,5.19
RWA,2015,Rwanda,Rwanda,1389949.56,371039.8,5.04,9.88,93.74,1,1,70.5,45.7,58.6,17.2,14.144778736128982,12.824067308588802,4.840000000000001,3.94
RWA,2016,Rwanda,Rwanda,1818061.2,444096.43,1.38,8.97,88.84,1,1,70.5,44.8,56.7,15.8,14.413281766555636,13.003799254278535,7.590000000000001,3.66
RWA,2017,Rwanda,Rwanda,1522459.07,605789.57,5.26,11.84,63.59,1,1,71.4,49.5,58.1,16.7,14.23583805162128,13.314289611260655,6.58,2.97
RWA,2018,Rwanda,Rwanda,2290562.62,1021970.23,1.27,7.29,64.85,1,1,69.0,52.4,56.7,16.5,14.644308467518046,13.837243898664617,6.02,2.34
RWA,2019,Rwanda,Rwanda,1719356.59,797156.76,4.66,9.92,48.93,1,1,67.1,49.5,54.8,18.8,14.357461284837264,13.588807880467925,5.26,6.2
RWA,2020,Rwanda,Rwanda,1845249.59,930732.0,5.33,7.29,66.15,1,1,67.6,49.5,54.8,18.8,14.42812564737212,13.743727726727975,1.96,7.8
RWA,2021,Rwanda,Rwanda,2578028.36,769436.46,3.78,6.96,69.96,1,1,70.0,50.5,56.2,22.2,14.762535851089808,13.553414955403941,3.18,0.4
SAU,1996,Saudi Arabia,Saudi Arabia,29570735.26,55458127.65,10.2,11.16,33.63,1,1,51.1,41.0,56.3,9.0,17.20229579040269,17.8311388552458,0.9600000000000009,-0.57
SAU,2000,Saudi Arabia,Saudi Arabia,42350782.44,77959642.84,4.19,4.86,35.66,1,1,50.5,55.6,47.3,6.0,17.561497478064783,18.171701864096534,0.6699999999999999,0.65
SAU,2002,Saudi Arabia,Saudi Arabia,48129449.04,67769935.29,7.33,5.93,33.61,1,1,60.8,46.6,52.7,4.0,17.68940481466092,18.03162923702037,-1.4000000000000004,2.23
SAU,2003,Saudi Arabia,Saudi Arabia,54892382.43,89482349.11,3.96,4.66,34.51,1,1,52.9,49.2,55.7,5.5,17.820885161518145,18.309551958322665,0.7000000000000002,13.96
SAU,2004,Saudi Arabia,Saudi Arabia,58868012.66,117991690.88,2.25,3.93,38.49,1,1,46.3,24.8,52.4,10.1,17.89080843931069,18.586124772154584,1.6800000000000002,6.58
SAU,2005,Saudi Arabia,Saudi Arabia,70569199.52,163399538.5,1.74,4.07,61.57,1,1,54.1,38.8,52.2,6.3,18.072104354019544,18.91170892214875,2.33,12.85
SAU,2006,Saudi Arabia,Saudi Arabia,84090064.0,206712569.32,1.71,3.81,56.65,1,1,50.7,29.5,53.6,3.8,18.24739898479011,19.14683983712315,2.1,8.75
SAU,2007,Saudi Arabia,Saudi Arabia,107653229.55,218489570.88,1.44,3.26,57.55,1,1,52.4,28.5,55.5,5.8,18.494425791078193,19.202248845411344,1.8199999999999998,13.91
SAU,2008,Saudi Arabia,Saudi Arabia,131383228.49,319782531.0,1.27,3.84,52.23,1,1,57.3,32.2,56.3,4.3,18.693629026417398,19.583151735233788,2.57,13.07
SAU,2009,Saudi Arabia,Saudi Arabia,110026553.34,179697218.72,1.39,3.25,55.9,1,1,57.9,28.9,55.9,3.3,18.516232297714563,19.006783879847788,1.86,-9.25
SAU,2010,Saudi Arabia,Saudi Arabia,123734401.7,241534384.1,1.76,2.94,42.06,1,1,59.5,37.4,60.2,3.8,18.63364791268164,19.302522402288094,1.18,5.87
SAU,2011,Saudi Arabia,Saudi Arabia,151400630.0,351539143.49,1.45,2.95,45.32,1,1,47.9,31.3,57.3,2.3,18.83544006672644,19.677831627139646,1.5000000000000002,11.13
SAU,2012,Saudi Arabia,Saudi Arabia,185466465.47,377784936.54,1.02,2.88,57.92,1,1,56.9,32.2,58.7,2.8,19.03838464992359,19.749835643364477,1.8599999999999999,8.72
SAU,2013,Saudi Arabia,Saudi Arabia,198637541.23,371071845.53,1.03,2.6,57.18,1,1,57.3,32.7,56.8,2.8,19.10699232610133,19.73190625823782,1.57,3.81
SAU,2014,Saudi Arabia,Saudi Arabia,204532873.03,351342971.01,1.28,2.71,42.08,1,1,59.6,36.2,62.0,3.0,19.136239273730652,19.67727343258472,1.43,1.59
SAU,2015,Saudi Arabia,Saudi Arabia,202261370.99,190087636.18,1.6,3.11,44.43,1,1,56.2,23.8,59.0,3.4,19.125071339714015,19.062995772098244,1.5099999999999998,1.93
SAU,2016,Saudi Arabia,Saudi Arabia,158585401.99,173339498.98,1.8,3.32,43.75,1,1,61.4,28.1,61.4,4.9,18.881803826296352,18.97076265704649,1.5199999999999998,-10.45
SAU,2017,Saudi Arabia,Saudi Arabia,161060829.38,214541161.45,1.27,3.09,37.53,1,1,63.3,23.8,56.2,5.9,18.89729268003675,19.184012177455784,1.8199999999999998,-2.04
SAU,2018,Saudi Arabia,Saudi Arabia,160934760.87,290844266.22,1.36,2.67,33.9,1,1,63.8,23.1,57.6,5.3,18.896509635054294,19.48829851769186,1.3099999999999998,0.26
SAU,2019,Saudi Arabia,Saudi Arabia,170247585.46,249874423.09,1.09,2.88,37.45,1,1,62.4,23.6,57.1,5.3,18.952764326447006,19.336469045989784,1.7899999999999998,3.32
SAU,2020,Saudi Arabia,Saudi Arabia,158941990.01,173868473.74,1.63,3.6,37.65,1,1,61.4,23.6,58.1,5.3,18.884049857200413,18.97380967904932,1.9700000000000002,-4.62
SAU,2021,Saudi Arabia,Saudi Arabia,173994994.38,252012135.95,1.59,3.15,36.25,1,1,62.4,24.5,57.1,6.3,18.974537094581255,19.344987806815922,1.5599999999999998,7.83
SDN,1996,Fm Sudan,Sudan,869939.31,466734.88,9.56,9.02,63.93,1,1,7.0,1.1,2.0,2.5,13.676179879081646,13.053518809205615,-0.5400000000000009,-4.85
SDN,1998,Fm Sudan,Sudan,1435353.28,586588.35,19.12,12.3,61.9,1,1,12.8,2.1,2.5,2.5,14.176922261722188,13.282080279888461,-6.82,12.24
SDN,2000,Fm Sudan,Sudan,1698207.38,1844944.48,6.02,7.04,61.56,1,1,14.9,1.1,2.0,2.5,14.3450843591719,14.42796028488465,1.0200000000000005,29.21
SDN,2002,Fm Sudan,Sudan,2705218.52,2243802.85,4.38,6.92,63.04,1,1,12.2,3.7,8.0,7.0,14.810693620389552,14.623683130930731,2.54,7.85
SDN,2003,Fm Sudan,Sudan,3480285.45,2799554.41,5.25,5.92,63.58,1,1,7.4,4.0,3.5,5.0,15.0626251615815,14.844971180395357,0.6699999999999999,12.96
SDN,2004,Fm Sudan,Sudan,5107876.12,4091179.29,5.72,5.2,72.64,1,1,9.4,6.8,4.8,4.3,15.446294439463061,15.224344065850042,-0.5199999999999996,16.94
SDN,2005,Fm Sudan,Sudan,7881509.87,5360401.38,4.59,4.45,69.78,1,1,3.9,3.4,2.9,4.3,15.880030178226873,15.494549601124827,-0.13999999999999968,33.63
SDN,2006,Fm Sudan,Sudan,9230243.12,6136727.03,5.33,4.14,66.05,1,1,9.3,1.9,7.2,6.3,16.037996054666657,15.629802263947973,-1.1900000000000004,1.8
SDN,2007,Fm Sudan,Sudan,8500541.06,8686026.33,2.17,3.2,75.12,1,1,4.4,2.4,5.7,6.7,15.955640491191918,15.977226238514504,1.0300000000000002,12.75
SDN,2008,Fm Sudan,Sudan,10448775.6,13292070.97,1.84,3.41,73.95,1,1,2.9,1.4,4.8,6.3,16.161995457751324,16.40267832297702,1.57,14.12
SDN,2009,Fm Sudan,Sudan,8976551.45,8213075.22,0.74,3.22,74.32,1,1,10.5,0.9,8.5,6.2,16.01012645231054,15.921238103088374,2.4800000000000004,-18.99
SDN,2010,Fm Sudan,Sudan,9698888.55,10873071.54,0.99,2.8,53.48,1,1,8.6,0.9,6.6,4.3,16.087521957538904,16.201799881529414,1.8099999999999998,22.17
SDN,2010,Sudan,Sudan,82550.6,17.85,1.82,13.49,32.28,0,0,8.6,0.9,6.6,4.3,11.321178831353052,2.9365129138940196,11.67,22.17
SDN,2011,Fm Sudan,Sudan,9835673.64,15673403.04,0.58,3.13,76.84,1,1,9.0,0.9,7.5,4.2,16.101526603283926,16.56747582366971,2.55,-10.34
SDN,2011,Sudan,Sudan,596050.48,34331.56,5.05,4.5,30.69,0,0,9.0,0.9,7.5,4.2,13.298082318156235,10.443849454018142,-0.5499999999999998,-10.34
SDN,2013,Sudan,Sudan,9728428.56,6136185.68,9.58,8.98,36.11,1,1,0.5,2.4,8.0,3.8,16.09056303928556,15.62971404529525,-0.5999999999999996,1.06
SDN,2014,Sudan,Sudan,8690955.1,5614101.4,9.22,5.95,38.96,1,1,3.4,3.8,9.1,3.9,15.977793514204446,15.540792275851617,-3.2700000000000005,20.01
SDN,2015,Sudan,Sudan,9202666.75,3807981.98,5.82,5.68,29.68,1,1,3.3,3.8,8.1,3.9,16.03500397281136,15.152610205345589,-0.14000000000000057,-6.92
SDN,2016,Sudan,Sudan,8329797.49,3710688.89,9.14,6.95,33.33,1,1,3.3,2.9,8.6,3.4,15.93534982297407,15.12672837147418,-2.1900000000000004,10.51
SDN,2017,Sudan,Sudan,9955435.34,5020979.57,3.48,6.65,30.62,1,1,2.9,5.7,11.4,2.5,16.113629325760456,15.429135805262293,3.1700000000000004,0.01
SDN,2018,Sudan,Sudan,8667994.13,4355454.77,2.7,4.84,29.71,1,1,6.2,6.1,11.0,2.9,15.975148079801588,15.286939817213055,2.1399999999999997,1.0
SEN,1998,Senegal,Senegal,1483604.98,713933.41,4.85,12.03,67.93,1,1,52.4,16.5,55.0,49.3,14.209986155325497,13.478546374356982,7.18,-3.96
SEN,2000,Senegal,Senegal,2851716.12,695339.66,5.61,13.93,79.75,1,1,53.7,27.5,52.7,54.7,14.863431869061248,13.452157162731984,8.32,-1.81
SEN,2002,Senegal,Senegal,3086378.92,861128.59,6.3,12.45,71.46,1,1,64.6,36.0,57.2,59.7,14.942509415150798,13.6660002831179,6.1499999999999995,6.89
SEN,2003,Senegal,Senegal,3586035.49,872747.27,7.61,12.63,72.08,1,1,54.0,37.2,50.7,56.7,15.092558108778656,13.679402442725271,5.0200000000000005,10.33
SEN,2004,Senegal,Senegal,3903215.37,962488.43,7.51,11.28,72.05,1,1,56.2,46.6,53.8,56.3,15.17731148146964,13.777278363265593,3.7699999999999996,8.8
SEN,2005,Senegal,Senegal,4931710.33,1059787.83,7.57,10.59,65.25,1,1,55.6,39.8,54.5,53.4,15.411196611545314,13.873580229260778,3.0199999999999996,10.99
SEN,2006,Senegal,Senegal,5572952.91,971884.89,4.11,10.66,69.81,1,1,41.5,37.2,49.3,48.6,15.533435796286001,13.786993679431653,6.55,2.45
SEN,2007,Senegal,Senegal,7239473.98,1409236.14,4.71,9.6,72.33,1,1,36.4,37.2,48.3,40.9,15.795059245157859,14.158559080480861,4.89,15.2
SEN,2008,Senegal,Senegal,10376724.58,1717966.65,4.23,10.27,71.56,1,1,37.4,39.4,47.1,40.9,16.155075931215094,14.356652551314125,6.039999999999999,15.76
SEN,2009,Senegal,Senegal,7154312.91,1171164.96,5.51,9.48,71.33,1,1,37.3,38.4,43.6,38.9,15.783226076787287,13.973510357559162,3.9700000000000006,-15.03
SEN,2010,Senegal,Senegal,8409000.88,1724636.13,4.82,9.95,56.26,1,1,30.5,31.8,41.7,37.4,15.944813342384995,14.360527226898661,5.129999999999999,0.68
SEN,2011,Senegal,Senegal,11632469.85,2433322.71,4.4,9.45,69.31,1,1,37.9,37.9,40.4,40.4,16.269310956787635,14.704768662648169,5.049999999999999,11.22
SEN,2012,Senegal,Senegal,12913202.37,2864994.55,3.53,8.43,70.08,1,1,49.3,40.8,46.9,49.3,16.373760862949716,14.868077354901148,4.9,4.35
SEN,2013,Senegal,Senegal,12035235.28,1691525.04,3.3,9.58,72.86,1,1,53.1,43.6,47.9,51.6,16.303349261744437,14.341141661704564,6.28,0.91
SEN,2014,Senegal,Senegal,12339850.79,1788384.26,3.32,9.34,63.03,1,1,58.7,37.1,55.3,58.1,16.32834456583454,14.396823681303971,6.02,-0.38
SEN,2015,Senegal,Senegal,10770081.92,2253224.21,5.49,9.38,39.32,1,1,57.6,41.9,51.9,57.6,16.192282748267278,14.62787317447197,3.8900000000000006,-7.24
SEN,2016,Senegal,Senegal,10968074.23,2909958.42,1.74,8.7,67.62,1,1,56.2,37.6,51.0,57.6,16.210499359245258,14.88364969403326,6.959999999999999,-1.06
SEN,2017,Senegal,Senegal,12870779.28,3425376.51,0.96,7.89,68.96,1,1,52.9,43.8,48.6,57.1,16.370470205551143,15.046722245502286,6.93,10.83
SEN,2018,Senegal,Senegal,15028089.56,4156488.46,1.67,7.19,65.61,1,1,55.2,42.0,45.7,54.9,16.52543171174248,15.240181396162743,5.5200000000000005,9.52
SEN,2019,Senegal,Senegal,15150295.4,4129790.95,2.33,9.67,66.53,1,1,55.7,48.6,47.1,54.1,16.533530654084707,15.233737588365674,7.34,0.44
SEN,2020,Senegal,Senegal,13613822.11,2686250.06,2.83,9.61,70.24,1,1,55.7,42.5,41.4,55.1,16.42659623966337,14.803657121540919,6.779999999999999,-2.05
SEN,2021,Senegal,Senegal,18305116.32,3400026.67,1.69,8.59,70.93,1,1,57.1,41.5,39.0,54.6,16.722691213693754,15.039294127788569,6.9,11.42
SGP,1996,Singapore,Singapore,105193413.37,86039447.58,7.14,7.85,28.22,1,1,97.3,87.2,87.9,55.5,18.47131125526273,18.270316453463675,0.71,2.71
SGP,1998,Singapore,Singapore,88970285.32,79603541.15,6.47,7.09,27.9,1,1,96.8,78.7,88.0,53.2,18.303813010379198,18.1925691491964,0.6200000000000001,-12.36
SGP,2000,Singapore,Singapore,134127338.25,100941549.18,5.25,5.77,35.85,1,1,97.3,84.1,87.1,53.7,18.714300199583178,18.430052196198528,0.5199999999999996,10.07
SGP,2002,Singapore,Singapore,118934085.79,92422687.33,4.39,5.8,41.29,1,1,98.9,90.5,89.6,51.7,18.594080005099663,18.341883051167716,1.4100000000000001,0.19
SGP,2003,Singapore,Singapore,129306387.37,106510713.64,4.01,5.08,41.43,1,1,97.9,75.4,92.0,47.3,18.677695249868837,18.48375614500157,1.0700000000000003,8.35
SGP,2004,Singapore,Singapore,158305609.56,130117075.19,4.02,4.31,30.18,1,1,98.5,85.4,94.2,52.4,18.88003796680055,18.683945189212448,0.29000000000000004,12.69
SGP,2005,Singapore,Singapore,181039454.58,151300715.2,3.86,4.58,29.98,1,1,98.0,88.8,94.7,55.3,19.0142255521043,18.834779912389152,0.7200000000000002,7.53
SGP,2006,Singapore,Singapore,212429051.09,173851036.15,3.52,4.48,33.58,1,1,98.0,93.2,91.9,34.1,19.17411861806326,18.973709382175443,0.9600000000000004,9.33
SGP,2007,Singapore,Singapore,242197720.43,190846501.5,3.23,4.22,36.7,1,1,98.1,92.8,91.4,35.6,19.305264981235542,19.066980011077188,0.9899999999999998,5.05
SGP,2008,Singapore,Singapore,284088658.01,216205444.14,3.68,5.88,33.93,1,1,98.1,99.0,91.3,35.1,19.464796927020238,19.191739648513654,2.1999999999999997,10.45
SGP,2009,Singapore,Singapore,232446049.28,178071639.27,3.36,4.37,37.9,1,1,98.1,90.5,91.5,40.8,19.264168714259366,18.99769650071262,1.0100000000000002,-12.52
SGP,2010,Singapore,Singapore,283683816.14,219320306.12,3.42,4.45,40.54,1,1,98.6,90.5,91.9,40.3,19.463370855994906,19.206043808827427,1.0300000000000002,12.53
SGP,2011,Singapore,Singapore,333904541.89,255739125.84,3.68,4.6,37.21,1,1,97.2,91.0,93.0,45.1,19.62636571036191,19.35966844709262,0.9199999999999995,9.1
SGP,2012,Singapore,Singapore,344457775.95,265072169.74,3.48,4.64,37.58,1,1,97.2,97.2,93.9,51.6,19.657482077626376,19.395512689287127,1.1599999999999997,1.75
SGP,2013,Singapore,Singapore,350901223.86,253325699.57,3.43,4.53,36.49,1,1,96.7,96.7,94.4,50.7,19.67601533117146,19.350186572793696,1.1,0.29
SGP,2014,Singapore,Singapore,356379052.39,255300011.35,2.67,4.31,47.97,1,1,96.2,93.3,93.3,45.8,19.691505479078412,19.357949930586173,1.6399999999999997,-1.31
SGP,2015,Singapore,Singapore,307870281.7,228530657.09,2.99,4.46,45.85,1,1,96.7,95.2,94.3,41.4,19.545189092160104,19.24718093037061,1.4699999999999998,-9.71
SGP,2016,Singapore,Singapore,291595859.83,209145163.17,3.04,4.41,44.16,1,1,97.1,99.0,96.2,40.9,19.49087936331353,19.158539134236864,1.37,-2.67
SGP,2017,Singapore,Singapore,324115886.89,241173092.07,2.66,4.42,46.89,1,1,97.6,99.0,96.7,41.4,19.596611688477676,19.301025462158492,1.7599999999999998,5.96
SGP,2018,Singapore,Singapore,350767605.1,273959660.24,3.2,5.12,50.0,1,1,98.6,98.6,97.6,41.7,19.675634471267987,19.428491431762332,1.92,6.33
SGP,2019,Singapore,Singapore,337952557.56,255470223.87,2.93,4.97,48.57,1,1,99.0,97.6,97.6,39.1,19.638416084306066,19.358616424104774,2.0399999999999996,-1.57
SGP,2020,Singapore,Singapore,312681362.45,243048065.88,2.07,4.61,73.58,1,1,99.0,97.2,98.6,38.2,19.560695221835232,19.30876978783431,2.5400000000000005,-4.32
SGP,2021,Singapore,Singapore,366827604.72,297256085.21,1.7,4.17,74.57,1,1,98.6,97.6,98.6,40.6,19.72040255647427,19.51010456838022,2.4699999999999998,11.24
SLB,2003,Solomon Islands,Solomon Islands,108292.92,129620.77,1.55,6.28,88.52,1,1,61.9,59.3,58.7,58.7,11.592604291062276,11.772376027188582,4.73,27.35
SLB,2004,Solomon Islands,Solomon Islands,120428.67,195158.87,2.45,5.81,89.72,1,1,54.2,46.1,23.6,37.5,11.698821210069752,12.181574347809445,3.3599999999999994,13.76
SLB,2005,Solomon Islands,Solomon Islands,154617.05,214650.75,2.17,11.83,76.66,1,1,58.0,45.6,25.4,47.1,11.948713161231105,12.276772226426367,9.66,6.93
SLB,2006,Solomon Islands,Solomon Islands,199903.68,245501.33,1.88,6.85,74.86,1,1,50.2,48.3,32.1,47.1,12.205595931920294,12.411061717006705,4.97,29.34
SLB,2007,Solomon Islands,Solomon Islands,260517.48,332476.67,1.81,6.86,77.67,1,1,43.2,51.2,24.9,48.6,12.47042907815844,12.714327978928116,5.050000000000001,10.77
SLB,2008,Solomon Islands,Solomon Islands,272335.38,387107.0,1.53,5.69,83.64,1,1,43.2,51.9,31.7,49.5,12.514793272381954,12.866459002846636,4.16,3.72
SLB,2009,Solomon Islands,Solomon Islands,244929.21,285124.46,2.47,6.89,86.49,1,1,49.3,52.1,30.8,53.6,12.408728591804504,12.560684572912875,4.42,-16.56
SLB,2010,Solomon Islands,Solomon Islands,331784.3,412843.72,1.18,4.89,76.49,1,1,45.7,56.4,31.3,49.8,12.71224335195957,12.930826820615192,3.71,23.93
SLB,2011,Solomon Islands,Solomon Islands,448267.33,615681.53,0.57,6.82,88.31,1,1,45.0,56.4,36.6,49.3,13.013147282990484,13.330486736288528,6.25,16.69
SLB,2012,Solomon Islands,Solomon Islands,463668.4,687112.23,0.92,9.13,90.42,1,1,45.0,52.6,38.5,48.4,13.046927077259634,13.440254375672975,8.21,5.13
SLB,2013,Solomon Islands,Solomon Islands,402513.3,657923.27,1.1,10.51,79.94,1,1,42.7,57.8,39.9,48.4,12.905485903159963,13.396845112498545,9.41,8.43
SLB,2014,Solomon Islands,Solomon Islands,392839.77,686581.76,0.36,8.07,70.51,1,1,49.5,61.0,35.1,56.2,12.88115964335532,13.43948205045658,7.71,-7.23
SLB,2015,Solomon Islands,Solomon Islands,387148.72,714410.64,0.56,6.89,57.03,1,1,45.7,66.2,37.6,58.1,12.866566770580718,13.479214601804747,6.33,-3.41
SLB,2016,Solomon Islands,Solomon Islands,405304.49,615975.39,1.58,5.85,69.78,1,1,42.9,62.9,43.8,62.6,12.912396358046495,13.330963913859044,4.27,-1.29
SLB,2017,Solomon Islands,Solomon Islands,435375.3,850212.36,2.6,10.54,64.85,1,1,58.1,54.3,47.1,62.6,12.983965993595511,13.653242608733022,7.9399999999999995,12.24
SLB,2018,Solomon Islands,Solomon Islands,463991.41,935802.58,1.69,7.32,65.13,1,1,55.7,58.0,47.6,59.2,13.047623473315982,13.749160883010695,5.630000000000001,2.56
SLE,2015,Sierra Leone,Sierra Leone,1438918.52,651254.28,0.32,5.63,53.59,1,1,22.9,42.4,18.6,37.4,14.179403056577902,13.386656979502453,5.31,-7.51
SLE,2016,Sierra Leone,Sierra Leone,1183394.01,679539.91,0.68,5.39,54.99,1,1,21.0,39.5,22.4,39.9,13.98389799255199,13.429172716794874,4.71,-26.21
SLE,2017,Sierra Leone,Sierra Leone,1347738.87,903166.43,1.1,5.19,54.12,1,1,32.9,45.7,22.4,40.4,14.113939577054913,13.713663230494225,4.09,5.87
SLE,2018,Sierra Leone,Sierra Leone,1297292.4,712447.69,0.82,4.28,53.28,1,1,35.7,43.4,22.4,38.3,14.07579065205676,13.47646317449672,3.4600000000000004,-4.12
SLV,1996,El Salvador,El Salvador,2441782.18,1920644.92,12.83,20.11,22.16,1,1,21.5,39.4,22.1,47.5,14.708239141832122,14.468172104095231,7.279999999999999,0.8
SLV,1998,El Salvador,El Salvador,3504629.81,2695509.26,11.04,19.44,33.98,1,1,25.7,49.5,29.0,49.8,15.069595740520672,14.807098080210523,8.400000000000002,2.44
SLV,2000,El Salvador,El Salvador,4599529.24,2791610.85,10.41,18.57,47.65,1,1,29.8,60.3,26.9,51.2,15.341464734505413,14.842129710993614,8.16,34.05
SLV,2002,El Salvador,El Salvador,4545533.88,3111187.14,9.8,24.44,53.98,1,1,25.9,55.0,35.3,52.7,15.329655964037872,14.950515249782466,14.64,2.5
SLV,2003,El Salvador,El Salvador,5215518.1,3261267.76,9.99,17.22,60.59,1,1,41.8,38.7,37.8,52.2,15.467149181252323,14.997626867812084,7.229999999999999,4.16
SLV,2004,El Salvador,El Salvador,5281333.98,3342795.93,6.74,16.48,72.5,1,1,36.0,42.7,37.0,50.0,15.479689460845737,15.022318418717228,9.74,4.14
SLV,2005,El Salvador,El Salvador,5735228.84,3419266.88,9.13,17.85,53.69,1,1,38.5,44.7,37.8,48.1,15.56213838446444,15.044937015947058,8.72,-5.91
SLV,2006,El Salvador,El Salvador,6876011.57,3204719.6,8.4,18.06,61.47,1,1,42.9,40.6,29.7,51.4,15.743549473580936,14.980135468249783,9.659999999999998,6.77
SLV,2007,El Salvador,El Salvador,7680886.89,4063690.33,4.68,17.77,82.9,1,1,38.8,43.0,27.3,50.5,15.854245709118539,15.217602313092156,13.09,6.6
SLV,2008,El Salvador,El Salvador,8454894.14,4202179.03,5.26,17.67,80.89,1,1,41.3,45.2,28.4,51.0,15.950256138108992,15.251114003353175,12.410000000000002,5.5
SLV,2009,El Salvador,El Salvador,6169322.79,3809016.62,5.73,16.85,73.93,1,1,50.2,44.1,26.5,49.8,15.635099793441082,15.1528818713361,11.120000000000001,-13.62
SLV,2010,El Salvador,El Salvador,7320600.33,4522474.38,6.47,14.83,70.52,1,1,49.5,48.3,22.7,50.7,15.806203031470561,15.324570052345116,8.36,7.19
SLV,2011,El Salvador,El Salvador,9442451.31,5547498.05,6.56,15.26,67.32,1,1,51.2,49.8,26.3,50.7,16.06072628298676,15.52885776254056,8.7,8.81
SLV,2012,El Salvador,El Salvador,9080873.1,5334559.65,6.73,14.85,67.82,1,1,42.7,54.5,28.6,46.9,16.021681012463976,15.489717086936968,8.12,1.46
SLV,2013,El Salvador,El Salvador,9042948.77,4974705.68,6.72,14.61,68.84,1,1,45.5,45.5,33.8,47.4,16.01749598113459,15.419876968042722,7.89,2.36
SLV,2014,El Salvador,El Salvador,9404174.89,5180332.91,5.77,13.54,79.42,1,1,43.3,43.8,37.0,51.2,16.056664392210273,15.46038007354808,7.77,-1.09
SLV,2015,El Salvador,El Salvador,9205799.59,5479014.6,7.56,14.24,75.25,1,1,41.0,45.2,30.5,51.7,16.03534434225138,15.516436007751397,6.680000000000001,-1.06
SLV,2016,El Salvador,El Salvador,8725008.64,5445132.98,7.08,13.69,73.04,1,1,33.3,43.3,24.8,53.2,15.981704130923214,15.510232920107079,6.609999999999999,-2.3
SLV,2017,El Salvador,El Salvador,9252339.28,5820519.91,5.94,13.06,72.67,1,1,37.1,35.7,20.5,52.2,16.04038708073193,15.576900319138852,7.12,3.73
SLV,2018,El Salvador,El Salvador,10750922.92,5932914.32,5.49,13.21,79.19,1,1,32.4,32.1,17.6,48.1,16.190502254891307,15.596026272426974,7.720000000000001,4.14
SLV,2019,El Salvador,El Salvador,10954760.91,5831426.66,7.9,14.75,74.75,1,1,33.8,42.9,19.5,50.7,16.209284797320485,15.578772409994713,6.85,0.6
SLV,2020,El Salvador,El Salvador,9501529.89,5056246.76,4.98,12.12,75.16,1,1,31.0,44.3,23.3,50.7,16.066963489903884,15.43613521677277,7.139999999999999,-7.68
SLV,2021,El Salvador,El Salvador,12861289.34,6500987.73,7.11,12.92,77.54,1,1,32.9,44.8,21.4,45.4,16.36973260922084,15.687464835605653,5.81,21.59
STP,2000,Sao Tome and Principe,Sao Tome and Principe,66485.99,21733.76,0.55,11.07,84.37,1,1,64.9,85.2,58.2,64.2,11.104761568406376,9.986668101263929,10.52,-11.5
STP,2002,Sao Tome and Principe,Sao Tome and Principe,105391.11,12315.74,0.74,10.93,87.53,1,1,63.5,68.3,46.8,64.7,11.565443054602413,9.418714591682393,10.19,4.42
STP,2003,Sao Tome and Principe,Sao Tome and Principe,107361.41,13503.05,0.93,10.33,81.15,1,1,54.5,53.8,45.3,56.2,11.583965399792605,9.510744919435519,9.4,14.58
STP,2004,Sao Tome and Principe,Sao Tome and Principe,105544.07,12926.43,0.81,8.86,86.48,1,1,36.9,64.1,44.7,52.9,11.566893344464168,9.467106689442334,8.049999999999999,0.73
STP,2005,Sao Tome and Principe,Sao Tome and Principe,96977.77,12096.31,0.93,9.17,74.99,1,1,35.6,65.0,35.9,53.8,11.482247367551484,9.400738392819814,8.24,9.7
STP,2006,Sao Tome and Principe,Sao Tome and Principe,130163.65,21248.31,0.43,11.37,82.93,1,1,47.8,54.6,38.8,55.8,11.776555466516005,9.964079703237147,10.94,19.44
STP,2007,Sao Tome and Principe,Sao Tome and Principe,161967.28,12078.54,1.23,9.0,79.46,1,1,48.5,58.5,40.2,53.8,11.995155792573579,9.399268391293566,7.77,5.66
STP,2008,Sao Tome and Principe,Sao Tome and Principe,168222.01,9703.59,1.56,9.54,76.77,1,1,48.1,50.0,37.0,53.8,12.033045818591395,9.1803542484459,7.979999999999999,19.83
STP,2009,Sao Tome and Principe,Sao Tome and Principe,187566.34,18002.29,0.22,8.39,86.7,1,1,52.6,49.8,29.4,54.5,12.141893206581543,9.798309797954257,8.17,-0.14
STP,2010,Sao Tome and Principe,Sao Tome and Principe,213866.94,18386.56,1.04,8.43,54.18,1,1,51.4,50.7,29.9,53.6,12.273114000713944,9.819429627990704,7.39,-0.7
STP,2011,Sao Tome and Principe,Sao Tome and Principe,240679.72,16434.26,1.37,9.63,76.77,1,1,54.0,47.9,30.0,55.9,12.391226520853829,9.707184305869749,8.260000000000002,9.19
STP,2012,Sao Tome and Principe,Sao Tome and Principe,197550.97,13920.16,1.09,8.55,83.09,1,1,54.0,45.5,27.2,55.9,12.193756967948762,9.541165263749715,7.460000000000001,2.78
STP,2013,Sao Tome and Principe,Sao Tome and Principe,209799.15,10194.8,5.99,8.81,82.5,1,1,54.0,50.7,25.4,54.9,12.253910689910713,9.229731149768114,2.8200000000000003,3.77
STP,2014,Sao Tome and Principe,Sao Tome and Principe,237637.22,16332.21,1.31,6.22,42.63,1,1,57.2,53.8,23.6,58.6,12.37850471212013,9.700955737375736,4.91,5.63
STP,2015,Sao Tome and Principe,Sao Tome and Principe,203588.96,14570.4,1.43,6.77,41.52,1,1,55.2,52.4,24.8,57.1,12.2238632500654,9.586815982424858,5.34,-8.58
STP,2016,Sao Tome and Principe,Sao Tome and Principe,218224.17,22419.78,5.68,7.75,48.17,1,1,54.3,53.8,26.7,57.1,12.293282698615734,10.017743486386724,2.0700000000000003,-0.88
STP,2017,Sao Tome and Principe,Sao Tome and Principe,210965.43,14355.83,1.31,5.5,42.08,1,1,59.5,53.8,24.8,56.7,12.259454300274465,9.57198106614375,4.1899999999999995,2.72
STP,2018,Sao Tome and Principe,Sao Tome and Principe,220271.37,17080.65,0.33,6.56,43.56,1,1,59.5,64.2,24.8,51.0,12.302620105042724,9.74576006689213,6.2299999999999995,0.43
STP,2019,Sao Tome and Principe,Sao Tome and Principe,182150.19,23775.3,0.63,5.67,46.65,1,1,59.0,61.8,25.2,59.9,12.112592335492502,10.076444565203696,5.04,-0.22
STP,2020,Sao Tome and Principe,Sao Tome and Principe,185747.93,25334.29,0.77,5.28,54.7,1,1,59.0,61.8,26.2,57.5,12.132151202132727,10.139953564459852,4.51,-3.31
STP,2021,Sao Tome and Principe,Sao Tome and Principe,211799.66,28764.06,1.43,5.86,54.49,1,1,61.4,64.6,24.3,58.0,12.263400828291896,10.266916735163461,4.430000000000001,9.75
SUR,1996,Suriname,Suriname,585146.54,573489.55,2.26,9.68,63.76,1,1,61.3,60.6,48.2,48.5,13.279619299543832,13.259496737647712,7.42,-11.55
SUR,2000,Suriname,Suriname,581983.22,555176.05,3.58,11.33,79.85,1,1,68.6,55.0,50.2,61.7,13.274198612943938,13.227042350865025,7.75,2.02
SUR,2002,Suriname,Suriname,618467.5,489381.14,4.73,9.19,61.91,1,1,65.1,65.1,48.8,63.2,13.335001539849166,13.100898935659085,4.459999999999999,4.84
SUR,2003,Suriname,Suriname,794853.96,606686.3,3.83,7.18,62.88,1,1,66.7,61.8,50.2,59.7,13.585914936740648,13.31576878079552,3.3499999999999996,18.43
SUR,2004,Suriname,Suriname,863240.96,918577.97,2.87,7.41,79.79,1,1,61.6,55.3,47.6,53.8,13.668450301568553,13.730583157078131,4.54,2.52
SUR,2005,Suriname,Suriname,1179906.22,970771.38,3.96,7.47,77.07,1,1,60.0,54.9,48.3,54.8,13.98094636623193,13.785847301667594,3.51,19.13
SUR,2006,Suriname,Suriname,1314780.98,1243306.03,1.31,7.24,77.07,1,1,55.1,45.4,48.3,62.0,14.089181415171739,14.033285347232129,5.93,-1.77
SUR,2007,Suriname,Suriname,1493310.78,1473032.78,1.05,6.16,74.87,1,1,56.8,42.0,47.4,65.4,14.216506882583186,14.202834627972038,5.11,1.52
SUR,2008,Suriname,Suriname,1896164.42,1733469.97,0.41,6.64,81.32,1,1,56.8,47.6,48.6,67.3,14.455344204826764,14.365636297500306,6.2299999999999995,11.76
SUR,2009,Suriname,Suriname,1695055.72,1599406.86,0.76,5.79,77.54,1,1,49.8,50.2,50.2,59.2,14.343226761363653,14.285144031210729,5.03,3.24
SUR,2010,Suriname,Suriname,1844468.16,1874282.97,0.52,6.91,83.57,1,1,46.7,50.2,53.1,58.8,14.427702075900772,14.443737261784227,6.390000000000001,0.27
SUR,2011,Suriname,Suriname,2042897.98,2229427.79,0.75,6.78,83.22,1,1,49.8,50.2,54.0,59.2,14.529880425685395,14.61725596264274,6.03,8.26
SUR,2012,Suriname,Suriname,2393331.08,2857891.5,0.32,6.8,90.79,1,1,46.4,48.3,53.5,58.7,14.68819712867928,14.86559502304865,6.4799999999999995,2.86
SUR,2013,Suriname,Suriname,2850757.16,2496477.22,0.56,8.26,89.24,1,1,48.8,52.1,53.1,59.2,14.863095537920138,14.730391584670844,7.699999999999999,15.42
SUR,2014,Suriname,Suriname,2125852.85,2319706.73,0.44,6.68,88.05,1,1,40.4,56.2,51.4,64.5,14.56968409140063,14.656951757258264,6.239999999999999,-11.04
SUR,2015,Suriname,Suriname,2039534.3,1902818.6,0.7,7.02,85.66,1,1,49.0,56.2,48.6,59.6,14.528232545753731,14.45884734409684,6.319999999999999,2.11
SUR,2016,Suriname,Suriname,1326839.52,1469244.27,0.48,6.35,90.88,1,1,44.8,51.9,48.1,61.1,14.098311125232966,14.200259405140125,5.869999999999999,-21.46
SUR,2017,Suriname,Suriname,1602434.98,2147348.46,0.35,5.18,91.03,1,1,48.6,51.9,48.1,60.1,14.287035516900932,14.579744830267005,4.83,1.43
SUR,2018,Suriname,Suriname,1766116.46,2364541.89,0.44,6.97,88.44,1,1,46.2,50.0,51.4,57.3,14.384294169825504,14.676095280043022,6.529999999999999,12.39
SUR,2019,Suriname,Suriname,1929402.5,2820318.89,0.35,8.25,87.46,1,1,39.0,51.4,51.0,59.4,14.472721445752397,14.852360872651113,7.9,5.87
SUR,2020,Suriname,Suriname,1575547.08,2377385.47,0.23,6.0,88.22,1,1,36.2,59.4,48.6,59.4,14.27011375700992,14.681512320421358,5.77,-5.35
SUR,2021,Suriname,Suriname,1818645.44,2217099.21,0.49,5.22,86.45,1,1,39.0,57.5,47.6,58.5,14.413603068074599,14.611710688298622,4.7299999999999995,-5.08
SVN,1996,Slovenia,Slovenia,9013171.47,7923616.53,7.43,13.7,27.99,1,1,81.7,92.6,84.9,87.5,16.01419767304835,15.885358418346428,6.27,-0.37
SVN,1998,Slovenia,Slovenia,9644206.06,8491461.88,5.88,13.88,36.69,1,1,84.5,92.6,85.0,87.6,16.08186798839697,15.954571849687152,8.0,3.9
SVN,2000,Slovenia,Slovenia,9788975.78,8405686.55,8.87,11.7,29.85,1,1,77.1,77.2,81.6,83.1,16.096767492190494,15.944419123977724,2.83,0.16
SVN,2002,Slovenia,Slovenia,10561828.83,9951447.18,8.29,11.02,26.0,1,1,76.7,93.7,79.6,85.1,16.172757100587315,16.113228644272667,2.7300000000000004,3.8
SVN,2003,Slovenia,Slovenia,12981865.8,12284461.54,7.51,10.23,34.83,1,1,79.9,93.0,79.1,85.6,16.379064080162415,16.32384581369264,2.7200000000000006,12.57
SVN,2004,Slovenia,Slovenia,16478922.4,14753771.56,6.5,9.34,45.01,1,1,83.3,83.5,79.8,84.6,16.61759275264175,16.507009374827017,2.84,12.62
SVN,2005,Slovenia,Slovenia,18214220.39,15227132.05,5.88,9.03,44.7,1,1,80.0,85.9,79.9,83.2,16.717713241971794,16.538589463553134,3.1499999999999995,5.69
SVN,2006,Slovenia,Slovenia,21920338.17,18373811.92,6.08,9.63,48.22,1,1,82.0,87.0,77.5,85.1,16.902925493008322,16.726436997983114,3.5500000000000007,8.29
SVN,2007,Slovenia,Slovenia,28254832.06,24095567.57,5.76,8.13,39.1,1,1,80.6,89.9,80.9,83.2,17.15677508269382,16.997538504789993,2.370000000000001,13.17
SVN,2008,Slovenia,Slovenia,32881726.1,26341063.68,5.49,8.06,45.99,1,1,79.6,91.3,83.2,80.8,17.308427654145003,17.086639674115514,2.5700000000000003,7.38
SVN,2009,Slovenia,Slovenia,23193382.87,20163361.76,4.96,7.83,53.75,1,1,80.9,81.0,83.9,82.0,16.959377617948313,16.8193777908287,2.87,-16.14
SVN,2010,Slovenia,Slovenia,26153313.06,23319525.78,5.18,7.58,51.58,1,1,79.0,77.3,81.5,81.5,17.07948647314128,16.96480162678784,2.4000000000000004,5.48
SVN,2011,Slovenia,Slovenia,31646347.62,27898225.24,4.65,7.64,55.75,1,1,79.1,80.6,82.6,81.7,17.270133332442565,17.14407366914334,2.9899999999999993,8.38
SVN,2012,Slovenia,Slovenia,28850080.87,26427165.1,4.84,7.52,56.44,1,1,76.8,77.3,80.8,78.4,17.177623388695984,17.089903057978873,2.6799999999999997,-4.68
SVN,2013,Slovenia,Slovenia,30183164.86,29018882.29,4.67,7.48,54.04,1,1,74.4,74.4,81.2,79.8,17.222794905073474,17.18345732397695,2.8100000000000005,1.73
SVN,2014,Slovenia,Slovenia,32082773.12,30442144.6,5.13,7.12,58.48,1,1,74.5,79.5,80.8,75.4,17.28382981228618,17.231338574676087,1.9900000000000002,1.14
SVN,2015,Slovenia,Slovenia,29097657.44,26310659.38,4.48,7.53,59.55,1,1,75.7,80.0,80.0,78.3,17.186168262924777,17.08548475266347,3.05,-7.21
SVN,2016,Slovenia,Slovenia,30518583.03,28212752.99,5.04,7.99,54.69,1,1,76.2,83.8,84.3,80.3,17.23384636848119,17.155284702814413,2.95,1.57
SVN,2017,Slovenia,Slovenia,35593676.09,31185907.48,4.19,7.24,65.34,1,1,78.1,76.7,81.4,80.8,17.387678570216305,17.255476899472498,3.05,8.03
SVN,2018,Slovenia,Slovenia,42160807.57,35800466.67,4.27,7.64,63.53,1,1,79.5,78.3,82.4,78.6,17.557001640618786,17.393471514693424,3.37,7.9
SVN,2019,Slovenia,Slovenia,42685085.52,35075826.85,8.12,8.84,58.28,1,1,80.0,74.5,82.9,78.7,17.569360155366038,17.373022785955097,0.7200000000000006,2.58
SVN,2020,Slovenia,Slovenia,40361707.75,33531530.67,4.79,6.85,58.68,1,1,78.1,69.8,83.3,77.3,17.51339209026407,17.327996797983637,2.0599999999999996,-2.18
SVN,2021,Slovenia,Slovenia,55272481.99,42934183.41,4.28,6.8,62.36,1,1,75.2,71.2,82.4,76.3,17.827785747533486,17.575178905984224,2.5199999999999996,15.92
SWE,1996,Sweden,Sweden,60557628.11,78525107.69,9.84,11.27,29.76,1,1,98.9,99.5,97.0,95.5,17.919106016888534,18.1789289875332,1.4299999999999997,2.23
SWE,1998,Sweden,Sweden,63320141.38,81856020.29,9.45,11.53,34.64,1,1,98.9,96.3,96.0,98.0,17.963714041553207,18.220472424011508,2.08,4.22
SWE,2000,Sweden,Sweden,71097572.07,87459119.28,9.66,9.54,34.74,1,1,98.9,94.2,97.0,98.5,18.079563760154322,18.286682045357413,-0.120000000000001,6.64
SWE,2002,Sweden,Sweden,66814641.34,81264132.5,9.08,9.5,32.21,1,1,97.9,95.8,96.5,98.5,18.017432811193373,18.21321531481567,0.41999999999999993,2.78
SWE,2003,Sweden,Sweden,80906298.46,99557631.82,8.96,9.79,39.2,1,1,97.4,96.5,98.0,98.0,18.208802246240733,18.41624725876477,0.8299999999999983,12.0
SWE,2004,Sweden,Sweden,97395734.56,120726512.65,7.49,7.93,40.14,1,1,97.5,96.6,97.6,99.0,18.39429298490273,18.609038327644864,0.4399999999999995,9.43
SWE,2005,Sweden,Sweden,107297048.87,130301272.29,6.78,8.0,39.27,1,1,97.6,94.7,96.2,96.6,18.491111713001146,18.68535981403505,1.2199999999999998,5.09
SWE,2006,Sweden,Sweden,122039294.99,145523741.2,6.34,7.53,41.29,1,1,98.5,95.7,97.6,96.6,18.619853649113704,18.795849807896264,1.1900000000000004,6.84
SWE,2007,Sweden,Sweden,145838334.14,168363946.01,6.09,7.15,41.52,1,1,98.5,95.7,98.1,98.6,18.798009272608525,18.94163854546212,1.0600000000000005,9.65
SWE,2008,Sweden,Sweden,157639305.9,183205779.8,5.75,6.99,42.38,1,1,97.6,90.4,99.0,98.6,18.875820113554692,19.02612056429162,1.2400000000000002,5.15
SWE,2009,Sweden,Sweden,113176261.93,128866712.01,5.47,6.36,44.71,1,1,99.0,87.2,99.5,98.6,18.544457010313938,18.67428919569268,0.8900000000000006,-15.75
SWE,2010,Sweden,Sweden,133154150.04,148199369.6,5.83,6.52,43.12,1,1,99.0,87.7,99.5,98.1,18.707018045404805,18.81406902385368,0.6899999999999995,11.37
SWE,2011,Sweden,Sweden,157687778.25,179677676.86,5.43,6.4,43.66,1,1,98.6,92.4,99.1,99.5,18.87612755527163,19.006675125117553,0.9700000000000006,9.05
SWE,2012,Sweden,Sweden,145908901.42,165405990.04,5.29,6.58,47.58,1,1,99.1,90.0,99.1,99.5,18.79849302890364,18.92391356142146,1.29,-3.57
SWE,2013,Sweden,Sweden,144854230.77,162965126.43,5.43,6.7,46.18,1,1,98.6,90.0,99.1,99.1,18.791238496595827,18.909046793734912,1.2700000000000005,-1.21
SWE,2014,Sweden,Sweden,147843969.09,161347264.68,4.95,6.21,51.29,1,1,97.6,88.1,97.6,99.5,18.811668019460832,18.899069529804862,1.2599999999999998,0.52
SWE,2015,Sweden,Sweden,125764295.04,137622019.35,4.79,6.71,50.05,1,1,98.1,79.5,99.0,99.5,18.649920046685118,18.740021502273198,1.92,-7.78
SWE,2016,Sweden,Sweden,128366294.32,133552933.36,5.25,6.72,46.43,1,1,98.1,87.1,99.0,99.5,18.670398417253846,18.71000846927437,1.4699999999999998,0.98
SWE,2017,Sweden,Sweden,138383361.07,147869366.92,4.8,6.84,56.79,1,1,98.1,80.5,98.1,99.5,18.745538377664065,18.811839792775036,2.04,4.6
SWE,2018,Sweden,Sweden,153961575.24,161590164.99,5.07,7.02,54.48,1,1,98.1,79.2,97.1,98.1,18.852213624311304,18.90057384817731,1.9499999999999993,5.17
SWE,2019,Sweden,Sweden,143745071.79,152999426.57,5.33,7.45,51.77,1,1,98.1,82.5,96.7,99.0,18.78355196081081,18.84594473797716,2.12,-3.37
SWE,2020,Sweden,Sweden,135863018.51,145256765.38,5.13,6.85,50.5,1,1,98.1,81.6,96.7,97.1,18.727157726638705,18.794013536983048,1.7199999999999998,-3.04
SWE,2021,Sweden,Sweden,168148413.62,179311040.86,4.87,6.82,56.44,1,1,97.6,84.4,95.2,97.1,18.940357567738577,19.004632519835916,1.9500000000000002,11.96
SWZ,2002,Eswatini,Eswatini,137038.8,554307.43,13.54,17.99,33.57,1,1,55.6,49.2,26.4,10.0,11.828026673569031,13.225476543663168,4.449999999999999,5.88
SWZ,2003,Eswatini,Eswatini,226212.92,597802.85,24.94,21.16,35.16,1,1,58.2,45.2,32.3,7.0,12.329236379232281,13.301017969092266,-3.780000000000001,17.06
SWZ,2004,Eswatini,Eswatini,225484.77,764589.78,29.44,23.26,53.31,1,1,49.3,44.2,22.1,7.7,12.326012331720854,13.547096041579016,-6.18,10.21
SWZ,2005,Eswatini,Eswatini,207100.39,863013.83,21.55,21.27,45.94,1,1,48.3,35.4,22.5,8.2,12.240963759094614,13.668187154158936,-0.28000000000000114,-3.28
SWZ,2006,Eswatini,Eswatini,211100.69,1013728.15,22.36,18.24,40.97,1,1,55.6,36.2,33.5,12.0,12.260095239488876,13.829146316999266,-4.120000000000001,-13.39
SWZ,2007,Eswatini,Eswatini,239856.7,1046621.24,22.66,20.33,42.47,1,1,56.3,44.0,29.2,10.1,12.387801109812864,13.861078622455603,-2.330000000000002,1.11
SWZ,2008,Eswatini,Eswatini,357439.03,1105819.44,23.35,18.89,50.06,1,1,58.3,41.3,36.1,11.5,12.786722878793139,13.916098097070353,-4.460000000000001,0.75
SWZ,2009,Eswatini,Eswatini,318470.13,896866.78,24.45,19.53,53.0,1,1,58.4,43.6,38.9,12.3,12.671287106243899,13.706663727723503,-4.919999999999998,6.61
SWZ,2010,Eswatini,Eswatini,2141506.62,1977513.02,6.74,16.25,54.5,1,1,56.2,43.1,39.3,12.3,14.577020634284793,14.497351068358611,9.51,18.58
SWZ,2011,Eswatini,Eswatini,1952732.42,1801122.28,5.73,16.3,54.74,1,1,53.6,30.8,35.7,12.2,14.484740702846304,14.403921072676072,10.57,21.93
SWZ,2012,Eswatini,Eswatini,1883702.8,2161273.87,4.27,18.47,64.57,1,1,51.2,34.6,37.6,13.1,14.44875050307464,14.586208823143041,14.2,-19.87
SWZ,2013,Eswatini,Eswatini,1781013.92,2375937.62,4.73,15.64,69.19,1,1,51.2,32.2,40.4,13.1,14.392693939552823,14.680903125797652,10.91,-1.28
SWZ,2014,Eswatini,Eswatini,2007692.54,2302581.96,2.87,13.4,72.0,1,1,50.0,29.0,43.8,10.3,14.5124971286243,14.649542076864256,10.530000000000001,-5.0
SWZ,2015,Eswatini,Eswatini,1602463.25,1937104.13,2.99,14.19,68.04,1,1,50.5,28.6,44.8,9.9,14.287053158635759,14.47670521556784,11.2,-6.63
SWZ,2016,Eswatini,Eswatini,1509957.03,1777274.24,14.56,15.19,75.14,1,1,48.1,27.6,38.1,8.4,14.22759241370284,14.39059198540702,0.629999999999999,0.93
SWZ,2017,Eswatini,Eswatini,1616733.82,1992383.71,2.79,13.95,74.75,1,1,54.3,35.2,44.8,8.9,14.295919130058017,14.504842825990004,11.16,2.42
SWZ,2018,Eswatini,Eswatini,1786992.34,2003356.57,2.77,17.74,75.11,1,1,46.7,33.0,44.3,11.2,14.396045067218,14.510335115939816,14.969999999999999,7.35
SWZ,2019,Eswatini,Eswatini,1740232.08,3528128.15,21.12,19.36,73.14,1,1,43.3,37.3,34.3,12.6,14.36952961624266,15.07627830258165,-1.7600000000000016,-0.68
SWZ,2020,Eswatini,Eswatini,1413897.57,1884035.97,5.7,12.03,71.98,1,1,44.8,46.7,33.3,13.0,14.161861390192476,14.448927357068165,6.329999999999999,-6.4
SWZ,2021,Eswatini,Eswatini,1840828.18,2374871.16,6.99,13.92,72.84,1,1,27.1,34.0,31.4,14.0,14.425726669381218,14.680454166633712,6.93,15.0
SYC,1996,Seychelles,Seychelles,282608.24,64323.89,0.71,15.48,78.72,1,1,72.6,84.6,67.8,54.5,12.551820445088707,11.071701927082412,14.77,16.68
SYC,1998,Seychelles,Seychelles,275745.4,114487.41,1.44,15.68,83.78,1,1,71.7,84.6,68.0,54.7,12.527236881726811,11.648228874145644,14.24,6.22
SYC,2000,Seychelles,Seychelles,416637.51,188665.4,1.28,19.4,85.66,1,1,71.8,92.1,70.6,52.2,12.939974242327013,12.147735655088649,18.119999999999997,-10.7
SYC,2002,Seychelles,Seychelles,449713.53,384053.02,1.51,16.58,77.81,1,1,75.7,77.8,68.7,52.2,13.016368282666003,12.858538498759104,15.069999999999999,-6.1
SYC,2003,Seychelles,Seychelles,556550.96,397862.24,1.78,17.1,76.41,1,1,75.1,68.3,70.6,50.7,13.229515814611334,12.893863607125898,15.320000000000002,61.39
SYC,2004,Seychelles,Seychelles,592454.44,408853.28,1.88,16.05,83.94,1,1,71.9,68.9,65.4,59.1,13.292030942412199,12.921114087922268,14.170000000000002,11.7
SYC,2005,Seychelles,Seychelles,794859.18,478294.99,1.21,14.26,84.45,1,1,66.3,77.2,61.2,56.3,13.58592150395495,13.07798504577374,13.05,15.9
SYC,2006,Seychelles,Seychelles,834026.56,458417.23,1.95,15.99,83.96,1,1,66.3,76.8,56.5,50.0,13.63402172635844,13.035537212352818,14.040000000000001,8.65
SYC,2007,Seychelles,Seychelles,1099270.58,423949.31,1.47,14.92,84.65,1,1,68.0,74.4,59.3,49.0,13.910158318417336,12.957371533950186,13.45,6.59
SYC,2008,Seychelles,Seychelles,1340146.31,440311.65,1.87,16.08,85.13,1,1,73.3,71.2,59.1,47.6,14.108290098720744,12.995240321742218,14.209999999999997,2.77
SYC,2009,Seychelles,Seychelles,1101588.84,393413.48,1.5,16.7,88.51,1,1,72.2,66.4,57.8,49.3,13.912265003405611,12.882618991580516,15.2,-10.39
SYC,2010,Seychelles,Seychelles,912257.7,412982.97,1.41,15.7,87.74,1,1,72.4,76.8,55.9,52.1,13.723678891112632,12.931164057630582,14.29,30.5
SYC,2011,Seychelles,Seychelles,934103.97,401117.95,1.76,17.01,88.18,1,1,72.5,75.4,54.9,49.8,13.747344098476267,12.902013295718172,15.250000000000002,20.42
SYC,2012,Seychelles,Seychelles,1071635.73,480041.22,1.24,15.84,88.65,1,1,72.5,70.1,56.8,51.2,13.884697691914385,13.081629337349298,14.6,-23.84
SYC,2013,Seychelles,Seychelles,1302876.4,612978.94,0.73,17.6,86.96,1,1,71.6,72.0,57.7,49.3,14.08008576111994,13.326087490076208,16.87,-1.6
SYC,2014,Seychelles,Seychelles,1090741.59,573450.04,0.86,17.36,89.32,1,1,70.7,59.0,65.4,47.3,13.902369297472063,13.25942784137547,16.5,-2.0
SYC,2015,Seychelles,Seychelles,1239342.4,484823.28,0.9,16.86,86.33,1,1,82.4,67.6,63.8,49.8,14.030092281209011,13.091541794991405,15.959999999999999,-40.69
SYC,2016,Seychelles,Seychelles,1124462.05,584257.22,1.51,15.8,84.66,1,1,81.9,71.0,60.0,50.2,13.93281619079317,13.278098321621773,14.290000000000001,25.28
SYC,2017,Seychelles,Seychelles,1223649.38,654042.01,1.23,15.57,88.28,1,1,80.0,73.3,59.0,53.7,14.017349063997415,13.390928392802937,14.34,50.08
SYC,2018,Seychelles,Seychelles,1409837.09,678183.09,1.38,16.44,81.6,1,1,80.0,67.5,61.4,53.9,14.158985425973672,13.427174049241913,15.060000000000002,-28.9
SYC,2019,Seychelles,Seychelles,1223469.2,690525.97,1.67,15.89,81.99,1,1,84.3,68.4,60.0,57.0,14.017201805213523,13.445210309721864,14.22,-9.24
SYC,2020,Seychelles,Seychelles,1094884.31,659933.21,1.48,15.95,72.5,1,1,89.5,70.3,59.0,60.4,13.906160176021123,13.399895427215863,14.469999999999999,1.94
SYC,2021,Seychelles,Seychelles,977788.85,966694.66,1.64,14.84,79.83,1,1,91.9,70.3,60.0,66.2,13.793050048626906,13.781638998942256,13.2,11.21
SYR,2002,Syrian Arab Republic,Syrian Arab Republic,7804740.49,6645207.2,4.77,7.14,34.78,1,1,42.9,53.4,35.8,5.5,15.870241990306921,15.709406581467093,2.37,-0.72
SYR,2003,Syrian Arab Republic,Syrian Arab Republic,9082209.67,5984456.61,2.49,7.51,36.26,1,1,24.9,44.7,39.3,6.0,16.021828186803504,15.604676267971954,5.02,6.71
SYR,2004,Syrian Arab Republic,Syrian Arab Republic,11610823.19,5415349.0,2.58,6.76,44.03,1,1,22.7,35.9,39.9,7.2,16.26744834081851,15.504748071600849,4.18,17.44
SYR,2005,Syrian Arab Republic,Syrian Arab Republic,13531261.03,5939847.25,1.77,6.64,70.14,1,1,21.0,32.5,34.0,7.2,16.42051327221976,15.597194143874447,4.869999999999999,-47.85
SYR,2006,Syrian Arab Republic,Syrian Arab Republic,15207969.49,6593443.71,1.83,5.99,67.81,1,1,18.5,35.7,20.1,4.8,16.537330222722428,15.701586487663526,4.16,20.61
SYR,2007,Syrian Arab Republic,Syrian Arab Republic,19009846.38,7021917.05,1.73,5.35,69.21,1,1,17.0,33.8,22.5,4.3,16.76046768602628,15.764546965178159,3.6199999999999997,12.95
SYR,2008,Syrian Arab Republic,Syrian Arab Republic,23317725.3,8553955.77,1.44,5.53,62.98,1,1,13.6,31.7,26.4,4.8,16.96472441469313,15.961904513980208,4.09,11.15
SYR,2009,Syrian Arab Republic,Syrian Arab Republic,20914194.58,6015582.01,1.5,5.45,67.65,1,1,16.3,27.5,34.1,5.7,16.85593870072743,15.60986382871218,3.95,-7.64
SYR,2010,Syrian Arab Republic,Syrian Arab Republic,23790127.56,8807397.45,1.55,4.06,52.96,1,1,12.9,22.3,33.2,4.7,16.984781286215778,15.99110265918499,2.51,6.64
TGO,1996,Special Categories,Togo,64134187.26,32679888.44,2.56,7.54,27.11,0,0,24.2,33.0,26.6,17.5,17.9764881378963,17.30227044484142,4.98,9.53
TGO,1996,Togo,Togo,663269.12,260020.7,1.59,16.18,76.97,1,1,24.2,33.0,26.6,17.5,13.404937607009154,12.468520368053406,14.59,9.53
TGO,1998,Special Categories,Togo,31942008.84,27021437.92,6.81,8.18,16.11,0,0,27.3,26.1,27.0,14.4,17.2794326242567,17.1121411429644,1.37,4.28
TGO,1998,Togo,Togo,676567.86,336193.2,2.79,7.58,67.8,1,1,27.3,26.1,27.0,14.4,13.424789510030756,12.72544424817191,4.79,4.28
TGO,2000,Special Categories,Togo,757203.08,69265.84,0.79,4.46,38.35,0,0,29.3,35.4,32.3,13.4,13.53738808657537,11.145721571382182,3.67,-30.38
TGO,2000,Togo,Togo,1074301.4,332034.5,11.5,9.31,72.69,1,1,29.3,35.4,32.3,13.4,13.887182078664983,12.712997169893109,-2.1899999999999995,-30.38
TGO,2002,Special Categories,Togo,19743839.71,19243000.58,0.51,38.5,20.13,0,0,30.2,47.6,24.9,10.4,16.79835213788728,16.77265799831047,37.99,6.86
TGO,2002,Togo,Togo,1733661.59,355543.72,6.64,10.76,60.87,1,1,30.2,47.6,24.9,10.4,14.365746832613464,12.781406314969363,4.12,6.86
TGO,2003,Special Categories,Togo,7501360.42,558067.83,0.42,4.4,28.71,0,0,19.0,38.2,18.4,13.4,15.83059508469996,13.232237585010788,3.9800000000000004,18.42
TGO,2003,Togo,Togo,1964077.9,912170.28,14.1,9.81,49.94,1,1,19.0,38.2,18.4,13.4,14.490533940205719,13.723583058440482,-4.289999999999999,18.42
TGO,2004,Special Categories,Togo,6866510.28,732179.97,0.34,3.82,17.07,0,0,19.2,35.0,15.9,13.5,15.742166715709443,13.5037829891639,3.48,-0.93
TGO,2004,Togo,Togo,2258480.17,682768.93,7.43,8.96,44.99,1,1,19.2,35.0,15.9,13.5,14.630203096649964,13.433913229682519,1.5300000000000011,-0.93
TGO,2005,Special Categories,Togo,10816577.63,1303894.41,0.27,4.47,17.05,0,0,20.0,8.7,15.3,13.0,16.19659057343009,14.080866811196762,4.199999999999999,3.07
TGO,2005,Togo,Togo,2709987.53,736975.83,8.36,10.25,37.56,1,1,20.0,8.7,15.3,13.0,14.812454960374602,13.510311732414051,1.8900000000000006,3.07
TGO,2008,Special Categories,Togo,22135711.52,51342306.83,0.22,4.13,43.39,0,0,17.5,38.5,22.6,19.7,16.91270281337505,17.754025684286326,3.9099999999999997,46.5
TGO,2008,Togo,Togo,4545783.31,2308960.2,6.25,10.32,59.22,1,1,17.5,38.5,22.6,19.7,15.329710836162556,14.652308284384272,4.07,46.5
TGO,2009,Special Categories,Togo,14818697.17,41353309.1,0.19,4.14,24.49,0,0,17.2,38.9,19.4,20.4,16.511400331193784,17.537663027016055,3.9499999999999997,-11.05
TGO,2009,Togo,Togo,3870856.83,1340105.28,4.36,7.75,60.56,1,1,17.2,38.9,19.4,20.4,15.168986701941392,14.108259482214786,3.3899999999999997,-11.05
TGO,2010,Special Categories,Togo,39164397.97,35477432.69,0.25,3.74,18.95,0,0,17.1,39.8,19.4,20.4,17.48327870256589,17.384407381617134,3.49,0.51
TGO,2010,Togo,Togo,4150814.55,1219478.54,3.91,7.82,51.65,1,1,17.1,39.8,19.4,20.4,15.238815390972023,14.013934719129596,3.91,0.51
TGO,2011,Special Categories,Togo,49379346.06,52258766.5,0.12,3.87,25.32,0,0,17.1,40.8,21.1,23.0,17.715042819031634,17.771718233775573,3.75,17.31
TGO,2011,Togo,Togo,10902894.66,1774003.51,4.35,8.33,62.44,1,1,17.1,40.8,21.1,23.0,16.204538968799564,14.38874998412577,3.9800000000000004,17.31
TGO,2012,Special Categories,Togo,47956014.6,54940303.08,0.12,3.37,23.44,0,0,16.1,35.5,17.4,18.8,17.68579480710782,17.821757773381282,3.25,0.28
TGO,2012,Togo,Togo,13018911.27,2426392.96,2.69,6.7,63.07,1,1,16.1,35.5,17.4,18.8,16.381913648244034,14.701916746068873,4.01,0.28
TGO,2013,Special Categories,Togo,47772220.43,66617440.6,0.11,3.27,23.3,0,0,15.2,36.0,16.9,23.5,17.681954886901636,18.01447698711038,3.16,15.1
TGO,2013,Togo,Togo,13185760.86,2451905.28,4.31,6.86,61.79,1,1,15.2,36.0,16.9,23.5,16.39464815842859,14.712376353448057,2.5500000000000007,15.1
TGO,2014,Special Categories,Togo,44601993.94,58859458.12,0.12,3.36,22.75,0,0,18.3,38.6,20.2,26.1,17.613289145586364,17.890663111464722,3.2399999999999998,-9.38
TGO,2014,Togo,Togo,17330312.24,2345019.37,6.25,6.42,50.95,1,1,18.3,38.6,20.2,26.1,16.667967736542863,14.667804646391952,0.16999999999999993,-9.38
TGO,2015,Special Categories,Togo,47024694.94,49125310.91,0.12,3.21,22.54,0,0,25.7,38.6,21.9,27.6,17.666183467208082,17.70988497744652,3.09,-3.92
TGO,2015,Togo,Togo,13778696.76,2346161.61,4.14,6.28,79.65,1,1,25.7,38.6,21.9,27.6,16.438634316907105,14.668291619518962,2.1400000000000006,-3.92
TGO,2016,Special Categories,Togo,41903703.37,37350150.56,0.1,3.16,20.18,0,0,27.1,39.0,29.0,31.5,17.550884790769654,17.435847527366192,3.06,-3.93
TGO,2016,Togo,Togo,9947967.56,1999830.44,1.91,6.23,82.3,1,1,27.1,39.0,29.0,31.5,16.11287892346618,14.50857345497246,4.32,-3.93
TGO,2017,Special Categories,Togo,54072535.12,39804985.23,0.29,2.79,42.39,0,0,25.7,17.1,24.3,29.1,17.80583696464142,17.499502744568314,2.5,-2.83
TGO,2017,Togo,Togo,12072333.4,3180789.41,0.57,6.51,79.96,1,1,25.7,17.1,24.3,29.1,16.306426979510054,14.972640280475058,5.9399999999999995,-2.83
TGO,2018,Special Categories,Togo,58436687.32,50636129.64,0.14,3.31,45.07,0,0,25.7,16.0,29.0,26.2,17.883454475205486,17.740175923718148,3.17,2.74
TGO,2018,Togo,Togo,15144592.23,3257607.83,1.63,5.14,74.08,1,1,25.7,16.0,29.0,26.2,16.533154143713684,14.996503996479092,3.51,2.74
TGO,2019,Special Categories,Togo,51986350.92,20427427.55,0.16,3.6,42.49,0,0,26.2,16.5,29.0,27.1,17.766491779019315,16.832389092498985,3.44,1.75
TGO,2019,Togo,Togo,12788407.73,2395818.52,1.2,10.94,75.97,1,1,26.2,16.5,29.0,27.1,16.364049750646714,14.689235909837794,9.74,1.75
TGO,2020,Special Categories,Togo,69303332.43,46107478.79,0.11,3.65,43.8,0,0,26.7,16.0,27.1,28.0,18.054003564446294,17.646485746215518,3.54,10.24
TGO,2020,Togo,Togo,12684301.58,1681017.2,3.55,8.28,81.33,1,1,26.7,16.0,27.1,28.0,16.355875769606552,14.334910239220898,4.7299999999999995,10.24
TGO,2021,Special Categories,Togo,85490755.68,85488558.63,0.22,3.26,36.0,0,0,27.6,22.2,30.5,26.6,18.26391881905694,18.26389311945716,3.0399999999999996,14.82
TGO,2021,Togo,Togo,15459931.56,3569384.44,3.45,7.2,80.21,1,1,27.6,22.2,30.5,26.6,16.55376223888894,15.087903993278793,3.75,14.82
THA,1996,Netherlands Antilles,Thailand,3396887.73,1642648.49,17.05,10.51,22.84,0,0,45.2,61.7,64.8,60.5,15.038370491233865,14.311821038898037,-6.540000000000001,1.08
THA,1996,Thailand,Thailand,59288331.6,54251946.77,11.69,13.26,32.68,1,1,45.2,61.7,64.8,60.5,17.89792309250179,17.809149453334793,1.5700000000000003,1.08
THA,1998,Netherlands Antilles,Thailand,2996933.61,952963.53,8.49,10.45,26.63,0,0,51.3,68.1,64.5,60.2,14.91310052757562,13.767332962636234,1.959999999999999,-17.64
THA,1998,Thailand,Thailand,38658605.58,56050238.32,10.96,12.61,32.41,1,1,51.3,68.1,64.5,60.2,17.47027998815646,17.84175897723247,1.6499999999999986,-17.64
THA,2000,Netherlands Antilles,Thailand,4937880.09,1880620.76,5.97,8.99,26.87,0,0,48.4,65.1,67.7,63.2,15.412446867997886,14.447113003533456,3.0200000000000005,10.94
THA,2000,Thailand,Thailand,58997390.19,74234900.19,10.23,11.96,32.32,1,1,48.4,65.1,67.7,63.2,17.893003783773743,18.122744963992037,1.7300000000000004,10.94
THA,2002,Netherlands Antilles,Thailand,4294710.89,1366260.4,5.62,7.99,33.09,0,0,44.4,65.6,62.2,57.7,15.272895030824547,14.127588662445394,2.37,2.14
THA,2002,Thailand,Thailand,61169827.84,74978265.4,9.73,11.88,32.15,1,1,44.4,65.6,62.2,57.7,17.92916463311119,18.132708848172527,2.1500000000000004,2.14
THA,2003,Netherlands Antilles,Thailand,6785117.72,1636819.86,5.74,8.17,30.08,0,0,51.3,39.2,57.2,55.7,15.730242348518809,14.308266418477567,2.4299999999999997,8.3
THA,2003,Thailand,Thailand,68778481.62,88182690.7,9.3,10.96,34.17,1,1,51.3,39.2,57.2,55.7,18.046401501369992,18.294921262490558,1.6600000000000001,8.3
THA,2004,Netherlands Antilles,Thailand,3535537.0,1841465.7,4.76,6.76,38.84,0,0,48.3,22.8,56.3,54.8,15.07837603809482,14.426072931619313,2.0,11.58
THA,2004,Thailand,Thailand,88914313.24,108066653.68,9.02,10.34,38.35,1,1,48.3,22.8,56.3,54.8,18.303183702595714,18.498258767678546,1.3200000000000003,11.58
THA,2005,Netherlands Antilles,Thailand,5342219.79,3366383.78,4.39,7.15,41.38,1,0,50.7,21.8,53.6,46.6,15.491152002760128,15.029349960925062,2.7600000000000007,11.88
THA,2005,Thailand,Thailand,102636682.87,123019965.66,7.78,9.5,35.46,1,1,50.7,21.8,53.6,46.6,18.446705969390415,18.627857230731614,1.7199999999999998,11.88
THA,2006,Netherlands Antilles,Thailand,8958740.44,4074173.6,3.64,6.84,32.9,1,1,40.0,15.0,51.7,26.9,16.008140310799366,15.220178731993403,3.1999999999999997,6.63
THA,2006,Netherlands Antilles,Thailand,8958740.44,4074173.6,3.64,6.84,32.9,1,1,40.0,15.0,51.7,26.9,16.008140310799366,15.220178731993403,3.1999999999999997,4.32
THA,2006,Thailand,Thailand,112394390.16,144014811.17,7.13,9.03,38.64,1,1,40.0,15.0,51.7,26.9,18.537524593467037,18.785426714541977,1.8999999999999995,6.63
THA,2006,Thailand,Thailand,112394390.16,144014811.17,7.13,9.03,38.64,1,1,40.0,15.0,51.7,26.9,18.537524593467037,18.785426714541977,1.8999999999999995,4.32
THA,2007,Netherlands Antilles,Thailand,6080686.94,4321335.03,4.13,5.85,33.41,1,1,40.3,14.5,51.2,31.7,15.62062839556791,15.27907517861106,1.7199999999999998,6.43
THA,2007,Netherlands Antilles,Thailand,6080686.94,4321335.03,4.13,5.85,33.41,1,1,40.3,14.5,51.2,31.7,15.62062839556791,15.27907517861106,1.7199999999999998,5.74
THA,2007,Thailand,Thailand,126577637.95,168497334.86,6.74,8.85,40.37,1,1,40.3,14.5,51.2,31.7,18.65636642450672,18.942430496711815,2.1099999999999994,6.43
THA,2007,Thailand,Thailand,126577637.95,168497334.86,6.74,8.85,40.37,1,1,40.3,14.5,51.2,31.7,18.65636642450672,18.942430496711815,2.1099999999999994,5.74
THA,2008,Netherlands Antilles,Thailand,21274628.99,3735926.84,4.04,11.83,37.28,1,1,38.8,12.5,50.5,30.8,16.87302584049809,15.133506763369176,7.79,11.7
THA,2008,Netherlands Antilles,Thailand,21274628.99,3735926.84,4.04,11.83,37.28,1,1,38.8,12.5,50.5,30.8,16.87302584049809,15.133506763369176,7.79,11.46
THA,2008,Thailand,Thailand,150418956.97,197282672.16,7.13,9.18,39.58,1,1,38.8,12.5,50.5,30.8,18.828935011868783,19.10014814736961,2.05,11.7
THA,2008,Thailand,Thailand,150418956.97,197282672.16,7.13,9.18,39.58,1,1,38.8,12.5,50.5,30.8,18.828935011868783,19.10014814736961,2.05,11.46
THA,2009,Netherlands Antilles,Thailand,5632872.86,3567510.55,3.54,5.44,37.84,0,0,46.4,10.0,47.4,33.2,15.544130324585113,15.087378865889205,1.9000000000000004,-13.46
THA,2009,Thailand,Thailand,118043533.05,168008837.82,6.68,8.65,42.67,1,1,46.4,10.0,47.4,33.2,18.58656404701815,18.93952714800738,1.9700000000000006,-13.46
THA,2010,Netherlands Antilles,Thailand,3692552.36,1896639.58,3.44,5.17,37.12,0,0,43.3,9.5,47.4,32.7,15.121828744197273,14.45559476338551,1.73,16.77
THA,2010,Thailand,Thailand,164369019.73,211874428.67,6.86,8.59,33.48,1,1,43.3,9.5,47.4,32.7,18.917624584447616,19.171504344272357,1.7299999999999995,16.77
THA,2011,Netherlands Antilles,Thailand,0.0,39146.23,9.01,4.83,8.86,0,0,44.5,14.2,48.8,33.8,0.0,10.575084945403669,-4.18,11.92
THA,2011,Thailand,Thailand,196258832.76,244596852.61,6.81,8.71,42.6,1,1,44.5,14.2,48.8,33.8,19.094944926403556,19.315121917724962,1.9000000000000012,11.92
THA,2012,Thailand,Thailand,218327275.01,239002179.1,6.51,8.68,44.11,1,1,43.6,13.3,50.2,36.6,19.20150576108091,19.291983231611503,2.17,4.09
THA,2013,Thailand,Thailand,220237585.45,238097919.89,7.1,9.08,45.2,1,1,44.5,10.0,52.1,34.3,19.210217460011734,19.288192579331607,1.9800000000000004,0.63
THA,2014,Thailand,Thailand,204283910.67,244508257.83,6.47,8.41,36.93,1,1,37.0,16.2,48.1,23.2,19.135021308130973,19.314759644754528,1.9400000000000004,-4.65
THA,2015,Thailand,Thailand,189862592.21,236153735.35,7.21,8.89,37.43,1,1,35.2,14.8,50.0,22.2,19.06181117486252,19.279993576116446,1.6800000000000006,-5.71
THA,2016,Thailand,Thailand,186050893.48,241433220.77,7.19,8.45,35.56,1,1,39.0,14.3,52.9,21.7,19.041530820485203,19.302103478409805,1.259999999999999,-2.11
THA,2017,Thailand,Thailand,209958739.12,262594747.06,6.32,8.35,38.79,1,1,41.4,19.0,53.8,21.2,19.162421593758832,19.386122519861456,2.0299999999999994,6.8
THA,2018,Thailand,Thailand,231250511.36,280430322.8,6.64,8.47,38.99,1,1,39.0,19.3,52.9,19.9,19.259012149965166,19.451835852070634,1.830000000000001,6.06
THA,2019,Thailand,Thailand,219755477.99,274455584.07,6.45,8.65,37.91,1,1,35.7,27.8,56.2,23.7,19.208026027051506,19.430300002798656,2.2,-6.72
THA,2020,Thailand,Thailand,197955677.83,260938320.44,5.67,7.81,39.24,1,1,35.2,25.9,55.2,26.1,19.103553719309005,19.379794621038027,2.1399999999999997,-2.12
THA,2021,Thailand,Thailand,254099887.41,320261003.24,5.9,7.94,41.79,1,1,34.8,25.5,55.2,27.5,19.353238009132482,19.58464685955593,2.04,13.64
TJK,2017,Tajikistan,Tajikistan,3705935.52,1189430.46,3.24,5.05,59.26,1,1,8.1,22.9,7.6,4.9,15.125446556700707,13.988985986215908,1.8099999999999996,-4.34
TJK,2018,Tajikistan,Tajikistan,3941948.55,1324326.42,3.82,5.5,50.08,1,1,6.7,19.8,7.6,4.9,15.187185968540861,14.096415280978965,1.6800000000000002,6.42
TJK,2019,Tajikistan,Tajikistan,4228316.67,973432.33,3.73,6.69,47.82,1,1,9.0,26.4,8.6,3.9,15.257314757965302,13.788584616600712,2.9600000000000004,2.91
TJK,2020,Tajikistan,Tajikistan,3731965.04,1386446.49,1.82,5.68,50.41,1,1,8.1,26.9,9.0,3.9,15.132445741229512,14.14225527098037,3.8599999999999994,-2.87
TJK,2021,Tajikistan,Tajikistan,5106637.56,1513165.23,2.72,5.35,54.3,1,1,6.7,23.6,10.5,3.4,15.446051929677013,14.22971485454776,2.6299999999999994,15.89
TKM,1996,Turkey,Turkmenistan,34995394.84,19903671.45,9.54,16.87,43.35,1,1,15.6,61.2,6.0,6.5,17.370727063371994,16.806414817894474,7.330000000000002,9.65
TKM,1996,Turkmenistan,Turkmenistan,1015877.49,2160155.11,3.26,15.31,25.88,0,0,15.6,61.2,6.0,6.5,13.831264303511645,14.585691050196917,12.05,9.65
TKM,1998,Turkey,Turkmenistan,39776521.03,24755220.25,13.15,16.34,27.42,1,1,15.5,53.7,7.0,5.0,17.49878739745223,17.024546984326086,3.1899999999999995,-7.73
TKM,1998,Turkey,Turkmenistan,39776521.03,24755220.25,13.15,16.34,27.42,1,1,15.5,53.7,7.0,5.0,17.49878739745223,17.024546984326086,3.1899999999999995,-2.79
TKM,1998,Turkmenistan,Turkmenistan,713963.25,335877.96,1.54,8.31,30.52,1,1,15.5,53.7,7.0,5.0,13.478588170040164,12.724506135948774,6.7700000000000005,-7.73
TKM,1998,Turkmenistan,Turkmenistan,713963.25,335877.96,1.54,8.31,30.52,1,1,15.5,53.7,7.0,5.0,13.478588170040164,12.724506135948774,6.7700000000000005,-2.79
TKM,2000,Turkey,Turkmenistan,77530123.85,25981134.89,8.9,15.37,59.0,1,1,12.8,44.4,8.0,4.0,18.166177126538226,17.07288128995997,6.469999999999999,9.9
TKM,2000,Turkey,Turkmenistan,77530123.85,25981134.89,8.9,15.37,59.0,1,1,12.8,44.4,8.0,4.0,18.166177126538226,17.07288128995997,6.469999999999999,15.74
TKM,2000,Turkmenistan,Turkmenistan,1199520.36,1947169.06,2.83,7.41,35.43,1,1,12.8,44.4,8.0,4.0,13.997433168523093,14.481887625172785,4.58,9.9
TKM,2000,Turkmenistan,Turkmenistan,1199520.36,1947169.06,2.83,7.41,35.43,1,1,12.8,44.4,8.0,4.0,13.997433168523093,14.481887625172785,4.58,15.74
TKM,2002,Turkey,Turkmenistan,69502515.93,36450417.92,11.63,17.2,46.95,1,1,11.1,48.1,6.0,1.5,18.056873524699423,17.411463509357013,5.5699999999999985,11.59
TKM,2002,Turkmenistan,Turkmenistan,1419069.66,2645715.46,0.89,35.96,33.51,0,0,11.1,48.1,6.0,1.5,14.165512750533143,14.788452459940912,35.07,11.59
TKM,2003,Turkey,Turkmenistan,95423229.08,47475353.56,8.82,14.48,53.04,1,1,12.7,43.7,8.5,1.0,18.373832608663534,17.675721282986498,5.66,15.98
TKM,2003,Turkmenistan,Turkmenistan,1902750.32,2679786.46,3.53,7.08,49.94,0,0,12.7,43.7,8.5,1.0,14.458811459862153,14.801248043372006,3.5500000000000003,15.98
TKM,2004,Turkey,Turkmenistan,134521635.73,62381803.51,7.04,13.27,63.57,1,1,8.4,41.3,3.4,1.0,18.71723561194936,17.94878419642672,6.2299999999999995,18.61
TKM,2004,Turkmenistan,Turkmenistan,2728994.33,3572277.65,2.56,5.38,40.83,0,0,8.4,41.3,3.4,1.0,14.819444088439468,15.08871422745442,2.82,18.61
TKM,2005,Turkey,Turkmenistan,154132698.25,69140849.54,7.72,13.35,59.42,1,1,5.9,48.1,3.3,1.4,18.853324472783413,18.05165629408877,5.63,9.42
TKM,2005,Turkmenistan,Turkmenistan,2487163.97,4823943.62,1.99,5.36,36.96,0,0,5.9,48.1,3.3,1.4,14.726654053516851,15.389102537223758,3.37,9.42
TKM,2006,Turkey,Turkmenistan,179791532.47,81364968.46,7.31,12.97,60.27,1,1,3.4,39.1,1.9,1.0,19.00730859029465,18.214455387731117,5.660000000000001,9.33
TKM,2006,Turkmenistan,Turkmenistan,2303462.38,5451138.83,0.85,4.68,51.3,0,0,3.4,39.1,1.9,1.0,14.64992436568453,15.511335287891319,3.8299999999999996,9.33
TKM,2007,Turkey,Turkmenistan,211067879.48,104323512.94,6.07,11.97,62.17,1,1,2.4,53.1,3.3,1.0,19.167690348139296,18.463007339816112,5.9,10.38
TKM,2007,Turkmenistan,Turkmenistan,2926243.34,6489587.49,1.38,4.1,58.72,0,0,2.4,53.1,3.3,1.0,14.88923036356924,15.685709679890316,2.7199999999999998,10.38
TKM,2008,Turkey,Turkmenistan,252130659.25,127003522.78,6.15,11.29,61.59,1,1,3.4,63.9,4.3,1.4,19.34545800416017,18.659725390337154,5.139999999999999,8.98
TKM,2008,Turkmenistan,Turkmenistan,4866670.96,9208657.53,0.88,4.59,63.31,0,0,3.4,63.9,4.3,1.4,15.397920885681096,16.035654743985617,3.71,8.98
TKM,2009,Turkey,Turkmenistan,184071619.76,96870296.63,6.38,11.03,61.5,1,1,1.4,62.1,4.3,1.9,19.030835483098624,18.388883503866104,4.6499999999999995,-16.47
TKM,2009,Turkmenistan,Turkmenistan,6622917.73,2281221.65,1.0,4.85,64.34,0,0,1.4,62.1,4.3,1.9,15.706046726517602,14.640222107199973,3.8499999999999996,-16.47
TKM,2010,Turkey,Turkmenistan,235929000.91,106524383.49,6.42,11.35,62.61,1,1,1.9,55.5,4.3,1.9,19.27904147836424,18.483884479253295,4.93,14.74
TKM,2010,Turkmenistan,Turkmenistan,5810742.51,2680208.99,1.28,4.66,62.36,0,0,1.9,55.5,4.3,1.9,15.57521909138064,14.8014057038951,3.38,14.74
TKM,2011,Turkey,Turkmenistan,297874698.71,124933089.73,6.11,10.53,60.9,1,1,1.9,55.0,4.7,0.9,19.512183485275244,18.64328887779622,4.419999999999999,13.93
TKM,2011,Turkmenistan,Turkmenistan,8171236.53,7434859.1,0.45,4.19,62.05,0,0,1.9,55.0,4.7,0.9,15.916130927825611,15.821690321290484,3.74,13.93
TKM,2012,Turkey,Turkmenistan,288091821.4,130859865.67,5.51,10.16,62.15,1,1,3.8,60.2,5.6,0.0,19.478789815063223,18.689637588530214,4.65,-0.9
TKM,2012,Turkmenistan,Turkmenistan,10332098.61,10769551.36,1.66,4.5,69.73,0,0,3.8,60.2,5.6,0.0,16.150766074072802,16.19223348466618,2.84,-0.9
TKM,2013,Turkey,Turkmenistan,312228637.2,137177553.66,5.62,10.38,61.81,1,1,7.6,55.9,6.6,0.5,19.559246292139726,18.736786664100215,4.760000000000001,5.01
TKM,2013,Turkmenistan,Turkmenistan,10516395.29,11704184.27,1.23,4.58,67.56,0,0,7.6,55.9,6.6,0.5,16.16844614860266,16.275457051187704,3.35,5.01
TKM,2014,Turkey,Turkmenistan,303065760.28,145043748.15,5.14,9.84,64.58,1,1,10.6,49.0,6.3,0.0,19.52946037385258,18.792545973152905,4.7,-1.87
TKM,2014,Turkmenistan,Turkmenistan,10997855.01,11944383.11,0.21,3.47,68.48,0,0,10.6,49.0,6.3,0.0,16.213210903583757,16.2957717769272,3.2600000000000002,-1.87
TKM,2015,Turkey,Turkmenistan,262010567.31,136903634.81,4.76,10.4,66.16,1,1,10.5,43.3,5.2,0.0,19.38389539797292,18.734787848050647,5.640000000000001,-7.77
TKM,2015,Turkmenistan,Turkmenistan,7876350.47,10109353.08,0.3,3.5,67.74,0,0,10.5,43.3,5.2,0.0,15.879375343189855,16.128971699737054,3.2,-7.77
TKM,2016,Turkey,Turkmenistan,258308387.54,139738299.76,4.9,9.93,66.15,1,1,6.2,38.6,6.2,0.5,19.369664733496926,18.755281951003195,5.029999999999999,-2.71
TKM,2016,Turkmenistan,Turkmenistan,6965068.37,8059436.84,1.71,3.4,42.69,0,0,6.2,38.6,6.2,0.5,15.756418124945439,15.902354365152119,1.69,-2.71
TKM,2017,Turkey,Turkmenistan,301625513.89,153989105.51,5.24,10.09,65.18,1,1,7.1,40.0,5.7,1.0,19.52469678896147,18.852392420927874,4.85,8.66
TKM,2017,Turkmenistan,Turkmenistan,5494508.25,8497318.07,2.47,5.06,41.61,0,0,7.1,40.0,5.7,1.0,15.519259833369382,15.955261268180978,2.5899999999999994,8.66
TKM,2018,Turkey,Turkmenistan,291638739.92,173715309.52,5.39,10.09,65.22,1,1,7.6,45.8,6.2,1.0,19.49102640565275,18.972928370792673,4.7,-1.6
TKM,2018,Turkmenistan,Turkmenistan,3392701.85,8573182.68,1.64,3.46,43.25,0,0,7.6,45.8,6.2,1.0,15.037137462566081,15.964149712836715,1.82,-1.6
TKM,2019,Turkey,Turkmenistan,267293920.88,172113003.36,6.17,10.5,62.14,1,1,7.6,40.6,6.2,1.0,19.403859441905606,18.96366182113936,4.33,-4.61
TKM,2019,Turkmenistan,Turkmenistan,3719934.87,12222256.76,0.39,3.52,41.94,0,0,7.6,40.6,6.2,1.0,15.12921698685342,16.318769254052608,3.13,-4.61
TKM,2020,Turkey,Turkmenistan,269107735.8,156529240.46,5.9,10.11,58.83,1,1,5.7,41.0,6.2,1.0,19.410622365934156,18.868753396880646,4.209999999999999,2.16
TKM,2020,Turkmenistan,Turkmenistan,3809394.78,10240359.24,0.31,3.61,52.34,0,0,5.7,41.0,6.2,1.0,15.152981146599979,16.141847356644345,3.3,2.16
TKM,2021,Turkey,Turkmenistan,330886757.0,213611436.73,5.51,9.56,62.52,1,1,5.7,34.9,6.7,1.4,19.617286753958727,19.179669211041794,4.050000000000001,11.2
TKM,2021,Turkmenistan,Turkmenistan,5251422.43,8182033.02,0.68,3.49,49.73,0,0,5.7,34.9,6.7,1.4,15.474009727342649,15.917451335370439,2.81,11.2
TON,2002,Tonga,Tonga,81133.73,29329.99,3.29,14.01,78.11,1,1,,,77.6,47.8,11.303866385181077,10.286399915237512,10.719999999999999,10.68
TON,2003,Tonga,Tonga,85160.96,32259.71,2.59,14.2,59.18,1,1,,67.3,47.8,49.3,11.352310134242797,10.381605360116492,11.61,2.23
TON,2004,Tonga,Tonga,90816.76,28854.62,3.33,15.41,68.6,1,1,57.6,74.8,53.4,42.8,11.41661014017689,10.270060053658295,12.08,6.12
TON,2005,Tonga,Tonga,100352.23,19868.77,2.61,15.68,70.05,1,1,5.4,67.0,66.5,49.0,11.516451541050778,9.896954760239815,13.07,7.18
TON,2006,Tonga,Tonga,112648.57,23227.6,6.48,15.12,62.54,1,1,3.9,59.9,67.5,46.2,11.632037128720393,10.053139557052077,8.639999999999999,-1.6
TON,2007,Tonga,Tonga,118529.7,23290.43,4.65,14.0,71.81,1,1,14.1,53.6,65.1,41.3,11.682927277733995,10.055840760735878,9.35,10.62
TON,2008,Tonga,Tonga,140087.93,17342.79,2.26,12.22,63.25,1,1,29.1,55.3,57.7,46.6,11.850032714213956,9.760989796232492,9.96,7.88
TON,2009,Tonga,Tonga,103436.81,15346.29,7.52,12.12,46.44,1,1,28.2,52.1,53.1,46.4,11.546725841527879,9.638694190197775,4.6,-6.64
TON,2010,Tonga,Tonga,146626.73,12532.7,3.97,13.18,60.62,1,1,47.6,69.7,57.8,56.4,11.895652204708277,9.436176295601097,9.209999999999999,4.78
TON,2011,Tonga,Tonga,185803.23,18937.25,3.2,11.5,40.91,1,1,46.9,75.8,55.4,56.8,12.132448871518225,9.848938965427905,8.3,10.23
TON,2012,Tonga,Tonga,186291.03,13492.52,6.31,12.39,45.84,1,1,47.4,74.9,54.9,58.2,12.135070775212949,9.509964849189643,6.080000000000001,1.6
TON,2013,Tonga,Tonga,207003.24,13216.0,5.58,12.53,56.83,1,1,49.8,77.3,55.4,62.9,12.240494555129517,9.489259158757806,6.949999999999999,-0.29
TON,2014,Tonga,Tonga,201953.72,13318.62,4.46,10.75,56.46,1,1,49.0,76.7,50.0,69.5,12.215798792840246,9.496993415158904,6.29,4.97
TTO,1996,Trinidad and Tobago,Trinidad and Tobago,1701304.63,2146866.47,11.77,12.57,24.26,1,1,80.6,57.4,64.3,68.5,14.346906531898869,14.579520346963118,0.8000000000000007,13.09
TTO,1998,Trinidad and Tobago,Trinidad and Tobago,2226988.85,2303494.57,15.12,15.76,55.76,1,1,73.8,61.7,66.5,72.1,14.616161388528175,14.64993834019585,0.6400000000000006,-0.79
TTO,2000,Trinidad and Tobago,Trinidad and Tobago,3278444.83,4076036.68,6.82,8.5,36.88,1,1,64.4,52.4,63.2,65.7,15.002880035749246,15.220635917639235,1.6799999999999997,9.81
TTO,2002,Trinidad and Tobago,Trinidad and Tobago,2988772.81,4533428.77,4.68,13.1,35.69,1,1,58.2,44.4,63.7,65.7,14.910373764264135,15.326989334606026,8.42,-3.59
TTO,2003,Trinidad and Tobago,Trinidad and Tobago,3870694.06,7068651.37,4.72,6.61,37.83,1,1,59.3,37.7,59.2,66.2,15.168944650946628,15.771180407256935,1.8900000000000006,3.77
TTO,2004,Trinidad and Tobago,Trinidad and Tobago,5784317.98,8711547.38,2.62,5.18,56.61,1,1,55.7,43.2,54.3,67.3,15.570661189986135,15.980160103408279,2.5599999999999996,11.14
TTO,2005,Trinidad and Tobago,Trinidad and Tobago,4822476.97,12115227.64,2.03,5.3,62.38,1,1,57.1,42.2,53.1,66.8,15.38879845558155,16.30997378452682,3.27,8.13
TTO,2006,Trinidad and Tobago,Trinidad and Tobago,5225683.49,13960725.13,1.21,5.28,86.77,1,1,52.7,39.6,47.8,66.8,15.469096350105835,16.451758668988745,4.07,6.66
TTO,2007,Trinidad and Tobago,Trinidad and Tobago,6151454.87,15590951.64,1.81,5.2,80.26,1,1,55.8,38.2,50.7,64.9,15.632199338596594,16.562201345004148,3.39,8.76
TTO,2008,Trinidad and Tobago,Trinidad and Tobago,9083698.79,20459934.93,0.67,5.04,84.74,1,1,55.3,39.9,49.0,63.5,16.021992133444837,16.8339791870068,4.37,11.88
TTO,2009,Trinidad and Tobago,Trinidad and Tobago,6457225.77,12602599.82,1.57,4.46,56.73,1,1,57.4,40.3,48.3,64.0,15.68071049101669,16.349413764906924,2.8899999999999997,-14.84
TTO,2010,Trinidad and Tobago,Trinidad and Tobago,5858503.26,14981322.35,1.98,4.17,58.86,1,1,52.9,44.1,49.3,64.0,15.58340488323867,16.522314873272997,2.19,-3.48
TTO,2011,Trinidad and Tobago,Trinidad and Tobago,7730234.95,20466999.31,1.7,5.38,62.87,1,1,54.5,50.7,50.2,63.8,15.860649944030488,16.834324406107918,3.6799999999999997,20.92
TTO,2012,Trinidad and Tobago,Trinidad and Tobago,7580573.91,19907948.31,0.88,4.07,90.22,1,1,53.6,49.8,50.7,63.8,15.841099600388857,16.806629672744762,3.1900000000000004,10.68
TTO,2013,Trinidad and Tobago,Trinidad and Tobago,8091042.58,19546107.03,0.96,3.86,87.15,1,1,50.2,49.8,48.8,63.4,15.906268277007086,16.788286746827684,2.9,4.13
TTO,2014,Trinidad and Tobago,Trinidad and Tobago,7226081.12,18495712.17,0.5,3.69,88.03,1,1,39.4,55.7,52.9,62.6,15.793207555142168,16.73304954265666,3.19,-5.46
TTO,2015,Trinidad and Tobago,Trinidad and Tobago,7159249.91,12716955.33,1.61,4.14,81.69,1,1,44.3,57.6,52.4,63.1,15.783915911955237,16.358446805010985,2.5299999999999994,-9.36
TTO,2016,Trinidad and Tobago,Trinidad and Tobago,6622807.85,8722719.29,1.3,4.52,89.0,1,1,45.2,56.2,46.2,66.0,15.706030135507506,15.981441707098186,3.2199999999999998,-6.66
TTO,2017,Trinidad and Tobago,Trinidad and Tobago,6468292.16,9933380.88,1.21,4.46,91.59,1,1,42.9,56.7,50.5,66.0,15.682422823327327,16.1114115500439,3.25,-7.42
TTO,2018,Trinidad and Tobago,Trinidad and Tobago,6555862.86,12542616.19,1.08,4.39,89.19,1,1,41.9,53.8,49.5,66.5,15.695870452919447,16.344642778729224,3.3099999999999996,5.77
TTO,2019,Trinidad and Tobago,Trinidad and Tobago,6842284.84,11222172.6,0.99,4.59,90.72,1,1,46.7,50.9,49.0,65.7,15.738632420905153,16.23340216478666,3.5999999999999996,-9.37
TTO,2020,Trinidad and Tobago,Trinidad and Tobago,5923317.34,7600018.64,0.97,4.56,91.72,1,1,48.1,50.5,48.1,67.1,15.594407380227105,15.843661389463746,3.59,-12.29
TTO,2021,Trinidad and Tobago,Trinidad and Tobago,6307026.16,11265757.84,1.01,4.25,87.48,1,1,46.2,53.8,47.1,66.7,15.657174991962819,16.23727849220733,3.24,8.69
TUN,1996,Tunisia,Tunisia,6711238.38,5413288.03,7.77,16.74,63.32,1,1,35.5,55.3,41.2,31.0,15.719294198300082,15.504367419882906,8.969999999999999,-1.3
TUN,1998,Tunisia,Tunisia,7817576.7,5792651.99,7.45,15.58,62.76,1,1,41.7,55.3,42.5,24.4,15.871885307503627,15.572100946679202,8.129999999999999,2.49
TUN,2000,Tunisia,Tunisia,14872189.41,6008178.59,5.57,15.47,71.12,1,1,44.7,59.8,41.3,23.4,16.515003611555894,15.608632363790274,9.9,1.36
TUN,2002,Tunisia,Tunisia,16008143.02,6861507.74,6.69,17.05,61.15,1,1,65.6,50.3,47.8,20.9,16.58860815195686,15.741437908464968,10.36,-0.02
TUN,2003,Tunisia,Tunisia,18018152.16,8179411.54,6.55,13.21,62.44,1,1,60.3,57.3,46.3,21.9,16.706890316545895,15.917130889374075,6.660000000000001,7.24
TUN,2004,Tunisia,Tunisia,21106483.98,9771217.79,5.39,12.68,72.65,1,1,56.7,50.0,55.3,22.6,16.865090896249185,16.094951764447355,7.29,7.84
TUN,2005,Tunisia,Tunisia,22133025.61,10305328.95,4.97,11.94,74.57,1,1,54.6,47.1,51.7,21.6,16.9125814677006,16.148171790231768,6.97,1.7
TUN,2006,Tunisia,Tunisia,25005729.17,11961431.66,4.76,11.86,74.82,1,1,56.6,52.7,55.5,9.6,17.034615563368607,16.297198086938213,7.1,6.73
TUN,2007,Tunisia,Tunisia,30958294.11,15216887.86,4.2,10.07,72.73,1,1,54.4,48.3,56.0,9.1,17.24815153766307,16.537916478202057,5.87,12.81
TUN,2008,Tunisia,Tunisia,37353164.64,18732424.95,4.17,10.15,70.38,1,1,53.4,48.1,56.7,10.6,17.435928222042538,16.74576658818997,5.98,13.58
TUN,2009,Tunisia,Tunisia,30991922.91,15089787.33,4.06,9.93,71.47,1,1,56.9,46.9,58.3,10.0,17.249237209476185,16.529528803475337,5.87,-11.96
TUN,2010,Tunisia,Tunisia,35656457.68,16847948.2,4.36,9.44,65.06,1,1,53.8,43.6,54.5,9.0,17.38944085755989,16.639739498156665,5.079999999999999,7.86
TUN,2011,Tunisia,Tunisia,38207285.6,17473098.54,4.36,9.48,62.61,1,1,56.9,35.5,49.8,35.7,17.458536804077685,16.67617308709428,5.12,3.84
TUN,2012,Tunisia,Tunisia,36942081.63,16494976.36,3.73,8.82,70.17,1,1,57.3,22.3,51.2,43.7,17.4248619098684,16.618566490106744,5.09,1.08
TUN,2013,Tunisia,Tunisia,38021239.19,17102006.2,4.1,8.9,68.12,1,1,56.9,19.0,49.8,45.1,17.453655513903392,16.65470639470134,4.800000000000001,-0.42
TUN,2014,Tunisia,Tunisia,38010546.09,16514028.55,3.86,8.56,70.32,1,1,55.8,18.6,56.3,55.2,17.453374234179396,16.619720853348728,4.700000000000001,1.08
TUN,2015,Tunisia,Tunisia,30866866.71,14290028.18,3.67,8.8,71.19,1,1,54.3,16.7,55.7,55.7,17.245193924210025,16.47507259189137,5.130000000000001,-9.69
TUN,2016,Tunisia,Tunisia,29916481.63,14319432.54,4.28,9.06,71.4,1,1,52.9,11.4,54.3,56.2,17.213920145002177,16.477128161451795,4.78,-1.83
TUN,2017,Tunisia,Tunisia,32411721.69,15034981.61,3.64,8.42,72.02,1,1,51.0,13.8,57.1,53.2,17.294030726744342,16.52589021776958,4.779999999999999,2.86
TUN,2018,Tunisia,Tunisia,34777234.29,16982866.27,4.26,8.81,69.2,1,1,53.3,17.0,55.7,53.4,17.364473572356452,16.647715586193844,4.550000000000001,4.92
TUN,2019,Tunisia,Tunisia,31653290.39,16142710.9,3.88,8.78,69.5,1,1,51.0,17.5,55.7,55.6,17.270352694512454,16.596979230235693,4.8999999999999995,-2.5
TUN,2020,Tunisia,Tunisia,26670711.95,14084629.4,3.84,8.85,69.02,1,1,51.0,25.0,55.7,56.5,17.09907662808436,16.46059471826674,5.01,-7.53
TUN,2021,Tunisia,Tunisia,34481744.9,17268855.46,4.68,8.82,67.1,1,1,46.7,19.3,54.3,52.2,17.355940637628663,16.664415232528093,4.140000000000001,10.44
TUV,1998,Tuvalu,Tuvalu,3619.73,447.36,11.45,14.74,80.0,1,1,,,80.0,90.5,8.194430941948248,6.105596481152895,3.290000000000001,23.27
TUV,2002,Tuvalu,Tuvalu,493815.71,340936.13,1.23,17.9,98.67,1,1,,,77.6,87.1,13.109919694931847,12.739453369766041,16.669999999999998,78.29
TUV,2005,Tuvalu,Tuvalu,32980.25,1153.34,0.29,9.02,86.02,1,1,53.2,99.0,89.0,65.4,10.403694497153978,7.051284031056936,8.73,6.01
TUV,2006,Tuvalu,Tuvalu,46898.84,3999.77,0.47,6.85,81.41,1,1,54.6,98.6,86.1,73.1,10.755769542914692,8.29424212157628,6.38,-0.75
TZA,1996,Tanzania,"Tanzania, United Republic of",1081596.3,672893.07,8.71,13.27,72.21,1,1,29.6,24.5,45.7,30.0,13.893949487965946,13.419343196535408,4.559999999999999,-12.95
TZA,1998,Tanzania,"Tanzania, United Republic of",1399098.47,693722.09,7.3,17.28,73.56,1,1,27.8,32.4,46.0,34.3,14.151339351906353,13.449828154101272,9.98,13.28
TZA,2000,Tanzania,"Tanzania, United Republic of",1748002.71,891861.63,4.58,14.44,67.79,1,1,27.1,25.4,40.8,33.3,14.373984957620994,13.701067397460431,9.86,0.78
TZA,2002,Tanzania,"Tanzania, United Republic of",1988084.27,805968.17,4.94,12.69,73.72,1,1,24.9,38.6,42.8,38.3,14.50268255763293,13.599800770136843,7.749999999999999,-1.1
TZA,2003,Tanzania,"Tanzania, United Republic of",2583952.0,1274023.0,5.01,11.21,70.13,1,1,28.0,22.1,43.8,37.3,14.76483095486472,14.057690953241359,6.200000000000001,13.13
TZA,2004,Tanzania,"Tanzania, United Republic of",3215993.41,1513675.54,4.57,9.69,78.57,1,1,33.0,24.3,41.8,32.7,14.983647171095404,14.230052044183042,5.119999999999999,8.68
TZA,2005,Tanzania,"Tanzania, United Republic of",3721903.86,1627605.85,7.3,12.32,77.78,1,1,33.2,28.2,44.5,37.0,15.12974615433157,14.30262130375159,5.0200000000000005,12.7
TZA,2006,Tanzania,"Tanzania, United Republic of",4323091.25,1950877.16,5.52,12.14,70.01,1,1,48.3,33.3,41.6,39.9,15.279481502769762,14.483790167629536,6.620000000000001,18.08
TZA,2007,Tanzania,"Tanzania, United Republic of",5949768.57,2232969.85,5.39,13.06,70.21,1,1,47.1,31.4,43.5,44.2,15.598863049040782,14.618843476549896,7.670000000000001,14.35
TZA,2008,Tanzania,"Tanzania, United Republic of",7529990.47,2629183.6,4.82,11.86,65.71,1,1,40.8,37.0,42.8,42.3,15.834404466973309,14.782184318059409,7.039999999999999,16.89
TZA,2009,Tanzania,"Tanzania, United Republic of",6682790.84,2909012.18,3.35,11.35,78.43,1,1,39.7,47.9,39.3,42.2,15.715046398319943,14.883324468233662,8.0,-10.14
TZA,2010,Tanzania,"Tanzania, United Republic of",7976376.68,2892959.56,3.69,10.78,73.77,1,1,35.7,46.4,37.4,43.1,15.891994941558906,14.877790950958326,7.09,10.77
TZA,2011,Tanzania,"Tanzania, United Republic of",10294409.27,3808197.04,3.06,9.56,77.33,1,1,33.6,46.4,37.1,43.7,16.147111613656126,15.152666679843632,6.5,18.14
TZA,2012,Tanzania,"Tanzania, United Republic of",11046095.16,4756431.2,3.1,11.03,79.09,1,1,26.1,47.4,36.6,43.2,16.2175876348191,15.375008407348563,7.93,2.35
TZA,2013,Tanzania,"Tanzania, United Republic of",14147887.66,5098921.69,3.65,11.92,84.9,1,1,22.7,40.8,40.8,42.3,16.465075959612985,15.444539838125921,8.27,3.4
TZA,2014,Tanzania,"Tanzania, United Republic of",14452727.43,4771176.8,5.92,8.81,85.13,1,1,25.5,25.2,39.9,41.4,16.48639377338383,15.378103750624225,2.8900000000000006,0.66
TZA,2015,Tanzania,"Tanzania, United Republic of",14219176.28,4796246.99,3.43,10.14,87.88,1,1,27.1,31.0,41.4,38.9,16.47010212412553,15.383344501465807,6.710000000000001,7.65
TZA,2016,Tanzania,"Tanzania, United Republic of",11669954.63,4961754.86,3.96,10.11,90.92,1,1,34.8,28.6,36.7,39.4,16.272528202198956,15.417270240088724,6.1499999999999995,-26.82
TZA,2017,Tanzania,"Tanzania, United Republic of",11403690.85,5101198.17,5.46,12.35,61.56,1,1,40.0,26.2,33.3,37.9,16.249447707428995,15.444986201428055,6.89,-0.71
TZA,2018,Tanzania,"Tanzania, United Republic of",13725438.37,5044086.51,3.37,10.25,66.09,1,1,38.6,25.5,31.0,33.5,16.43476155723364,15.43372732524238,6.88,4.95
TZA,2019,Tanzania,"Tanzania, United Republic of",14376653.24,4970508.9,4.01,10.66,64.93,1,1,38.6,30.7,30.0,31.4,16.48111621559199,15.419032988383686,6.65,2.89
TZA,2020,Tanzania,"Tanzania, United Republic of",13282129.51,6578517.22,3.39,9.37,71.29,1,1,39.0,27.4,29.5,29.0,16.40193011911493,15.699320083412529,5.979999999999999,-3.02
TZA,2021,Tanzania,"Tanzania, United Republic of",18365344.1,7399362.0,2.48,7.69,68.72,1,1,40.5,34.4,31.9,29.5,16.725976028238225,15.816904473388128,5.210000000000001,12.99
UGA,1996,Uganda,Uganda,425380.27,639096.97,5.01,15.33,64.44,1,1,28.0,8.5,32.7,21.0,12.960741151629925,13.367813039291597,10.32,-4.18
UGA,1998,Uganda,Uganda,758580.56,479132.92,6.3,20.1,72.11,1,1,18.7,15.4,32.0,23.9,13.539205600005822,13.079735419780624,13.8,17.9
UGA,2000,Uganda,Uganda,840227.66,405680.38,11.37,15.97,71.71,1,1,14.4,12.7,25.4,19.4,13.641429348061624,12.913323352159033,4.600000000000001,-3.07
UGA,2002,Uganda,Uganda,1011065.8,420090.67,4.12,16.0,76.44,1,1,14.3,12.2,31.3,21.9,13.826516569014727,12.948228228348649,11.879999999999999,3.34
UGA,2003,Uganda,Uganda,1277382.16,508276.82,9.64,17.89,77.75,1,1,17.5,6.5,36.3,27.4,14.060324136994703,13.138783466834692,8.25,13.17
UGA,2004,Uganda,Uganda,1624937.53,593238.96,17.66,16.73,82.58,1,1,24.1,12.6,30.3,26.0,14.30098054533818,13.293354250429559,-0.9299999999999997,11.85
UGA,2005,Uganda,Uganda,1829506.9,738194.41,9.81,16.22,79.18,1,1,22.0,10.2,34.9,29.3,14.41955758155178,13.511963851731556,6.409999999999998,9.28
UGA,2006,Uganda,Uganda,2141542.77,670069.41,11.44,15.75,68.06,1,1,23.9,14.5,45.0,32.7,14.577037514773355,13.415138075397866,4.3100000000000005,11.58
UGA,2007,Uganda,Uganda,2649659.17,1016847.03,12.6,15.68,73.24,1,1,20.4,18.4,44.0,33.2,14.789941952003394,13.832218234169785,3.08,16.88
UGA,2008,Uganda,Uganda,3130260.75,1204025.14,12.1,15.67,62.37,1,1,20.9,17.8,43.3,31.3,14.956627185217943,14.001181615578679,3.5700000000000003,13.82
UGA,2009,Uganda,Uganda,2942270.88,1085932.97,12.82,15.92,83.45,1,1,19.6,16.6,42.2,30.8,14.894692589197941,13.897950976522583,3.0999999999999996,-3.13
UGA,2010,Uganda,Uganda,3246964.74,1173598.46,10.42,15.39,81.77,1,1,18.6,16.1,42.2,30.8,14.993231499751214,13.975586045688104,4.970000000000001,4.79
UGA,2011,Uganda,Uganda,3569286.93,1342985.76,12.7,15.54,86.97,1,1,19.0,18.0,44.1,31.0,15.0878766744774,14.11040661693109,2.84,9.87
UGA,2012,Uganda,Uganda,3353673.73,1341634.87,11.31,14.65,83.51,1,1,17.1,20.4,44.1,31.9,15.025567236936752,14.109400225865976,3.34,3.6
UGA,2013,Uganda,Uganda,3931953.34,1510039.35,11.23,15.84,85.07,1,1,13.3,19.9,44.1,29.6,15.184647147770782,14.227646930288389,4.609999999999999,-1.89
UGA,2014,Uganda,Uganda,3327540.11,1343289.54,3.5,12.75,81.72,1,1,13.0,15.2,40.9,30.0,15.01774418379567,14.110632788667935,9.25,2.18
UGA,2015,Uganda,Uganda,3864166.49,1689797.13,9.63,14.05,87.95,1,1,13.3,21.0,40.5,29.1,15.167256819648415,14.34011963006043,4.42,-4.6
UGA,2016,Uganda,Uganda,3943193.32,1770753.36,9.11,12.65,90.84,1,1,12.9,21.4,44.8,28.6,15.187501693917813,14.386916205846354,3.540000000000001,-6.53
UGA,2017,Uganda,Uganda,4215542.58,2264205.12,15.23,12.84,67.92,1,1,13.8,26.7,41.0,31.0,15.254289104329622,14.632734756563929,-2.3900000000000006,7.64
UGA,2018,Uganda,Uganda,4471339.48,3115764.6,7.51,11.36,70.72,1,1,13.8,21.2,41.4,28.6,15.313198805302536,14.951985458496276,3.8499999999999996,9.66
UGA,2019,Uganda,Uganda,4634362.29,3205575.56,6.7,9.44,66.02,1,1,11.4,22.2,41.4,29.0,15.34900937753518,14.980402526073693,2.7399999999999993,6.94
UGA,2020,Uganda,Uganda,5288354.87,3050716.88,4.51,8.86,67.97,1,1,16.2,18.9,41.0,29.5,15.481017955904342,14.930887491380108,4.35,3.54
UKR,1998,Ukraine,Ukraine,14134237.83,12818801.64,7.92,9.85,32.5,1,1,4.3,39.9,18.5,43.3,16.464110697642177,16.36642360727904,1.9299999999999997,-7.43
UKR,2000,Ukraine,Ukraine,17566238.74,14611942.3,6.41,8.3,39.27,1,1,11.2,32.3,15.9,30.8,16.681489421322347,16.497349786517486,1.8900000000000006,8.54
UKR,2002,Ukraine,Ukraine,23825640.74,17717822.52,10.17,11.53,37.15,1,1,9.5,34.4,23.9,33.3,16.98627294271366,16.690081669412354,1.3599999999999994,3.74
UKR,2003,Ukraine,Ukraine,32108454.47,22325701.79,8.92,9.67,46.7,1,1,16.4,34.7,24.9,30.8,17.284629963694222,16.92124916418656,0.75,16.45
UKR,2004,Ukraine,Ukraine,43271694.79,33333002.37,5.01,6.85,51.01,1,1,16.3,29.6,24.5,28.4,17.583009302327508,17.32205855633526,1.8399999999999999,12.23
UKR,2005,Ukraine,Ukraine,54001045.35,36092715.6,5.6,7.78,46.82,1,1,24.9,37.4,25.8,39.4,17.80451398119267,17.401601646714894,2.1800000000000006,11.61
UKR,2006,Ukraine,Ukraine,73699900.48,40484965.68,4.87,7.13,57.45,1,1,24.9,43.5,24.9,47.6,18.11551202038798,17.516441270081142,2.26,11.64
UKR,2007,Ukraine,Ukraine,96306781.89,51600831.37,3.28,6.55,58.87,1,1,21.4,48.8,26.8,49.5,18.383049309282733,17.759048361523234,3.27,16.02
UKR,2008,Ukraine,Ukraine,126152886.32,72794473.03,3.32,6.66,64.56,1,1,19.9,45.7,27.4,50.5,18.653005120779902,18.103150604104574,3.3400000000000003,18.74
UKR,2009,Ukraine,Ukraine,66516274.7,44340339.58,4.45,7.22,60.72,1,1,15.3,34.1,25.6,50.2,18.01295722304875,17.607405443223527,2.7699999999999996,-27.1
UKR,2010,Ukraine,Ukraine,78165903.94,56518157.46,2.7,6.34,64.25,1,1,16.2,45.5,23.7,45.0,18.174344112230965,17.850072533154957,3.6399999999999997,15.65
UKR,2011,Ukraine,Ukraine,103050175.99,73138809.74,3.44,6.51,61.79,1,1,14.7,43.6,23.0,44.6,18.450726582815037,18.10786971050409,3.07,16.62
UKR,2012,Ukraine,Ukraine,102774876.97,71440961.33,5.27,7.32,67.18,1,1,12.3,41.7,24.4,40.4,18.448051503396503,18.084381964906516,2.0500000000000007,1.23
UKR,2013,Ukraine,Ukraine,104663190.32,65055989.2,5.01,7.29,66.84,1,1,10.9,20.9,22.5,37.6,18.46625805070411,17.99075884477075,2.2800000000000002,-4.64
UKR,2014,Ukraine,Ukraine,75320559.23,57776298.36,4.23,7.11,80.51,1,1,14.4,5.7,20.7,43.3,18.13726369972344,17.872089203876147,2.88,-15.95
UKR,2015,Ukraine,Ukraine,50565554.69,43214706.79,5.37,7.92,78.05,1,1,13.8,5.2,20.0,43.8,17.738781184875346,17.58169145337348,2.55,-16.94
UKR,2016,Ukraine,Ukraine,57287311.23,40296362.44,5.55,8.74,77.63,1,1,19.0,6.7,20.0,47.8,17.863589730115766,17.511771785624443,3.1900000000000004,2.28
UKR,2017,Ukraine,Ukraine,71224242.61,48205357.74,8.59,9.5,78.17,1,1,21.4,6.7,23.3,47.3,18.081343818565635,17.690980750019527,0.9100000000000001,12.23
UKR,2018,Ukraine,Ukraine,82202023.16,54024536.63,7.36,9.5,77.64,1,1,17.6,5.7,23.8,43.7,18.22469048454074,17.804948901875434,2.1399999999999997,7.55
UKR,2019,Ukraine,Ukraine,83203968.96,55383110.6,6.34,9.63,80.32,1,1,24.8,9.0,24.8,46.9,18.236805620518457,17.829785260477557,3.290000000000001,3.11
UKR,2020,Ukraine,Ukraine,78367530.42,52490608.19,5.42,8.71,78.54,1,1,22.9,12.3,24.8,51.7,18.17692025948994,17.776144838990817,3.290000000000001,-6.04
UKR,2021,Ukraine,Ukraine,99221760.72,72144636.66,5.51,8.38,79.6,1,1,24.3,12.7,25.7,49.8,18.412867920373962,18.094183518315408,2.870000000000001,14.17
URY,1996,Uruguay,Uruguay,3792269.77,2648772.02,20.93,18.85,18.81,1,1,82.3,68.1,65.8,72.5,15.148475545398508,14.78960707941881,-2.0799999999999983,7.67
URY,1998,Uruguay,Uruguay,4444924.81,3111750.88,20.2,23.51,18.63,1,1,82.9,73.4,67.5,75.6,15.307273736127184,14.950696431024687,3.3100000000000023,1.23
URY,2000,Uruguay,Uruguay,5109445.0,2790370.52,24.7,27.36,32.61,1,1,82.4,79.4,66.2,77.6,15.446601541429771,14.841685306222693,2.66,1.62
URY,2002,Uruguay,Uruguay,2765454.27,2369206.66,21.47,21.08,26.68,1,1,82.0,75.1,68.2,79.1,14.832715833995701,14.678066136538593,-0.39000000000000057,-19.84
URY,2003,Uruguay,Uruguay,3191574.65,2765349.24,21.34,22.09,23.61,1,1,82.5,70.4,68.7,78.1,14.976025286984978,14.832677853994479,0.75,5.53
URY,2004,Uruguay,Uruguay,4278929.33,3519303.35,21.17,25.7,49.27,1,1,81.3,64.6,62.5,76.0,15.269213613424851,15.073773900202415,4.529999999999998,19.32
URY,2005,Uruguay,Uruguay,4759415.05,4519190.65,21.09,25.63,53.81,1,1,82.0,69.4,62.2,73.6,15.375635540110542,15.323843697319328,4.539999999999999,11.52
URY,2006,Uruguay,Uruguay,6227899.28,4714282.32,23.18,23.51,47.86,1,1,83.9,75.4,66.0,81.3,15.644549800247145,15.366107462496524,0.33000000000000185,11.31
URY,2007,Uruguay,Uruguay,6850100.98,5650273.48,18.63,22.21,47.27,1,1,88.8,77.3,68.9,81.7,15.73977409771883,15.547214682473601,3.580000000000002,8.21
URY,2008,Uruguay,Uruguay,9393543.14,7138546.81,20.28,23.48,50.19,1,1,89.8,76.0,69.7,82.7,16.055533217672433,15.78101992567445,3.1999999999999993,26.95
URY,2009,Uruguay,Uruguay,7713593.55,6546467.69,21.37,24.44,53.52,1,1,84.7,73.5,70.6,85.8,15.85849485608896,15.69443633093019,3.0700000000000003,-12.73
URY,2010,Uruguay,Uruguay,10310422.55,8222377.42,16.92,20.01,50.71,1,1,85.7,74.9,73.5,87.2,16.14866593662362,15.92237007067881,3.09,11.73
URY,2011,Uruguay,Uruguay,13296513.57,9469453.55,23.62,20.05,50.58,1,1,87.7,78.7,70.4,85.4,16.403012496441615,16.063581865826578,-3.5700000000000003,11.54
URY,2012,Uruguay,Uruguay,15264726.27,10671194.86,23.69,19.79,50.53,1,1,88.6,69.7,69.0,81.7,16.54105531763055,16.18305869384878,-3.900000000000002,4.23
URY,2013,Uruguay,Uruguay,15895771.75,11007086.12,24.08,18.97,47.76,1,1,89.6,71.6,67.1,83.6,16.581563767062278,16.21404990693741,-5.109999999999999,-0.04
URY,2014,Uruguay,Uruguay,16150754.5,10366823.14,29.77,20.86,41.71,1,1,89.9,83.8,76.0,83.3,16.597477386724538,16.15412127871968,-8.91,-3.85
URY,2015,Uruguay,Uruguay,13859546.24,9513317.34,26.99,19.85,40.89,1,1,89.0,84.3,73.8,85.7,16.444484884525796,16.068203305309975,-7.139999999999997,-6.1
URY,2016,Uruguay,Uruguay,12549280.41,9116565.08,26.2,20.06,35.94,1,1,89.0,88.6,72.4,86.7,16.345173963735423,16.025603764830894,-6.140000000000001,-7.4
URY,2017,Uruguay,Uruguay,13052835.88,10435001.01,17.05,21.06,41.16,1,1,88.1,86.2,70.0,86.7,16.384516053548797,16.160676291114406,4.009999999999998,1.96
URY,2018,Uruguay,Uruguay,13683197.81,10058396.17,13.88,18.42,40.63,1,1,87.1,86.3,71.4,89.3,16.43167927396479,16.123918382904193,4.540000000000001,2.54
URY,2019,Uruguay,Uruguay,12720127.23,10022805.79,13.91,18.74,37.64,1,1,88.1,84.0,73.3,88.9,16.35869619680028,16.120373733157532,4.829999999999998,-3.71
URY,2020,Uruguay,Uruguay,10455605.85,8713605.92,9.17,13.21,39.65,1,1,89.0,86.8,72.9,93.7,16.16264893315847,15.980396375622114,4.040000000000001,-4.22
URY,2021,Uruguay,Uruguay,15304615.55,11773500.31,17.61,21.81,38.24,1,1,91.4,87.3,73.8,92.3,16.543665076143842,16.281361912483938,4.199999999999999,16.8
USA,1996,North America,United States of America,914651114.09,842354008.62,11.07,11.74,18.55,0,0,91.4,77.7,92.5,91.0,20.63405325554477,20.55171092282552,0.6699999999999999,2.99
USA,1996,United States,United States of America,745944093.85,637439444.11,10.55,10.7,17.29,1,1,91.4,77.7,92.5,91.0,20.430161215480545,20.27296984242246,0.14999999999999858,2.99
USA,1998,North America,United States of America,1071609982.73,935644357.05,9.87,11.15,22.56,0,0,92.0,76.6,92.5,91.0,20.792428012248664,20.65674600289073,1.2800000000000011,2.55
USA,1998,United States,United States of America,874753840.18,713863328.27,9.57,10.42,22.87,1,1,92.0,76.6,92.5,91.0,20.58945308037705,20.38620208639332,0.8499999999999996,2.55
USA,2000,North America,United States of America,1619733140.24,1108130013.98,8.16,9.32,23.82,0,0,92.0,82.5,93.0,89.1,21.205527244991988,20.825939760427175,1.1600000000000001,7.23
USA,2000,United States,United States of America,1361770485.83,819395293.62,8.07,8.74,22.6,1,1,92.0,82.5,93.0,89.1,21.032051518601765,20.524077180590456,0.6699999999999999,7.23
USA,2002,North America,United States of America,1574413356.69,996889306.39,7.75,9.71,24.02,0,0,92.6,54.0,92.5,92.0,21.177148568531404,20.720150296075243,1.9600000000000009,2.56
USA,2002,United States,United States of America,1329802912.4,732522253.34,7.6,8.7,22.81,1,1,92.6,54.0,92.5,92.0,21.008296582785995,20.412004279745528,1.0999999999999996,2.56
USA,2003,North America,United States of America,1702264280.72,1042217929.41,7.61,8.86,23.4,0,0,92.1,46.7,93.0,91.0,21.25522513219963,20.76461690467635,1.2499999999999991,4.19
USA,2003,United States,United States of America,1439066226.71,763999555.4,7.64,8.36,22.15,1,1,92.1,46.7,93.0,91.0,21.087260287218587,20.454077766502355,0.7199999999999998,4.19
USA,2004,North America,United States of America,1959187383.52,1181639223.78,6.48,7.69,29.2,0,0,92.6,37.4,90.9,89.9,21.39579562448391,20.89016848495747,1.21,8.2
USA,2004,United States,United States of America,1662595430.22,856999753.22,6.3,7.16,28.09,1,1,92.6,37.4,90.9,89.9,21.23164573108443,20.56894818977088,0.8600000000000003,8.2
USA,2005,North America,United States of America,2164511118.2,1291721878.67,6.54,7.82,27.9,0,0,91.7,43.7,91.4,89.9,21.495460361908652,20.979241955721015,1.2800000000000002,6.65
USA,2005,United States,United States of America,1832822546.68,925665548.88,6.32,7.35,26.67,1,1,91.7,43.7,91.4,89.9,21.329122991341286,20.646023550134824,1.0299999999999994,6.65
USA,2006,North America,United States of America,2435029344.14,1437891322.39,6.36,7.55,30.0,0,0,90.7,60.9,92.8,86.5,21.613224644800543,21.08644351855624,1.1899999999999995,5.17
USA,2006,United States,United States of America,2061697008.26,1046339738.53,6.25,7.16,28.92,1,1,90.7,60.9,92.8,86.5,21.44679527152132,20.768563948639287,0.9100000000000001,5.17
USA,2007,North America,United States of America,2575128884.19,1603209528.62,5.81,6.93,31.57,0,0,90.8,57.0,91.9,85.6,21.669165422310495,21.195273412961406,1.12,2.52
USA,2007,United States,United States of America,2168243241.11,1182116077.97,5.79,6.67,31.03,1,1,90.8,57.0,91.9,85.6,21.497183110775453,20.890571956666843,0.8799999999999999,2.52
USA,2008,North America,United States of America,2721034540.51,1799558243.76,5.53,6.9,32.05,0,0,91.7,66.8,92.3,86.5,21.72427799108444,21.310807052150437,1.37,3.6
USA,2008,United States,United States of America,2291350311.97,1333130024.98,5.67,6.81,31.34,1,1,91.7,66.8,92.3,86.5,21.55240713705236,21.010795417256855,1.1399999999999997,3.6
USA,2009,North America,United States of America,2082200836.71,1386542105.26,5.48,6.54,32.65,0,0,85.2,61.6,91.9,84.8,21.45669126632451,21.05007879130042,1.0599999999999996,-13.98
USA,2009,United States,United States of America,1735721951.24,1063351221.18,5.47,6.37,31.98,1,1,85.2,61.6,91.9,84.8,21.274689274596295,20.784691288300312,0.9000000000000004,-13.98
USA,2010,North America,United States of America,2472491541.44,1630826909.12,5.8,6.67,29.69,0,0,84.8,60.7,92.4,85.8,21.62849220080413,21.212353029950567,0.8700000000000001,10.85
USA,2010,United States,United States of America,2054287043.67,1233995280.59,5.86,6.5,28.56,1,1,84.8,60.7,92.4,85.8,21.443194687797835,20.933522938751306,0.6399999999999997,10.85
USA,2011,North America,United States of America,2820383360.99,1895812657.0,5.81,6.7,28.96,0,0,84.8,64.5,91.1,86.4,21.760138656624974,21.36291342682557,0.8900000000000006,7.24
USA,2011,United States,United States of America,2349497763.26,1435719341.57,5.95,6.65,28.0,1,1,84.8,64.5,91.1,86.4,21.577467424925505,21.084931844578037,0.7000000000000002,7.24
USA,2012,North America,United States of America,2904006177.65,1956035967.17,5.58,6.73,31.19,0,0,89.1,66.4,91.5,87.8,21.789357061540993,21.394185797024935,1.1500000000000004,0.24
USA,2012,United States,United States of America,2420652779.82,1496188094.52,5.67,6.65,30.41,1,1,89.1,66.4,91.5,87.8,21.607303084881092,21.126186440894518,0.9800000000000004,0.24
USA,2013,North America,United States of America,2934218939.62,1971048349.75,5.8,6.8,29.88,0,0,88.2,66.8,90.6,84.0,21.79970713577133,21.40183139589171,1.0,-0.19
USA,2013,United States,United States of America,2442815014.12,1503085901.39,5.92,6.68,28.94,1,1,88.2,66.8,90.6,84.0,21.616416905978497,21.13078610003612,0.7599999999999998,-0.19
USA,2014,North America,United States of America,3069334524.16,2025170947.3,5.37,6.36,34.27,0,0,89.4,65.7,89.9,81.8,21.844726607999284,21.428919952855416,0.9900000000000002,3.15
USA,2014,United States,United States of America,2573329300.61,1536624834.19,5.48,6.33,34.0,1,1,89.4,65.7,89.9,81.8,21.668466345581894,21.152854182697236,0.8499999999999996,3.15
USA,2015,North America,United States of America,2948367410.17,1845053045.01,5.73,6.87,32.23,0,0,89.5,66.7,90.5,84.2,21.804517434162427,21.335773865250523,1.1399999999999997,-2.04
USA,2015,United States,United States of America,2495720694.81,1423375853.22,5.75,6.72,31.98,1,1,89.5,66.7,90.5,84.2,21.637843380475093,21.07629724923186,0.9699999999999998,-2.04
USA,2016,North America,United States of America,2873107122.86,1762765395.25,5.78,6.78,31.04,0,0,90.0,59.0,91.4,84.2,21.778659902659857,21.290149660747378,1.0,-1.44
USA,2016,United States,United States of America,2438625790.29,1369816117.19,5.79,6.59,30.51,1,1,90.0,59.0,91.4,84.2,21.61470051730368,21.037942347478822,0.7999999999999998,-1.44
USA,2017,North America,United States of America,3082987101.49,1916306392.76,5.2,6.72,33.44,0,0,88.6,55.7,91.9,81.3,21.849164802413195,21.373665416946228,1.5199999999999996,3.46
USA,2017,United States,United States of America,2617923393.91,1486206383.1,5.21,6.59,33.1,1,1,88.6,55.7,91.9,81.3,21.68564724308546,21.119492659264473,1.38,3.46
USA,2018,North America,United States of America,3368381750.36,2080322189.32,4.93,6.68,44.36,0,0,88.1,59.0,89.0,80.1,21.937698273506577,21.455788617856303,1.75,4.2
USA,2018,United States,United States of America,2865908704.64,1620238838.56,5.42,6.57,32.01,1,1,88.1,59.0,89.0,80.1,21.776151311567293,21.20583940715086,1.1500000000000004,4.2
USA,2019,North America,United States of America,3373113639.38,2051095716.25,4.79,6.85,42.87,0,0,87.6,52.4,89.0,77.3,21.939102083647242,21.441639983524013,2.0599999999999996,-0.84
USA,2019,United States,United States of America,2873983749.93,1584391790.06,5.27,6.69,30.53,1,1,87.6,52.4,89.0,77.3,21.778964970770282,21.183466442595357,1.4200000000000008,-0.84
USA,2020,North America,United States of America,3148888436.75,1786131081.28,4.61,6.46,44.07,0,0,81.9,47.6,88.6,72.9,21.870315350603484,21.303317711041192,1.8499999999999996,-3.21
USA,2020,United States,United States of America,2702692879.03,1389318967.86,4.96,6.28,33.51,1,1,81.9,47.6,88.6,72.9,21.717514475894774,21.052079513563633,1.3200000000000003,-3.21
USA,2021,North America,United States of America,3823318634.63,2219849282.57,4.63,6.3,45.11,0,0,82.9,46.7,88.1,74.4,22.064384635200334,21.520705140242164,1.67,10.42
USA,2021,United States,United States of America,3291674759.38,1703893334.87,5.06,6.18,33.95,1,1,82.9,46.7,88.1,74.4,21.914662317912082,21.256181667073882,1.12,10.42
UZB,2018,Uzbekistan,Uzbekistan,19939107.25,8431732.73,1.91,7.04,67.38,1,1,12.9,35.8,12.9,6.3,16.808193599832926,15.947512970754232,5.13,19.94
UZB,2019,Uzbekistan,Uzbekistan,22703685.1,13004583.51,1.09,6.36,66.71,1,1,15.2,34.9,13.3,5.8,16.938037852528808,16.38081250787317,5.2700000000000005,12.38
UZB,2020,Uzbekistan,Uzbekistan,22058465.21,12011971.03,0.83,6.14,65.86,1,1,15.7,32.1,12.9,6.3,16.909207041267273,16.301414379577817,5.31,-4.32
UZB,2021,Uzbekistan,Uzbekistan,25792818.06,13081868.33,2.1,6.71,65.74,1,1,22.9,37.7,18.6,12.6,17.065606680142828,16.386737808919545,4.609999999999999,9.23
VCT,1998,St. Vincent and the Grenadines,Saint Vincent and the Grenadines,456710.01,140635.61,16.49,16.28,60.66,1,1,,88.3,80.0,79.1,13.031806106611866,11.853934608532931,-0.2099999999999973,2.73
VCT,2000,St. Vincent and the Grenadines,Saint Vincent and the Grenadines,442062.48,116063.08,12.06,20.7,38.74,1,1,,90.5,79.6,80.1,12.999208770656985,11.661897731357273,8.639999999999999,-10.28
VCT,2002,St. Vincent and the Grenadines,Saint Vincent and the Grenadines,479916.03,182292.76,8.52,14.12,37.95,1,1,,59.8,77.6,77.6,13.081368513776404,12.113374730788543,5.6,-2.38
VCT,2003,St. Vincent and the Grenadines,Saint Vincent and the Grenadines,575513.13,89775.11,10.99,15.47,37.52,1,1,,71.9,78.6,83.1,13.263019059405654,11.40507418326179,4.48,6.42
VCT,2004,St. Vincent and the Grenadines,Saint Vincent and the Grenadines,686735.32,255577.37,5.36,13.48,61.32,1,1,62.6,82.0,76.4,70.2,13.439705683846483,12.451284373491523,8.120000000000001,5.8
VCT,2005,St. Vincent and the Grenadines,Saint Vincent and the Grenadines,887765.41,185476.27,4.48,10.76,59.41,1,1,82.4,88.3,74.6,82.7,13.69646393556831,12.130687619829038,6.279999999999999,3.31
VCT,2006,St. Vincent and the Grenadines,Saint Vincent and the Grenadines,740537.41,265362.48,5.08,9.41,82.35,1,1,79.5,86.0,76.1,82.7,13.515132781702636,12.488855787794815,4.33,6.23
VCT,2007,St. Vincent and the Grenadines,Saint Vincent and the Grenadines,700499.66,169595.5,0.68,9.52,86.3,1,1,79.1,74.9,70.3,81.3,13.459550586942909,12.041177365334544,8.84,9.73
VCT,2008,St. Vincent and the Grenadines,Saint Vincent and the Grenadines,846727.98,270338.0,1.15,8.57,73.18,1,1,82.5,73.6,82.2,83.2,13.649135946043575,12.507432005985331,7.42,6.88
VCT,2009,St. Vincent and the Grenadines,Saint Vincent and the Grenadines,767193.16,305582.44,5.01,8.15,53.69,1,1,83.7,72.0,78.7,80.6,13.55049519042646,12.629978146324579,3.1400000000000006,-5.47
VCT,2010,St. Vincent and the Grenadines,Saint Vincent and the Grenadines,683319.71,165308.43,3.64,10.05,48.97,1,1,81.9,73.0,77.7,86.3,13.434719589105118,12.015574329973845,6.41,6.68
VCT,2011,St. Vincent and the Grenadines,Saint Vincent and the Grenadines,643678.51,114890.35,6.14,9.03,56.93,1,1,82.0,72.5,78.9,79.3,13.3749562259355,11.651742178148295,2.8899999999999997,0.52
VCT,2012,St. Vincent and the Grenadines,Saint Vincent and the Grenadines,509936.49,84226.64,1.51,11.93,85.21,1,1,80.1,76.8,80.3,78.9,13.142043428560909,11.341278412396166,10.42,2.54
VCT,2013,St. Vincent and the Grenadines,Saint Vincent and the Grenadines,665659.94,82447.48,1.41,10.96,81.85,1,1,80.1,73.5,79.3,81.7,13.40853572078848,11.319928892402407,9.55,-4.22
VCT,2014,St. Vincent and the Grenadines,Saint Vincent and the Grenadines,625170.72,172520.92,0.06,8.18,89.76,1,1,74.0,75.2,73.6,86.7,13.34578164298112,12.058279579844298,8.12,-1.14
VCT,2015,St. Vincent and the Grenadines,Saint Vincent and the Grenadines,433867.11,176391.26,1.35,9.22,86.45,1,1,73.3,83.3,71.9,76.8,12.980495872888183,12.080465544041159,7.870000000000001,-3.93
VCT,2016,St. Vincent and the Grenadines,Saint Vincent and the Grenadines,360248.94,344690.45,9.59,8.63,81.05,1,1,72.4,86.2,66.7,75.9,12.794553347310748,12.750404948019781,-0.9599999999999991,0.16
VCT,2017,St. Vincent and the Grenadines,Saint Vincent and the Grenadines,375256.12,272791.91,7.81,4.54,66.7,1,1,75.2,77.1,65.7,76.8,12.835366723333026,12.516468214877634,-3.2699999999999996,-0.72
VCT,2018,St. Vincent and the Grenadines,Saint Vincent and the Grenadines,399921.72,179890.64,0.28,16.64,85.95,1,1,77.1,73.1,67.6,76.2,12.899026607424595,12.100109948597591,16.36,3.53
VCT,2019,St. Vincent and the Grenadines,Saint Vincent and the Grenadines,427844.57,176165.59,0.2,14.98,89.25,1,1,77.1,79.7,66.2,75.4,12.966517591696535,12.07918536043028,14.780000000000001,-2.64
VCT,2020,St. Vincent and the Grenadines,Saint Vincent and the Grenadines,295517.45,104536.95,15.69,6.33,86.71,1,1,79.0,86.3,70.0,75.8,12.596486550427432,11.557305442355872,-9.36,-2.12
VCT,2021,St. Vincent and the Grenadines,Saint Vincent and the Grenadines,568836.9,121615.62,0.51,7.89,82.31,1,1,77.6,86.3,69.5,73.9,13.25135078675631,11.708628916806246,7.38,7.69
VEN,1996,Venezuela,"Venezuela, Bolivarian Republic of",10948291.71,21953718.45,5.24,9.02,23.97,1,1,22.6,26.1,26.1,48.0,16.208694085175505,16.90444713415531,3.7799999999999994,-9.17
VEN,1998,Venezuela,"Venezuela, Bolivarian Republic of",15618199.47,17283492.6,5.29,8.12,24.02,1,1,22.5,29.3,28.5,54.2,16.56394748895283,16.665262476831312,2.829999999999999,4.07
VEN,2000,Venezuela,"Venezuela, Bolivarian Republic of",17612783.17,29576891.27,3.12,6.2,38.3,1,1,33.0,23.3,25.9,49.8,16.68413556962243,17.202503947861416,3.08,3.73
VEN,2002,Venezuela,"Venezuela, Bolivarian Republic of",15750244.03,24890487.14,2.7,5.93,49.29,1,1,10.6,13.2,12.9,35.3,16.572366480575216,17.02999628604379,3.2299999999999995,-15.72
VEN,2003,Venezuela,"Venezuela, Bolivarian Republic of",10488211.19,26134378.66,2.75,5.38,51.85,1,1,10.1,12.6,8.0,35.8,16.16576253591438,17.07876223386123,2.63,-15.39
VEN,2004,Venezuela,"Venezuela, Bolivarian Republic of",18296701.19,37861436.82,1.6,4.67,59.95,1,1,17.2,9.2,9.6,29.3,16.72223139337548,17.449443680309066,3.07,32.61
VEN,2005,Venezuela,"Venezuela, Bolivarian Republic of",24885372.15,51902990.15,1.36,4.5,57.63,1,1,16.1,13.6,9.6,27.9,17.02979076513926,17.76488697942338,3.1399999999999997,21.92
VEN,2006,Venezuela,"Venezuela, Bolivarian Republic of",36540505.74,59125279.29,0.87,4.28,66.03,1,1,15.1,13.5,6.2,30.3,17.413931976907737,17.895169145399382,3.41,18.27
VEN,2007,Venezuela,"Venezuela, Bolivarian Republic of",47143000.0,64006987.26,1.1,3.58,61.68,1,1,12.6,12.6,2.9,26.4,17.66869611487998,17.97450282692548,2.48,17.11
VEN,2008,Venezuela,"Venezuela, Bolivarian Republic of",55243037.53,89428757.22,1.0,4.03,61.24,1,1,11.2,11.5,1.9,26.4,17.827252890966523,18.308952868728923,3.0300000000000002,6.4
VEN,2009,Venezuela,"Venezuela, Bolivarian Republic of",40344883.1,51400159.99,0.66,3.35,65.2,1,1,10.0,12.3,2.4,24.6,17.512975156537852,17.755151862521654,2.69,-9.72
VEN,2010,Venezuela,"Venezuela, Bolivarian Republic of",41990793.06,62635308.58,1.2,2.98,57.39,1,1,8.1,12.3,1.9,24.2,17.55296096317459,17.95283972785219,1.78,-8.55
VEN,2011,Venezuela,"Venezuela, Bolivarian Republic of",59060748.82,82143403.84,1.28,2.91,64.43,1,1,11.8,15.6,1.4,20.7,17.89407713010193,18.223977117301473,1.6300000000000001,22.74
VEN,2012,Venezuela,"Venezuela, Bolivarian Republic of",74819829.82,85189151.79,1.1,2.92,68.1,1,1,8.1,17.5,0.5,22.1,18.1305935257216,18.260384669022983,1.8199999999999998,10.11
VEN,2013,Venezuela,"Venezuela, Bolivarian Republic of",54306011.29,78154204.82,0.88,2.61,65.36,1,1,6.2,16.6,0.9,22.1,17.810145502347506,18.174194430658133,1.73,-12.77
VNM,2002,Vietnam,Viet Nam,19702270.07,16874628.17,9.9,15.4,33.58,1,1,35.4,58.2,31.8,9.0,16.79624446980479,16.6413218193703,5.5,10.34
VNM,2003,Vietnam,Viet Nam,25452652.49,22291517.09,9.24,13.41,36.56,1,1,39.7,48.7,30.3,8.5,17.05233055839418,16.919716809368627,4.17,13.1
VNM,2004,Vietnam,Viet Nam,32986305.51,28681282.74,9.88,13.02,38.06,1,1,26.6,50.5,34.6,9.1,17.311603079070995,17.171755333502883,3.139999999999999,12.51
VNM,2005,Vietnam,Viet Nam,36923604.84,35063152.1,8.56,12.19,36.97,1,1,25.9,62.1,43.5,8.7,17.424361629135408,17.37266136781168,3.629999999999999,7.23
VNM,2006,Vietnam,Viet Nam,46208162.39,42724964.95,8.55,11.95,38.41,1,1,25.4,58.0,37.8,7.7,17.64866703719618,17.570293990008327,3.3999999999999986,10.51
VNM,2007,Vietnam,Viet Nam,65219792.73,52523642.53,8.51,11.63,38.53,1,1,31.6,52.2,38.3,8.2,17.993273565640287,17.77677397913578,3.120000000000001,18.24
VNM,2008,Vietnam,Viet Nam,81201233.58,67790339.66,8.32,11.24,38.96,1,1,28.6,49.5,38.9,8.2,18.212441009203516,18.03193027461948,2.92,13.4
VNM,2009,Vietnam,Viet Nam,76811055.0,63133203.39,7.93,11.22,42.26,1,1,35.4,53.1,36.0,8.1,18.156859146090227,17.960757407649012,3.290000000000001,-6.91
VNM,2010,Vietnam,Viet Nam,98169568.36,76816118.48,8.15,11.06,32.55,1,1,31.4,51.7,33.6,7.6,18.40220684098291,18.156925065156774,2.91,10.13
VNM,2011,Vietnam,Viet Nam,123383970.95,99879200.19,7.49,10.34,43.17,1,1,32.7,54.0,35.2,8.5,18.63081177404652,18.419472025646627,2.8499999999999996,12.17
VNM,2012,Vietnam,Viet Nam,132638064.4,129603396.99,6.76,9.48,45.52,1,1,35.5,55.9,35.2,8.9,18.703134663901103,18.679989560597377,2.7200000000000006,3.24
VNM,2013,Vietnam,Viet Nam,164165747.95,147140082.36,6.69,9.24,46.82,1,1,38.4,56.9,39.4,10.8,18.916387139740397,18.806895639003503,2.55,7.72
VNM,2014,Vietnam,Viet Nam,186918674.89,167053034.32,5.29,8.84,53.63,1,1,41.8,44.3,42.8,9.4,19.046184191938753,18.933821896730667,3.55,5.82
VNM,2015,Vietnam,Viet Nam,202330416.64,195758017.03,6.05,9.13,53.09,1,1,40.0,50.0,43.3,10.3,19.12541264990587,19.092389852558266,3.080000000000001,5.89
VNM,2016,Vietnam,Viet Nam,211488189.38,216726897.81,5.9,8.43,48.94,1,1,36.7,54.3,56.2,10.3,19.16967971744483,19.194148588060227,2.5299999999999994,2.74
VNM,2017,Vietnam,Viet Nam,251062198.66,263447213.47,5.89,8.32,57.12,1,1,30.5,54.8,54.8,10.3,19.341211273807232,19.38936358128601,2.4300000000000006,10.39
VNM,2018,Vietnam,Viet Nam,273234684.27,296642636.85,5.77,8.39,55.08,1,1,35.2,48.6,52.4,8.3,19.425841636862877,19.50803873273076,2.620000000000001,5.4
VNM,2019,Vietnam,Viet Nam,286270839.31,325225902.38,5.4,8.39,55.75,1,1,32.9,49.1,51.9,11.6,19.472448914759017,19.60003058615578,2.99,3.44
VNM,2020,Vietnam,Viet Nam,293843822.96,351527253.03,4.53,7.6,66.87,1,1,41.4,47.2,46.7,11.6,19.498558973139986,19.677797802567667,3.0699999999999994,1.54
VNM,2021,Vietnam,Viet Nam,357022783.48,420575524.83,4.39,7.39,68.79,1,1,45.7,42.9,46.7,13.0,19.6933101597802,19.857134630833233,3.0,12.51
VUT,2007,Vanuatu,Vanuatu,263592.38,300995.55,2.12,9.6,74.8,1,1,63.1,93.7,67.9,58.2,12.48216296748633,12.614854081871306,7.4799999999999995,12.59
VUT,2010,Vanuatu,Vanuatu,1091115.79,504734.47,1.24,5.93,66.71,1,1,65.2,92.9,61.6,62.6,13.902712307665203,13.131789749232759,4.6899999999999995,-0.27
VUT,2011,Vanuatu,Vanuatu,586414.04,735958.46,2.58,6.85,75.82,1,1,66.4,89.1,62.0,60.6,13.281783077247502,13.50893031467223,4.27,0.84
WSM,2002,Samoa,Samoa,146565.37,65610.05,1.7,12.75,90.7,1,1,54.5,86.2,87.6,70.1,11.895233642391396,11.091499405868845,11.05,-1.36
WSM,2003,Samoa,Samoa,171882.62,86926.1,2.09,13.34,78.56,1,1,56.1,95.5,88.1,70.6,12.054572898872639,11.372825115341794,11.25,6.62
WSM,2004,Samoa,Samoa,199227.86,81899.83,1.59,12.57,82.98,1,1,49.8,90.8,82.2,70.7,12.202209493156683,11.313264404099943,10.98,18.13
WSM,2005,Samoa,Samoa,230721.58,87695.53,3.39,14.3,76.06,1,1,60.5,87.4,85.2,67.8,12.348971315401775,11.381637610872817,10.91,6.63
WSM,2006,Samoa,Samoa,257671.87,88592.59,4.72,10.41,67.61,1,1,65.9,87.4,82.3,68.3,12.459446113643992,11.39181478634616,5.69,7.37
WSM,2007,Samoa,Samoa,274054.14,108901.73,4.23,9.2,61.71,1,1,65.5,81.6,81.3,66.3,12.52108460599989,11.598210377477356,4.969999999999999,-1.74
WSM,2008,Samoa,Samoa,297977.47,88992.11,2.38,9.62,59.17,1,1,63.6,87.5,76.9,65.4,12.604776514555358,11.396314229987187,7.239999999999999,4.11
WSM,2009,Samoa,Samoa,268084.81,78325.03,5.44,7.84,54.69,1,1,61.7,83.4,68.7,63.5,12.499062394811379,11.268635266069069,2.3999999999999995,-10.52
WSM,2010,Samoa,Samoa,365637.19,90664.61,6.84,8.25,50.91,1,1,61.9,72.0,68.2,59.7,12.809399571531237,11.414933402130346,1.4100000000000001,15.93
WSM,2011,Samoa,Samoa,411839.12,66346.82,2.74,9.09,62.94,1,1,61.6,81.5,69.5,59.6,12.928390494765146,11.102666183154266,6.35,5.66
WSM,2012,Samoa,Samoa,386262.81,74029.94,2.21,8.13,69.97,1,1,61.1,82.9,71.4,59.2,12.86427586060024,11.212238392911576,5.920000000000001,-0.06
WSM,2013,Samoa,Samoa,351187.56,59224.36,5.23,8.97,55.48,1,1,62.6,82.0,71.8,60.1,12.769078566180662,10.989105107522652,3.74,3.0
WSM,2014,Samoa,Samoa,346827.98,50673.42,3.69,6.79,56.85,1,1,65.4,90.0,76.9,70.0,12.756587084411086,10.83317652576876,3.1,2.88
WSM,2015,Samoa,Samoa,320898.61,53260.25,4.1,9.45,61.51,1,1,63.8,91.4,74.8,71.4,12.67888361176533,10.882964328863448,5.35,-2.27
WSM,2016,Samoa,Samoa,359469.44,63333.0,8.26,8.62,57.42,1,1,63.3,91.9,78.6,71.4,12.792387227449616,11.0561775887349,0.35999999999999943,-2.84
WSM,2017,Samoa,Samoa,397417.03,40052.07,10.87,9.09,63.24,1,1,72.9,90.5,79.0,72.9,12.892743977975048,10.597960603740995,-1.7799999999999994,0.9
WSM,2018,Samoa,Samoa,408499.52,34479.41,3.58,10.59,56.75,1,1,73.8,90.6,77.6,72.8,12.9202484662312,10.448146615658208,7.01,0.94
WSM,2019,Samoa,Samoa,457261.21,39315.56,19.38,39.25,76.09,1,1,72.4,91.0,85.2,72.0,13.033012269013048,10.579401083150042,19.87,3.76
YEM,2005,Yemen,Yemen,5526245.49,5486047.19,2.29,4.43,83.52,1,1,19.0,9.2,8.6,17.3,15.52501938897197,15.517718734619011,2.1399999999999997,16.37
YEM,2006,Yemen,Yemen,7217294.77,7137150.34,2.41,4.06,74.44,1,1,23.4,12.1,14.8,16.3,15.791990893617314,15.780824282716472,1.6499999999999995,6.12
YEM,2007,Yemen,Yemen,9284979.39,7048507.83,1.44,3.54,88.24,1,1,22.3,8.7,17.7,16.3,16.043908640758097,15.768326638941144,2.1,18.3
YEM,2008,Yemen,Yemen,9720411.98,9615990.81,2.0,3.62,79.87,1,1,22.3,2.9,16.8,13.0,16.089738663188367,16.078938084051273,1.62,11.32
YEM,2009,Yemen,Yemen,9236348.21,5381472.18,0.88,3.63,80.89,1,1,14.4,1.9,14.2,12.8,16.038657258399617,15.498472719933478,2.75,-6.68
YEM,2010,Yemen,Yemen,9667625.11,8108088.45,1.04,2.81,56.26,1,1,9.5,1.9,12.8,11.4,16.08429334711603,15.908372818806935,1.77,0.38
YEM,2011,Yemen,Yemen,8020894.16,9815425.84,1.58,4.23,61.32,1,1,5.7,1.9,8.0,9.4,15.897560589574198,16.09946587328505,2.6500000000000004,4.12
YEM,2012,Yemen,Yemen,11956412.88,8669210.75,2.19,4.6,71.58,1,1,7.6,1.4,8.5,9.4,16.29677841871555,15.97528842766851,2.4099999999999997,5.93
YEM,2013,Yemen,Yemen,13991085.61,9731262.39,1.07,3.55,81.94,1,1,9.0,1.9,10.8,11.7,16.45393101410438,16.090854290542946,2.4799999999999995,8.57
YEM,2014,Yemen,Yemen,13346802.75,9289332.14,0.41,3.17,64.39,1,1,1.0,1.0,7.7,11.8,16.40678749466946,16.044377325651634,2.76,-4.75
YEM,2015,Yemen,Yemen,7130037.49,2019994.31,0.22,3.63,69.38,1,1,2.9,0.5,7.1,7.4,15.779827190692878,14.518605747592513,3.4099999999999997,-26.12
YEM,2019,Yemen,Yemen,11247362.97,1626157.48,0.47,3.91,72.57,1,1,1.0,0.0,2.4,4.3,16.235644345381164,14.301731030515036,3.4400000000000004,19.38
ZAF,1996,South Africa,South Africa,22712418.74,24457332.29,7.93,9.55,30.71,1,1,76.3,32.4,55.3,73.0,16.93842245794339,17.012440658976477,1.620000000000001,0.24
ZAF,1996,Sub-Saharan Africa,South Africa,64945008.97,76937932.81,6.9,10.05,54.47,0,0,76.3,32.4,55.3,73.0,17.989051469338023,18.158509600365836,3.1500000000000004,0.24
ZAF,1998,South Africa,South Africa,24442709.22,27138394.41,7.5,10.39,30.41,1,1,72.7,28.2,56.0,72.6,17.011842578918206,17.116460087926054,2.8900000000000006,-7.15
ZAF,1998,Sub-Saharan Africa,South Africa,71155529.98,72783142.16,5.44,10.33,54.75,0,0,72.7,28.2,56.0,72.6,18.080378616372666,18.102994936355074,4.89,-7.15
ZAF,2000,South Africa,South Africa,36423145.33,38274199.97,5.45,9.31,39.27,1,1,70.2,37.6,55.7,70.6,17.410715018702554,17.460286623261375,3.8600000000000003,5.41
ZAF,2000,Sub-Saharan Africa,South Africa,104505082.44,106901833.71,4.1,8.72,61.55,0,0,70.2,37.6,55.7,70.6,18.464746273544844,18.487421538710482,4.620000000000001,5.41
ZAF,2002,South Africa,South Africa,37411311.36,41453663.68,6.67,10.3,43.38,1,1,67.2,38.1,55.2,67.7,17.437483686168793,17.540086847700188,3.630000000000001,1.21
ZAF,2002,Sub-Saharan Africa,South Africa,115604665.34,106842090.33,4.55,9.66,58.37,0,0,67.2,38.1,55.2,67.7,18.56568687965083,18.48686252042479,5.11,1.21
ZAF,2003,South Africa,South Africa,47212485.72,48970734.5,6.49,9.46,41.94,1,1,64.6,35.7,53.7,67.7,17.67016896472137,17.70673344296534,2.9700000000000006,14.56
ZAF,2003,Sub-Saharan Africa,South Africa,139825158.11,130244804.38,4.75,8.7,57.69,0,0,64.6,35.7,53.7,67.7,18.75590333659368,18.68492635588306,3.9499999999999993,14.56
ZAF,2004,South Africa,South Africa,62906271.59,60441799.39,5.48,8.23,53.44,1,1,69.5,40.3,51.9,71.6,17.957156439910086,17.917191482979426,2.75,17.61
ZAF,2004,Sub-Saharan Africa,South Africa,170212664.9,168048426.75,4.55,7.7,66.36,0,0,69.5,40.3,51.9,71.6,18.952559189078514,18.93976275624515,3.1500000000000004,17.61
ZAF,2005,South Africa,South Africa,73390083.82,65156553.86,4.7,8.22,52.07,1,1,69.3,40.8,52.6,68.8,18.111299400263867,17.992303468292977,3.5200000000000005,7.52
ZAF,2005,Sub-Saharan Africa,South Africa,199256770.79,204727163.53,3.98,7.16,64.11,0,0,69.3,40.8,52.6,68.8,19.11010486145607,19.137188745930672,3.18,7.52
ZAF,2006,South Africa,South Africa,88518840.39,73524992.28,4.48,8.0,53.18,1,1,69.8,46.9,57.9,68.8,18.29872598438094,18.113135951006843,3.5199999999999996,11.54
ZAF,2006,Sub-Saharan Africa,South Africa,246141231.57,251022777.41,3.7,6.41,64.33,0,0,69.8,46.9,57.9,68.8,19.32141604529323,19.34105424361592,2.71,11.54
ZAF,2007,South Africa,South Africa,103430974.62,91118346.18,3.76,6.93,52.99,1,1,61.7,50.7,54.1,65.9,18.45441504596927,18.327669738001024,3.17,8.01
ZAF,2007,Sub-Saharan Africa,South Africa,298710194.59,296691668.89,2.87,5.67,65.36,0,0,61.7,50.7,54.1,65.9,19.514984415814393,19.508204008999034,2.8,8.01
ZAF,2008,South Africa,South Africa,113618609.61,113078078.23,3.51,7.02,53.99,1,1,62.1,46.2,54.8,64.9,18.548357876625598,18.543589104706243,3.51,4.72
ZAF,2008,Sub-Saharan Africa,South Africa,367724604.58,393789935.78,2.35,5.54,66.1,0,0,62.1,46.2,54.8,64.9,19.722844861574096,19.79132816970363,3.19,4.72
ZAF,2009,South Africa,South Africa,86429189.84,89897452.95,3.83,7.28,56.03,1,1,61.2,41.2,57.3,65.9,18.274836033657923,18.31418017812868,3.45,-14.68
ZAF,2009,Sub-Saharan Africa,South Africa,312355261.71,274562353.27,2.49,5.84,67.23,0,0,61.2,41.2,57.3,65.9,19.55965176052132,19.43068894892845,3.3499999999999996,-14.68
ZAF,2010,South Africa,South Africa,111039061.08,103570135.16,3.57,7.22,58.75,1,1,61.4,45.0,57.3,67.3,18.525392608001216,18.455759585230606,3.65,14.16
ZAF,2010,Sub-Saharan Africa,South Africa,373400584.32,352125702.79,2.31,5.3,63.61,0,0,61.4,45.0,57.3,67.3,19.73816235661218,19.67949878285246,2.9899999999999998,14.16
ZAF,2011,South Africa,South Africa,144021634.57,145084156.64,3.28,6.82,59.11,1,1,57.3,48.8,59.2,66.7,18.78547409326821,18.792824529536592,3.5400000000000005,11.22
ZAF,2011,Sub-Saharan Africa,South Africa,475230464.06,476844245.0,1.93,5.11,69.34,0,0,57.3,48.8,59.2,66.7,19.9793104339325,19.982700467228753,3.1800000000000006,11.22
ZAF,2012,South Africa,South Africa,144484117.02,148828952.11,3.79,7.22,59.83,1,1,53.1,43.1,57.3,66.2,18.78868014958003,18.818308238787697,3.4299999999999997,0.67
ZAF,2012,Sub-Saharan Africa,South Africa,470234864.15,479256808.02,1.97,5.25,71.4,0,0,53.1,43.1,57.3,66.2,19.96874284093848,19.9877471474469,3.2800000000000002,0.67
ZAF,2013,South Africa,South Africa,138984027.96,149357842.45,3.53,7.55,64.29,1,1,54.5,45.0,56.3,66.2,18.749869584925158,18.82185561848879,4.02,-0.42
ZAF,2013,Sub-Saharan Africa,South Africa,488882664.88,476387100.05,1.92,5.38,73.16,0,0,54.5,45.0,56.3,66.2,20.007633071571576,19.981741319197248,3.46,-0.42
ZAF,2014,South Africa,South Africa,129586385.46,138773762.02,3.08,6.67,66.18,1,1,54.3,40.0,62.5,69.0,18.679858293618157,18.74835556093565,3.59,-1.72
ZAF,2014,Sub-Saharan Africa,South Africa,497528378.98,454839663.31,1.78,4.88,67.52,0,0,54.3,40.0,62.5,69.0,20.025163158121835,19.935455528680773,3.0999999999999996,-1.72
ZAF,2015,South Africa,South Africa,116553434.94,116590808.82,3.12,7.54,66.39,1,1,54.8,39.0,57.6,70.0,18.573860403406183,18.57418101076407,4.42,-7.43
ZAF,2015,Sub-Saharan Africa,South Africa,425416894.19,331812218.06,1.73,5.6,69.34,0,0,54.8,39.0,57.6,70.0,19.868580175950214,19.620079761624815,3.8699999999999997,-7.43
ZAF,2016,South Africa,South Africa,106078931.6,103007112.49,3.11,7.39,67.14,1,1,57.1,40.0,55.7,69.5,18.479694022134005,18.45030860681888,4.279999999999999,-6.25
ZAF,2016,Sub-Saharan Africa,South Africa,371019351.81,287552201.69,1.76,6.01,73.37,0,0,57.1,40.0,55.7,69.5,19.731764783119576,19.476914976292925,4.25,-6.25
ZAF,2017,South Africa,South Africa,117072660.02,113765535.42,3.12,7.12,65.3,1,1,52.4,34.3,49.0,69.0,18.57830533435897,18.54965019038069,4.0,5.15
ZAF,2017,Sub-Saharan Africa,South Africa,407230983.07,335693695.37,2.15,6.22,69.51,0,0,52.4,34.3,49.0,69.0,19.824891110851034,19.631709684204704,4.07,5.15
ZAF,2018,South Africa,South Africa,128327603.61,126890344.84,3.28,7.64,67.04,1,1,52.4,38.2,46.2,69.4,18.67009696318498,18.658833852879667,4.359999999999999,5.59
ZAF,2018,Sub-Saharan Africa,South Africa,439370976.3,400507642.56,1.85,5.75,69.63,0,0,52.4,38.2,46.2,69.4,19.90085466498231,19.808243409334267,3.9,5.59
ZAF,2019,South Africa,South Africa,117834378.82,120608795.63,4.83,9.69,64.73,1,1,54.3,36.3,48.1,68.1,18.58479063566832,18.60806278014459,4.859999999999999,-2.51
ZAF,2019,Sub-Saharan Africa,South Africa,438082372.08,371642929.78,2.21,6.91,68.78,0,0,54.3,36.3,48.1,68.1,19.897917517051148,19.73344408777883,4.7,-2.51
ZAF,2020,South Africa,South Africa,90196295.61,111672871.58,3.14,7.27,63.69,1,1,53.3,39.2,44.8,70.0,18.317498926651165,18.531084374920262,4.129999999999999,-11.51
ZAF,2020,Sub-Saharan Africa,South Africa,386040684.73,322335291.7,1.99,6.4,68.33,0,0,53.3,39.2,44.8,70.0,19.77145332532015,19.591102843427983,4.41,-11.51
ZAF,2021,South Africa,South Africa,119580111.1,160980172.43,2.8,6.2,64.41,1,1,53.8,20.3,53.8,71.5,18.599497098864326,18.896791768968082,3.4000000000000004,16.42
ZAF,2021,Sub-Saharan Africa,South Africa,495100022.11,435046781.54,1.82,5.41,68.67,0,0,53.8,20.3,53.8,71.5,20.02027036700909,19.89096412933926,3.59,16.42
ZMB,1996,Zambia,Zambia,813689.75,926510.57,4.52,6.51,44.29,1,1,24.7,42.0,34.2,38.0,13.609335658794153,13.739181812487107,1.9900000000000002,6.21
ZMB,1998,Zambia,Zambia,669408.26,759024.94,4.19,9.12,54.16,1,1,26.7,54.3,36.5,34.8,13.414150900947222,13.539791232341852,4.929999999999999,4.82
ZMB,2000,Zambia,Zambia,1168785.51,659627.11,4.79,7.29,63.19,1,1,26.6,46.6,33.8,35.8,13.971476597599795,13.39943148549693,2.5,5.97
ZMB,2002,Zambia,Zambia,1107865.76,756342.93,4.08,7.6,74.2,1,1,29.6,35.4,41.3,41.3,13.917946886350848,13.536251485573068,3.5199999999999996,11.45
ZMB,2003,Zambia,Zambia,1104661.32,815510.96,6.5,8.31,64.65,1,1,33.3,50.8,41.8,38.8,13.915050253470826,13.611571366784835,1.8100000000000005,9.6
ZMB,2004,Zambia,Zambia,1494441.45,1699188.05,3.95,5.89,81.23,1,1,31.0,52.9,38.9,34.6,14.217263752102522,14.345661665799952,1.9399999999999995,15.98
ZMB,2005,Zambia,Zambia,1721281.75,1748936.14,3.99,6.45,78.46,1,1,34.1,50.0,36.8,34.6,14.358580355714,14.374518812817412,2.46,7.73
ZMB,2006,Zambia,Zambia,3955393.21,2851582.31,3.12,6.25,69.83,1,1,35.6,56.0,35.4,39.4,15.190590828047378,14.863384945353944,3.13,9.61
ZMB,2007,Zambia,Zambia,3102209.75,3517516.43,3.67,6.16,72.22,1,1,40.8,56.5,36.4,39.9,14.947625560449486,15.073266023182285,2.49,12.6
ZMB,2008,Zambia,Zambia,3666399.96,3945058.42,2.58,6.2,66.44,1,1,41.7,60.1,41.3,43.3,15.114721074014241,15.187974574252609,3.62,14.17
ZMB,2009,Zambia,Zambia,2732428.49,3503784.69,2.7,6.6,69.96,1,1,38.3,65.4,39.8,37.0,14.820701694491296,15.069354567638296,3.8999999999999995,-12.96
ZMB,2010,Zambia,Zambia,3409651.08,5882762.53,2.08,5.72,67.48,1,1,37.6,63.0,36.5,38.4,15.04212081472884,15.587537197560236,3.6399999999999997,17.9
ZMB,2011,Zambia,Zambia,5041727.62,7612864.09,1.24,5.43,86.23,1,1,42.2,63.5,39.9,42.3,15.433259561402032,15.845350149127784,4.1899999999999995,16.96
ZMB,2012,Zambia,Zambia,5742284.24,7699214.1,1.71,7.7,81.73,1,1,47.9,68.2,43.7,44.1,15.563367814500387,15.856628946563244,5.99,9.96
ZMB,2013,Zambia,Zambia,6352826.96,7050434.69,1.22,7.84,87.47,1,1,46.9,61.6,46.9,44.1,15.664410619762368,15.76859997287891,6.62,9.54
ZMB,2014,Zambia,Zambia,6000982.82,6741337.51,1.77,5.46,76.12,1,1,44.7,52.4,47.6,44.3,15.607433983750717,15.723769055159842,3.69,-2.94
ZMB,2015,Zambia,Zambia,5655052.6,6124587.57,0.79,5.53,94.01,1,1,43.8,53.3,46.7,45.8,15.548060145825191,15.62782213989401,4.74,-10.61
ZMB,2016,Zambia,Zambia,5134232.45,6126237.96,1.11,5.59,96.02,1,1,41.4,50.0,43.3,36.5,15.451441110746785,15.628091573123061,4.4799999999999995,-4.15
ZMB,2017,Zambia,Zambia,5626731.6,7465652.63,0.94,4.99,70.01,1,1,34.3,52.4,40.5,36.5,15.543039476404799,15.825823544398961,4.050000000000001,4.78
ZMB,2018,Zambia,Zambia,7262063.02,9210099.9,0.92,4.68,73.41,1,1,28.1,50.9,41.0,35.4,15.798174646670795,16.03581136365465,3.76,8.93
ZMB,2019,Zambia,Zambia,6508529.91,8158896.7,1.51,5.14,63.0,1,1,27.6,43.4,34.8,35.7,15.688624322051531,15.91461963203107,3.63,-13.08
ZMB,2020,Zambia,Zambia,5513594.76,7750242.1,0.94,5.45,66.72,1,1,26.2,43.4,28.6,34.8,15.522727556307906,15.863234768579508,4.51,-14.17
ZMB,2021,Zambia,Zambia,7876466.9,9737229.46,1.0,4.69,72.76,1,1,25.7,48.6,30.0,35.3,15.87939012530565,16.09146728816185,3.6900000000000004,10.35
ZWE,2002,Zimbabwe,Zimbabwe,1399557.45,1932111.17,8.61,15.39,48.47,1,1,7.4,10.6,3.5,10.9,14.151667351981557,14.474124351075453,6.780000000000001,25.12
ZWE,2003,Zimbabwe,Zimbabwe,1731967.87,2050890.05,8.46,16.38,51.34,1,1,6.9,18.6,2.5,10.0,14.364769394501884,14.533784915214518,7.919999999999998,-30.47
ZWE,2004,Zimbabwe,Zimbabwe,1892407.44,2179850.95,9.19,14.17,70.1,1,1,8.9,13.6,2.9,6.3,14.453360882674227,14.594767519615052,4.98,61.77
ZWE,2005,Zimbabwe,Zimbabwe,2115327.27,2014807.78,6.47,12.5,77.57,1,1,7.3,12.1,0.5,5.3,14.564720568820517,14.516034850596768,6.03,-8.55
ZWE,2006,Zimbabwe,Zimbabwe,2530262.44,2238142.81,5.74,9.28,65.77,1,1,4.4,18.4,1.0,7.2,14.74383398176513,14.621157424055843,3.539999999999999,-4.79
ZWE,2007,Zimbabwe,Zimbabwe,2736756.13,2425847.99,4.75,10.38,64.74,1,1,2.9,15.0,1.4,7.2,14.822284248243395,14.701692120052448,5.630000000000001,22.34
ZWE,2008,Zimbabwe,Zimbabwe,2882801.96,2273581.06,5.28,9.74,82.74,1,1,3.9,13.0,1.0,7.7,14.874273628811416,14.636867145723821,4.46,-22.34
ZWE,2009,Zimbabwe,Zimbabwe,2676801.48,1140790.88,9.5,14.42,80.0,1,1,3.3,14.2,0.9,7.6,14.800133535693645,13.947233210804775,4.92,72.61
ZWE,2010,Zimbabwe,Zimbabwe,3787246.84,1448413.46,2.74,11.22,85.91,1,1,2.9,13.7,0.9,8.1,15.147150149685732,14.18598004025378,8.48,-3.4
ZWE,2011,Zimbabwe,Zimbabwe,4673458.64,2576400.25,2.91,10.57,83.14,1,1,2.4,19.4,0.9,8.0,15.357410177641519,14.761904118827864,7.66,22.31
ZWE,2012,Zimbabwe,Zimbabwe,5123552.31,2750812.78,2.46,13.55,86.36,1,1,1.9,21.8,1.9,7.5,15.449358762164362,14.827407345867066,11.09,-6.78
ZWE,2013,Zimbabwe,Zimbabwe,4578539.12,2680923.87,3.21,14.26,87.33,1,1,2.4,24.2,2.3,9.9,15.336890754186737,14.801672393699741,11.05,1.98
ZWE,2014,Zimbabwe,Zimbabwe,4397944.81,2586103.18,2.94,10.53,87.19,1,1,4.3,22.4,3.8,13.8,15.296648128511155,14.7656631236587,7.59,-8.29
ZWE,2015,Zimbabwe,Zimbabwe,4166512.78,2441417.38,4.35,16.57,86.49,1,1,6.7,24.8,5.7,15.8,15.242590220131222,14.70808973165677,12.22,-0.14
ZWE,2016,Zimbabwe,Zimbabwe,3618324.45,2182071.94,5.24,17.22,91.72,1,1,9.5,24.8,7.6,14.8,15.101521893904561,14.595785872864111,11.979999999999999,-6.11
ZWE,2017,Zimbabwe,Zimbabwe,3766306.69,2516007.32,4.67,21.66,84.35,1,1,9.5,21.0,7.1,14.8,15.141605686932964,14.738184203633248,16.990000000000002,-3.56
ZWE,2018,Zimbabwe,Zimbabwe,4199984.19,3375865.86,4.48,18.45,86.82,1,1,10.0,20.3,8.1,17.0,15.250591557056904,15.032162696716526,13.969999999999999,14.01
ZWE,2019,Zimbabwe,Zimbabwe,3486459.31,3140847.96,5.24,18.28,87.46,1,1,10.0,15.1,7.1,16.4,15.06439754166904,14.96000369076796,13.040000000000001,-13.85
ZWE,2020,Zimbabwe,Zimbabwe,4089261.59,3660099.48,4.54,25.92,84.12,1,1,9.5,13.2,7.1,17.9,15.223875215920213,15.113001158552619,21.380000000000003,2.68
ZWE,2021,Zimbabwe,Zimbabwe,5566423.9,4333975.75,2.0,13.26,85.82,1,1,8.1,17.0,8.6,18.4,15.53226355663799,15.281996096504754,11.26,22.52
