Country_Code,Year,Country_Name,AHS_Weighted_Average_Percent,MFN_Weighted_Average_Percent,AHS_Duty_Free_Tariff_Lines_Share_Percent,has_RCA,pv_rank,va_rank,Log_Export,Tariff_Gap,Country_Growth_Percent,Effective_Tariff
ABW,2004,Aruba,3.31,5.69,56.76,1,80.6,73.1,14.77092457901538,2.3800000000000003,1.73,1.431244
ABW,2005,Aruba,2.22,5.78,47.31,1,96.1,85.6,14.960064443197032,3.56,8.43,1.169718
ABW,2006,Aruba,2.76,6.11,39.9,1,96.1,80.3,15.051433447793778,3.3500000000000005,0.5499999999999998,1.6587599999999998
ABW,2007,Aruba,2.39,5.91,52.7,1,96.6,78.4,14.917213266362252,3.52,3.42,1.13047
ABW,2008,Aruba,2.78,7.56,47.17,1,96.2,79.3,14.880180176869986,4.779999999999999,-0.05999999999999961,1.4686739999999998
ABW,2009,Aruba,1.58,5.27,52.04,1,88.6,91.5,14.111874198809634,3.69,1.63,0.7577680000000001
ABW,2010,Aruba,6.15,5.65,56.77,1,88.2,91.0,14.159149800134427,0.0,-3.46,2.6586450000000004
ABW,2011,Aruba,1.62,4.96,59.6,1,93.8,90.6,15.005780369661377,3.34,9.53,0.6544800000000001
ABW,2012,Aruba,3.21,5.89,63.41,1,93.4,90.6,14.795199777634863,2.68,-0.9800000000000004,1.174539
ABW,2013,Aruba,3.3,4.93,64.15,1,94.8,90.6,15.12038803370245,1.63,1.71,1.1830499999999997
ABW,2014,Aruba,1.45,4.25,78.75,1,92.4,92.1,15.173141549148426,2.8,-0.7400000000000002,0.30812500000000004
ABW,2015,Aruba,2.26,4.21,72.46,1,92.4,91.6,14.844702898246789,1.95,-4.75,0.6224040000000002
ABW,2016,Aruba,3.64,6.38,76.45,1,93.3,92.1,14.434348459955874,2.74,-2.08,0.8572199999999998
ABW,2017,Aruba,3.41,5.51,65.17,1,95.2,92.6,14.507566172983264,2.1,3.42,1.187703
ABW,2018,Aruba,0.18,4.41,77.52,1,95.3,91.3,14.223963272063214,4.23,2.5200000000000005,0.040464
ABW,2019,Aruba,0.6,4.51,86.9,1,95.8,91.3,14.203146255902231,3.91,2.28,0.07859999999999993
ABW,2020,Aruba,3.31,4.06,77.17,1,96.2,92.8,13.76178106687896,0.7499999999999996,-15.439999999999998,0.7556729999999998
ABW,2021,Aruba,2.81,3.11,82.73,1,97.2,80.2,14.23806989694584,0.2999999999999998,11.59,0.4852869999999999
AFG,1996,Afghanistan,7.56,10.7,41.19,0,2.1,1.0,13.028760293682003,3.14,4.583333333333333,4.446036
AFG,1998,Afghanistan,12.58,12.17,31.88,0,0.5,0.5,12.733937582153306,0.0,1.0499999999999998,8.569496000000001
AFG,2000,Afghanistan,6.89,9.99,55.41,0,0.5,1.0,13.39315506197122,3.1000000000000005,-12.233333333333334,3.0722510000000005
AFG,2002,Afghanistan,10.54,11.03,52.03,0,1.6,9.5,13.899094075718368,0.4900000000000002,9.91,5.056038
AFG,2003,Afghanistan,6.22,8.32,54.77,0,2.0,14.4,14.50145091162009,2.1000000000000005,15.4,2.8133059999999994
AFG,2004,Afghanistan,8.25,9.05,67.34,0,1.9,15.4,14.751071230184063,0.8000000000000007,13.223333333333334,2.69445
AFG,2005,Afghanistan,7.48,8.94,57.32,0,2.4,14.9,15.199130994832954,1.459999999999999,6.183333333333333,3.1924639999999997
AFG,2006,Afghanistan,8.99,9.18,63.25,0,1.4,17.8,15.277353729695728,0.1899999999999995,9.133333333333333,3.3038250000000007
AFG,2007,Afghanistan,8.13,10.15,65.32,0,1.4,18.8,15.293048112627329,2.02,5.816666666666667,2.819484000000001
AFG,2008,Afghanistan,7.0,9.07,63.82,1,0.5,14.4,15.696354421496032,2.0700000000000003,0.1466666666666674,2.5326
AFG,2009,Afghanistan,7.71,8.25,65.19,1,0.5,9.5,15.960143010663492,0.54,5.11,2.6838510000000007
AFG,2010,Afghanistan,7.49,8.83,56.32,1,1.4,10.0,16.336515376153528,1.34,24.29,3.271632
AFG,2011,Afghanistan,7.1,9.0,69.04,1,1.4,11.3,16.53868813320219,1.9000000000000004,11.35,2.1981599999999997
AFG,2012,Afghanistan,6.28,7.92,77.19,1,1.9,14.1,16.318747033688528,1.6399999999999997,-1.46,1.4324679999999999
AFG,2013,Afghanistan,5.0,7.91,78.27,1,1.4,14.6,16.349231792258447,2.91,17.42,1.0865000000000002
AFG,2014,Afghanistan,3.82,6.56,53.7,1,2.9,16.3,16.183964028694493,2.74,-5.140000000000001,1.76866
AFG,2015,Afghanistan,3.35,9.95,55.57,1,1.0,18.7,16.109527110642734,6.6,0.16999999999999993,1.4884050000000002
AFG,2016,Afghanistan,2.53,8.67,58.57,1,1.0,20.7,16.04495820722795,6.140000000000001,-8.02,1.048179
AFG,2017,Afghanistan,1.45,8.52,62.5,1,0.5,22.2,16.24867625704123,7.069999999999999,9.21,0.54375
AFG,2018,Afghanistan,2.15,8.65,55.9,1,0.5,20.4,16.246540199501467,6.5,-2.51,0.94815
AFG,2019,Afghanistan,2.78,9.67,59.42,1,0.9,21.3,15.836201732112151,6.890000000000001,7.56,1.1281239999999997
AFG,2020,Afghanistan,1.91,8.48,59.32,0,0.5,19.8,15.806149265316217,6.57,-7.653333333333332,0.776988
AFG,2021,Afghanistan,2.24,8.23,56.35,0,1.4,7.2,15.593177357019098,5.99,5.573333333333333,0.9777600000000001
AGO,1996,Angola,16.15,8.51,70.47,0,3.7,6.0,14.447195977967406,0.0,5.726666666666667,4.769095
AGO,1998,Angola,3.5,6.35,78.59,0,1.1,9.5,14.50615276369287,2.85,0.8833333333333333,0.7493499999999998
AGO,2000,Angola,1.86,5.01,85.59,0,1.6,9.0,14.889179310479994,3.1499999999999995,11.196666666666667,0.26802600000000004
AGO,2002,Angola,2.24,5.07,82.83,0,9.5,12.9,15.274949206507166,2.83,4.1866666666666665,0.38460799999999995
AGO,2003,Angola,2.89,4.2,84.44,0,19.6,10.9,15.701699235722057,1.31,10.026666666666667,0.44968400000000025
AGO,2004,Angola,3.09,3.48,86.78,0,16.5,11.5,15.978280148898866,0.3900000000000001,11.64,0.4084979999999999
AGO,2005,Angola,1.7,3.65,79.2,0,21.4,12.0,16.14476466040861,1.95,12.496666666666668,0.3535999999999999
AGO,2006,Angola,2.21,3.4,84.19,0,28.0,11.5,16.487406587318628,1.19,22.73333333333333,0.349401
AGO,2007,Angola,1.04,2.66,86.53,1,24.2,14.4,16.716721931600606,1.62,19.509999999999998,0.14008800000000005
AGO,2008,Angola,0.54,2.97,83.95,0,31.3,15.9,17.15662331165374,2.43,10.143333333333334,0.08667
AGO,2009,Angola,0.38,2.6,83.99,1,32.7,14.7,17.03860967377146,2.22,18.54,0.06083800000000001
AGO,2010,Angola,0.8,2.33,50.79,1,37.9,14.7,16.909802677252205,1.53,-12.91,0.39368000000000003
AGO,2011,Angola,0.18,2.42,83.92,1,34.6,14.6,17.03645878632015,2.24,7.05,0.028943999999999987
AGO,2012,Angola,0.03,2.65,91.93,1,35.1,16.0,17.196974498036862,2.62,17.54,0.0024209999999999965
AGO,2013,Angola,0.66,2.32,87.98,1,35.1,16.0,17.27894792459003,1.6599999999999997,-3.4800000000000004,0.07933199999999999
AGO,2014,Angola,0.69,2.04,47.96,1,32.9,15.3,17.433499335451323,1.35,3.67,0.35907599999999995
AGO,2015,Angola,0.06,2.24,40.74,1,28.1,15.3,16.985674700583257,2.18,-13.43,0.035556
AGO,2016,Angola,0.68,2.31,54.58,1,33.3,16.7,16.544936446493775,1.63,-18.2,0.3088560000000001
AGO,2017,Angola,0.41,2.76,44.41,1,30.5,18.2,16.630804498943903,2.35,3.81,0.227919
AGO,2018,Angola,0.13,2.12,41.61,1,34.9,22.8,16.46518959979504,1.99,1.75,0.07590700000000002
AGO,2019,Angola,0.16,2.28,42.09,1,31.6,25.1,16.352812282290433,2.12,-6.609999999999999,0.09265599999999999
AGO,2020,Angola,0.99,3.19,42.52,1,24.5,25.6,16.08733095454858,2.2,-18.2,0.569052
AGO,2021,Angola,1.0,2.79,46.98,1,21.2,24.2,16.353483734284016,1.79,10.39,0.5302
AIA,2004,Anguilla,1.81,15.73,75.34,1,74.3,76.4,10.973416375743646,13.92,15.51,0.4463459999999999
AIA,2005,Anguilla,5.19,19.5,63.53,0,90.3,75.5,11.71687135475956,14.31,13.916666666666664,1.8927930000000002
AIA,2006,Anguilla,3.71,24.36,59.15,1,89.4,80.3,11.53997841173019,20.65,12.496666666666668,1.5155349999999999
AIA,2007,Anguilla,5.65,19.98,58.09,1,87.4,78.4,12.057522693969227,14.33,19.06,2.3679149999999995
AIA,2008,Anguilla,5.81,13.85,47.0,1,88.9,79.3,11.979012622342498,8.04,4.7,3.0793
AIA,2009,Anguilla,2.95,14.92,70.93,0,78.7,77.3,12.038534789322966,11.97,9.023333333333333,0.8575649999999999
AIA,2010,Anguilla,3.21,10.29,54.59,0,95.7,78.2,11.21479257244144,7.079999999999999,0.7033333333333331,1.4576609999999999
AIA,2011,Anguilla,2.9,11.76,53.95,0,99.5,78.9,11.039869341601072,8.86,7.926666666666666,1.33545
AIA,2012,Anguilla,2.18,16.05,52.39,0,99.5,80.8,11.095697343091455,13.87,10.266666666666666,1.037898
AIA,2013,Anguilla,2.83,14.15,52.48,0,99.5,81.2,12.226897789094055,11.32,-4.113333333333333,1.3448160000000002
ALB,1996,Albania,6.45,13.99,27.79,1,35.6,29.5,13.988486732386823,7.54,12.593333333333332,4.657545
ALB,1998,Albania,7.85,15.54,33.35,1,28.7,38.8,13.573463111123472,7.689999999999999,15.649999999999999,5.232024999999999
ALB,2000,Albania,6.07,13.79,40.4,1,29.6,41.3,14.382513842455731,7.719999999999999,-2.8499999999999996,3.6177200000000007
ALB,2002,Albania,3.69,14.65,80.99,1,33.9,48.3,14.72446621382318,10.96,6.3,0.7014690000000001
ALB,2003,Albania,3.59,11.98,82.76,1,36.2,50.2,14.914492781531363,8.39,11.35,0.618916
ALB,2004,Albania,2.68,10.73,82.18,1,30.1,49.0,15.119692650930256,8.05,11.08,0.4775759999999998
ALB,2005,Albania,7.15,10.86,22.88,1,29.6,51.4,15.20764319066154,3.709999999999999,6.61,5.51408
ALB,2006,Albania,3.71,10.93,78.64,1,30.0,49.0,15.34165392940793,7.22,8.14,0.792456
ALB,2007,Albania,3.0,10.03,77.61,1,37.7,51.9,15.615554818338612,7.029999999999999,17.22,0.6717
ALB,2008,Albania,3.81,9.68,77.5,1,43.3,53.4,15.875429362624992,5.869999999999999,11.8,0.85725
ALB,2009,Albania,4.68,9.56,77.46,1,42.2,54.0,15.8014498762512,4.880000000000001,-6.93,1.0548720000000003
ALB,2010,Albania,2.4,9.04,81.82,1,38.4,54.0,15.739325508904308,6.639999999999999,0.6000000000000001,0.43632000000000015
ALB,2011,Albania,2.83,8.62,77.94,1,37.4,52.1,15.867114311482892,5.789999999999999,8.27,0.624298
ALB,2012,Albania,2.4,8.15,81.46,1,40.3,50.7,15.82825317184105,5.75,-4.9,0.44496
ALB,2013,Albania,2.86,8.11,77.97,1,49.3,51.2,15.835009183850811,5.25,0.009999999999999787,0.6300580000000001
ALB,2014,Albania,3.05,8.51,77.56,1,61.4,50.2,15.90493636556504,5.46,3.52,0.6844199999999998
ALB,2015,Albania,3.84,8.77,77.01,1,58.1,52.7,15.74915981424436,4.93,-9.11,0.8828159999999999
ALB,2016,Albania,3.05,9.28,77.12,1,57.6,52.2,15.8206474191061,6.23,3.96,0.69784
ALB,2017,Albania,2.91,9.85,82.46,1,59.5,54.2,15.91731656884477,6.94,6.36,0.5104140000000004
ALB,2018,Albania,2.86,9.78,82.2,1,58.5,52.9,16.04881160065436,6.92,6.06,0.5090799999999998
ALB,2019,Albania,2.91,9.95,79.64,1,51.9,52.2,16.0146541871864,7.039999999999999,-0.28000000000000025,0.592476
ALB,2020,Albania,2.79,10.03,79.53,1,50.0,51.2,15.96484344538216,7.239999999999999,-4.300000000000001,0.571113
ALB,2021,Albania,2.52,9.21,78.28,1,52.4,50.2,16.30677584536556,6.690000000000001,19.56,0.5473439999999998
ARE,1996,United Arab Emirates,30.79,12.21,28.1,0,78.2,37.0,17.012719226590026,0.0,6.0,22.138009999999998
ARE,1998,United Arab Emirates,7.96,7.3,26.97,0,76.1,33.8,17.206950366301,0.0,3.85,5.813187999999999
ARE,2000,United Arab Emirates,5.93,6.29,28.03,1,80.4,31.3,17.642165332861584,0.3600000000000003,2.44,4.267821
ARE,2002,United Arab Emirates,20.82,9.58,29.87,1,81.0,30.3,17.88821779739524,0.0,18.17,14.601066000000001
ARE,2003,United Arab Emirates,5.7,6.4,29.33,1,81.4,22.9,18.117618293279214,0.7000000000000002,10.49,4.02819
ARE,2004,United Arab Emirates,4.94,5.67,33.11,1,73.3,26.4,18.34673805692292,0.7299999999999995,17.64,3.3043660000000004
ARE,2005,United Arab Emirates,3.64,5.4,45.48,1,74.8,26.0,18.64310563549249,1.7600000000000002,5.89,1.984528
ARE,2006,United Arab Emirates,3.51,5.07,45.86,1,77.8,20.7,18.77555948163808,1.5600000000000005,10.04,1.9003139999999998
ARE,2007,United Arab Emirates,3.06,4.73,47.66,1,80.7,23.1,18.966216829983637,1.6700000000000004,13.92,1.6016040000000002
ARE,2008,United Arab Emirates,4.6,5.49,41.83,1,69.7,22.1,19.26195975880301,0.8900000000000006,17.55,2.67582
ARE,2009,United Arab Emirates,3.23,5.04,44.75,1,79.6,25.6,19.037845628394976,1.81,-3.25,1.784575
ARE,2010,United Arab Emirates,3.28,4.9,37.85,1,73.9,23.2,19.13213064638508,1.6200000000000006,6.7,2.0385199999999997
ARE,2011,United Arab Emirates,3.67,4.89,38.15,1,73.9,23.5,19.340790965679503,1.2199999999999998,6.21,2.269895
ARE,2012,United Arab Emirates,2.51,4.73,47.61,1,73.5,18.3,19.414240722018143,2.2200000000000006,11.24,1.314989
ARE,2013,United Arab Emirates,2.91,4.44,47.87,1,74.9,19.2,19.61840688748432,1.5300000000000002,6.3,1.5169830000000004
ARE,2014,United Arab Emirates,2.69,4.1,36.16,1,71.9,20.2,19.55320742452372,1.4099999999999997,0.6200000000000001,1.7172960000000002
ARE,2015,United Arab Emirates,3.19,4.99,36.19,1,70.0,19.2,19.486408514694045,1.8000000000000005,-1.959999999999999,2.035539
ARE,2016,United Arab Emirates,3.08,5.01,36.22,1,64.8,20.2,19.445014755273338,1.93,-2.869999999999999,1.9644240000000002
ARE,2017,United Arab Emirates,2.72,5.17,37.14,1,66.7,17.7,19.422611827613803,2.45,-2.4399999999999995,1.7097920000000002
ARE,2018,United Arab Emirates,3.65,5.29,34.25,1,68.9,18.0,19.364437454182777,1.64,-2.5600000000000005,2.3998749999999998
ARE,2019,United Arab Emirates,3.81,5.76,32.0,1,69.3,17.4,19.33953672731367,1.95,8.57,2.5907999999999998
ARE,2020,United Arab Emirates,3.45,5.82,36.95,1,65.1,16.4,19.153401183638955,2.37,-7.469999999999999,2.1752249999999997
ARE,2021,United Arab Emirates,2.95,4.8,31.71,1,65.1,16.4,19.41309100169168,1.85,18.63,2.014555
ARG,1996,Argentina,15.69,16.69,18.74,1,51.1,62.5,16.911064117330024,1.0000000000000018,8.67,12.749694
ARG,1998,Argentina,15.24,17.69,18.58,1,39.4,57.7,17.141610714785116,2.450000000000001,1.6799999999999997,12.408408000000001
ARG,2000,Argentina,12.25,14.83,36.21,1,50.3,61.2,17.154176670521043,2.58,-0.4500000000000002,7.8142749999999985
ARG,2002,Argentina,10.7,12.81,27.26,1,22.8,56.2,16.1018292240691,2.110000000000001,-18.2,7.78318
ARG,2003,Argentina,12.23,12.78,28.53,1,35.2,61.2,16.59226858406488,0.5499999999999989,24.13,8.740781
ARG,2004,Argentina,8.97,11.94,47.92,1,26.2,59.6,17.034684112906476,2.969999999999999,27.3,4.671576
ARG,2005,Argentina,9.57,12.83,48.89,1,44.2,59.1,17.245309627669595,3.26,13.06,4.891227
ARG,2006,Argentina,9.4,11.8,50.82,1,45.9,58.2,17.4426136526572,2.4000000000000004,9.11,4.622920000000001
ARG,2007,Argentina,8.76,11.73,48.12,1,46.9,58.7,17.707758275534513,2.9700000000000006,14.41,4.544688
ARG,2008,Argentina,9.95,11.53,50.13,1,40.9,58.2,17.90228670753572,1.58,13.37,4.962064999999999
ARG,2009,Argentina,8.4,11.39,52.57,1,37.0,56.4,17.573365112807263,2.99,-17.84,3.98412
ARG,2010,Argentina,8.64,10.49,52.22,1,42.7,58.3,17.9551887626998,1.85,21.01,4.128192
ARG,2011,Argentina,8.72,10.79,51.98,1,52.1,58.2,18.189351280796867,2.0699999999999985,14.12,4.187344000000001
ARG,2012,Argentina,8.08,10.15,53.87,1,49.3,57.3,18.108636262020497,2.0700000000000003,-4.129999999999999,3.727304
ARG,2013,Argentina,8.53,10.72,50.82,1,48.3,56.8,18.218102128078147,2.1900000000000013,4.65,4.195054
ARG,2014,Argentina,10.36,10.9,43.44,1,45.7,59.1,18.051337056870715,0.5400000000000009,-6.030000000000001,5.859616000000001
ARG,2015,Argentina,9.79,11.05,43.3,1,46.2,60.1,17.98866878073698,1.2600000000000016,-4.300000000000001,5.550929999999999
ARG,2016,Argentina,10.28,11.12,38.98,1,52.9,63.5,17.91134915805577,0.8399999999999999,-3.63,6.272856
ARG,2017,Argentina,7.6,10.73,43.61,1,53.3,64.5,18.101753902072083,3.130000000000001,9.39,4.28564
ARG,2018,Argentina,11.18,11.42,44.26,1,47.2,66.0,18.061771251984023,0.2400000000000002,-1.0999999999999996,6.231732
ARG,2019,Argentina,9.54,13.92,41.53,1,43.9,65.2,17.79043895939429,4.380000000000001,-13.36,5.578037999999999
ARG,2020,Argentina,9.69,10.91,40.64,1,45.3,65.2,17.65705650189732,1.2200000000000006,-7.15,5.751984
ARG,2021,Argentina,10.56,12.35,40.82,1,47.6,65.2,17.995821122462207,1.7899999999999991,22.14,6.249408
ARM,1996,Armenia,5.83,24.7,15.06,0,34.0,33.0,13.040274063526986,18.87,5.32,4.952001999999999
ARM,1998,Armenia,1.9,12.94,48.31,0,25.0,40.8,13.089610861885411,11.04,-0.043333333333333,0.9821099999999998
ARM,2000,Armenia,2.41,9.77,42.6,1,25.9,36.3,13.456812168239194,7.359999999999999,1.7999999999999998,1.3833400000000002
ARM,2002,Armenia,4.1,12.51,31.21,1,37.6,36.8,13.791742236085604,8.41,7.23,2.8203899999999997
ARM,2003,Armenia,1.46,9.41,44.36,1,51.8,34.8,14.160030637931378,7.95,13.32,0.812344
ARM,2004,Armenia,2.03,7.47,37.43,1,40.8,30.3,14.289146563386716,5.44,4.48,1.2701709999999997
ARM,2005,Armenia,2.15,7.44,36.82,1,42.7,29.8,14.500428642196637,5.290000000000001,11.95,1.3583699999999999
ARM,2006,Armenia,1.26,6.7,60.67,1,38.2,26.4,14.690128963054814,5.44,13.9,0.495558
ARM,2007,Armenia,1.59,7.32,59.11,1,47.8,26.0,14.901063449370548,5.73,17.939999999999998,0.6501510000000001
ARM,2008,Armenia,1.34,7.98,60.93,1,44.2,24.5,15.100603730309958,6.640000000000001,15.91,0.5235380000000001
ARM,2009,Armenia,1.5,7.54,60.72,1,52.6,23.7,14.851671429532706,6.04,-12.02,0.5892000000000001
ARM,2010,Armenia,2.48,7.75,44.33,1,49.8,25.1,14.888247809920726,5.27,9.14,1.3806159999999998
ARM,2011,Armenia,1.85,7.97,53.64,1,44.1,28.2,15.027726693483736,6.119999999999999,2.59,0.8576600000000001
ARM,2012,Armenia,1.73,8.39,54.81,1,51.2,30.0,15.010572277244,6.66,3.54,0.7817869999999999
ARM,2013,Armenia,1.99,9.44,53.97,1,50.2,29.1,15.095938642217364,7.449999999999999,-0.1299999999999999,0.9159970000000001
ARM,2014,Armenia,3.28,7.79,33.81,1,35.7,30.5,15.128155531764342,4.51,-1.1400000000000006,2.171032
ARM,2015,Armenia,1.51,8.04,72.86,1,37.1,29.6,14.813709532626442,6.529999999999999,-11.51,0.40981399999999996
ARM,2016,Armenia,1.26,7.63,71.44,1,22.4,31.0,14.981027821757678,6.37,-0.5899999999999999,0.3598560000000001
ARM,2017,Armenia,3.19,14.1,65.02,1,25.2,32.0,15.235190929474603,10.91,9.990000000000002,1.115862
ARM,2018,Armenia,3.17,14.71,68.89,1,29.7,39.3,15.369199328714831,11.54,11.14,0.9861870000000001
ARM,2019,Armenia,5.63,13.53,70.26,1,30.2,48.8,15.39812572132734,7.899999999999999,2.6,1.674362
ARM,2020,Armenia,1.28,8.08,72.48,1,20.3,48.8,15.256630088302469,6.8,-6.24,0.352256
ARM,2021,Armenia,1.18,7.25,72.88,1,18.9,48.8,15.42762087633855,6.07,9.37,0.32001599999999997
ASM,2004,American Samoa,3.94,7.94,49.27,0,72.3,64.4,12.132026832982964,4.0,9.586666666666666,1.998762
ASM,2005,American Samoa,2.91,6.21,54.81,0,68.4,70.7,11.863311807035831,3.3,13.63,1.315029
ASM,2006,American Samoa,2.93,4.95,46.82,0,68.1,65.4,11.768707576054847,2.02,11.683333333333332,1.5581740000000002
ASM,2007,American Samoa,1.49,4.4,47.07,0,80.2,78.4,12.212854397378283,2.91,2.9566666666666666,0.7886569999999999
ASM,2008,American Samoa,2.07,4.29,33.55,0,80.8,79.3,12.526782593113406,2.22,-3.5300000000000002,1.375515
ASM,2009,American Samoa,3.87,6.32,43.14,0,82.5,77.3,11.903188674182248,2.45,-4.993333333333332,2.200482
ASM,2010,American Samoa,4.1,6.09,50.08,0,80.1,78.2,11.487148166821116,1.99,1.5100000000000007,2.0467199999999997
ASM,2011,American Samoa,3.78,7.23,41.41,0,74.4,78.9,12.42542180724442,3.4500000000000006,-0.4566666666666661,2.2147020000000004
ASM,2012,American Samoa,3.11,4.04,49.57,0,78.7,80.8,12.417510754684049,0.9300000000000002,8.006666666666668,1.5683729999999998
ASM,2013,American Samoa,1.72,4.46,44.02,0,76.8,81.2,12.478210873433058,2.74,1.9966666666666666,0.9628559999999999
ASM,2019,American Samoa,1.92,5.26,26.57,0,90.6,94.2,12.096556897729084,3.34,2.0733333333333333,1.4098559999999998
ASM,2020,American Samoa,3.75,5.43,21.57,0,87.7,78.3,11.816599900165192,1.6799999999999995,-3.8866666666666667,2.941125
ASM,2021,American Samoa,2.6,5.76,26.57,0,87.7,78.7,11.948560515396633,3.16,-1.8433333333333337,1.9091799999999999
ATG,1996,Antigua and Barbuda,3.39,8.34,37.85,0,70.7,61.5,12.640467652660083,4.949999999999999,4.583333333333333,2.1068849999999997
ATG,1998,Antigua and Barbuda,3.05,10.38,49.59,0,72.3,59.2,12.896999312573742,7.330000000000001,10.786666666666667,1.537505
ATG,2000,Antigua and Barbuda,1.5,5.26,53.75,1,72.5,60.2,14.371463216253664,3.76,-2.5299999999999994,0.6937500000000001
ATG,2002,Antigua and Barbuda,0.42,5.85,38.92,0,73.0,58.2,13.637311738995678,5.43,-2.7733333333333325,0.256536
ATG,2003,Antigua and Barbuda,0.56,5.38,30.67,0,74.9,58.2,13.314562160069116,4.82,5.82,0.38824800000000004
ATG,2004,Antigua and Barbuda,0.66,5.4,57.87,0,84.5,66.8,13.565025305821798,4.74,6.83,0.278058
ATG,2005,Antigua and Barbuda,0.42,5.46,58.6,1,73.8,64.9,14.011225924219293,5.04,13.91,0.17388
ATG,2006,Antigua and Barbuda,0.69,5.43,56.46,1,72.0,67.8,14.297606072307955,4.74,13.01,0.30042599999999997
ATG,2007,Antigua and Barbuda,1.2,5.12,67.75,1,75.8,64.4,14.73713343664286,3.92,-7.57,0.387
ATG,2008,Antigua and Barbuda,2.89,7.64,70.05,0,75.0,64.4,14.74328858153619,4.75,-4.703333333333335,0.865555
ATG,2009,Antigua and Barbuda,7.34,8.6,49.37,1,71.6,66.8,14.63701655956132,1.2599999999999998,16.30666666666667,3.716242
ATG,2010,Antigua and Barbuda,9.52,9.63,46.63,1,79.1,62.1,14.868271877294823,0.1100000000000012,-15.32,5.080823999999999
ATG,2011,Antigua and Barbuda,16.58,14.36,54.93,1,79.6,62.9,15.124495521679036,0.0,-3.0199999999999996,7.472605999999999
ATG,2012,Antigua and Barbuda,7.87,5.48,78.95,1,80.6,67.1,14.82892670837231,0.0,-15.14,1.656635
ATG,2013,Antigua and Barbuda,5.68,6.49,57.3,1,79.6,66.7,14.495736062092815,0.8100000000000005,0.5300000000000007,2.42536
ATG,2014,Antigua and Barbuda,1.57,5.46,72.74,1,81.4,67.0,14.290406475428378,3.89,26.81,0.42798200000000014
ATG,2015,Antigua and Barbuda,1.61,5.11,70.76,1,83.3,68.5,14.301278063100698,3.5,-8.180000000000001,0.470764
ATG,2016,Antigua and Barbuda,2.12,5.07,86.71,1,75.7,68.0,14.070935284052307,2.95,2.69,0.28174800000000005
ATG,2017,Antigua and Barbuda,1.44,4.2,86.42,1,71.0,68.5,14.100815093814488,2.76,13.31,0.19555200000000003
ATG,2018,Antigua and Barbuda,0.11,4.68,86.08,1,73.1,68.0,14.159769938780247,4.569999999999999,-4.940000000000001,0.015312
ATG,2019,Antigua and Barbuda,0.3,5.1,84.87,1,79.7,70.5,14.155309277131032,4.8,-0.08000000000000007,0.04538999999999999
ATG,2020,Antigua and Barbuda,0.2,4.66,80.59,0,79.7,71.0,13.8251326171204,4.46,0.3733333333333331,0.03881999999999999
ATG,2021,Antigua and Barbuda,1.0,5.97,77.97,0,82.5,69.6,14.329203417278991,4.97,2.3399999999999994,0.22030000000000005
AUS,1996,Australia,10.19,12.3,31.45,1,96.3,93.0,17.76683092303136,2.110000000000001,3.41,6.985245
AUS,1996,Australia,10.19,12.3,31.45,1,96.3,93.0,17.76683092303136,2.110000000000001,1.35,6.985245
AUS,1996,Australia,10.25,12.38,27.91,0,96.3,93.0,20.78618428646385,2.130000000000001,3.41,7.389225
AUS,1996,Australia,10.25,12.38,27.91,0,96.3,93.0,20.78618428646385,2.130000000000001,1.0366666666666666,7.389225
AUS,1998,Australia,10.72,13.33,32.44,1,83.0,93.0,17.855343116746653,2.6099999999999994,-0.8600000000000003,7.242432
AUS,1998,Australia,10.72,13.33,32.44,1,83.0,93.0,17.855343116746653,2.6099999999999994,2.016666666666666,7.242432
AUS,1998,Australia,9.99,11.85,28.47,0,83.0,93.0,20.650477282962203,1.8599999999999997,-0.8600000000000003,7.145847000000001
AUS,1998,Australia,9.99,11.85,28.47,0,83.0,93.0,20.650477282962203,1.8599999999999997,1.7000000000000002,7.145847000000001
AUS,2000,Australia,10.14,12.29,30.83,1,93.1,94.0,18.170049534924026,2.1499999999999986,4.76,7.013838
AUS,2000,Australia,10.14,12.29,30.83,1,93.1,94.0,18.170049534924026,2.1499999999999986,7.806666666666667,7.013838
AUS,2000,Australia,8.39,10.27,30.15,0,93.1,94.0,21.066644272772628,1.879999999999999,4.76,5.860415000000001
AUS,2000,Australia,8.39,10.27,30.15,0,93.1,94.0,21.066644272772628,1.879999999999999,8.110000000000001,5.860415000000001
AUS,2002,Australia,12.03,13.25,28.06,1,89.4,93.5,18.23151255722709,1.2200000000000006,6.55,8.654382
AUS,2002,Australia,12.03,13.25,28.06,1,89.4,93.5,18.23151255722709,1.2200000000000006,-0.3466666666666667,8.654382
AUS,2002,Australia,8.38,10.87,30.52,0,89.4,93.5,21.10418688237012,2.4899999999999984,6.55,5.822424000000002
AUS,2002,Australia,8.38,10.87,30.52,0,89.4,93.5,21.10418688237012,2.4899999999999984,6.516666666666667,5.822424000000002
AUS,2003,Australia,9.87,11.49,26.53,1,75.9,94.5,18.417928282603697,1.620000000000001,10.44,7.2514889999999985
AUS,2003,Australia,9.87,11.49,26.53,1,75.9,94.5,18.417928282603697,1.620000000000001,10.303333333333335,7.2514889999999985
AUS,2003,Australia,8.02,9.61,30.76,0,75.9,94.5,21.291440370922764,1.59,10.44,5.553047999999999
AUS,2003,Australia,8.02,9.61,30.76,0,75.9,94.5,21.291440370922764,1.59,8.5,5.553047999999999
AUS,2004,Australia,9.25,11.58,30.0,1,78.6,94.2,18.62061558645021,2.33,10.869999999999997,6.475
AUS,2004,Australia,9.25,11.58,30.0,1,78.6,94.2,18.62061558645021,2.33,10.533333333333331,6.475
AUS,2004,Australia,6.92,8.37,34.13,0,78.6,94.2,21.49383606806173,1.4499999999999993,10.869999999999997,4.558204
AUS,2004,Australia,6.92,8.37,34.13,0,78.6,94.2,21.49383606806173,1.4499999999999993,9.419999999999998,4.558204
AUS,2005,Australia,7.39,10.22,30.75,1,76.2,94.2,18.726126487544217,2.830000000000001,6.95,5.1175749999999995
AUS,2005,Australia,7.39,10.22,30.75,1,76.2,94.2,18.726126487544217,2.830000000000001,11.416666666666668,5.1175749999999995
AUS,2005,Australia,6.69,8.46,31.29,0,76.2,94.2,21.61646158031593,1.7700000000000005,6.95,4.596699000000001
AUS,2005,Australia,6.69,8.46,31.29,0,76.2,94.2,21.61646158031593,1.7700000000000005,7.77,4.596699000000001
AUS,2006,Australia,6.59,8.99,31.54,1,78.7,94.7,18.829761944244648,2.4000000000000004,5.49,4.511514
AUS,2006,Australia,6.59,8.99,31.54,1,78.7,94.7,18.829761944244648,2.4000000000000004,7.933333333333334,4.511514
AUS,2006,Australia,6.24,8.09,32.39,0,78.7,94.7,21.76226983689201,1.85,5.49,4.218864
AUS,2006,Australia,6.24,8.09,32.39,0,78.7,94.7,21.76226983689201,1.85,7.136666666666667,4.218864
AUS,2007,Australia,6.08,7.79,31.94,1,78.7,94.2,19.00047963922923,1.71,8.97,4.1380479999999995
AUS,2007,Australia,6.08,7.79,31.94,1,78.7,94.2,19.00047963922923,1.71,12.596666666666668,4.1380479999999995
AUS,2007,Australia,5.89,7.7,33.97,0,78.7,94.2,21.909266372592512,1.8100000000000005,8.97,3.8891669999999996
AUS,2007,Australia,5.89,7.7,33.97,0,78.7,94.2,21.909266372592512,1.8100000000000005,8.19,3.8891669999999996
AUS,2008,Australia,4.94,7.28,31.53,1,80.3,94.7,19.186751753684668,2.34,10.11,3.382418
AUS,2008,Australia,4.94,7.28,31.53,1,80.3,94.7,19.186751753684668,2.34,13.46,3.382418
AUS,2008,Australia,5.85,7.76,35.7,0,80.3,94.7,22.037338795883677,1.91,10.11,3.7615499999999997
AUS,2008,Australia,5.85,7.76,35.7,0,80.3,94.7,22.037338795883677,1.91,3.3099999999999996,3.7615499999999997
AUS,2009,Australia,5.5,7.35,32.17,1,76.8,94.3,18.98009854011728,1.85,-9.15,3.7306499999999994
AUS,2009,Australia,5.5,7.35,32.17,1,76.8,94.3,18.98009854011728,1.85,-11.420000000000002,3.7306499999999994
AUS,2009,Australia,5.57,7.34,37.54,0,76.8,94.3,21.87600673822031,1.7699999999999996,-9.15,3.4790220000000005
AUS,2009,Australia,5.57,7.34,37.54,0,76.8,94.3,21.87600673822031,1.7699999999999996,3.7733333333333325,3.4790220000000005
AUS,2010,Australia,4.51,6.3,32.1,1,78.2,94.8,19.152358303333894,1.79,10.36,3.06229
AUS,2010,Australia,4.51,6.3,32.1,1,78.2,94.8,19.152358303333894,1.79,15.076666666666666,3.06229
AUS,2010,Australia,5.55,7.2,33.04,0,78.2,94.8,22.137235328904524,1.6500000000000004,10.36,3.71628
AUS,2010,Australia,5.55,7.2,33.04,0,78.2,94.8,22.137235328904524,1.6500000000000004,11.176666666666666,3.71628
AUS,2011,Australia,4.25,6.35,30.4,1,74.9,95.8,19.368478707500376,2.1,7.76,2.9579999999999997
AUS,2011,Australia,4.25,6.35,30.4,1,74.9,95.8,19.368478707500376,2.1,8.559999999999999,2.9579999999999997
AUS,2011,Australia,5.24,7.16,40.17,0,74.9,95.8,22.32508043740525,1.92,7.76,3.135092
AUS,2011,Australia,5.24,7.16,40.17,0,74.9,95.8,22.32508043740525,1.92,8.86,3.135092
AUS,2012,Australia,4.97,6.83,33.55,1,82.5,95.8,19.40507912968793,1.8600000000000003,3.41,3.3025650000000004
AUS,2012,Australia,4.97,6.83,33.55,1,82.5,95.8,19.40507912968793,1.8600000000000003,1.6633333333333336,3.3025650000000004
AUS,2012,Australia,5.11,7.11,42.57,0,82.5,95.8,22.361320166765445,2.0,3.41,2.9346730000000005
AUS,2012,Australia,5.11,7.11,42.57,0,82.5,95.8,22.361320166765445,2.0,2.5033333333333334,2.9346730000000005
AUS,2013,Australia,5.22,7.08,33.57,1,83.4,94.4,19.35344447649448,1.8600000000000003,-3.66,3.467646
AUS,2013,Australia,5.22,7.08,33.57,1,83.4,94.4,19.35344447649448,1.8600000000000003,0.7600000000000002,3.467646
AUS,2013,Australia,5.11,7.17,43.01,0,83.4,94.4,22.412984553083557,2.06,-3.66,2.9121890000000006
AUS,2013,Australia,5.11,7.17,43.01,0,83.4,94.4,22.412984553083557,2.06,-0.4400000000000004,2.9121890000000006
AUS,2014,Australia,4.06,6.24,36.55,1,85.2,93.6,19.320829841911014,2.1800000000000006,-1.0700000000000003,2.57607
AUS,2014,Australia,4.06,6.24,36.55,1,85.2,93.6,19.320829841911014,2.1800000000000006,-1.663333333333333,2.57607
AUS,2014,Australia,4.49,6.62,41.12,0,85.2,93.6,22.40707793465309,2.13,-1.0700000000000003,2.6437120000000003
AUS,2014,Australia,4.49,6.62,41.12,0,85.2,93.6,22.40707793465309,2.13,-1.333333333333334,2.6437120000000003
AUS,2015,Australia,5.22,7.17,35.39,1,76.2,93.1,19.21945901888041,1.95,-6.219999999999997,3.372642
AUS,2015,Australia,5.22,7.17,35.39,1,76.2,93.1,19.21945901888041,1.95,-6.693333333333333,3.372642
AUS,2015,Australia,4.81,7.02,40.77,0,76.2,93.1,22.289919687088567,2.21,-6.219999999999997,2.848963
AUS,2015,Australia,4.81,7.02,40.77,0,76.2,93.1,22.289919687088567,2.21,-3.333333333333333,2.848963
AUS,2016,Australia,5.49,7.16,33.96,1,87.6,94.1,19.171780486660776,1.67,-2.71,3.6255960000000003
AUS,2016,Australia,5.49,7.16,33.96,1,87.6,94.1,19.171780486660776,1.67,-5.133333333333333,3.6255960000000003
AUS,2016,Australia,4.74,6.72,41.22,0,87.6,94.1,22.25815608912091,1.9799999999999995,-2.71,2.786172
AUS,2016,Australia,4.74,6.72,41.22,0,87.6,94.1,22.25815608912091,1.9799999999999995,0.2966666666666673,2.786172
AUS,2017,Australia,4.69,6.72,37.13,1,77.6,94.1,19.310938898978893,2.03,9.82,2.9486030000000003
AUS,2017,Australia,4.69,6.72,37.13,1,77.6,94.1,19.310938898978893,2.03,8.053333333333333,2.9486030000000003
AUS,2017,Australia,4.28,6.48,43.9,0,77.6,94.1,22.376658504629926,2.2,9.82,2.40108
AUS,2017,Australia,4.28,6.48,43.9,0,77.6,94.1,22.376658504629926,2.2,2.8900000000000006,2.40108
AUS,2018,Australia,4.18,6.29,35.9,1,83.5,94.2,19.349911499467336,2.1100000000000003,1.56,2.67938
AUS,2018,Australia,4.18,6.29,35.9,1,83.5,94.2,19.349911499467336,2.1100000000000003,4.476666666666667,2.67938
AUS,2018,Australia,4.49,6.76,43.7,0,83.5,94.2,22.465155107235898,2.27,1.56,2.52787
AUS,2018,Australia,4.49,6.76,43.7,0,83.5,94.2,22.465155107235898,2.27,2.7800000000000002,2.52787
AUS,2019,Australia,5.11,7.76,38.12,1,78.3,92.3,19.289970096590945,2.6499999999999995,-3.04,3.162068
AUS,2019,Australia,5.11,7.76,38.12,1,78.3,92.3,19.289970096590945,2.6499999999999995,-1.2033333333333331,3.162068
AUS,2019,Australia,4.47,6.97,43.42,0,78.3,92.3,22.425537693525992,2.5,-3.04,2.5291259999999998
AUS,2019,Australia,4.47,6.97,43.42,0,78.3,92.3,22.425537693525992,2.5,-1.3566666666666665,2.5291259999999998
AUS,2020,Australia,3.39,5.5,38.88,1,74.5,93.2,19.231683633305718,2.11,-2.59,2.071968
AUS,2020,Australia,3.39,5.5,38.88,1,74.5,93.2,19.231683633305718,2.11,-1.033333333333334,2.071968
AUS,2020,Australia,4.01,6.54,49.23,0,74.5,93.2,22.38526416600559,2.53,-2.59,2.035877
AUS,2020,Australia,4.01,6.54,49.23,0,74.5,93.2,22.38526416600559,2.53,-3.086666666666666,2.035877
AUS,2021,Australia,3.25,5.57,42.0,1,75.5,93.7,19.448228566218862,2.3200000000000003,11.55,1.8850000000000002
AUS,2021,Australia,3.25,5.57,42.0,1,75.5,93.7,19.448228566218862,2.3200000000000003,12.35,1.8850000000000002
AUS,2021,Australia,3.8,6.27,51.78,0,75.5,93.7,22.60187338564164,2.47,11.55,1.8323599999999998
AUS,2021,Australia,3.8,6.27,51.78,0,75.5,93.7,22.60187338564164,2.47,1.7766666666666668,1.8323599999999998
AUT,1996,Austria,8.42,10.72,24.34,1,96.8,93.5,17.95040350719951,2.3000000000000007,0.6599999999999997,6.370571999999999
AUT,1998,Austria,7.46,10.77,30.47,1,85.6,92.0,17.97508524710952,3.31,2.69,5.1869380000000005
AUT,2000,Austria,8.93,9.57,31.52,1,76.2,90.0,18.001076297767753,0.6400000000000006,1.7800000000000002,6.115264000000001
AUT,2002,Austria,7.5,9.43,29.99,1,94.7,91.5,18.064532442741577,1.93,1.62,5.25075
AUT,2003,Austria,7.48,9.15,39.25,1,80.4,91.5,18.278200734246724,1.67,12.17,4.544099999999999
AUT,2004,Austria,7.52,8.67,40.74,1,85.0,92.8,18.473768462961623,1.1500000000000004,10.21,4.456352
AUT,2005,Austria,6.4,8.53,41.08,1,86.4,90.4,18.555714360698012,2.129999999999999,3.83,3.77088
AUT,2006,Austria,6.89,8.96,43.05,1,86.5,93.8,18.693181543870374,2.070000000000001,5.83,3.9238549999999996
AUT,2007,Austria,6.09,8.45,40.6,1,96.1,94.7,18.831238537297505,2.3599999999999994,7.77,3.61746
AUT,2008,Austria,5.73,7.38,42.16,1,98.6,94.2,18.94076062256484,1.6499999999999997,5.9,3.3142320000000005
AUT,2009,Austria,5.41,6.83,45.51,1,91.0,94.8,18.716039639747063,1.42,-11.719999999999999,2.9479089999999997
AUT,2010,Austria,5.62,6.89,44.39,1,89.1,95.3,18.791853522661867,1.2699999999999996,5.07,3.1252820000000003
AUT,2011,Austria,5.5,6.83,45.66,1,91.5,94.8,18.954763031192947,1.33,10.04,2.9887000000000006
AUT,2012,Austria,5.05,6.53,48.65,1,96.2,95.3,18.89589120310149,1.4800000000000004,-3.54,2.5931750000000005
AUT,2013,Austria,5.24,6.65,48.8,1,96.2,95.8,18.917426525874838,1.41,1.0899999999999999,2.6828800000000004
AUT,2014,Austria,4.84,6.45,50.68,1,95.2,94.6,18.92211284126984,1.6100000000000003,-0.2699999999999996,2.387088
AUT,2015,Austria,4.67,6.93,52.04,1,90.0,94.1,18.77864701298185,2.26,-7.380000000000001,2.239732
AUT,2016,Austria,4.85,6.83,47.94,1,77.1,93.6,18.79530990922134,1.9800000000000004,0.69,2.5249099999999998
AUT,2017,Austria,3.93,6.94,64.12,1,85.2,95.1,18.88256220683904,3.01,5.35,1.4100840000000001
AUT,2018,Austria,4.69,6.37,57.15,1,77.4,94.7,18.98750364681553,1.6799999999999995,5.19,2.009665
AUT,2019,Austria,12.14,14.93,51.16,1,77.4,94.7,18.94525290137202,2.789999999999999,-2.08,5.929176000000001
AUT,2020,Austria,5.07,7.79,51.99,1,76.9,95.7,18.87834392277784,2.72,-3.450000000000001,2.434107
AUT,2021,Austria,5.07,7.85,57.5,1,79.2,94.7,19.106321671199357,2.78,13.19,2.1547500000000004
AZE,1996,Azerbaijan,5.57,17.75,21.12,1,21.3,15.5,13.748294214659104,12.18,5.373333333333333,4.393616
AZE,1998,Azerbaijan,3.08,10.13,41.29,1,22.9,17.9,14.194310530336788,7.050000000000001,16.410000000000004,1.808268
AZE,2000,Azerbaijan,0.68,5.52,42.17,1,20.1,21.9,14.385075267982424,4.84,6.38,0.39324400000000004
AZE,2002,Azerbaijan,0.69,4.87,35.85,1,17.5,20.4,14.730723737487365,4.18,7.89,0.44263499999999995
AZE,2003,Azerbaijan,0.92,4.53,47.64,1,21.1,20.4,15.18801318382557,3.61,25.57,0.4817120000000001
AZE,2004,Azerbaijan,1.23,4.4,39.3,1,17.0,18.8,15.583685352362185,3.1700000000000004,15.7,0.74661
AZE,2005,Azerbaijan,1.56,4.46,41.13,1,17.0,15.4,15.725827496231089,2.9,9.44,0.9183720000000001
AZE,2006,Azerbaijan,0.29,3.71,77.29,1,16.4,10.6,16.065753701661198,3.42,11.830000000000002,0.06585899999999999
AZE,2007,Azerbaijan,0.91,2.96,70.46,1,25.6,12.0,16.07266297899859,2.05,4.14,0.2688140000000001
AZE,2008,Azerbaijan,0.27,3.2,72.81,1,32.7,11.1,16.395918224649073,2.93,11.97,0.07341300000000002
AZE,2009,Azerbaijan,0.1,2.67,76.66,1,35.5,13.3,16.116704393608476,2.57,-7.57,0.023340000000000007
AZE,2010,Azerbaijan,0.33,2.51,55.55,1,36.5,12.8,16.398675385664276,2.18,3.83,0.146685
AZE,2011,Azerbaijan,0.23,2.5,73.68,1,29.9,12.7,16.632451588427294,2.27,21.47,0.06053599999999997
AZE,2012,Azerbaijan,0.13,2.66,75.17,1,23.2,12.2,16.736851612099976,2.53,-0.46999999999999975,0.032278999999999995
AZE,2013,Azerbaijan,0.04,2.32,70.26,1,33.6,9.4,16.893088796038754,2.28,5.66,0.011896
AZE,2014,Azerbaijan,0.12,2.12,39.32,1,26.2,7.4,16.805730124934687,2.0,-7.66,0.07281599999999999
AZE,2015,Azerbaijan,0.12,2.13,46.79,1,21.9,6.9,16.527041397942305,2.01,0.1900000000000004,0.063852
AZE,2016,Azerbaijan,0.19,2.3,45.25,1,18.1,6.4,16.13139020938625,2.11,-4.109999999999999,0.10402499999999999
AZE,2017,Azerbaijan,0.32,2.71,36.51,1,19.5,6.9,16.1541323061441,2.39,1.73,0.20316800000000002
AZE,2018,Azerbaijan,0.28,2.08,35.82,1,20.8,7.3,16.419720334891377,1.8,14.33,0.179704
AZE,2019,Azerbaijan,0.5,2.38,35.95,1,22.6,7.2,16.622571826373015,1.88,9.13,0.32025
AZE,2020,Azerbaijan,0.44,3.53,45.26,1,17.5,5.8,16.235653182968445,3.09,-11.33,0.240856
AZE,2021,Azerbaijan,0.44,2.92,45.38,1,18.4,7.7,16.35368406750291,2.48,4.4,0.240328
BDI,1996,Burundi,0.95,12.75,73.15,1,3.2,7.5,11.410846891177982,11.8,-18.2,0.25507499999999994
BDI,1998,Burundi,2.84,16.93,55.73,1,1.6,8.5,11.413902270450418,14.09,16.0,1.2572679999999998
BDI,2000,Burundi,3.08,15.61,74.18,1,2.1,7.5,11.815480534030286,12.53,6.69,0.795256
BDI,2002,Burundi,4.79,16.67,70.73,1,0.5,14.4,11.892151588804722,11.880000000000004,-3.6900000000000004,1.4020329999999999
BDI,2003,Burundi,1.46,20.83,82.22,1,1.5,13.9,12.090884889221048,19.37,5.96,0.25958799999999993
BDI,2004,Burundi,1.06,19.11,81.36,1,1.0,12.0,12.525574336437892,18.05,9.28,0.197584
BDI,2005,Burundi,1.35,21.37,73.99,1,7.3,28.4,12.73578238665592,20.02,22.25,0.35113500000000003
BDI,2006,Burundi,2.32,15.94,75.27,1,9.2,27.4,12.801097578627108,13.62,29.16,0.5737360000000001
BDI,2007,Burundi,1.82,16.81,71.88,1,9.7,26.9,12.892568505015143,14.989999999999998,-1.2299999999999995,0.511784
BDI,2008,Burundi,1.8,16.28,84.36,1,9.1,28.8,12.892720777953269,14.48,-13.68,0.28152
BDI,2009,Burundi,0.61,18.67,87.41,1,12.8,29.4,13.002239145786188,18.06,4.6,0.076799
BDI,2010,Burundi,0.93,18.71,87.95,1,6.6,20.9,13.196437718992549,17.78,8.25,0.11206499999999996
BDI,2011,Burundi,1.54,17.81,90.13,1,4.7,21.1,13.09172037983538,16.27,29.16,0.15199800000000002
BDI,2012,Burundi,0.2,18.25,92.19,1,5.7,23.5,13.184640092586198,18.05,-5.68,0.015620000000000012
BDI,2013,Burundi,0.46,18.18,93.11,1,8.5,21.6,13.21643597353598,17.72,-15.18,0.031693999999999986
BDI,2014,Burundi,3.14,13.22,93.85,1,20.5,21.2,13.196915241023657,10.08,-3.46,0.19311000000000036
BDI,2015,Burundi,1.08,8.55,92.21,1,5.7,13.3,13.120622242508306,7.470000000000001,-8.7,0.0841320000000001
BDI,2016,Burundi,0.71,9.87,91.76,1,5.7,7.9,13.170594013638626,9.16,5.62,0.05850399999999994
BDI,2017,Burundi,2.24,11.95,75.53,1,4.3,6.4,13.24072965627465,9.71,11.92,0.5481280000000002
BDI,2018,Burundi,1.58,8.14,66.14,1,7.5,5.8,13.15446025697178,6.5600000000000005,0.6500000000000004,0.534988
BDI,2019,Burundi,2.26,9.08,61.83,1,7.5,4.8,13.375627250948124,6.82,5.77,0.862642
BDI,2020,Burundi,7.83,7.17,60.82,1,9.0,6.8,13.465336593932468,0.0,1.23,3.067794
BDI,2021,Burundi,3.49,8.47,66.68,1,10.8,12.1,13.519149115180054,4.98,6.14,1.1628679999999998
BEL,1996,Belgium,9.55,12.96,18.77,1,92.0,92.5,18.83105846598845,3.41,1.4900000000000002,7.757465000000001
BEL,1998,Belgium,10.03,12.86,21.81,1,81.9,91.5,18.837491086810463,2.83,2.25,7.842457
BEL,2000,Belgium,8.62,10.69,32.93,1,83.6,92.5,18.89765014167752,2.0700000000000003,3.69,5.781434
BEL,2002,Belgium,8.92,10.72,29.38,1,91.5,93.0,18.983280020684248,1.8000000000000007,5.29,6.299303999999999
BEL,2003,Belgium,8.66,10.17,32.43,1,74.4,95.5,19.152775760005177,1.5099999999999998,8.9,5.8515619999999995
BEL,2004,Belgium,7.24,8.39,38.29,1,71.8,90.9,19.34336180944209,1.1500000000000004,10.43,4.467804
BEL,2005,Belgium,6.31,8.77,35.5,1,70.4,91.3,19.43319253781532,2.46,5.54,4.0699499999999995
BEL,2006,Belgium,6.2,8.64,36.38,1,73.9,92.8,19.55778601530498,2.4400000000000004,5.19,3.94444
BEL,2007,Belgium,6.14,8.18,37.69,1,72.5,93.8,19.763577711144624,2.04,8.16,3.8258339999999995
BEL,2008,Belgium,5.87,8.01,37.24,1,67.8,92.8,19.846876607013176,2.14,6.26,3.6840119999999996
BEL,2009,Belgium,5.68,7.62,38.69,1,75.4,93.4,19.60689994472164,1.9400000000000004,-12.8,3.4824079999999995
BEL,2010,Belgium,5.99,7.95,37.26,1,74.4,94.3,19.65828742511327,1.96,-10.69,3.758126
BEL,2011,Belgium,5.38,8.01,38.66,1,78.2,93.0,19.82439271400132,2.63,9.899999999999999,3.3000920000000002
BEL,2012,Belgium,5.2,7.99,42.66,1,76.3,93.0,19.75170332790184,2.79,-3.450000000000001,2.9816800000000003
BEL,2013,Belgium,5.15,8.1,41.12,1,77.7,93.0,19.782811249797597,2.9499999999999997,1.4900000000000002,3.0323200000000003
BEL,2014,Belgium,4.97,7.1,45.16,1,69.5,94.1,19.805770472969265,2.13,0.07000000000000028,2.725548
BEL,2015,Belgium,4.68,7.72,46.67,1,64.3,94.6,19.647899307568863,3.04,-11.27,2.495844
BEL,2016,Belgium,4.66,7.45,42.28,1,61.4,95.6,19.63881297350179,2.79,3.49,2.689752
BEL,2017,Belgium,4.57,7.47,50.78,1,62.4,93.1,19.704812960197017,2.8999999999999995,5.1,2.249354
BEL,2018,Belgium,5.46,8.92,47.85,1,59.4,92.7,19.79070063952374,3.46,5.43,2.84739
BEL,2019,Belgium,9.54,12.59,45.3,1,60.8,93.7,19.750214352257625,3.0500000000000007,-3.1899999999999995,5.21838
BEL,2020,Belgium,4.76,7.18,45.79,1,64.2,90.8,19.68527925030121,2.42,-3.92,2.580396
BEL,2021,Belgium,4.69,7.38,51.91,1,67.5,90.3,19.95717270633424,2.6899999999999995,15.67,2.255421
BEN,1996,Benin,4.53,6.48,55.48,0,84.6,59.0,13.84860218040247,1.95,9.076666666666666,2.0167560000000004
BEN,1998,Benin,1.86,6.3,63.42,1,72.9,62.7,13.933362933438818,4.44,3.7266666666666666,0.6803880000000001
BEN,2000,Benin,3.75,7.13,67.85,1,74.6,60.7,14.385285407442346,3.38,-11.02,1.205625
BEN,2002,Benin,9.86,8.96,53.12,1,73.5,51.2,14.489340888719044,0.0,9.79,4.622368
BEN,2003,Benin,7.79,7.99,46.33,1,69.3,54.7,14.613477346417811,0.2000000000000001,10.920000000000002,4.180892999999999
BEN,2004,Benin,8.7,7.28,48.27,1,54.4,51.4,14.62720045443936,0.0,0.09999999999999964,4.500509999999999
BEN,2005,Benin,10.72,8.36,51.21,1,61.2,49.5,14.894818167939215,0.0,0.2699999999999996,5.230288000000001
BEN,2006,Benin,8.14,8.79,65.38,1,63.3,57.7,15.162808738521552,0.6499999999999986,5.66,2.8180680000000007
BEN,2007,Benin,11.32,8.36,68.87,1,58.0,57.7,15.533784015939794,0.0,27.5,3.523915999999999
BEN,2008,Benin,6.08,8.61,68.86,1,56.7,57.7,15.847865627055146,2.53,2.51,1.893312
BEN,2009,Benin,5.26,6.95,67.11,1,60.2,57.8,15.73947853143574,1.6900000000000004,-4.93,1.7300139999999997
BEN,2010,Benin,4.82,5.22,55.31,1,53.6,56.9,15.93098022069246,0.3999999999999994,17.36,2.154058
BEN,2011,Benin,4.26,5.7,68.3,1,57.3,54.5,16.41275190889327,1.4400000000000004,-1.5,1.3504200000000002
BEN,2012,Benin,4.39,7.39,68.78,1,58.3,54.9,15.861821556699276,3.0,5.78,1.370558
BEN,2013,Benin,4.14,7.32,70.48,1,58.3,55.9,16.051391783416094,3.1800000000000006,12.67,1.2221279999999994
BEN,2014,Benin,3.15,4.96,51.62,1,47.1,57.1,16.146307024466132,1.81,12.23,1.52397
BEN,2015,Benin,0.96,6.75,73.68,1,44.8,58.6,15.899850664560033,5.79,-17.08,0.2526719999999999
BEN,2016,Benin,0.81,6.19,68.23,1,47.1,60.1,15.588008234218895,5.380000000000001,0.2599999999999998,0.257337
BEN,2017,Benin,1.26,6.51,67.34,1,47.6,58.1,15.714590694497089,5.25,11.98,0.411516
BEN,2018,Benin,1.25,6.15,65.47,1,40.6,56.8,15.696013351411777,4.9,2.07,0.43162500000000004
BEN,2019,Benin,0.81,6.75,64.32,1,29.7,49.3,15.594930217273198,5.94,-6.300000000000001,0.2890080000000001
BEN,2020,Benin,0.21,7.02,77.43,1,31.6,43.0,15.283436229644304,6.81,-4.77,0.04739699999999998
BEN,2021,Benin,0.32,6.52,75.11,1,32.1,38.2,15.4826720657154,6.199999999999999,9.39,0.07964800000000001
BFA,1996,Burkina Faso,3.86,7.75,72.63,1,37.2,34.0,13.00584708908465,3.89,9.54,1.0564820000000001
BFA,1998,Burkina Faso,5.41,9.47,68.89,1,41.0,37.8,13.42834905712413,4.0600000000000005,4.68,1.6830510000000003
BFA,2000,Burkina Faso,5.16,9.75,66.65,1,48.7,44.3,13.411233259131278,4.59,-3.789999999999999,1.7208599999999996
BFA,2002,Burkina Faso,4.59,8.38,76.34,1,33.3,39.3,13.645238497530135,3.790000000000001,-14.079999999999998,1.0859939999999997
BFA,2003,Burkina Faso,7.73,9.18,66.96,1,45.7,40.3,13.94382390146917,1.4499999999999993,16.21,2.5539920000000005
BFA,2004,Burkina Faso,10.37,10.73,67.66,1,42.2,35.1,14.04350308596598,0.3600000000000012,12.54,3.353658
BFA,2005,Burkina Faso,7.29,7.31,70.09,1,43.2,34.1,14.056932391036389,0.0199999999999995,8.25,2.1804389999999993
BFA,2006,Burkina Faso,5.76,7.22,78.27,1,50.7,34.6,14.384853845704392,1.46,13.49,1.2516480000000003
BFA,2007,Burkina Faso,3.38,6.38,79.69,1,54.6,36.5,14.40139763646068,3.0,6.38,0.6864780000000001
BFA,2008,Burkina Faso,2.45,6.43,80.98,1,49.0,38.5,14.47725840369124,3.98,14.27,0.46598999999999985
BFA,2009,Burkina Faso,1.72,6.44,83.13,1,46.0,37.9,14.58259169803862,4.720000000000001,0.09999999999999964,0.29016400000000014
BFA,2010,Burkina Faso,1.56,6.01,55.47,1,41.2,37.9,14.560760073300315,4.449999999999999,1.1700000000000004,0.6946680000000001
BFA,2011,Burkina Faso,1.6,5.18,82.21,1,28.9,37.6,14.913435173572788,3.58,10.41,0.2846400000000001
BFA,2012,Burkina Faso,0.43,5.61,80.32,1,27.0,38.0,14.982910545961856,5.180000000000001,13.16,0.08462400000000003
BFA,2013,Burkina Faso,4.37,6.89,76.92,1,21.8,39.9,15.144656924601698,2.52,10.71,1.008596
BFA,2014,Burkina Faso,3.37,5.6,57.18,1,20.0,36.0,15.084797299589948,2.2299999999999995,-9.27,1.4430340000000001
BFA,2015,Burkina Faso,1.08,5.67,72.76,1,25.2,42.9,14.89174197973103,4.59,-7.489999999999998,0.294192
BFA,2016,Burkina Faso,0.64,5.38,65.43,1,16.7,48.3,14.945267407075756,4.74,4.36,0.22124799999999994
BFA,2017,Burkina Faso,0.88,3.94,65.71,1,15.2,48.3,15.16813276437085,3.06,8.61,0.3017520000000001
BFA,2018,Burkina Faso,0.6,4.81,58.99,1,13.2,42.7,15.186828792123634,4.21,5.59,0.24606
BFA,2019,Burkina Faso,1.91,5.68,68.84,1,11.8,38.6,15.180784852309191,3.77,-1.5700000000000003,0.5951559999999999
BFA,2020,Burkina Faso,2.92,5.63,65.83,1,9.4,39.1,15.122807687418415,2.71,-0.9500000000000002,0.997764
BFA,2021,Burkina Faso,0.5,4.63,70.98,1,7.5,41.5,15.1418708664262,4.13,6.16,0.1451
BGD,1996,Bangladesh,11.39,19.3,61.84,1,26.6,50.0,15.470550972701158,7.91,6.99,4.346424
BGD,1998,Bangladesh,11.25,18.71,57.94,1,33.5,47.3,15.643747863506112,7.460000000000001,1.71,4.73175
BGD,2000,Bangladesh,8.14,19.09,69.24,1,24.9,44.8,15.840914681749153,10.95,14.706666666666667,2.503864000000001
BGD,2002,Bangladesh,9.18,23.99,65.91,1,19.0,37.3,15.844591474133065,14.81,7.05,3.1294619999999997
BGD,2003,Bangladesh,8.62,17.28,66.07,1,16.6,31.8,16.031680066994227,8.660000000000002,4.93,2.924766
BGD,2004,Bangladesh,7.28,16.43,70.88,1,10.2,27.9,16.230188724997745,9.15,5.87,2.119936
BGD,2005,Bangladesh,8.23,16.41,65.34,1,4.4,30.3,16.349894128907277,8.18,5.38,2.8525180000000003
BGD,2006,Bangladesh,8.02,16.62,68.65,1,8.7,32.2,16.486018128078758,8.600000000000001,11.45,2.514269999999999
BGD,2007,Bangladesh,7.77,16.24,67.34,1,9.2,31.3,16.574298751969366,8.469999999999999,5.99,2.5376819999999998
BGD,2008,Bangladesh,8.41,16.08,68.53,1,9.6,33.2,16.84007533268839,7.669999999999998,17.51,2.646627
BGD,2009,Bangladesh,8.12,15.85,69.26,1,9.0,38.4,16.816699981154105,7.73,-2.26,2.496087999999999
BGD,2010,Bangladesh,8.48,15.95,58.28,1,10.0,37.0,17.172167663774776,7.469999999999999,14.55,3.537856
BGD,2011,Bangladesh,7.96,15.35,66.1,1,9.0,36.2,17.364112644156624,7.39,16.25,2.6984400000000006
BGD,2012,Bangladesh,7.33,14.84,71.16,1,9.0,34.7,17.32878406372273,7.51,-6.09,2.113972
BGD,2013,Bangladesh,7.68,15.26,70.36,1,7.6,34.7,17.443340487175117,7.58,-1.1899999999999995,2.2763519999999997
BGD,2014,Bangladesh,6.55,14.51,61.27,0,16.7,32.0,17.588044290249627,7.96,-5.470000000000001,2.536815
BGD,2015,Bangladesh,7.86,15.08,56.41,1,10.0,30.0,17.60268250785407,7.22,-4.709999999999999,3.4261740000000005
BGD,2016,Bangladesh,6.7,14.2,58.67,0,11.0,30.5,17.64600758453253,7.499999999999999,4.256666666666667,2.76911
BGD,2017,Bangladesh,6.69,13.94,64.08,0,10.5,30.0,17.805252547587493,7.249999999999999,9.54,2.403048
BGD,2018,Bangladesh,6.85,14.41,61.93,0,14.2,27.2,17.941905950989753,7.56,6.216666666666667,2.6077950000000003
BGD,2019,Bangladesh,6.97,14.4,60.46,0,15.6,26.6,17.938819659966622,7.430000000000001,2.6199999999999997,2.7559379999999996
BGD,2020,Bangladesh,7.78,14.36,60.7,0,15.6,26.6,17.778172376613888,6.579999999999999,1.8200000000000003,3.0575400000000004
BGD,2021,Bangladesh,8.86,14.63,57.18,0,14.2,28.0,18.20461366126869,5.770000000000001,29.16,3.793852
BGR,1996,Bulgaria,9.99,12.65,19.85,1,44.7,63.5,15.347468769581564,2.66,4.496666666666666,8.006985
BGR,1998,Bulgaria,10.56,14.45,23.72,1,66.5,63.2,15.38717288710176,3.889999999999999,0.6400000000000006,8.055168
BGR,2000,Bulgaria,8.14,11.84,38.09,1,61.9,62.2,15.525723808979734,3.6999999999999993,9.66,5.039474
BGR,2002,Bulgaria,8.12,13.23,28.59,1,64.0,63.7,15.727077434646972,5.110000000000001,4.76,5.7984919999999995
BGR,2003,Bulgaria,7.77,11.06,38.94,1,49.7,65.2,16.01702908199083,3.290000000000001,16.75,4.744362
BGR,2004,Bulgaria,6.63,9.08,44.32,1,45.1,66.3,16.357779414852743,2.45,15.28,3.6915839999999998
BGR,2005,Bulgaria,6.25,9.47,37.89,1,51.5,66.3,16.570939306421167,3.2200000000000006,12.05,3.881875
BGR,2006,Bulgaria,5.14,8.09,44.98,1,57.5,65.9,16.89510205502132,2.95,13.19,2.8280279999999998
BGR,2007,Bulgaria,5.8,7.37,31.25,1,56.0,68.3,17.047137517275836,1.5700000000000005,13.71,3.9875
BGR,2008,Bulgaria,5.73,8.44,33.99,1,56.3,65.9,17.321672468891993,2.709999999999999,10.920000000000002,3.7823729999999998
BGR,2009,Bulgaria,4.78,7.58,48.09,1,55.9,64.9,16.863918250681177,2.8,-18.2,2.481298
BGR,2010,Bulgaria,4.6,7.01,46.32,1,57.8,64.5,16.98411610014786,2.41,4.24,2.4692799999999995
BGR,2011,Bulgaria,4.62,6.91,49.64,1,55.9,61.5,17.21224325138879,2.29,13.19,2.3266320000000005
BGR,2012,Bulgaria,5.16,8.22,48.23,1,58.8,61.5,17.23234656044878,3.0600000000000005,0.3799999999999999,2.6713320000000005
BGR,2013,Bulgaria,5.92,7.76,46.03,1,53.1,58.2,17.21397378823876,1.84,2.37,3.1950240000000005
BGR,2014,Bulgaria,5.23,7.49,52.22,1,49.5,59.6,17.253901049542407,2.26,0.6200000000000001,2.4988940000000004
BGR,2015,Bulgaria,8.05,9.18,52.04,1,46.7,61.1,17.126345622137976,1.129999999999999,-8.22,3.8607800000000005
BGR,2016,Bulgaria,5.19,7.98,48.26,1,49.0,58.6,17.189513933023616,2.79,-0.5300000000000002,2.6853060000000006
BGR,2017,Bulgaria,11.0,10.22,62.4,1,59.0,60.6,17.327528430255658,0.0,8.78,4.136
BGR,2018,Bulgaria,26.15,15.25,60.3,1,61.8,58.7,17.437313182292574,0.0,5.21,10.38155
BGR,2019,Bulgaria,11.63,11.21,55.95,1,66.0,58.5,17.400911419769045,0.0,-0.20999999999999996,5.1230150000000005
BGR,2020,Bulgaria,4.6,7.48,58.05,1,58.5,56.0,17.318844572755,2.880000000000001,-3.6900000000000004,1.9296999999999997
BGR,2021,Bulgaria,4.27,7.58,61.94,1,58.0,56.5,17.632407732214844,3.3100000000000005,15.09,1.625162
BHR,1996,Bahrain,6.5,9.97,36.15,0,36.7,25.5,14.394482217953428,3.4700000000000006,5.843333333333334,4.150250000000001
BHR,1998,Bahrain,7.61,9.07,40.5,0,38.3,16.4,14.70544469429599,1.46,-4.036666666666667,4.52795
BHR,2000,Bahrain,9.86,8.61,39.85,1,48.1,17.4,15.01553053214069,0.0,-6.186666666666666,5.930789999999999
BHR,2002,Bahrain,6.27,9.68,47.42,1,54.5,31.3,15.214971219199825,3.41,8.0,3.296766
BHR,2003,Bahrain,6.38,8.69,44.47,1,62.3,30.3,15.412405537675497,2.31,6.25,3.542814
BHR,2004,Bahrain,5.68,7.23,43.9,1,55.8,31.3,15.607668885970922,1.5500000000000007,7.88,3.1864799999999995
BHR,2005,Bahrain,3.61,6.89,69.26,1,46.6,25.0,15.84301053859818,3.28,19.1,1.1097139999999996
BHR,2006,Bahrain,3.82,6.39,67.44,1,32.4,23.6,15.857132294560731,2.57,-2.0700000000000003,1.243792
BHR,2007,Bahrain,3.3,6.21,71.17,1,36.7,25.0,16.04924500435693,2.91,13.39,0.95139
BHR,2008,Bahrain,3.05,8.18,64.35,1,36.5,23.1,16.396722285663127,5.13,26.46,1.087325
BHR,2009,Bahrain,2.62,6.63,70.16,1,40.8,26.5,16.244773337881956,4.01,-18.2,0.7818080000000001
BHR,2010,Bahrain,4.25,5.45,48.03,1,28.9,19.9,16.392041931112473,1.2000000000000002,15.51,2.2087250000000003
BHR,2011,Bahrain,4.28,6.14,46.59,1,19.0,13.1,16.36240588392146,1.8599999999999997,5.0,2.2859480000000003
BHR,2012,Bahrain,2.6,5.59,66.4,1,15.6,11.3,16.57369371588937,2.99,-10.13,0.8735999999999999
BHR,2013,Bahrain,2.55,5.39,63.33,1,9.0,12.2,16.449568518677122,2.84,14.31,0.935085
BHR,2014,Bahrain,3.38,6.39,51.68,1,15.7,11.3,16.534369436945973,3.01,3.84,1.6332159999999998
BHR,2015,Bahrain,3.75,6.88,46.55,1,12.9,11.8,16.40198240529323,3.13,-9.64,2.004375
BHR,2016,Bahrain,3.79,6.2,44.16,1,19.5,10.8,16.351987091427148,2.41,-5.140000000000001,2.116336
BHR,2017,Bahrain,3.75,5.73,39.79,1,14.3,11.3,16.448797454177882,1.9800000000000004,8.59,2.2578750000000003
BHR,2018,Bahrain,3.26,5.69,37.37,1,17.5,10.7,16.730264409242,2.4300000000000006,8.83,2.041738
BHR,2019,Bahrain,3.36,6.02,37.9,1,23.1,10.1,16.64187925667086,2.66,-5.0,2.08656
BHR,2020,Bahrain,2.99,5.73,40.35,1,24.1,8.7,16.512168333788143,2.74,-8.81,1.7835350000000003
BHR,2021,Bahrain,3.29,5.34,40.42,1,27.8,8.7,16.707735433332704,2.05,-4.379999999999999,1.960182
BHS,1996,Bahamas,11.06,16.03,52.74,0,85.6,83.5,15.038912755237233,4.970000000000001,4.126666666666667,5.226956
BHS,1998,Bahamas,12.84,30.29,53.82,1,85.1,85.1,14.720219151070626,17.45,5.81,5.929512
BHS,2000,Bahamas,13.29,31.67,64.89,1,91.0,87.1,15.306696426024594,18.380000000000003,6.94,4.666118999999999
BHS,2002,Bahamas,16.79,21.38,58.56,1,82.5,87.6,15.661312320783493,4.59,-2.34,6.957775999999999
BHS,2003,Bahamas,9.96,20.04,61.47,1,72.4,80.1,15.669692226123995,10.079999999999998,0.9600000000000004,3.837588
BHS,2004,Bahamas,6.11,15.58,73.24,1,77.2,81.3,15.5367712098379,9.47,2.69,1.6350360000000004
BHS,2005,Bahamas,3.66,10.32,67.76,1,78.2,77.9,16.07902829220565,6.66,13.97,1.1799839999999997
BHS,2006,Bahamas,4.59,11.09,67.74,1,72.5,80.8,16.175058377152688,6.5,7.83,1.480734
BHS,2007,Bahamas,5.65,11.48,66.24,1,71.0,84.6,16.162674643435086,5.83,1.96,1.9074400000000002
BHS,2008,Bahamas,4.35,9.53,67.14,1,72.6,86.1,16.20015354585438,5.18,2.03,1.4294099999999998
BHS,2009,Bahamas,4.43,8.27,60.2,1,77.3,78.2,16.025715873129034,3.84,-8.6,1.76314
BHS,2010,Bahamas,1.83,5.25,71.76,1,83.9,76.8,16.368458329802717,3.42,2.9800000000000004,0.516792
BHS,2011,Bahamas,3.68,5.44,64.76,1,88.2,75.6,16.34505088616672,1.7600000000000002,9.16,1.2968319999999998
BHS,2012,Bahamas,1.2,5.4,74.82,1,90.5,75.6,16.314538590861243,4.2,3.4,0.30216000000000004
BHS,2013,Bahamas,2.1,4.96,82.05,1,90.5,74.6,16.15176489955373,2.86,-3.9299999999999997,0.37695
BHS,2014,Bahamas,3.05,4.75,81.95,1,79.0,80.3,16.30493947935051,1.7000000000000002,6.13,0.5505249999999999
BHS,2015,Bahamas,1.43,4.86,83.98,1,77.1,75.9,16.270737011192736,3.4300000000000006,-8.67,0.229086
BHS,2016,Bahamas,1.43,4.74,85.39,1,80.0,74.9,15.93723801650698,3.3100000000000005,-3.709999999999999,0.208923
BHS,2017,Bahamas,1.31,5.7,90.2,1,81.4,74.9,16.201147028657036,4.390000000000001,8.93,0.12837999999999997
BHS,2018,Bahamas,0.67,5.32,82.26,1,76.4,72.3,16.25195258258927,4.65,0.6699999999999995,0.118858
BHS,2019,Bahamas,0.79,5.5,88.41,1,74.1,76.3,16.278029311927373,4.71,-2.9299999999999997,0.091561
BHS,2020,Bahamas,1.1,5.07,82.41,1,73.1,76.8,15.78514974332428,3.97,-18.2,0.19349000000000008
BHS,2021,Bahamas,0.55,5.68,78.17,0,76.4,75.4,15.995285158417412,5.13,16.486666666666665,0.12006499999999998
BIH,1996,Bosnia and Herzegovina,6.81,16.28,33.95,0,25.5,47.0,14.588595308363274,9.470000000000002,8.34,4.498004999999999
BIH,1998,Bosnia and Herzegovina,6.9,13.14,29.28,0,27.7,48.8,14.880229612163491,6.24,3.0799999999999996,4.8796800000000005
BIH,2000,Bosnia and Herzegovina,6.25,10.9,45.27,0,30.2,48.8,15.294033637878558,4.65,2.043333333333333,3.4206249999999994
BIH,2002,Bosnia and Herzegovina,3.26,11.27,63.25,0,40.7,46.3,15.650063809261184,8.01,11.11,1.19805
BIH,2003,Bosnia and Herzegovina,2.87,10.03,75.17,1,32.7,55.2,15.764170524232966,7.159999999999999,11.510000000000002,0.712621
BIH,2004,Bosnia and Herzegovina,1.8,8.85,88.92,1,45.6,55.8,16.03520422294792,7.05,11.35,0.19944000000000003
BIH,2005,Bosnia and Herzegovina,2.85,8.55,78.05,1,30.6,58.2,16.116670472874315,5.700000000000001,8.6,0.6255750000000001
BIH,2006,Bosnia and Herzegovina,2.43,8.58,88.61,1,31.4,53.4,16.222490737739623,6.15,3.52,0.276777
BIH,2007,Bosnia and Herzegovina,2.16,8.18,89.92,1,25.1,52.9,16.44650190410674,6.02,13.4,0.217728
BIH,2008,Bosnia and Herzegovina,2.15,8.14,88.51,1,27.9,49.0,16.690129846855626,5.99,11.98,0.247035
BIH,2009,Bosnia and Herzegovina,2.14,8.79,89.21,1,23.7,48.3,16.34536026222817,6.649999999999999,-17.16,0.23090600000000025
BIH,2010,Bosnia and Herzegovina,1.99,8.26,86.35,1,24.6,45.5,16.37508190210981,6.27,5.01,0.2716350000000001
BIH,2011,Bosnia and Herzegovina,1.85,8.0,84.16,1,20.4,42.7,16.55192165251594,6.15,9.46,0.29303999999999997
BIH,2012,Bosnia and Herzegovina,1.72,7.95,85.22,1,28.4,45.1,16.482812691674663,6.23,-4.780000000000001,0.25421600000000005
BIH,2013,Bosnia and Herzegovina,2.13,8.16,80.88,1,34.1,43.7,16.520830211178062,6.03,1.3699999999999997,0.40725600000000006
BIH,2014,Bosnia and Herzegovina,2.22,7.9,82.19,1,44.8,46.3,16.580618663151792,5.68,3.32,0.3953820000000001
BIH,2015,Bosnia and Herzegovina,3.5,8.54,83.5,1,31.9,43.3,16.38119151389622,5.039999999999999,-9.54,0.5775000000000001
BIH,2016,Bosnia and Herzegovina,2.29,8.42,84.77,1,31.0,41.9,16.404673260465383,6.13,0.8199999999999998,0.348767
BIH,2017,Bosnia and Herzegovina,1.8,7.79,85.24,1,32.4,38.9,16.529644814277795,5.99,7.04,0.26568000000000014
BIH,2018,Bosnia and Herzegovina,2.64,8.1,85.12,1,31.6,36.9,16.62200457299774,5.459999999999999,5.37,0.39283199999999985
BIH,2019,Bosnia and Herzegovina,2.71,9.65,82.61,1,29.2,37.7,16.60850500746163,6.94,-2.04,0.47126900000000016
BIH,2020,Bosnia and Herzegovina,2.3,8.48,82.74,1,30.7,36.2,16.501585052342588,6.180000000000001,-5.960000000000001,0.39698000000000017
BIH,2021,Bosnia and Herzegovina,1.75,7.77,83.25,1,30.7,36.2,16.760365020805416,6.02,14.91,0.29312499999999997
BLR,1996,Belarus,6.81,10.5,32.57,0,50.0,23.5,15.671727843510851,3.69,-1.173333333333333,4.591983
BLR,1998,Belarus,6.46,11.33,37.43,1,50.0,27.4,15.8244285438646,4.87,9.959999999999997,4.042021999999999
BLR,2000,Belarus,5.32,10.45,43.41,1,51.9,11.9,16.032018549397453,5.129999999999999,13.82,3.0105880000000007
BLR,2002,Belarus,4.61,9.58,45.79,1,56.6,8.5,16.152275380638912,4.97,4.75,2.4990810000000003
BLR,2003,Belarus,3.85,8.15,53.19,1,69.8,9.0,16.407113907568313,4.300000000000001,12.75,1.8021850000000004
BLR,2004,Belarus,2.34,6.21,59.11,1,51.5,5.8,16.748883582574464,3.87,18.92,0.9568260000000001
BLR,2005,Belarus,2.06,6.1,55.86,1,56.3,3.4,16.793300699317253,4.039999999999999,1.0700000000000003,0.9092840000000001
BLR,2006,Belarus,1.35,6.15,67.55,1,50.2,5.3,17.080477020843443,4.800000000000001,15.62,0.43807500000000005
BLR,2007,Belarus,1.5,5.41,60.83,1,55.1,6.3,17.312692937447427,3.91,13.37,0.58755
BLR,2008,Belarus,1.07,6.26,69.28,1,62.5,6.7,17.649562809988385,5.19,17.15,0.32870400000000005
BLR,2009,Belarus,1.97,5.66,65.65,1,62.6,7.1,17.315625699735186,3.69,-14.829999999999998,0.6766949999999998
BLR,2010,Belarus,3.05,5.41,39.37,1,42.2,7.1,17.4873622297563,2.3600000000000003,10.5,1.849215
BLR,2011,Belarus,1.27,5.11,69.01,1,42.2,5.2,17.721756773223582,3.84,14.53,0.39357299999999995
BLR,2012,Belarus,1.58,7.22,74.88,1,47.9,6.1,17.64541212401911,5.64,0.7000000000000002,0.39689600000000014
BLR,2013,Belarus,2.19,8.36,71.29,1,46.4,5.6,17.598239277539378,6.17,-3.709999999999999,0.6287489999999998
BLR,2014,Belarus,2.66,8.05,51.1,1,52.9,7.9,17.520761858519197,5.390000000000001,-2.9700000000000006,1.30074
BLR,2015,Belarus,3.08,8.65,48.0,1,51.9,8.4,17.14047839935829,5.57,-13.52,1.6016000000000001
BLR,2016,Belarus,4.46,9.74,44.85,1,51.4,12.8,17.186400859401395,5.28,-4.530000000000001,2.45969
BLR,2017,Belarus,4.37,10.99,42.07,1,43.3,12.3,17.439709277095396,6.62,11.35,2.531541
BLR,2018,Belarus,4.12,10.16,43.5,1,57.5,12.1,17.555947629979222,6.04,5.92,2.3278
BLR,2019,Belarus,4.62,11.43,43.97,1,58.5,11.1,17.55753159768521,6.81,1.3799999999999994,2.5885860000000003
BLR,2020,Belarus,2.72,9.7,49.84,1,17.0,9.2,17.418882158684838,6.979999999999999,-8.89,1.3643520000000002
BLR,2021,Belarus,3.56,10.45,49.57,1,19.8,6.8,17.651248989512716,6.889999999999999,12.96,1.795308
BLZ,1996,Belize,10.89,20.1,37.58,1,64.4,72.0,12.602514869573408,9.21,-0.5700000000000003,6.797538000000001
BLZ,1998,Belize,7.13,19.2,53.18,1,67.0,73.1,12.685162247030275,12.07,1.08,3.3382659999999995
BLZ,2000,Belize,4.32,23.08,69.98,1,54.0,76.1,12.991975427554078,18.76,25.32,1.2968639999999998
BLZ,2002,Belize,11.99,21.73,43.14,1,62.4,71.6,13.029506805041889,9.74,0.7199999999999998,6.817514
BLZ,2003,Belize,19.26,23.67,47.93,1,63.3,72.1,13.1638067724153,4.41,-0.33999999999999986,10.028682
BLZ,2004,Belize,15.48,35.09,64.13,1,60.2,73.6,13.13639146211476,19.610000000000003,-3.160000000000001,5.552676000000001
BLZ,2005,Belize,16.04,23.07,60.25,1,49.0,71.2,13.561065795295033,7.030000000000001,2.3200000000000003,6.375899999999999
BLZ,2006,Belize,11.94,17.54,48.78,1,48.8,63.5,13.504793498967304,5.6,13.35,6.115667999999999
BLZ,2007,Belize,14.95,19.02,52.57,1,49.8,63.5,13.638575555602428,4.07,1.7999999999999998,7.090784999999999
BLZ,2008,Belize,7.21,10.73,46.14,1,51.0,67.8,14.00939420708187,3.5200000000000005,10.56,3.8833059999999997
BLZ,2009,Belize,8.64,12.38,47.24,1,45.5,70.1,14.117881358402208,3.74,-11.829999999999998,4.558464
BLZ,2010,Belize,2.34,13.87,62.75,1,49.3,68.7,13.627244358744289,11.53,4.23,0.87165
BLZ,2011,Belize,4.28,12.69,57.93,1,51.7,68.1,15.17162124837798,8.41,6.44,1.8005959999999999
BLZ,2012,Belize,1.79,14.25,73.25,1,52.1,69.0,14.289567337089244,12.46,2.63,0.47882499999999995
BLZ,2013,Belize,2.12,15.98,67.73,1,53.6,69.0,14.054132506435751,13.86,3.67,0.684124
BLZ,2014,Belize,2.53,15.4,67.05,1,48.1,65.0,13.97979386603035,12.87,3.05,0.833635
BLZ,2015,Belize,3.77,19.05,64.79,1,49.0,67.0,13.876140149180126,15.28,1.7199999999999998,1.3274169999999998
BLZ,2016,Belize,17.97,18.85,87.58,1,48.6,66.5,13.736609375169891,0.8800000000000026,-2.1899999999999995,2.2318739999999995
BLZ,2017,Belize,1.49,16.45,84.25,1,48.1,66.5,13.95077004906614,14.96,-2.09,0.23467499999999997
BLZ,2018,Belize,1.69,15.57,81.11,1,46.2,60.2,13.907597229662612,13.88,2.41,0.31924099999999994
BLZ,2019,Belize,1.47,17.88,85.2,1,50.5,63.3,13.991907876058322,16.41,1.46,0.21756000000000003
BLZ,2020,Belize,1.71,14.81,73.44,1,63.7,62.3,13.900535002309958,13.1,-10.65,0.4541760000000001
BLZ,2021,Belize,3.06,16.74,74.01,1,55.2,62.8,14.178293637204778,13.679999999999998,16.07,0.7952939999999997
BMU,1996,Bermuda,0.41,7.93,26.93,0,70.7,86.0,13.799031633244107,7.52,5.449999999999999,0.299587
BMU,1998,Bermuda,0.8,7.8,38.27,0,72.3,85.6,13.95397975205685,7.0,1.7099999999999995,0.49384
BMU,2000,Bermuda,1.76,8.47,56.35,0,72.5,74.6,15.3283648052557,6.710000000000001,3.6466666666666665,0.76824
BMU,2002,Bermuda,1.94,10.35,59.75,0,73.0,84.6,15.614299512367433,8.41,6.526666666666667,0.7808499999999999
BMU,2003,Bermuda,0.61,6.71,76.9,0,73.9,87.6,15.49176086931523,6.1,11.146666666666667,0.14090999999999998
BMU,2004,Bermuda,0.75,7.94,75.24,0,77.7,85.1,15.31349584882279,7.19,8.856666666666667,0.18570000000000003
BMU,2005,Bermuda,0.28,6.07,76.92,1,72.3,85.6,15.109861904261765,5.79,16.46333333333333,0.064624
BMU,2006,Bermuda,0.25,6.35,77.43,1,70.0,80.3,15.66245653077975,6.1,4.14,0.056424999999999975
BMU,2007,Bermuda,1.27,3.91,70.22,1,72.9,78.4,15.576421927947818,2.64,2.86,0.3782060000000001
BMU,2008,Bermuda,0.27,4.21,64.24,1,73.1,79.3,15.691890647905849,3.94,0.6000000000000001,0.09655200000000001
BMU,2009,Bermuda,3.06,11.63,72.29,1,70.6,77.3,14.91504688624292,8.57,-5.32,0.8479259999999997
BMU,2010,Bermuda,0.22,8.35,70.0,1,79.6,78.2,15.455737982966353,8.129999999999999,-2.88,0.06600000000000002
BMU,2011,Bermuda,1.11,8.32,68.11,1,80.1,78.9,15.342300455356987,7.21,-4.690000000000001,0.353979
BMU,2012,Bermuda,2.12,5.58,73.9,1,81.5,80.8,14.957934243633234,3.46,-0.79,0.5533199999999998
BMU,2013,Bermuda,4.81,3.81,70.73,1,81.0,81.2,14.93870276344193,0.0,7.11,1.4078869999999997
BOL,1996,"Bolivia, Plurinational State of",5.22,15.37,26.71,1,43.1,56.5,14.432632828680433,10.15,8.48,3.825738
BOL,1998,"Bolivia, Plurinational State of",6.62,11.63,26.33,1,35.6,59.7,14.715213965670628,5.010000000000001,10.95,4.8769540000000005
BOL,2000,"Bolivia, Plurinational State of",6.0,9.83,33.42,1,37.0,54.2,14.324498742672564,3.83,4.92,3.9947999999999997
BOL,2002,"Bolivia, Plurinational State of",4.87,20.13,48.08,1,34.9,53.2,14.286885315533803,15.259999999999998,3.56,2.528504
BOL,2003,"Bolivia, Plurinational State of",4.43,9.07,48.98,1,22.6,45.3,14.481588587577328,4.640000000000001,-3.879999999999999,2.2601859999999996
BOL,2004,"Bolivia, Plurinational State of",1.95,7.63,63.16,1,23.8,43.8,14.67221979352736,5.68,6.51,0.7183800000000001
BOL,2005,"Bolivia, Plurinational State of",2.16,7.48,55.34,1,19.4,44.2,14.88536805179025,5.32,12.75,0.9646560000000001
BOL,2006,"Bolivia, Plurinational State of",1.27,6.79,69.4,1,22.7,49.5,15.040188884794985,5.52,9.5,0.3886199999999999
BOL,2007,"Bolivia, Plurinational State of",1.12,5.56,70.45,1,19.3,47.6,15.22287337723126,4.44,10.74,0.33096000000000003
BOL,2008,"Bolivia, Plurinational State of",0.88,6.5,68.85,1,23.6,48.1,15.538310221230136,5.62,19.19,0.2741200000000001
BOL,2009,"Bolivia, Plurinational State of",3.36,7.3,70.45,1,28.4,48.8,15.38609693948894,3.94,-5.33,0.9928799999999999
BOL,2010,"Bolivia, Plurinational State of",1.42,6.46,64.21,1,32.2,47.4,15.542281113087515,5.04,10.75,0.5082180000000002
BOL,2011,"Bolivia, Plurinational State of",0.93,5.48,70.5,1,33.2,46.5,15.837422186071386,4.550000000000001,19.0,0.27435000000000004
BOL,2012,"Bolivia, Plurinational State of",0.59,5.4,69.6,1,33.2,45.5,15.87032521317498,4.8100000000000005,4.04,0.17936000000000002
BOL,2013,"Bolivia, Plurinational State of",1.49,5.84,69.61,1,36.5,46.5,16.04733973837021,4.35,6.26,0.4528110000000001
BOL,2014,"Bolivia, Plurinational State of",1.32,5.27,71.42,1,33.3,48.3,16.097285107925686,3.9499999999999993,4.91,0.3772559999999999
BOL,2015,"Bolivia, Plurinational State of",1.67,5.87,69.82,1,36.7,46.8,15.928683240175635,4.2,-3.9700000000000006,0.5040060000000001
BOL,2016,"Bolivia, Plurinational State of",2.51,5.95,71.73,1,36.7,45.3,15.825763810403638,3.4400000000000004,-6.719999999999999,0.7095769999999998
BOL,2017,"Bolivia, Plurinational State of",0.72,5.18,72.07,1,34.8,45.8,15.949885230906094,4.46,4.59,0.20109600000000008
BOL,2018,"Bolivia, Plurinational State of",0.81,5.42,72.46,1,36.8,43.2,15.901138849677787,4.609999999999999,3.32,0.22307400000000008
BOL,2019,"Bolivia, Plurinational State of",2.15,9.35,68.08,1,20.3,40.6,15.83426693146353,7.199999999999999,-0.8799999999999999,0.68628
BOL,2020,"Bolivia, Plurinational State of",1.18,6.3,66.46,1,29.2,42.0,15.540653576208658,5.12,-14.899999999999999,0.395772
BOL,2021,"Bolivia, Plurinational State of",1.14,6.42,69.84,1,36.8,42.0,15.82129848463916,5.28,16.269999999999996,0.34382399999999996
BRA,1996,Brazil,12.75,13.15,22.14,1,38.8,57.5,17.716738778990695,0.4000000000000003,2.75,9.92715
BRA,1998,Brazil,12.59,14.02,22.59,1,34.0,58.7,17.851208325668996,1.4299999999999995,-3.3499999999999996,9.745919
BRA,2000,Brazil,11.16,13.21,40.18,1,53.4,58.2,18.089574506630942,2.0500000000000007,7.720000000000001,6.675912000000001
BRA,2002,Brazil,11.39,12.73,32.68,1,57.1,62.7,17.968086837209963,1.34,-7.780000000000001,7.6677480000000005
BRA,2003,Brazil,11.51,12.62,33.69,1,41.7,62.2,17.9458817824974,1.1099999999999994,1.08,7.632281
BRA,2004,Brazil,9.36,11.73,48.77,1,36.4,60.6,18.170023271885604,2.370000000000001,14.04,4.795127999999999
BRA,2005,Brazil,9.65,12.52,47.53,1,37.9,63.9,18.34037117970912,2.869999999999999,8.01,5.063355
BRA,2006,Brazil,9.55,11.66,49.02,1,35.3,61.1,18.54969383041285,2.1099999999999994,11.04,4.868590000000001
BRA,2007,Brazil,9.86,11.93,48.94,1,32.9,63.9,18.82034109454043,2.0700000000000003,14.9,5.034515999999999
BRA,2008,Brazil,8.48,10.77,49.4,1,33.7,63.9,19.15414525539129,2.289999999999999,19.82,4.2908800000000005
BRA,2009,Brazil,9.76,11.8,50.77,1,51.2,62.6,18.873258986547476,2.040000000000001,-14.21,4.804848
BRA,2010,Brazil,8.17,9.9,39.02,1,46.0,65.9,19.227005467192484,1.7300000000000004,19.46,4.982065999999999
BRA,2011,Brazil,8.22,9.99,51.61,1,41.2,63.4,19.438427833018167,1.7699999999999996,11.16,3.9776580000000004
BRA,2012,Brazil,9.08,10.97,53.13,1,46.4,62.9,19.44684695488824,1.8900000000000008,-0.6899999999999995,4.255796
BRA,2013,Brazil,10.01,11.72,53.56,1,37.0,60.6,19.455344517306344,1.7100000000000009,3.52,4.648643999999999
BRA,2014,Brazil,11.59,11.02,38.91,1,42.9,62.1,19.403856912177844,0.0,-2.3100000000000005,7.080331
BRA,2015,Brazil,11.25,11.27,40.53,1,34.3,62.1,19.100320378530277,0.0199999999999995,-13.43,6.690375
BRA,2016,Brazil,11.75,11.6,38.28,1,31.9,62.1,18.96892771874013,0.0,-10.28,7.2520999999999995
BRA,2017,Brazil,10.67,11.11,38.9,1,29.5,61.1,19.103981348453928,0.4399999999999995,6.86,6.519369999999999
BRA,2018,Brazil,10.61,10.46,40.14,1,29.2,59.7,19.194241967355484,0.0,7.83,6.351146
BRA,2019,Brazil,6.94,9.97,38.61,1,20.8,56.5,19.19257513690178,3.03,0.08000000000000007,4.260466
BRA,2020,Brazil,9.84,10.13,37.26,1,31.1,57.0,19.04730230677868,0.2900000000000009,-7.1999999999999975,6.173615999999999
BRA,2021,Brazil,12.04,10.57,39.23,1,31.1,56.0,19.373570850541512,0.0,18.78,7.316707999999999
BRB,1996,Barbados,31.52,19.69,36.87,0,84.6,90.5,13.265427964387737,0.0,4.703333333333333,19.898576
BRB,1998,Barbados,3.24,20.39,59.94,1,84.6,88.6,13.491730896725231,17.15,1.3399999999999999,1.2979440000000002
BRB,2000,Barbados,3.88,12.93,58.24,1,85.2,88.1,14.73062761334956,9.05,4.05,1.620288
BRB,2002,Barbados,6.79,13.33,52.67,1,86.2,88.6,13.844424773863894,6.54,-3.41,3.2137069999999994
BRB,2003,Barbados,16.97,15.14,48.65,1,78.9,86.1,13.98185166313334,0.0,9.5,8.714095
BRB,2004,Barbados,14.78,14.7,74.92,1,85.9,84.1,13.98690769329948,0.0,-4.33,3.706824
BRB,2005,Barbados,16.4,18.18,65.94,1,86.9,78.8,14.228611492141816,1.7800000000000011,23.63,5.58584
BRB,2006,Barbados,13.43,15.48,84.07,1,77.3,81.7,14.41540891815792,2.0500000000000007,-1.2999999999999998,2.1393990000000014
BRB,2007,Barbados,7.53,11.53,82.34,1,85.0,80.3,14.390447591043564,3.999999999999999,-10.699999999999998,1.3297979999999998
BRB,2008,Barbados,11.6,13.47,72.73,1,86.5,75.0,14.65515093163536,1.870000000000001,15.89,3.1633199999999992
BRB,2009,Barbados,16.6,14.61,52.72,1,85.8,86.3,14.769680295612474,0.0,-12.329999999999998,7.84848
BRB,2010,Barbados,8.42,11.15,47.55,1,87.2,86.7,14.857034286823174,2.7300000000000004,-5.539999999999999,4.41629
BRB,2011,Barbados,6.23,12.56,58.1,1,93.4,85.0,15.654891559571205,6.33,21.83,2.6103700000000005
BRB,2012,Barbados,2.51,16.91,86.77,1,91.0,87.3,15.500960188848056,14.4,-0.21999999999999975,0.3320730000000002
BRB,2013,Barbados,4.63,12.56,77.7,1,92.4,86.9,14.564715567220242,7.930000000000001,0.03000000000000025,1.03249
BRB,2014,Barbados,3.25,9.75,89.51,1,95.7,85.7,14.506756983232869,6.5,-0.7999999999999998,0.340925
BRB,2015,Barbados,2.64,10.55,82.79,1,89.0,83.7,14.26388637690523,7.91,-3.59,0.4543439999999998
BRB,2016,Barbados,3.47,16.2,86.07,1,80.5,83.7,14.135380877974086,12.73,0.11000000000000032,0.48337100000000033
BRB,2017,Barbados,2.55,17.16,91.54,1,79.5,84.2,14.33085738168516,14.61,-0.6699999999999999,0.21572999999999973
BRB,2018,Barbados,3.12,17.22,86.41,1,78.8,83.0,14.3286794960235,14.099999999999998,0.009999999999999787,0.4240080000000001
BRB,2019,Barbados,2.92,22.29,87.8,1,85.4,84.5,14.281298896592723,19.37,-0.5999999999999996,0.35624
BRB,2020,Barbados,6.22,19.52,83.48,1,88.7,86.5,14.260261748883948,13.3,-2.5600000000000005,1.027544
BRB,2021,Barbados,5.98,16.48,81.67,1,90.1,86.5,14.525367076726948,10.5,5.59,1.0961340000000002
BRN,1996,Brunei Darussalam,2.55,26.89,41.24,0,90.4,29.0,15.235257033027835,24.34,4.206666666666667,1.4983799999999996
BRN,1998,Brunei Darussalam,2.36,8.48,48.42,1,86.2,28.4,14.483985276105832,6.120000000000001,-13.86,1.217288
BRN,2000,Brunei Darussalam,2.95,5.86,53.88,0,92.6,28.4,14.32415325888691,2.91,-7.883333333333336,1.3605399999999999
BRN,2002,Brunei Darussalam,2.87,19.91,63.66,1,87.3,23.4,14.30130322547956,17.04,16.72,1.0429580000000003
BRN,2003,Brunei Darussalam,2.46,5.33,59.76,1,86.9,25.9,14.533281631680293,2.87,-8.909999999999998,0.9899039999999999
BRN,2004,Brunei Darussalam,2.49,4.87,66.31,1,97.6,24.0,14.34119676427453,2.38,7.13,0.838881
BRN,2005,Brunei Darussalam,2.24,4.66,56.72,0,91.3,24.5,14.295502370069553,2.42,7.893333333333334,0.969472
BRN,2006,Brunei Darussalam,2.02,3.96,63.91,1,89.9,18.3,14.52408568338463,1.94,10.993333333333336,0.729018
BRN,2007,Brunei Darussalam,1.65,3.3,65.97,1,90.8,18.3,15.157632659835,1.65,11.97,0.5614950000000001
BRN,2008,Brunei Darussalam,1.66,3.65,62.46,1,89.9,19.2,14.789452663931282,1.99,10.63,0.6231639999999999
BRN,2009,Brunei Darussalam,1.18,3.25,65.99,1,97.2,28.9,14.755719710136344,2.0700000000000003,-3.4800000000000004,0.40131800000000006
BRN,2010,Brunei Darussalam,1.2,2.69,67.17,1,93.4,29.9,15.022854693959854,1.49,2.94,0.39396000000000003
BRN,2011,Brunei Darussalam,1.62,4.1,62.7,1,86.7,29.1,15.699251652287526,2.4799999999999995,19.1,0.60426
BRN,2012,Brunei Darussalam,1.57,2.88,74.76,1,75.4,31.0,15.774337710737388,1.3099999999999998,-0.41000000000000014,0.39626799999999995
BRN,2013,Brunei Darussalam,1.29,2.6,67.8,1,87.2,31.0,15.94511358264973,1.31,0.5599999999999996,0.4153800000000001
BRN,2014,Brunei Darussalam,0.07,2.67,57.38,1,94.8,29.1,15.63292573358252,2.6,-0.1900000000000004,0.029834000000000003
BRN,2015,Brunei Darussalam,0.09,2.65,54.72,1,93.8,26.1,15.565393544603234,2.56,-5.280000000000001,0.040752
BRN,2016,Brunei Darussalam,0.78,2.65,51.79,1,91.0,23.2,15.079170509520512,1.87,-8.92,0.376038
BRN,2017,Brunei Darussalam,0.11,2.74,54.96,1,89.5,22.7,14.929346788775351,2.6300000000000003,7.3100000000000005,0.049544000000000005
BRN,2018,Brunei Darussalam,0.06,2.41,55.99,1,92.5,24.3,15.481376464324413,2.35,16.189999999999998,0.026405999999999995
BRN,2019,Brunei Darussalam,0.14,2.64,51.02,1,88.7,21.7,15.262711475271017,2.5,10.7,0.06857200000000001
BRN,2020,Brunei Darussalam,0.19,3.13,53.56,1,92.9,22.7,15.20483177851969,2.94,2.3200000000000003,0.08823599999999998
BRN,2021,Brunei Darussalam,0.2,2.75,52.19,1,91.5,24.6,15.599363323094106,2.55,26.69,0.09562
BTN,1996,Bhutan,28.28,8.08,63.03,0,71.3,19.0,10.455440340253446,0.0,2.433333333333333,10.455116000000002
BTN,1998,Bhutan,11.57,12.0,58.9,1,65.4,15.4,10.176665065611315,0.4299999999999997,-0.6933333333333334,4.75527
BTN,2000,Bhutan,24.86,10.59,63.91,0,68.3,13.9,10.595013920288364,0.0,2.67,8.971974
BTN,2002,Bhutan,23.19,9.46,74.67,0,69.8,11.4,10.93003224760021,0.0,0.8399999999999994,5.874027
BTN,2003,Bhutan,23.54,8.9,57.08,0,78.9,16.4,11.812355385436152,0.0,0.8399999999999994,10.103368
BTN,2004,Bhutan,25.76,7.5,74.71,0,91.7,20.7,12.79663262789655,0.0,0.8399999999999999,6.514704000000001
BTN,2005,Bhutan,9.79,7.47,54.77,1,92.7,16.8,11.968634220112186,0.0,11.66,4.428016999999999
BTN,2006,Bhutan,12.48,7.32,58.36,1,94.7,18.8,11.630533463086213,0.0,4.04,5.196672
BTN,2007,Bhutan,8.28,5.3,61.97,1,65.7,24.0,11.817962907920691,0.0,9.05,3.1488839999999994
BTN,2008,Bhutan,1.79,5.86,76.31,1,70.2,31.7,12.141378325589931,4.07,4.43,0.424051
BTN,2009,Bhutan,0.34,5.24,74.47,1,73.9,32.7,12.12764050686048,4.9,-1.2800000000000002,0.08680199999999999
BTN,2010,Bhutan,2.41,5.08,61.26,1,71.6,34.6,12.566614443542807,2.67,26.99,0.933634
BTN,2011,Bhutan,3.95,5.61,54.84,1,71.1,34.3,12.881210298728956,1.66,10.99,1.7838200000000002
BTN,2012,Bhutan,6.25,7.19,79.41,1,71.6,39.9,12.75606874080274,0.9400000000000004,-2.9000000000000004,1.2868750000000004
BTN,2013,Bhutan,3.43,6.14,67.19,0,70.1,43.2,12.600850312519468,2.7099999999999995,3.2199999999999998,1.1253830000000002
BTN,2014,Bhutan,1.0,4.28,48.33,0,88.6,44.8,12.549000606193465,3.28,1.3699999999999997,0.5166999999999999
BTN,2015,Bhutan,1.81,5.91,52.6,0,80.5,46.3,13.28353538420886,4.1,1.98,0.85794
BTN,2016,Bhutan,0.69,7.11,57.55,0,89.5,46.3,13.081379869841545,6.42,4.8,0.29290499999999997
BTN,2017,Bhutan,0.17,5.67,77.48,0,88.1,46.8,13.257247215062632,5.5,5.723333333333333,0.038284
BTN,2018,Bhutan,0.19,5.2,69.63,0,88.2,49.0,13.622441112992846,5.01,-1.0700000000000003,0.05770300000000002
BTN,2019,Bhutan,6.71,7.99,68.76,0,87.7,49.8,13.664841819138523,1.2800000000000002,-1.5599999999999987,2.0962039999999993
BTN,2020,Bhutan,0.65,5.05,74.76,0,84.9,53.6,13.737426079208351,4.4,2.78,0.16405999999999998
BTN,2021,Bhutan,0.59,4.51,68.21,0,72.6,55.1,13.949623522692953,3.92,5.3533333333333335,0.18756100000000003
BWA,2000,Botswana,4.5,14.78,53.28,1,82.0,67.7,13.11468741241921,10.28,2.8866666666666667,2.1024
BWA,2002,Botswana,3.42,12.08,45.34,1,76.7,68.2,12.98757485206235,8.66,29.16,1.8693719999999998
BWA,2003,Botswana,2.04,11.14,44.63,1,85.4,68.2,13.173627431364382,9.1,8.4,1.129548
BWA,2004,Botswana,2.82,8.11,71.69,1,78.2,72.6,13.41384592887822,5.289999999999999,-9.66,0.798342
BWA,2005,Botswana,1.87,8.39,70.34,1,83.0,65.9,13.42947924443598,6.5200000000000005,-1.13,0.554642
BWA,2006,Botswana,1.2,9.27,64.21,1,81.6,62.5,13.526678611327162,8.07,-1.7399999999999993,0.42948000000000014
BWA,2007,Botswana,3.95,9.12,53.35,1,85.5,61.5,13.780599900761104,5.169999999999999,14.27,1.8426750000000003
BWA,2008,Botswana,2.22,9.02,74.39,1,84.6,61.5,13.895542702505097,6.799999999999999,14.33,0.568542
BWA,2009,Botswana,4.74,9.65,72.79,1,82.9,58.8,14.067714496069543,4.91,-4.75,1.2897539999999996
BWA,2010,Botswana,2.96,10.05,61.91,1,83.4,60.7,15.85767238114135,7.090000000000001,3.76,1.127464
BWA,2011,Botswana,0.44,8.97,83.27,1,85.3,60.1,15.714379201554957,8.530000000000001,27.75,0.073612
BWA,2012,Botswana,1.06,9.04,77.73,1,88.6,64.3,16.008099784196464,7.979999999999999,11.32,0.23606200000000002
BWA,2013,Botswana,1.05,9.57,88.27,1,88.2,63.8,16.003414500602634,8.52,-4.039999999999999,0.12316500000000008
BWA,2014,Botswana,0.49,7.28,91.91,1,84.3,61.1,15.859537360574183,6.79,-1.75,0.03964100000000004
BWA,2015,Botswana,0.88,8.54,95.18,1,86.2,61.6,15.750580908106963,7.659999999999999,-6.219999999999997,0.04241599999999992
BWA,2016,Botswana,1.0,8.01,94.65,1,84.3,59.6,15.623856991415463,7.01,-12.920000000000002,0.05349999999999999
BWA,2017,Botswana,0.84,6.56,94.94,1,84.8,59.1,15.6518786912216,5.72,-6.460000000000003,0.04250399999999998
BWA,2018,Botswana,1.07,7.55,95.64,1,82.1,61.7,15.729834871018255,6.48,8.91,0.04665199999999997
BWA,2019,Botswana,0.98,8.18,92.07,1,88.2,62.8,15.736229556215402,7.199999999999999,1.85,0.07771400000000003
BWA,2020,Botswana,0.94,7.76,92.88,1,84.0,60.9,15.629823335215432,6.82,-0.46999999999999975,0.06692800000000003
BWA,2021,Botswana,0.93,7.38,85.54,1,86.8,60.4,15.807153984620893,6.45,14.01,0.13447799999999996
CAF,1996,Central African Republic,0.92,12.96,58.37,1,11.7,22.5,11.609155221833936,12.04,-17.669999999999998,0.382996
CAF,1996,Central African Republic,0.92,12.96,58.37,1,11.7,22.5,11.609155221833936,12.04,4.66,0.382996
CAF,1996,Central African Republic,0.92,12.96,58.37,1,11.7,22.5,11.609155221833936,12.04,26.65,0.382996
CAF,1996,Central African Republic,0.92,12.96,58.37,1,11.7,22.5,11.609155221833936,12.04,7.37,0.382996
CAF,1996,Central African Republic,7.41,11.59,38.83,1,11.7,22.5,17.05093070880197,4.18,-17.669999999999998,4.532697000000001
CAF,1996,Central African Republic,7.41,11.59,38.83,1,11.7,22.5,17.05093070880197,4.18,4.66,4.532697000000001
CAF,1996,Central African Republic,7.41,11.59,38.83,1,11.7,22.5,17.05093070880197,4.18,26.65,4.532697000000001
CAF,1996,Central African Republic,7.41,11.59,38.83,1,11.7,22.5,17.05093070880197,4.18,7.37,4.532697000000001
CAF,1996,Central African Republic,8.71,16.05,16.21,1,11.7,22.5,13.332967096639187,7.34,-17.669999999999998,7.298109
CAF,1996,Central African Republic,8.71,16.05,16.21,1,11.7,22.5,13.332967096639187,7.34,4.66,7.298109
CAF,1996,Central African Republic,8.71,16.05,16.21,1,11.7,22.5,13.332967096639187,7.34,26.65,7.298109
CAF,1996,Central African Republic,8.71,16.05,16.21,1,11.7,22.5,13.332967096639187,7.34,7.37,7.298109
CAF,1996,Central African Republic,7.98,11.93,33.7,1,11.7,22.5,16.2409953704775,3.9499999999999993,-17.669999999999998,5.29074
CAF,1996,Central African Republic,7.98,11.93,33.7,1,11.7,22.5,16.2409953704775,3.9499999999999993,4.66,5.29074
CAF,1996,Central African Republic,7.98,11.93,33.7,1,11.7,22.5,16.2409953704775,3.9499999999999993,26.65,5.29074
CAF,1996,Central African Republic,7.98,11.93,33.7,1,11.7,22.5,16.2409953704775,3.9499999999999993,7.37,5.29074
CAF,1998,Central African Republic,1.13,10.22,59.77,1,13.8,29.9,11.461474895057636,9.09,4.68,0.4545989999999999
CAF,1998,Central African Republic,1.13,10.22,59.77,1,13.8,29.9,11.461474895057636,9.09,5.97,0.4545989999999999
CAF,1998,Central African Republic,1.13,10.22,59.77,1,13.8,29.9,11.461474895057636,9.09,5.406666666666666,0.4545989999999999
CAF,1998,Central African Republic,1.13,10.22,59.77,1,13.8,29.9,11.461474895057636,9.09,5.57,0.4545989999999999
CAF,1998,Central African Republic,6.05,12.84,52.37,1,13.8,29.9,17.096006434879097,6.79,4.68,2.881615
CAF,1998,Central African Republic,6.05,12.84,52.37,1,13.8,29.9,17.096006434879097,6.79,5.97,2.881615
CAF,1998,Central African Republic,6.05,12.84,52.37,1,13.8,29.9,17.096006434879097,6.79,5.406666666666666,2.881615
CAF,1998,Central African Republic,6.05,12.84,52.37,1,13.8,29.9,17.096006434879097,6.79,5.57,2.881615
CAF,1998,Central African Republic,0.71,7.57,41.33,0,13.8,29.9,13.358177516711118,6.86,4.68,0.41655699999999996
CAF,1998,Central African Republic,0.71,7.57,41.33,0,13.8,29.9,13.358177516711118,6.86,5.97,0.41655699999999996
CAF,1998,Central African Republic,0.71,7.57,41.33,0,13.8,29.9,13.358177516711118,6.86,5.406666666666666,0.41655699999999996
CAF,1998,Central African Republic,0.71,7.57,41.33,0,13.8,29.9,13.358177516711118,6.86,5.57,0.41655699999999996
CAF,1998,Central African Republic,5.97,14.98,49.05,1,13.8,29.9,16.321523252387752,9.010000000000002,4.68,3.0417150000000004
CAF,1998,Central African Republic,5.97,14.98,49.05,1,13.8,29.9,16.321523252387752,9.010000000000002,5.97,3.0417150000000004
CAF,1998,Central African Republic,5.97,14.98,49.05,1,13.8,29.9,16.321523252387752,9.010000000000002,5.406666666666666,3.0417150000000004
CAF,1998,Central African Republic,5.97,14.98,49.05,1,13.8,29.9,16.321523252387752,9.010000000000002,5.57,3.0417150000000004
CAF,2000,Central African Republic,1.05,9.9,73.01,1,15.3,28.9,11.808528682156007,8.85,-13.68,0.28339499999999995
CAF,2000,Central African Republic,1.05,9.9,73.01,1,15.3,28.9,11.808528682156007,8.85,5.74,0.28339499999999995
CAF,2000,Central African Republic,1.05,9.9,73.01,1,15.3,28.9,11.808528682156007,8.85,-0.27000000000000046,0.28339499999999995
CAF,2000,Central African Republic,1.05,9.9,73.01,1,15.3,28.9,11.808528682156007,8.85,7.13,0.28339499999999995
CAF,2000,Central African Republic,9.69,11.39,40.48,1,15.3,28.9,17.24583863600425,1.700000000000001,-13.68,5.767487999999999
CAF,2000,Central African Republic,9.69,11.39,40.48,1,15.3,28.9,17.24583863600425,1.700000000000001,5.74,5.767487999999999
CAF,2000,Central African Republic,9.69,11.39,40.48,1,15.3,28.9,17.24583863600425,1.700000000000001,-0.27000000000000046,5.767487999999999
CAF,2000,Central African Republic,9.69,11.39,40.48,1,15.3,28.9,17.24583863600425,1.700000000000001,7.13,5.767487999999999
CAF,2000,Central African Republic,2.2,6.7,32.94,1,15.3,28.9,13.228037285949473,4.5,-13.68,1.4753200000000004
CAF,2000,Central African Republic,2.2,6.7,32.94,1,15.3,28.9,13.228037285949473,4.5,5.74,1.4753200000000004
CAF,2000,Central African Republic,2.2,6.7,32.94,1,15.3,28.9,13.228037285949473,4.5,-0.27000000000000046,1.4753200000000004
CAF,2000,Central African Republic,2.2,6.7,32.94,1,15.3,28.9,13.228037285949473,4.5,7.13,1.4753200000000004
CAF,2000,Central African Republic,7.0,11.2,34.9,1,15.3,28.9,16.29771433996053,4.199999999999999,-13.68,4.557
CAF,2000,Central African Republic,7.0,11.2,34.9,1,15.3,28.9,16.29771433996053,4.199999999999999,5.74,4.557
CAF,2000,Central African Republic,7.0,11.2,34.9,1,15.3,28.9,16.29771433996053,4.199999999999999,-0.27000000000000046,4.557
CAF,2000,Central African Republic,7.0,11.2,34.9,1,15.3,28.9,16.29771433996053,4.199999999999999,7.13,4.557
CAF,2002,Central African Republic,0.84,11.2,82.1,1,4.8,19.9,11.922303640367932,10.36,-6.07,0.15036000000000002
CAF,2002,Central African Republic,0.84,11.2,82.1,1,4.8,19.9,11.922303640367932,10.36,14.990000000000002,0.15036000000000002
CAF,2002,Central African Republic,0.84,11.2,82.1,1,4.8,19.9,11.922303640367932,10.36,11.35,0.15036000000000002
CAF,2002,Central African Republic,0.84,11.2,82.1,1,4.8,19.9,11.922303640367932,10.36,6.1,0.15036000000000002
CAF,2002,Central African Republic,8.58,11.31,31.79,1,4.8,19.9,17.439961210254587,2.7300000000000004,-6.07,5.852417999999999
CAF,2002,Central African Republic,8.58,11.31,31.79,1,4.8,19.9,17.439961210254587,2.7300000000000004,14.990000000000002,5.852417999999999
CAF,2002,Central African Republic,8.58,11.31,31.79,1,4.8,19.9,17.439961210254587,2.7300000000000004,11.35,5.852417999999999
CAF,2002,Central African Republic,8.58,11.31,31.79,1,4.8,19.9,17.439961210254587,2.7300000000000004,6.1,5.852417999999999
CAF,2002,Central African Republic,5.21,8.81,21.49,1,4.8,19.9,13.536675105190277,3.6000000000000005,-6.07,4.090371
CAF,2002,Central African Republic,5.21,8.81,21.49,1,4.8,19.9,13.536675105190277,3.6000000000000005,14.990000000000002,4.090371
CAF,2002,Central African Republic,5.21,8.81,21.49,1,4.8,19.9,13.536675105190277,3.6000000000000005,11.35,4.090371
CAF,2002,Central African Republic,5.21,8.81,21.49,1,4.8,19.9,13.536675105190277,3.6000000000000005,6.1,4.090371
CAF,2002,Central African Republic,7.4,10.4,28.5,1,4.8,19.9,16.57645428719678,3.0,-6.07,5.291000000000001
CAF,2002,Central African Republic,7.4,10.4,28.5,1,4.8,19.9,16.57645428719678,3.0,14.990000000000002,5.291000000000001
CAF,2002,Central African Republic,7.4,10.4,28.5,1,4.8,19.9,16.57645428719678,3.0,11.35,5.291000000000001
CAF,2002,Central African Republic,7.4,10.4,28.5,1,4.8,19.9,16.57645428719678,3.0,6.1,5.291000000000001
CAF,2003,Central African Republic,1.39,11.97,84.88,1,8.0,11.9,11.860141070099468,10.58,29.16,0.210168
CAF,2003,Central African Republic,1.39,11.97,84.88,1,8.0,11.9,11.860141070099468,10.58,3.07,0.210168
CAF,2003,Central African Republic,1.39,11.97,84.88,1,8.0,11.9,11.860141070099468,10.58,11.24,0.210168
CAF,2003,Central African Republic,1.39,11.97,84.88,1,8.0,11.9,11.860141070099468,10.58,16.59,0.210168
CAF,2003,Central African Republic,8.35,10.63,43.45,1,8.0,11.9,17.6964869535238,2.280000000000001,29.16,4.721924999999999
CAF,2003,Central African Republic,8.35,10.63,43.45,1,8.0,11.9,17.6964869535238,2.280000000000001,3.07,4.721924999999999
CAF,2003,Central African Republic,8.35,10.63,43.45,1,8.0,11.9,17.6964869535238,2.280000000000001,11.24,4.721924999999999
CAF,2003,Central African Republic,8.35,10.63,43.45,1,8.0,11.9,17.6964869535238,2.280000000000001,16.59,4.721924999999999
CAF,2003,Central African Republic,3.21,7.31,32.67,1,8.0,11.9,13.844196493931973,4.1,29.16,2.161293
CAF,2003,Central African Republic,3.21,7.31,32.67,1,8.0,11.9,13.844196493931973,4.1,3.07,2.161293
CAF,2003,Central African Republic,3.21,7.31,32.67,1,8.0,11.9,13.844196493931973,4.1,11.24,2.161293
CAF,2003,Central African Republic,3.21,7.31,32.67,1,8.0,11.9,13.844196493931973,4.1,16.59,2.161293
CAF,2003,Central African Republic,7.28,12.93,40.92,1,8.0,11.9,16.855280535378622,5.65,29.16,4.301024
CAF,2003,Central African Republic,7.28,12.93,40.92,1,8.0,11.9,16.855280535378622,5.65,3.07,4.301024
CAF,2003,Central African Republic,7.28,12.93,40.92,1,8.0,11.9,16.855280535378622,5.65,11.24,4.301024
CAF,2003,Central African Republic,7.28,12.93,40.92,1,8.0,11.9,16.855280535378622,5.65,16.59,4.301024
CAF,2004,Central African Republic,1.21,9.28,89.81,1,8.7,10.6,12.085552185293595,8.07,29.16,0.12329899999999998
CAF,2004,Central African Republic,1.21,9.28,89.81,1,8.7,10.6,12.085552185293595,8.07,14.1,0.12329899999999998
CAF,2004,Central African Republic,1.21,9.28,89.81,1,8.7,10.6,12.085552185293595,8.07,14.56,0.12329899999999998
CAF,2004,Central African Republic,1.21,9.28,89.81,1,8.7,10.6,12.085552185293595,8.07,14.16,0.12329899999999998
CAF,2004,Central African Republic,6.87,8.89,42.17,1,8.7,10.6,17.90377663322569,2.0200000000000005,29.16,3.9729210000000004
CAF,2004,Central African Republic,6.87,8.89,42.17,1,8.7,10.6,17.90377663322569,2.0200000000000005,14.1,3.9729210000000004
CAF,2004,Central African Republic,6.87,8.89,42.17,1,8.7,10.6,17.90377663322569,2.0200000000000005,14.56,3.9729210000000004
CAF,2004,Central African Republic,6.87,8.89,42.17,1,8.7,10.6,17.90377663322569,2.0200000000000005,14.16,3.9729210000000004
CAF,2004,Central African Republic,4.35,8.95,36.06,1,8.7,10.6,14.237733630403005,4.6,29.16,2.7813899999999996
CAF,2004,Central African Republic,4.35,8.95,36.06,1,8.7,10.6,14.237733630403005,4.6,14.1,2.7813899999999996
CAF,2004,Central African Republic,4.35,8.95,36.06,1,8.7,10.6,14.237733630403005,4.6,14.56,2.7813899999999996
CAF,2004,Central African Republic,4.35,8.95,36.06,1,8.7,10.6,14.237733630403005,4.6,14.16,2.7813899999999996
CAF,2004,Central African Republic,8.04,14.03,45.47,1,8.7,10.6,17.070925238788632,5.99,29.16,4.384212
CAF,2004,Central African Republic,8.04,14.03,45.47,1,8.7,10.6,17.070925238788632,5.99,14.1,4.384212
CAF,2004,Central African Republic,8.04,14.03,45.47,1,8.7,10.6,17.070925238788632,5.99,14.56,4.384212
CAF,2004,Central African Republic,8.04,14.03,45.47,1,8.7,10.6,17.070925238788632,5.99,14.16,4.384212
CAF,2005,Central African Republic,1.53,11.36,81.9,1,9.7,19.7,12.240581651001769,9.83,1.7000000000000002,0.2769299999999999
CAF,2005,Central African Republic,1.53,11.36,81.9,1,9.7,19.7,12.240581651001769,9.83,7.11,0.2769299999999999
CAF,2005,Central African Republic,1.53,11.36,81.9,1,9.7,19.7,12.240581651001769,9.83,8.51,0.2769299999999999
CAF,2005,Central African Republic,1.53,11.36,81.9,1,9.7,19.7,12.240581651001769,9.83,7.79,0.2769299999999999
CAF,2005,Central African Republic,6.44,9.23,41.28,1,9.7,19.7,18.059520220397925,2.79,1.7000000000000002,3.781568
CAF,2005,Central African Republic,6.44,9.23,41.28,1,9.7,19.7,18.059520220397925,2.79,7.11,3.781568
CAF,2005,Central African Republic,6.44,9.23,41.28,1,9.7,19.7,18.059520220397925,2.79,8.51,3.781568
CAF,2005,Central African Republic,6.44,9.23,41.28,1,9.7,19.7,18.059520220397925,2.79,7.79,3.781568
CAF,2005,Central African Republic,6.1,9.47,32.29,1,9.7,19.7,14.548558201364555,3.370000000000001,1.7000000000000002,4.13031
CAF,2005,Central African Republic,6.1,9.47,32.29,1,9.7,19.7,14.548558201364555,3.370000000000001,7.11,4.13031
CAF,2005,Central African Republic,6.1,9.47,32.29,1,9.7,19.7,14.548558201364555,3.370000000000001,8.51,4.13031
CAF,2005,Central African Republic,6.1,9.47,32.29,1,9.7,19.7,14.548558201364555,3.370000000000001,7.79,4.13031
CAF,2005,Central African Republic,7.57,12.42,42.43,1,9.7,19.7,17.27242852838372,4.85,1.7000000000000002,4.358049
CAF,2005,Central African Republic,7.57,12.42,42.43,1,9.7,19.7,17.27242852838372,4.85,7.11,4.358049
CAF,2005,Central African Republic,7.57,12.42,42.43,1,9.7,19.7,17.27242852838372,4.85,8.51,4.358049
CAF,2005,Central African Republic,7.57,12.42,42.43,1,9.7,19.7,17.27242852838372,4.85,7.79,4.358049
CAF,2006,Central African Republic,1.3,10.35,76.8,1,5.3,19.7,12.601051464185014,9.05,-12.939999999999998,0.3016
CAF,2006,Central African Republic,1.3,10.35,76.8,1,5.3,19.7,12.601051464185014,9.05,10.49,0.3016
CAF,2006,Central African Republic,1.3,10.35,76.8,1,5.3,19.7,12.601051464185014,9.05,24.54,0.3016
CAF,2006,Central African Republic,1.3,10.35,76.8,1,5.3,19.7,12.601051464185014,9.05,14.36,0.3016
CAF,2006,Central African Republic,6.41,8.63,44.24,1,5.3,19.7,18.28896783859145,2.2200000000000006,-12.939999999999998,3.574216
CAF,2006,Central African Republic,6.41,8.63,44.24,1,5.3,19.7,18.28896783859145,2.2200000000000006,10.49,3.574216
CAF,2006,Central African Republic,6.41,8.63,44.24,1,5.3,19.7,18.28896783859145,2.2200000000000006,24.54,3.574216
CAF,2006,Central African Republic,6.41,8.63,44.24,1,5.3,19.7,18.28896783859145,2.2200000000000006,14.36,3.574216
CAF,2006,Central African Republic,2.36,7.37,66.36,1,5.3,19.7,15.168206785165763,5.01,-12.939999999999998,0.793904
CAF,2006,Central African Republic,2.36,7.37,66.36,1,5.3,19.7,15.168206785165763,5.01,10.49,0.793904
CAF,2006,Central African Republic,2.36,7.37,66.36,1,5.3,19.7,15.168206785165763,5.01,24.54,0.793904
CAF,2006,Central African Republic,2.36,7.37,66.36,1,5.3,19.7,15.168206785165763,5.01,14.36,0.793904
CAF,2006,Central African Republic,9.22,13.41,44.86,1,5.3,19.7,17.55984230963468,4.19,-12.939999999999998,5.083908
CAF,2006,Central African Republic,9.22,13.41,44.86,1,5.3,19.7,17.55984230963468,4.19,10.49,5.083908
CAF,2006,Central African Republic,9.22,13.41,44.86,1,5.3,19.7,17.55984230963468,4.19,24.54,5.083908
CAF,2006,Central African Republic,9.22,13.41,44.86,1,5.3,19.7,17.55984230963468,4.19,14.36,5.083908
CAF,2007,Central African Republic,0.79,9.83,76.02,1,5.8,16.8,12.707893598665388,9.04,18.67,0.18944200000000003
CAF,2007,Central African Republic,0.79,9.83,76.02,1,5.8,16.8,12.707893598665388,9.04,11.82,0.18944200000000003
CAF,2007,Central African Republic,0.79,9.83,76.02,1,5.8,16.8,12.707893598665388,9.04,18.6,0.18944200000000003
CAF,2007,Central African Republic,0.79,9.83,76.02,1,5.8,16.8,12.707893598665388,9.04,15.01,0.18944200000000003
CAF,2007,Central African Republic,5.74,8.44,42.26,1,5.8,16.8,18.515029415018915,2.6999999999999997,18.67,3.3142760000000004
CAF,2007,Central African Republic,5.74,8.44,42.26,1,5.8,16.8,18.515029415018915,2.6999999999999997,11.82,3.3142760000000004
CAF,2007,Central African Republic,5.74,8.44,42.26,1,5.8,16.8,18.515029415018915,2.6999999999999997,18.6,3.3142760000000004
CAF,2007,Central African Republic,5.74,8.44,42.26,1,5.8,16.8,18.515029415018915,2.6999999999999997,15.01,3.3142760000000004
CAF,2007,Central African Republic,3.43,10.28,60.0,1,5.8,16.8,15.624877564032763,6.85,18.67,1.372
CAF,2007,Central African Republic,3.43,10.28,60.0,1,5.8,16.8,15.624877564032763,6.85,11.82,1.372
CAF,2007,Central African Republic,3.43,10.28,60.0,1,5.8,16.8,15.624877564032763,6.85,18.6,1.372
CAF,2007,Central African Republic,3.43,10.28,60.0,1,5.8,16.8,15.624877564032763,6.85,15.01,1.372
CAF,2007,Central African Republic,7.43,13.45,42.66,1,5.8,16.8,17.831476814224747,6.02,18.67,4.260362
CAF,2007,Central African Republic,7.43,13.45,42.66,1,5.8,16.8,17.831476814224747,6.02,11.82,4.260362
CAF,2007,Central African Republic,7.43,13.45,42.66,1,5.8,16.8,17.831476814224747,6.02,18.6,4.260362
CAF,2007,Central African Republic,7.43,13.45,42.66,1,5.8,16.8,17.831476814224747,6.02,15.01,4.260362
CAF,2008,Central African Republic,1.74,9.74,78.55,1,6.3,20.2,12.999695708829137,8.0,-3.2799999999999994,0.37323000000000006
CAF,2008,Central African Republic,1.74,9.74,78.55,1,6.3,20.2,12.999695708829137,8.0,10.19,0.37323000000000006
CAF,2008,Central African Republic,1.74,9.74,78.55,1,6.3,20.2,12.999695708829137,8.0,29.16,0.37323000000000006
CAF,2008,Central African Republic,1.74,9.74,78.55,1,6.3,20.2,12.999695708829137,8.0,10.74,0.37323000000000006
CAF,2008,Central African Republic,5.62,8.57,43.06,1,6.3,20.2,18.685971734222733,2.95,-3.2799999999999994,3.2000279999999997
CAF,2008,Central African Republic,5.62,8.57,43.06,1,6.3,20.2,18.685971734222733,2.95,10.19,3.2000279999999997
CAF,2008,Central African Republic,5.62,8.57,43.06,1,6.3,20.2,18.685971734222733,2.95,29.16,3.2000279999999997
CAF,2008,Central African Republic,5.62,8.57,43.06,1,6.3,20.2,18.685971734222733,2.95,10.74,3.2000279999999997
CAF,2008,Central African Republic,1.7,12.17,73.24,1,6.3,20.2,16.327283835945074,10.47,-3.2799999999999994,0.4549200000000001
CAF,2008,Central African Republic,1.7,12.17,73.24,1,6.3,20.2,16.327283835945074,10.47,10.19,0.4549200000000001
CAF,2008,Central African Republic,1.7,12.17,73.24,1,6.3,20.2,16.327283835945074,10.47,29.16,0.4549200000000001
CAF,2008,Central African Republic,1.7,12.17,73.24,1,6.3,20.2,16.327283835945074,10.47,10.74,0.4549200000000001
CAF,2008,Central African Republic,7.48,13.36,43.46,1,6.3,20.2,18.059505932206157,5.879999999999999,-3.2799999999999994,4.229192
CAF,2008,Central African Republic,7.48,13.36,43.46,1,6.3,20.2,18.059505932206157,5.879999999999999,10.19,4.229192
CAF,2008,Central African Republic,7.48,13.36,43.46,1,6.3,20.2,18.059505932206157,5.879999999999999,29.16,4.229192
CAF,2008,Central African Republic,7.48,13.36,43.46,1,6.3,20.2,18.059505932206157,5.879999999999999,10.74,4.229192
CAF,2009,Central African Republic,0.96,10.07,79.05,1,4.7,19.9,12.709849424458406,9.11,6.97,0.20112000000000002
CAF,2009,Central African Republic,0.96,10.07,79.05,1,4.7,19.9,12.709849424458406,9.11,-14.02,0.20112000000000002
CAF,2009,Central African Republic,0.96,10.07,79.05,1,4.7,19.9,12.709849424458406,9.11,-14.54,0.20112000000000002
CAF,2009,Central African Republic,0.96,10.07,79.05,1,4.7,19.9,12.709849424458406,9.11,-12.84,0.20112000000000002
CAF,2009,Central African Republic,5.44,7.29,47.15,1,4.7,19.9,18.40462188900694,1.85,6.97,2.8750400000000003
CAF,2009,Central African Republic,5.44,7.29,47.15,1,4.7,19.9,18.40462188900694,1.85,-14.02,2.8750400000000003
CAF,2009,Central African Republic,5.44,7.29,47.15,1,4.7,19.9,18.40462188900694,1.85,-14.54,2.8750400000000003
CAF,2009,Central African Republic,5.44,7.29,47.15,1,4.7,19.9,18.40462188900694,1.85,-12.84,2.8750400000000003
CAF,2009,Central African Republic,2.99,12.54,65.13,1,4.7,19.9,15.845521541653818,9.55,6.97,1.042613
CAF,2009,Central African Republic,2.99,12.54,65.13,1,4.7,19.9,15.845521541653818,9.55,-14.02,1.042613
CAF,2009,Central African Republic,2.99,12.54,65.13,1,4.7,19.9,15.845521541653818,9.55,-14.54,1.042613
CAF,2009,Central African Republic,2.99,12.54,65.13,1,4.7,19.9,15.845521541653818,9.55,-12.84,1.042613
CAF,2009,Central African Republic,7.55,9.85,49.04,1,4.7,19.9,17.744867331444482,2.3,6.97,3.8474800000000005
CAF,2009,Central African Republic,7.55,9.85,49.04,1,4.7,19.9,17.744867331444482,2.3,-14.02,3.8474800000000005
CAF,2009,Central African Republic,7.55,9.85,49.04,1,4.7,19.9,17.744867331444482,2.3,-14.54,3.8474800000000005
CAF,2009,Central African Republic,7.55,9.85,49.04,1,4.7,19.9,17.744867331444482,2.3,-12.84,3.8474800000000005
CAF,2010,Central African Republic,0.77,9.47,55.65,1,3.8,15.6,13.377482272847017,8.700000000000001,-0.41999999999999993,0.341495
CAF,2010,Central African Republic,0.77,9.47,55.65,1,3.8,15.6,13.377482272847017,8.700000000000001,9.49,0.341495
CAF,2010,Central African Republic,0.77,9.47,55.65,1,3.8,15.6,13.377482272847017,8.700000000000001,4.1,0.341495
CAF,2010,Central African Republic,0.77,9.47,55.65,1,3.8,15.6,13.377482272847017,8.700000000000001,9.09,0.341495
CAF,2010,Central African Republic,5.8,7.89,45.8,1,3.8,15.6,18.55363170503409,2.09,-0.41999999999999993,3.1436
CAF,2010,Central African Republic,5.8,7.89,45.8,1,3.8,15.6,18.55363170503409,2.09,9.49,3.1436
CAF,2010,Central African Republic,5.8,7.89,45.8,1,3.8,15.6,18.55363170503409,2.09,4.1,3.1436
CAF,2010,Central African Republic,5.8,7.89,45.8,1,3.8,15.6,18.55363170503409,2.09,9.09,3.1436
CAF,2010,Central African Republic,1.55,9.2,71.5,1,3.8,15.6,15.724844442570497,7.649999999999999,-0.41999999999999993,0.4417500000000001
CAF,2010,Central African Republic,1.55,9.2,71.5,1,3.8,15.6,15.724844442570497,7.649999999999999,9.49,0.4417500000000001
CAF,2010,Central African Republic,1.55,9.2,71.5,1,3.8,15.6,15.724844442570497,7.649999999999999,4.1,0.4417500000000001
CAF,2010,Central African Republic,1.55,9.2,71.5,1,3.8,15.6,15.724844442570497,7.649999999999999,9.09,0.4417500000000001
CAF,2010,Central African Republic,7.97,12.84,46.29,1,3.8,15.6,17.923417203804323,4.87,-0.41999999999999993,4.280687
CAF,2010,Central African Republic,7.97,12.84,46.29,1,3.8,15.6,17.923417203804323,4.87,9.49,4.280687
CAF,2010,Central African Republic,7.97,12.84,46.29,1,3.8,15.6,17.923417203804323,4.87,4.1,4.280687
CAF,2010,Central African Republic,7.97,12.84,46.29,1,3.8,15.6,17.923417203804323,4.87,9.09,4.280687
CAF,2011,Central African Republic,0.39,9.53,75.94,1,5.2,16.9,13.67986155335274,9.14,1.13,0.09383400000000001
CAF,2011,Central African Republic,0.39,9.53,75.94,1,5.2,16.9,13.67986155335274,9.14,9.54,0.09383400000000001
CAF,2011,Central African Republic,0.39,9.53,75.94,1,5.2,16.9,13.67986155335274,9.14,14.98,0.09383400000000001
CAF,2011,Central African Republic,0.39,9.53,75.94,1,5.2,16.9,13.67986155335274,9.14,9.56,0.09383400000000001
CAF,2011,Central African Republic,5.41,7.57,46.29,1,5.2,16.9,18.72551391149373,2.16,1.13,2.905711
CAF,2011,Central African Republic,5.41,7.57,46.29,1,5.2,16.9,18.72551391149373,2.16,9.54,2.905711
CAF,2011,Central African Republic,5.41,7.57,46.29,1,5.2,16.9,18.72551391149373,2.16,14.98,2.905711
CAF,2011,Central African Republic,5.41,7.57,46.29,1,5.2,16.9,18.72551391149373,2.16,9.56,2.905711
CAF,2011,Central African Republic,1.9,10.42,67.7,1,5.2,16.9,15.979520034170612,8.52,1.13,0.6136999999999999
CAF,2011,Central African Republic,1.9,10.42,67.7,1,5.2,16.9,15.979520034170612,8.52,9.54,0.6136999999999999
CAF,2011,Central African Republic,1.9,10.42,67.7,1,5.2,16.9,15.979520034170612,8.52,14.98,0.6136999999999999
CAF,2011,Central African Republic,1.9,10.42,67.7,1,5.2,16.9,15.979520034170612,8.52,9.56,0.6136999999999999
CAF,2011,Central African Republic,7.79,11.19,48.18,1,5.2,16.9,18.118321295198232,3.3999999999999995,1.13,4.036778
CAF,2011,Central African Republic,7.79,11.19,48.18,1,5.2,16.9,18.118321295198232,3.3999999999999995,9.54,4.036778
CAF,2011,Central African Republic,7.79,11.19,48.18,1,5.2,16.9,18.118321295198232,3.3999999999999995,14.98,4.036778
CAF,2011,Central African Republic,7.79,11.19,48.18,1,5.2,16.9,18.118321295198232,3.3999999999999995,9.56,4.036778
CAF,2012,Central African Republic,0.33,9.12,82.38,1,5.2,14.6,13.14341910159948,8.79,0.6599999999999997,0.05814600000000001
CAF,2012,Central African Republic,0.33,9.12,82.38,1,5.2,14.6,13.14341910159948,8.79,-3.75,0.05814600000000001
CAF,2012,Central African Republic,0.33,9.12,82.38,1,5.2,14.6,13.14341910159948,8.79,12.3,0.05814600000000001
CAF,2012,Central African Republic,0.33,9.12,82.38,1,5.2,14.6,13.14341910159948,8.79,-1.58,0.05814600000000001
CAF,2012,Central African Republic,5.04,7.78,48.19,1,5.2,14.6,18.653254259544617,2.74,0.6599999999999997,2.611224
CAF,2012,Central African Republic,5.04,7.78,48.19,1,5.2,14.6,18.653254259544617,2.74,-3.75,2.611224
CAF,2012,Central African Republic,5.04,7.78,48.19,1,5.2,14.6,18.653254259544617,2.74,12.3,2.611224
CAF,2012,Central African Republic,5.04,7.78,48.19,1,5.2,14.6,18.653254259544617,2.74,-1.58,2.611224
CAF,2012,Central African Republic,1.17,9.3,78.06,1,5.2,14.6,16.0858375449822,8.13,0.6599999999999997,0.2566979999999999
CAF,2012,Central African Republic,1.17,9.3,78.06,1,5.2,14.6,16.0858375449822,8.13,-3.75,0.2566979999999999
CAF,2012,Central African Republic,1.17,9.3,78.06,1,5.2,14.6,16.0858375449822,8.13,12.3,0.2566979999999999
CAF,2012,Central African Republic,1.17,9.3,78.06,1,5.2,14.6,16.0858375449822,8.13,-1.58,0.2566979999999999
CAF,2012,Central African Republic,7.63,12.52,48.92,1,5.2,14.6,18.077016893858563,4.89,0.6599999999999997,3.8974039999999994
CAF,2012,Central African Republic,7.63,12.52,48.92,1,5.2,14.6,18.077016893858563,4.89,-3.75,3.8974039999999994
CAF,2012,Central African Republic,7.63,12.52,48.92,1,5.2,14.6,18.077016893858563,4.89,12.3,3.8974039999999994
CAF,2012,Central African Republic,7.63,12.52,48.92,1,5.2,14.6,18.077016893858563,4.89,-1.58,3.8974039999999994
CAF,2013,Central African Republic,0.48,8.81,79.95,1,3.3,7.0,13.174822497952396,8.33,-18.2,0.09624
CAF,2013,Central African Republic,0.48,8.81,79.95,1,3.3,7.0,13.174822497952396,8.33,1.0,0.09624
CAF,2013,Central African Republic,0.48,8.81,79.95,1,3.3,7.0,13.174822497952396,8.33,5.52,0.09624
CAF,2013,Central African Republic,0.48,8.81,79.95,1,3.3,7.0,13.174822497952396,8.33,2.86,0.09624
CAF,2013,Central African Republic,5.44,7.85,47.65,1,3.3,7.0,18.70135807913971,2.4099999999999997,-18.2,2.8478400000000006
CAF,2013,Central African Republic,5.44,7.85,47.65,1,3.3,7.0,18.70135807913971,2.4099999999999997,1.0,2.8478400000000006
CAF,2013,Central African Republic,5.44,7.85,47.65,1,3.3,7.0,18.70135807913971,2.4099999999999997,5.52,2.8478400000000006
CAF,2013,Central African Republic,5.44,7.85,47.65,1,3.3,7.0,18.70135807913971,2.4099999999999997,2.86,2.8478400000000006
CAF,2013,Central African Republic,1.79,10.13,68.82,1,3.3,7.0,16.127035508088493,8.34,-18.2,0.5581220000000001
CAF,2013,Central African Republic,1.79,10.13,68.82,1,3.3,7.0,16.127035508088493,8.34,1.0,0.5581220000000001
CAF,2013,Central African Republic,1.79,10.13,68.82,1,3.3,7.0,16.127035508088493,8.34,5.52,0.5581220000000001
CAF,2013,Central African Republic,1.79,10.13,68.82,1,3.3,7.0,16.127035508088493,8.34,2.86,0.5581220000000001
CAF,2013,Central African Republic,6.21,11.74,51.39,1,3.3,7.0,18.116371069409183,5.53,-18.2,3.018681
CAF,2013,Central African Republic,6.21,11.74,51.39,1,3.3,7.0,18.116371069409183,5.53,1.0,3.018681
CAF,2013,Central African Republic,6.21,11.74,51.39,1,3.3,7.0,18.116371069409183,5.53,5.52,3.018681
CAF,2013,Central African Republic,6.21,11.74,51.39,1,3.3,7.0,18.116371069409183,5.53,2.86,3.018681
CAF,2014,Central African Republic,1.8,9.31,67.69,1,0.5,8.9,12.72126854571143,7.510000000000001,29.16,0.5815800000000001
CAF,2014,Central African Republic,1.8,9.31,67.69,1,0.5,8.9,12.72126854571143,7.510000000000001,3.69,0.5815800000000001
CAF,2014,Central African Republic,1.8,9.31,67.69,1,0.5,8.9,12.72126854571143,7.510000000000001,-2.55,0.5815800000000001
CAF,2014,Central African Republic,1.8,9.31,67.69,1,0.5,8.9,12.72126854571143,7.510000000000001,0.25,0.5815800000000001
CAF,2014,Central African Republic,5.54,7.23,50.33,1,0.5,8.9,18.760177012576303,1.6900000000000004,29.16,2.7517180000000003
CAF,2014,Central African Republic,5.54,7.23,50.33,1,0.5,8.9,18.760177012576303,1.6900000000000004,3.69,2.7517180000000003
CAF,2014,Central African Republic,5.54,7.23,50.33,1,0.5,8.9,18.760177012576303,1.6900000000000004,-2.55,2.7517180000000003
CAF,2014,Central African Republic,5.54,7.23,50.33,1,0.5,8.9,18.760177012576303,1.6900000000000004,0.25,2.7517180000000003
CAF,2014,Central African Republic,1.29,8.63,72.44,1,0.5,8.9,16.127788844794203,7.340000000000001,29.16,0.3555240000000001
CAF,2014,Central African Republic,1.29,8.63,72.44,1,0.5,8.9,16.127788844794203,7.340000000000001,3.69,0.3555240000000001
CAF,2014,Central African Republic,1.29,8.63,72.44,1,0.5,8.9,16.127788844794203,7.340000000000001,-2.55,0.3555240000000001
CAF,2014,Central African Republic,1.29,8.63,72.44,1,0.5,8.9,16.127788844794203,7.340000000000001,0.25,0.3555240000000001
CAF,2014,Central African Republic,6.45,10.49,51.45,1,0.5,8.9,18.124622204519,4.04,29.16,3.1314749999999996
CAF,2014,Central African Republic,6.45,10.49,51.45,1,0.5,8.9,18.124622204519,4.04,3.69,3.1314749999999996
CAF,2014,Central African Republic,6.45,10.49,51.45,1,0.5,8.9,18.124622204519,4.04,-2.55,3.1314749999999996
CAF,2014,Central African Republic,6.45,10.49,51.45,1,0.5,8.9,18.124622204519,4.04,0.25,3.1314749999999996
CAF,2015,Central African Republic,1.06,8.87,68.33,1,6.7,13.8,12.982238685243422,7.809999999999999,21.75,0.335702
CAF,2015,Central African Republic,1.06,8.87,68.33,1,6.7,13.8,12.982238685243422,7.809999999999999,-4.17,0.335702
CAF,2015,Central African Republic,1.06,8.87,68.33,1,6.7,13.8,12.982238685243422,7.809999999999999,-15.380000000000003,0.335702
CAF,2015,Central African Republic,1.06,8.87,68.33,1,6.7,13.8,12.982238685243422,7.809999999999999,-5.1,0.335702
CAF,2015,Central African Republic,4.55,7.6,50.94,1,6.7,13.8,18.65836829319543,3.05,21.75,2.23223
CAF,2015,Central African Republic,4.55,7.6,50.94,1,6.7,13.8,18.65836829319543,3.05,-4.17,2.23223
CAF,2015,Central African Republic,4.55,7.6,50.94,1,6.7,13.8,18.65836829319543,3.05,-15.380000000000003,2.23223
CAF,2015,Central African Republic,4.55,7.6,50.94,1,6.7,13.8,18.65836829319543,3.05,-5.1,2.23223
CAF,2015,Central African Republic,0.95,6.87,67.12,1,6.7,13.8,15.820456240348818,5.92,21.75,0.31235999999999997
CAF,2015,Central African Republic,0.95,6.87,67.12,1,6.7,13.8,15.820456240348818,5.92,-4.17,0.31235999999999997
CAF,2015,Central African Republic,0.95,6.87,67.12,1,6.7,13.8,15.820456240348818,5.92,-15.380000000000003,0.31235999999999997
CAF,2015,Central African Republic,0.95,6.87,67.12,1,6.7,13.8,15.820456240348818,5.92,-5.1,0.31235999999999997
CAF,2015,Central African Republic,6.52,11.48,53.5,1,6.7,13.8,18.01512226883564,4.960000000000001,21.75,3.0317999999999996
CAF,2015,Central African Republic,6.52,11.48,53.5,1,6.7,13.8,18.01512226883564,4.960000000000001,-4.17,3.0317999999999996
CAF,2015,Central African Republic,6.52,11.48,53.5,1,6.7,13.8,18.01512226883564,4.960000000000001,-15.380000000000003,3.0317999999999996
CAF,2015,Central African Republic,6.52,11.48,53.5,1,6.7,13.8,18.01512226883564,4.960000000000001,-5.1,3.0317999999999996
CAF,2016,Central African Republic,1.33,13.26,62.25,1,7.1,19.2,12.805777478300987,11.93,-6.249999999999998,0.5020749999999999
CAF,2016,Central African Republic,1.33,13.26,62.25,1,7.1,19.2,12.805777478300987,11.93,0.5699999999999994,0.5020749999999999
CAF,2016,Central African Republic,1.33,13.26,62.25,1,7.1,19.2,12.805777478300987,11.93,-2.79,0.5020749999999999
CAF,2016,Central African Republic,1.33,13.26,62.25,1,7.1,19.2,12.805777478300987,11.93,1.25,0.5020749999999999
CAF,2016,Central African Republic,5.17,7.31,47.96,1,7.1,19.2,18.684866098689483,2.14,-6.249999999999998,2.6904679999999996
CAF,2016,Central African Republic,5.17,7.31,47.96,1,7.1,19.2,18.684866098689483,2.14,0.5699999999999994,2.6904679999999996
CAF,2016,Central African Republic,5.17,7.31,47.96,1,7.1,19.2,18.684866098689483,2.14,-2.79,2.6904679999999996
CAF,2016,Central African Republic,5.17,7.31,47.96,1,7.1,19.2,18.684866098689483,2.14,1.25,2.6904679999999996
CAF,2016,Central African Republic,1.33,6.79,69.82,1,7.1,19.2,15.947470265694989,5.46,-6.249999999999998,0.40139400000000014
CAF,2016,Central African Republic,1.33,6.79,69.82,1,7.1,19.2,15.947470265694989,5.46,0.5699999999999994,0.40139400000000014
CAF,2016,Central African Republic,1.33,6.79,69.82,1,7.1,19.2,15.947470265694989,5.46,-2.79,0.40139400000000014
CAF,2016,Central African Republic,1.33,6.79,69.82,1,7.1,19.2,15.947470265694989,5.46,1.25,0.40139400000000014
CAF,2016,Central African Republic,7.48,10.31,49.37,1,7.1,19.2,18.011555188824847,2.83,-6.249999999999998,3.787124
CAF,2016,Central African Republic,7.48,10.31,49.37,1,7.1,19.2,18.011555188824847,2.83,0.5699999999999994,3.787124
CAF,2016,Central African Republic,7.48,10.31,49.37,1,7.1,19.2,18.011555188824847,2.83,-2.79,3.787124
CAF,2016,Central African Republic,7.48,10.31,49.37,1,7.1,19.2,18.011555188824847,2.83,1.25,3.787124
CAF,2017,Central African Republic,0.46,5.67,58.57,1,5.2,17.2,13.002500993901842,5.21,2.15,0.190578
CAF,2017,Central African Republic,0.46,5.67,58.57,1,5.2,17.2,13.002500993901842,5.21,6.98,0.190578
CAF,2017,Central African Republic,0.46,5.67,58.57,1,5.2,17.2,13.002500993901842,5.21,8.04,0.190578
CAF,2017,Central African Republic,0.46,5.67,58.57,1,5.2,17.2,13.002500993901842,5.21,4.52,0.190578
CAF,2017,Central African Republic,4.19,7.11,56.77,1,5.2,17.2,18.78840155185441,2.92,2.15,1.8113370000000002
CAF,2017,Central African Republic,4.19,7.11,56.77,1,5.2,17.2,18.78840155185441,2.92,6.98,1.8113370000000002
CAF,2017,Central African Republic,4.19,7.11,56.77,1,5.2,17.2,18.78840155185441,2.92,8.04,1.8113370000000002
CAF,2017,Central African Republic,4.19,7.11,56.77,1,5.2,17.2,18.78840155185441,2.92,4.52,1.8113370000000002
CAF,2017,Central African Republic,0.82,8.38,79.74,1,5.2,17.2,16.059769173197243,7.56,2.15,0.166132
CAF,2017,Central African Republic,0.82,8.38,79.74,1,5.2,17.2,16.059769173197243,7.56,6.98,0.166132
CAF,2017,Central African Republic,0.82,8.38,79.74,1,5.2,17.2,16.059769173197243,7.56,8.04,0.166132
CAF,2017,Central African Republic,0.82,8.38,79.74,1,5.2,17.2,16.059769173197243,7.56,4.52,0.166132
CAF,2017,Central African Republic,6.42,10.27,60.46,1,5.2,17.2,18.07197624786316,3.85,2.15,2.538468
CAF,2017,Central African Republic,6.42,10.27,60.46,1,5.2,17.2,18.07197624786316,3.85,6.98,2.538468
CAF,2017,Central African Republic,6.42,10.27,60.46,1,5.2,17.2,18.07197624786316,3.85,8.04,2.538468
CAF,2017,Central African Republic,6.42,10.27,60.46,1,5.2,17.2,18.07197624786316,3.85,4.52,2.538468
CAF,2018,Central African Republic,0.45,5.28,54.49,1,3.8,14.6,13.092159683664956,4.83,-4.190000000000001,0.20479499999999998
CAF,2018,Central African Republic,0.45,5.28,54.49,1,3.8,14.6,13.092159683664956,4.83,6.55,0.20479499999999998
CAF,2018,Central African Republic,0.45,5.28,54.49,1,3.8,14.6,13.092159683664956,4.83,8.6,0.20479499999999998
CAF,2018,Central African Republic,0.45,5.28,54.49,1,3.8,14.6,13.092159683664956,4.83,6.57,0.20479499999999998
CAF,2018,Central African Republic,4.71,7.49,56.22,1,3.8,14.6,18.940712852065506,2.78,-4.190000000000001,2.062038
CAF,2018,Central African Republic,4.71,7.49,56.22,1,3.8,14.6,18.940712852065506,2.78,6.55,2.062038
CAF,2018,Central African Republic,4.71,7.49,56.22,1,3.8,14.6,18.940712852065506,2.78,8.6,2.062038
CAF,2018,Central African Republic,4.71,7.49,56.22,1,3.8,14.6,18.940712852065506,2.78,6.57,2.062038
CAF,2018,Central African Republic,0.56,6.33,83.38,1,3.8,14.6,16.17702397086783,5.77,-4.190000000000001,0.09307200000000002
CAF,2018,Central African Republic,0.56,6.33,83.38,1,3.8,14.6,16.17702397086783,5.77,6.55,0.09307200000000002
CAF,2018,Central African Republic,0.56,6.33,83.38,1,3.8,14.6,16.17702397086783,5.77,8.6,0.09307200000000002
CAF,2018,Central African Republic,0.56,6.33,83.38,1,3.8,14.6,16.17702397086783,5.77,6.57,0.09307200000000002
CAF,2018,Central African Republic,8.14,11.8,58.59,1,3.8,14.6,18.196586623240183,3.66,-4.190000000000001,3.3707739999999995
CAF,2018,Central African Republic,8.14,11.8,58.59,1,3.8,14.6,18.196586623240183,3.66,6.55,3.3707739999999995
CAF,2018,Central African Republic,8.14,11.8,58.59,1,3.8,14.6,18.196586623240183,3.66,8.6,3.3707739999999995
CAF,2018,Central African Republic,8.14,11.8,58.59,1,3.8,14.6,18.196586623240183,3.66,6.57,3.3707739999999995
CAF,2019,Central African Republic,0.75,11.01,56.67,1,4.2,15.0,13.13555125382564,10.26,21.54,0.324975
CAF,2019,Central African Republic,0.75,11.01,56.67,1,4.2,15.0,13.13555125382564,10.26,-1.5399999999999991,0.324975
CAF,2019,Central African Republic,0.75,11.01,56.67,1,4.2,15.0,13.13555125382564,10.26,-2.91,0.324975
CAF,2019,Central African Republic,0.75,11.01,56.67,1,4.2,15.0,13.13555125382564,10.26,-1.120000000000001,0.324975
CAF,2019,Central African Republic,5.94,8.29,52.51,1,4.2,15.0,18.906414073011728,2.3499999999999988,21.54,2.820906
CAF,2019,Central African Republic,5.94,8.29,52.51,1,4.2,15.0,18.906414073011728,2.3499999999999988,-1.5399999999999991,2.820906
CAF,2019,Central African Republic,5.94,8.29,52.51,1,4.2,15.0,18.906414073011728,2.3499999999999988,-2.91,2.820906
CAF,2019,Central African Republic,5.94,8.29,52.51,1,4.2,15.0,18.906414073011728,2.3499999999999988,-1.120000000000001,2.820906
CAF,2019,Central African Republic,0.37,6.73,83.89,1,4.2,15.0,16.271182549170497,6.36,21.54,0.05960700000000001
CAF,2019,Central African Republic,0.37,6.73,83.89,1,4.2,15.0,16.271182549170497,6.36,-1.5399999999999991,0.05960700000000001
CAF,2019,Central African Republic,0.37,6.73,83.89,1,4.2,15.0,16.271182549170497,6.36,-2.91,0.05960700000000001
CAF,2019,Central African Republic,0.37,6.73,83.89,1,4.2,15.0,16.271182549170497,6.36,-1.120000000000001,0.05960700000000001
CAF,2019,Central African Republic,9.25,13.17,54.59,1,4.2,15.0,18.18497476004448,3.92,21.54,4.200424999999999
CAF,2019,Central African Republic,9.25,13.17,54.59,1,4.2,15.0,18.18497476004448,3.92,-1.5399999999999991,4.200424999999999
CAF,2019,Central African Republic,9.25,13.17,54.59,1,4.2,15.0,18.18497476004448,3.92,-2.91,4.200424999999999
CAF,2019,Central African Republic,9.25,13.17,54.59,1,4.2,15.0,18.18497476004448,3.92,-1.120000000000001,4.200424999999999
CAF,2020,Central African Republic,0.64,4.36,53.54,1,2.8,13.5,13.001085042801446,3.72,-2.04,0.297344
CAF,2020,Central African Republic,0.64,4.36,53.54,1,2.8,13.5,13.001085042801446,3.72,-2.21,0.297344
CAF,2020,Central African Republic,0.64,4.36,53.54,1,2.8,13.5,13.001085042801446,3.72,-17.61,0.297344
CAF,2020,Central African Republic,0.64,4.36,53.54,1,2.8,13.5,13.001085042801446,3.72,-3.3100000000000005,0.297344
CAF,2020,Central African Republic,4.41,6.88,53.54,1,2.8,13.5,18.84175405287913,2.47,-2.04,2.048886
CAF,2020,Central African Republic,4.41,6.88,53.54,1,2.8,13.5,18.84175405287913,2.47,-2.21,2.048886
CAF,2020,Central African Republic,4.41,6.88,53.54,1,2.8,13.5,18.84175405287913,2.47,-17.61,2.048886
CAF,2020,Central African Republic,4.41,6.88,53.54,1,2.8,13.5,18.84175405287913,2.47,-3.3100000000000005,2.048886
CAF,2020,Central African Republic,0.31,6.34,84.83,1,2.8,13.5,15.86479557572755,6.03,-2.04,0.04702700000000002
CAF,2020,Central African Republic,0.31,6.34,84.83,1,2.8,13.5,15.86479557572755,6.03,-2.21,0.04702700000000002
CAF,2020,Central African Republic,0.31,6.34,84.83,1,2.8,13.5,15.86479557572755,6.03,-17.61,0.04702700000000002
CAF,2020,Central African Republic,0.31,6.34,84.83,1,2.8,13.5,15.86479557572755,6.03,-3.3100000000000005,0.04702700000000002
CAF,2020,Central African Republic,7.67,12.55,57.08,1,2.8,13.5,18.1363846989672,4.880000000000001,-2.04,3.291964
CAF,2020,Central African Republic,7.67,12.55,57.08,1,2.8,13.5,18.1363846989672,4.880000000000001,-2.21,3.291964
CAF,2020,Central African Republic,7.67,12.55,57.08,1,2.8,13.5,18.1363846989672,4.880000000000001,-17.61,3.291964
CAF,2020,Central African Republic,7.67,12.55,57.08,1,2.8,13.5,18.1363846989672,4.880000000000001,-3.3100000000000005,3.291964
CAF,2021,Central African Republic,2.57,4.56,63.65,0,4.2,15.5,12.916546351158122,1.99,16.97,0.9341950000000001
CAF,2021,Central African Republic,2.57,4.56,63.65,0,4.2,15.5,12.916546351158122,1.99,11.33,0.9341950000000001
CAF,2021,Central African Republic,2.57,4.56,63.65,0,4.2,15.5,12.916546351158122,1.99,28.36,0.9341950000000001
CAF,2021,Central African Republic,2.57,4.56,63.65,0,4.2,15.5,12.916546351158122,1.99,11.22,0.9341950000000001
CAF,2021,Central African Republic,4.24,7.07,58.35,1,4.2,15.5,19.050378903680347,2.83,16.97,1.76596
CAF,2021,Central African Republic,4.24,7.07,58.35,1,4.2,15.5,19.050378903680347,2.83,11.33,1.76596
CAF,2021,Central African Republic,4.24,7.07,58.35,1,4.2,15.5,19.050378903680347,2.83,28.36,1.76596
CAF,2021,Central African Republic,4.24,7.07,58.35,1,4.2,15.5,19.050378903680347,2.83,11.22,1.76596
CAF,2021,Central African Republic,0.36,6.09,83.59,1,4.2,15.5,16.420650468043966,5.73,16.97,0.05907599999999997
CAF,2021,Central African Republic,0.36,6.09,83.59,1,4.2,15.5,16.420650468043966,5.73,11.33,0.05907599999999997
CAF,2021,Central African Republic,0.36,6.09,83.59,1,4.2,15.5,16.420650468043966,5.73,28.36,0.05907599999999997
CAF,2021,Central African Republic,0.36,6.09,83.59,1,4.2,15.5,16.420650468043966,5.73,11.22,0.05907599999999997
CAF,2021,Central African Republic,8.96,12.49,61.11,1,4.2,15.5,18.357112448740036,3.53,16.97,3.4845440000000005
CAF,2021,Central African Republic,8.96,12.49,61.11,1,4.2,15.5,18.357112448740036,3.53,11.33,3.4845440000000005
CAF,2021,Central African Republic,8.96,12.49,61.11,1,4.2,15.5,18.357112448740036,3.53,28.36,3.4845440000000005
CAF,2021,Central African Republic,8.96,12.49,61.11,1,4.2,15.5,18.357112448740036,3.53,11.22,3.4845440000000005
CAN,1996,Canada,11.07,15.01,21.7,1,89.9,99.0,18.937826549943807,3.94,1.88,8.667810000000001
CAN,1998,Canada,10.14,13.45,21.53,1,79.3,98.5,19.092132421131016,3.3099999999999987,1.1,7.9568579999999995
CAN,2000,Canada,8.93,11.28,26.46,1,87.3,96.0,19.35057053499678,2.35,5.54,6.567122
CAN,2002,Canada,8.62,13.11,26.49,1,89.9,97.5,19.290165449313463,4.49,0.17999999999999972,6.336562
CAN,2003,Canada,7.66,10.49,25.64,1,84.4,97.5,19.36789859012336,2.83,3.95,5.695976000000001
CAN,2004,Canada,6.6,9.37,31.27,1,76.2,97.1,19.492672792018418,2.77,6.74,4.53618
CAN,2005,Canada,7.09,9.24,30.22,1,72.8,93.8,19.608645942500477,2.1500000000000004,7.15,4.947401999999999
CAN,2006,Canada,6.54,8.76,31.97,1,82.6,95.7,19.72085036705664,2.22,5.54,4.449162
CAN,2007,Canada,5.71,7.79,32.34,1,82.1,95.2,19.80964131751687,2.08,4.25,3.8633859999999998
CAN,2008,Canada,4.97,7.21,33.27,1,85.1,95.2,19.86324769612591,2.24,3.63,3.316481
CAN,2009,Canada,5.44,7.18,33.71,1,89.1,95.3,19.654628130294757,1.739999999999999,-11.350000000000001,3.6061760000000005
CAN,2010,Canada,5.61,7.28,31.86,1,81.0,93.8,19.839074748776422,1.67,10.48,3.8226540000000004
CAN,2011,Canada,5.31,6.86,30.66,1,86.3,94.4,19.960301639563596,1.5500000000000007,7.2,3.6819539999999997
CAN,2012,Canada,5.26,7.02,32.51,1,89.1,94.4,19.98975289939904,1.7599999999999998,1.2999999999999998,3.549974
CAN,2013,Canada,5.42,7.23,31.61,1,86.7,95.3,20.00650047812575,1.8100000000000005,-0.05999999999999961,3.7067379999999996
CAN,2014,Canada,4.89,6.45,34.49,1,92.9,95.6,20.01485336677329,1.5600000000000005,0.13999999999999968,3.203439
CAN,2015,Canada,5.52,7.46,32.46,1,94.3,96.1,19.920818526005142,1.9400000000000004,-4.84,3.7282079999999995
CAN,2016,Canada,5.86,7.55,31.77,1,92.9,96.1,19.8820601363054,1.6899999999999995,-2.0600000000000005,3.9982780000000004
CAN,2017,Canada,5.55,7.19,33.73,1,87.1,96.1,19.952626006094427,1.6400000000000006,3.75,3.677985
CAN,2018,Canada,4.43,7.1,69.55,1,82.5,96.6,20.03133685030686,2.67,3.06,1.3489349999999998
CAN,2019,Canada,4.49,7.38,68.4,1,81.6,96.1,20.02530784476678,2.89,-0.6899999999999995,1.4188399999999999
CAN,2020,Canada,4.28,7.11,66.39,1,84.4,96.1,19.90977476022154,2.83,-5.49,1.438508
CAN,2021,Canada,4.11,6.7,68.66,1,83.0,96.1,20.086921037742147,2.59,10.12,1.2880740000000002
CHE,1996,Switzerland,7.33,9.87,32.88,1,99.5,92.0,18.298504715140663,2.539999999999999,-1.1799999999999997,4.9198960000000005
CHE,1998,Switzerland,7.38,9.75,28.9,1,98.4,93.5,18.323052351127423,2.37,2.7299999999999995,5.24718
CHE,2000,Switzerland,5.96,8.59,55.63,1,97.4,93.5,18.910696342428768,2.63,8.45,2.644452
CHE,2002,Switzerland,5.51,8.35,51.13,1,97.4,95.0,18.913758651442784,2.84,1.85,2.692737
CHE,2003,Switzerland,5.5,7.84,53.44,1,95.0,95.0,19.08966982780287,2.34,6.9,2.5608
CHE,2004,Switzerland,5.02,7.02,60.54,1,93.2,97.6,19.244609476795294,2.0,6.21,1.980892
CHE,2005,Switzerland,4.05,7.01,61.4,1,90.8,97.1,19.39222169894357,2.96,7.44,1.5633
CHE,2006,Switzerland,4.17,6.87,62.26,1,95.2,98.1,19.48189780038524,2.7,5.6,1.5737580000000002
CHE,2007,Switzerland,3.67,6.39,64.06,1,94.2,98.1,19.640414811930803,2.72,7.39,1.3189979999999997
CHE,2008,Switzerland,3.97,6.57,62.23,1,94.7,98.1,19.794065860420595,2.6,10.23,1.4994690000000002
CHE,2009,Switzerland,3.78,6.41,62.86,1,94.8,99.5,19.619907665631708,2.6300000000000003,-4.949999999999999,1.4038919999999997
CHE,2010,Switzerland,3.78,6.57,62.28,1,92.4,99.1,19.755090064637542,2.7900000000000005,-7.870000000000001,1.4258159999999998
CHE,2011,Switzerland,3.67,6.6,62.49,1,94.3,98.6,20.03256218328149,2.93,8.68,1.376617
CHE,2012,Switzerland,3.51,6.48,65.8,1,98.6,98.1,19.942951033794763,2.9700000000000006,19.04,1.2004200000000003
CHE,2013,Switzerland,3.41,6.52,65.73,1,98.1,98.1,20.105424579013764,3.1099999999999994,4.31,1.1686070000000002
CHE,2014,Switzerland,3.26,6.15,70.43,1,98.1,99.0,19.934730393629746,2.890000000000001,-7.390000000000001,0.9639819999999998
CHE,2015,Switzerland,3.32,6.57,70.88,1,96.2,98.5,19.84192560476539,3.2500000000000004,-4.49,0.966784
CHE,2016,Switzerland,2.99,6.07,71.06,1,94.3,97.5,19.82836582426113,3.08,3.54,0.865306
CHE,2017,Switzerland,3.08,6.31,75.26,1,93.8,98.0,19.875825171563054,3.2299999999999995,-0.33000000000000007,0.7619919999999999
CHE,2018,Switzerland,3.28,6.76,74.21,1,94.8,99.0,19.9433852090908,3.48,2.07,0.845912
CHE,2019,Switzerland,3.81,7.69,72.04,1,94.3,97.6,19.93267005403355,3.88,-0.41000000000000014,1.065276
CHE,2020,Switzerland,2.9,6.79,72.89,1,91.5,98.6,19.915737476040825,3.89,2.5,0.7861899999999999
CHE,2021,Switzerland,2.8,6.09,71.57,1,89.6,98.1,20.042938034001928,3.29,5.52,0.7960400000000003
CHL,1996,Chile,7.1,10.06,19.55,1,68.6,69.5,16.587116722026828,2.960000000000001,6.21,5.71195
CHL,1998,Chile,8.45,12.04,20.79,1,46.3,65.7,16.59627786484242,3.59,-2.88,6.693244999999999
CHL,2000,Chile,5.98,9.26,26.82,1,66.1,74.1,16.784659587309744,3.28,9.38,4.376164
CHL,2002,Chile,6.13,9.26,30.51,1,84.7,80.1,16.680685888543405,3.13,-2.3599999999999994,4.259736999999999
CHL,2003,Chile,5.78,8.69,33.1,1,70.9,82.1,16.815326985495645,2.9099999999999997,11.59,3.8668200000000006
CHL,2004,Chile,3.95,7.3,48.27,1,70.9,88.9,17.028612057055852,3.35,13.43,2.043335
CHL,2005,Chile,4.01,7.5,51.85,1,74.3,89.4,17.29777309672805,3.49,15.44,1.930815
CHL,2006,Chile,2.76,6.58,62.05,1,64.7,86.1,17.475518743666107,3.82,8.81,1.04742
CHL,2007,Chile,2.46,5.95,66.77,1,58.9,85.1,17.678512185405133,3.49,10.53,0.8174580000000001
CHL,2008,Chile,2.63,6.47,67.52,1,58.7,80.3,17.929879088344336,3.84,14.82,0.8542240000000002
CHL,2009,Chile,2.86,6.96,69.08,1,66.8,79.1,17.614162800528167,4.1,-17.43,0.8843120000000001
CHL,2010,Chile,2.27,6.07,68.22,1,68.2,82.9,17.896447579295238,3.8,17.4,0.721406
CHL,2011,Chile,2.4,6.18,68.0,1,62.1,82.6,18.156997624638027,3.78,12.69,0.7679999999999999
CHL,2012,Chile,2.81,6.4,69.14,1,57.8,83.1,18.227670919506043,3.5900000000000003,3.45,0.867166
CHL,2013,Chile,3.1,6.69,67.94,1,59.7,84.5,18.22922883526259,3.5900000000000003,-0.45999999999999996,0.99386
CHL,2014,Chile,1.92,5.85,76.97,1,60.0,80.8,18.134671643834977,3.93,-4.129999999999999,0.4421760000000001
CHL,2015,Chile,2.61,6.61,72.28,1,60.0,79.3,18.04538323413958,4.0,-7.51,0.723492
CHL,2016,Chile,2.66,6.98,73.77,1,60.5,77.8,17.99746270206332,4.32,-2.46,0.6977180000000003
CHL,2017,Chile,2.14,6.4,79.15,1,61.9,79.8,18.08249248480634,4.26,4.84,0.4461899999999998
CHL,2018,Chile,2.14,6.82,78.09,1,60.8,81.1,18.21817908370787,4.68,7.0,0.46887399999999996
CHL,2019,Chile,5.86,11.29,76.43,1,46.7,79.7,18.18534845258281,5.429999999999999,-3.24,1.3812019999999996
CHL,2020,Chile,2.17,7.28,75.95,1,48.6,79.7,17.994527447077182,5.11,-7.940000000000001,0.5218849999999998
CHL,2021,Chile,2.15,5.92,76.36,1,51.4,78.3,18.40695100385004,3.77,24.79,0.50826
CHN,1996,China,13.0,15.19,26.51,1,44.1,12.0,18.83608743752892,2.1899999999999995,2.5200000000000005,9.5537
CHN,1996,China,13.0,15.19,26.51,1,44.1,12.0,18.83608743752892,2.1899999999999995,1.3200000000000003,9.5537
CHN,1996,China,12.21,13.62,24.12,1,44.1,12.0,18.74667690692045,1.4099999999999984,2.5200000000000005,9.264948
CHN,1996,China,12.21,13.62,24.12,1,44.1,12.0,18.74667690692045,1.4099999999999984,1.3200000000000003,9.264948
CHN,1998,China,12.52,14.12,27.1,1,33.0,9.0,18.82142809934522,1.5999999999999996,-0.75,9.12708
CHN,1998,China,12.52,14.12,27.1,1,33.0,9.0,18.82142809934522,1.5999999999999996,-6.4300000000000015,9.12708
CHN,1998,China,10.26,12.28,24.62,1,33.0,9.0,18.86559542991972,2.02,-0.75,7.733988
CHN,1998,China,10.26,12.28,24.62,1,33.0,9.0,18.86559542991972,2.02,-6.4300000000000015,7.733988
CHN,2000,China,10.44,12.21,31.22,1,38.1,10.0,19.24474997395376,1.7700000000000014,16.55,7.180631999999999
CHN,2000,China,10.44,12.21,31.22,1,38.1,10.0,19.24474997395376,1.7700000000000014,8.84,7.180631999999999
CHN,2000,China,9.07,11.21,22.4,1,38.1,10.0,19.124226610680797,2.140000000000001,16.55,7.038320000000001
CHN,2000,China,9.07,11.21,22.4,1,38.1,10.0,19.124226610680797,2.140000000000001,8.84,7.038320000000001
CHN,2002,China,11.16,12.22,28.49,1,32.3,6.5,19.502394632171903,1.0600000000000005,10.09,7.980516000000001
CHN,2002,China,11.16,12.22,28.49,1,32.3,6.5,19.502394632171903,1.0600000000000005,1.46,7.980516000000001
CHN,2002,China,8.48,12.01,22.47,1,32.3,6.5,19.18071108064068,3.53,10.09,6.574544
CHN,2002,China,8.48,12.01,22.47,1,32.3,6.5,19.18071108064068,3.53,1.46,6.574544
CHN,2003,China,9.38,10.42,29.38,1,28.6,7.5,19.82814562353545,1.0399999999999991,18.25,6.624156
CHN,2003,China,9.38,10.42,29.38,1,28.6,7.5,19.82814562353545,1.0399999999999991,5.9,6.624156
CHN,2003,China,8.12,9.85,21.46,1,28.6,7.5,19.34638921339191,1.7300000000000004,18.25,6.377447999999999
CHN,2003,China,8.12,9.85,21.46,1,28.6,7.5,19.34638921339191,1.7300000000000004,5.9,6.377447999999999
CHN,2004,China,7.58,8.8,37.49,1,31.6,8.2,20.092808696867102,1.2200000000000006,16.61,4.738258
CHN,2004,China,7.58,8.8,37.49,1,31.6,8.2,20.092808696867102,1.2200000000000006,8.18,4.738258
CHN,2004,China,7.31,8.44,25.17,1,31.6,8.2,19.52240418210541,1.13,16.61,5.470072999999999
CHN,2004,China,7.31,8.44,25.17,1,31.6,8.2,19.52240418210541,1.13,8.18,5.470072999999999
CHN,2005,China,8.12,8.97,27.46,1,30.1,7.7,20.243642625071804,0.8500000000000014,8.44,5.890248
CHN,2005,China,8.12,8.97,27.46,1,30.1,7.7,20.243642625071804,0.8500000000000014,4.86,5.890248
CHN,2005,China,7.12,8.66,23.7,1,30.1,7.7,19.629458260987622,1.54,8.44,5.4325600000000005
CHN,2005,China,7.12,8.66,23.7,1,30.1,7.7,19.629458260987622,1.54,4.86,5.4325600000000005
CHN,2006,China,7.88,8.57,25.26,1,27.5,5.8,20.434375289155696,0.6900000000000004,9.51,5.889512000000001
CHN,2006,China,7.88,8.57,25.26,1,27.5,5.8,20.434375289155696,0.6900000000000004,5.76,5.889512000000001
CHN,2006,China,7.13,8.9,25.47,1,27.5,5.8,19.78348171103741,1.7700000000000005,9.51,5.313989
CHN,2006,China,7.13,8.9,25.47,1,27.5,5.8,19.78348171103741,1.7700000000000005,5.76,5.313989
CHN,2007,China,7.3,8.01,26.77,1,28.0,4.8,20.635253646011357,0.71,9.91,5.345789999999999
CHN,2007,China,7.3,8.01,26.77,1,28.0,4.8,20.635253646011357,0.71,4.99,5.345789999999999
CHN,2007,China,6.4,8.12,26.7,1,28.0,4.8,19.903638791563907,1.7199999999999989,9.91,4.6912
CHN,2007,China,6.4,8.12,26.7,1,28.0,4.8,19.903638791563907,1.7199999999999989,4.99,4.6912
CHN,2008,China,7.03,8.18,37.82,1,29.3,5.8,20.74727375155534,1.1499999999999997,8.84,4.371254
CHN,2008,China,7.03,8.18,37.82,1,29.3,5.8,20.74727375155534,1.1499999999999997,3.04,4.371254
CHN,2008,China,6.04,8.11,25.35,1,29.3,5.8,19.951825805120805,2.0699999999999994,8.84,4.508859999999999
CHN,2008,China,6.04,8.11,25.35,1,29.3,5.8,19.951825805120805,2.0699999999999994,3.04,4.508859999999999
CHN,2009,China,6.82,7.9,39.0,1,30.8,4.7,20.710309000602543,1.08,-5.77,4.1602
CHN,2009,China,6.82,7.9,39.0,1,30.8,4.7,20.710309000602543,1.08,-5.32,4.1602
CHN,2009,China,5.39,7.56,26.22,1,30.8,4.7,19.83195617176306,2.17,-5.77,3.9767419999999998
CHN,2009,China,5.39,7.56,26.22,1,30.8,4.7,19.83195617176306,2.17,-5.32,3.9767419999999998
CHN,2010,China,7.09,7.77,28.03,1,25.6,5.2,21.010742206815365,0.6799999999999997,17.83,5.102673
CHN,2010,China,7.09,7.77,28.03,1,25.6,5.2,21.010742206815365,0.6799999999999997,11.94,5.102673
CHN,2010,China,5.34,7.62,26.09,1,25.6,5.2,20.094663012538263,2.28,17.83,3.9467939999999997
CHN,2010,China,5.34,7.62,26.09,1,25.6,5.2,20.094663012538263,2.28,11.94,3.9467939999999997
CHN,2011,China,6.3,7.61,39.59,1,28.0,5.6,21.20370516687046,1.3100000000000005,11.75,3.80583
CHN,2011,China,6.3,7.61,39.59,1,28.0,5.6,21.20370516687046,1.3100000000000005,7.58,3.80583
CHN,2011,China,5.13,7.6,25.0,1,28.0,5.6,20.264916020617907,2.47,11.75,3.8475
CHN,2011,China,5.13,7.6,25.0,1,28.0,5.6,20.264916020617907,2.47,7.58,3.8475
CHN,2012,China,6.08,7.3,40.72,1,28.0,4.7,21.208264337603023,1.2199999999999998,2.12,3.604224
CHN,2012,China,6.08,7.3,40.72,1,28.0,4.7,21.208264337603023,1.2199999999999998,4.09,3.604224
CHN,2012,China,4.84,7.73,26.95,1,28.0,4.7,20.358672983849026,2.890000000000001,2.12,3.5356199999999998
CHN,2012,China,4.84,7.73,26.95,1,28.0,4.7,20.358672983849026,2.890000000000001,4.09,3.5356199999999998
CHN,2013,China,5.94,7.23,41.97,1,26.5,4.7,21.281931075487154,1.29,3.56,3.4469820000000007
CHN,2013,China,5.94,7.23,41.97,1,26.5,4.7,21.281931075487154,1.29,5.96,3.4469820000000007
CHN,2013,China,4.7,7.58,27.78,1,26.5,4.7,20.50542854085112,2.88,3.56,3.3943399999999997
CHN,2013,China,4.7,7.58,27.78,1,26.5,4.7,20.50542854085112,2.88,5.96,3.3943399999999997
CHN,2014,China,6.01,6.88,29.78,1,28.6,5.4,21.278277014952597,0.8700000000000001,0.2400000000000002,4.220222
CHN,2014,China,6.01,6.88,29.78,1,28.6,5.4,21.278277014952597,0.8700000000000001,-1.6899999999999986,4.220222
CHN,2014,China,4.52,6.72,30.73,1,28.6,5.4,20.442563925642094,2.2,0.2400000000000002,3.1310039999999995
CHN,2014,China,4.52,6.72,30.73,1,28.6,5.4,20.442563925642094,2.2,-1.6899999999999986,3.1310039999999995
CHN,2015,China,6.15,7.1,31.25,1,26.2,4.9,21.153142278447387,0.9499999999999992,-7.41,4.228125
CHN,2015,China,6.15,7.1,31.25,1,26.2,4.9,21.153142278447387,0.9499999999999992,-3.5,4.228125
CHN,2015,China,4.7,7.6,28.35,1,26.2,4.9,20.352371383148824,2.8999999999999995,-7.41,3.3675499999999996
CHN,2015,China,4.7,7.6,28.35,1,26.2,4.9,20.352371383148824,2.8999999999999995,-3.5,3.3675499999999996
CHN,2016,China,6.11,6.85,30.79,1,26.7,7.4,21.14578308939496,0.7399999999999993,-2.7699999999999996,4.228731
CHN,2016,China,6.11,6.85,30.79,1,26.7,7.4,21.14578308939496,0.7399999999999993,-1.0899999999999999,4.228731
CHN,2016,China,4.24,6.89,29.69,1,26.7,7.4,20.280196984706052,2.6499999999999995,-2.7699999999999996,2.9811440000000005
CHN,2016,China,4.24,6.89,29.69,1,26.7,7.4,20.280196984706052,2.6499999999999995,-1.0899999999999999,2.9811440000000005
CHN,2017,China,5.5,6.61,31.04,1,38.6,7.9,21.30393824886152,1.1100000000000003,7.76,3.7927999999999997
CHN,2017,China,5.5,6.61,31.04,1,38.6,7.9,21.30393824886152,1.1100000000000003,3.78,3.7927999999999997
CHN,2017,China,2.96,4.45,28.73,1,38.6,7.9,20.32272175721196,1.4900000000000002,7.76,2.109592
CHN,2017,China,2.96,4.45,28.73,1,38.6,7.9,20.32272175721196,1.4900000000000002,3.78,2.109592
CHN,2018,China,5.57,6.7,30.02,1,36.3,9.2,21.410038821459366,1.13,7.57,3.897886
CHN,2018,China,5.57,6.7,30.02,1,36.3,9.2,21.410038821459366,1.13,3.17,3.897886
CHN,2018,China,5.88,7.49,27.95,1,36.3,9.2,20.3823953541332,1.6100000000000003,7.57,4.23654
CHN,2018,China,5.88,7.49,27.95,1,36.3,9.2,20.3823953541332,1.6100000000000003,3.17,4.23654
CHN,2019,China,5.44,6.83,32.11,1,38.2,6.8,21.377866820876847,1.3899999999999997,-1.2800000000000002,3.6932160000000005
CHN,2019,China,5.44,6.83,32.11,1,38.2,6.8,21.377866820876847,1.3899999999999997,-3.960000000000001,3.6932160000000005
CHN,2019,China,4.36,6.41,29.03,1,38.2,6.8,20.2751879685568,2.05,-1.2800000000000002,3.0942920000000003
CHN,2019,China,4.36,6.41,29.03,1,38.2,6.8,20.2751879685568,2.05,-3.960000000000001,3.0942920000000003
CHN,2020,China,5.98,6.74,30.88,1,27.8,4.8,21.38761034511153,0.7599999999999998,-0.23000000000000043,4.133376
CHN,2020,China,5.98,6.74,30.88,1,27.8,4.8,21.38761034511153,0.7599999999999998,-0.4800000000000004,4.133376
CHN,2020,China,3.23,5.9,30.11,1,27.8,4.8,20.22801450692856,2.6700000000000004,-0.23000000000000043,2.2574470000000004
CHN,2020,China,3.23,5.9,30.11,1,27.8,4.8,20.22801450692856,2.6700000000000004,-0.4800000000000004,2.2574470000000004
CHN,2021,China,5.61,6.39,33.13,1,28.3,5.3,21.60687100570621,0.7799999999999994,13.89,3.751407
CHN,2021,China,5.61,6.39,33.13,1,28.3,5.3,21.60687100570621,0.7799999999999994,11.56,3.751407
CHN,2021,China,3.45,5.64,33.18,1,28.3,5.3,20.435859392932286,2.1899999999999995,13.89,2.3052900000000003
CHN,2021,China,3.45,5.64,33.18,1,28.3,5.3,20.435859392932286,2.1899999999999995,11.56,2.3052900000000003
CIV,1996,Côte d'Ivoire,3.66,10.84,63.15,1,48.9,32.5,14.880332823219952,7.18,2.86,1.3487100000000003
CIV,1998,Côte d'Ivoire,5.33,12.9,60.89,1,36.2,30.8,14.921536643068404,7.57,4.43,2.084563
CIV,2000,Côte d'Ivoire,5.46,12.89,74.08,1,13.2,20.9,15.30117759032978,7.430000000000001,-7.4,1.4152319999999998
CIV,2002,Côte d'Ivoire,5.58,12.24,55.42,1,3.2,18.4,15.225636009451303,6.66,0.8999999999999999,2.487564
CIV,2003,Côte d'Ivoire,6.12,12.18,54.37,1,5.0,15.4,15.171555259230448,6.06,12.43,2.7925560000000003
CIV,2004,Côte d'Ivoire,5.43,13.93,60.13,1,3.4,14.9,15.177100520361837,8.5,19.92,2.164941
CIV,2005,Côte d'Ivoire,6.3,11.39,58.41,1,1.0,10.1,15.20002891542289,5.090000000000001,11.53,2.6201700000000003
CIV,2006,Côte d'Ivoire,3.41,8.94,66.22,1,4.8,11.1,15.694576308054648,5.529999999999999,-0.3799999999999999,1.151898
CIV,2007,Côte d'Ivoire,3.49,8.87,67.18,1,6.3,13.5,15.769254978815958,5.379999999999999,7.15,1.1454179999999998
CIV,2008,Côte d'Ivoire,2.92,9.02,72.43,1,7.2,14.9,15.977880535365689,6.1,8.36,0.8050439999999999
CIV,2009,Côte d'Ivoire,3.85,8.75,70.01,1,11.4,16.6,15.922171956305151,4.9,-5.6,1.1546149999999997
CIV,2010,Côte d'Ivoire,2.88,8.42,69.13,1,8.1,17.5,15.986740633453282,5.54,6.02,0.8890560000000002
CIV,2011,Côte d'Ivoire,3.64,8.03,75.5,1,8.5,17.8,16.052053912021453,4.389999999999999,-7.599999999999998,0.8918
CIV,2012,Côte d'Ivoire,3.08,7.78,76.58,1,11.8,25.4,16.257501384681316,4.7,20.65,0.7213359999999999
CIV,2013,Côte d'Ivoire,2.15,8.17,76.78,1,17.1,26.3,16.29428617465386,6.02,14.11,0.4992299999999999
CIV,2014,Côte d'Ivoire,1.93,7.67,78.04,1,13.3,31.0,16.37684307793219,5.74,-6.51,0.4238279999999998
CIV,2015,Côte d'Ivoire,2.06,8.29,84.53,1,20.0,33.0,16.309359364727317,6.229999999999999,-3.26,0.3186819999999999
CIV,2016,Côte d'Ivoire,1.77,8.0,87.6,1,15.7,36.0,16.253849269858016,6.23,-9.19,0.2194800000000002
CIV,2017,Côte d'Ivoire,3.07,7.16,86.8,1,12.9,36.9,16.351006800391485,4.09,5.84,0.40524
CIV,2018,Côte d'Ivoire,2.56,6.76,86.39,1,15.6,37.4,16.43080102058659,4.199999999999999,6.82,0.348416
CIV,2019,Côte d'Ivoire,3.25,8.23,82.15,1,13.7,37.2,16.383799372457837,4.98,-2.250000000000001,0.580125
CIV,2020,Côte d'Ivoire,2.52,7.45,83.89,1,13.7,33.3,16.40904759803833,4.93,0.20999999999999996,0.40597200000000006
CIV,2021,Côte d'Ivoire,2.85,7.13,83.63,0,20.8,34.3,16.716301697308236,4.279999999999999,14.47,0.4665450000000002
CMR,1996,Cameroon,2.89,8.46,72.7,1,19.7,20.0,14.010147871856184,5.57,5.67,0.7889700000000001
CMR,1998,Cameroon,3.71,7.93,71.45,1,19.7,16.9,14.154509236156894,4.22,-0.040000000000000036,1.059205
CMR,2000,Cameroon,3.84,8.96,69.58,1,29.1,16.9,14.62096605968674,5.120000000000001,6.19,1.168128
CMR,2002,Cameroon,4.97,9.44,60.42,1,26.5,16.9,14.816567469257242,4.47,0.5300000000000007,1.9671259999999995
CMR,2003,Cameroon,5.6,9.85,62.67,1,31.2,19.9,15.025290666211673,4.25,7.62,2.09048
CMR,2004,Cameroon,3.85,12.26,71.09,1,32.5,19.7,14.910899065830554,8.41,5.46,1.1130349999999998
CMR,2005,Cameroon,6.99,9.79,61.42,1,40.3,17.8,14.948455723496204,2.799999999999999,7.87,2.6967420000000004
CMR,2006,Cameroon,4.04,6.41,62.63,1,38.6,19.2,15.3222301632535,2.37,6.05,1.5097479999999996
CMR,2007,Cameroon,3.0,6.13,69.41,1,34.3,19.2,15.4075859280321,3.13,1.83,0.9177000000000002
CMR,2008,Cameroon,2.62,6.15,73.77,1,26.9,18.3,15.55554095190116,3.53,12.57,0.6872260000000002
CMR,2009,Cameroon,1.78,7.17,76.08,1,29.9,17.1,15.496426254065495,5.39,-4.309999999999999,0.42577599999999993
CMR,2010,Cameroon,1.63,6.27,76.57,1,22.7,17.1,15.55684327479266,4.64,16.4,0.38190900000000005
CMR,2011,Cameroon,1.65,6.18,77.05,1,26.5,19.2,15.779528365053162,4.529999999999999,-0.5800000000000001,0.37867500000000004
CMR,2012,Cameroon,0.95,5.89,79.62,1,26.5,17.4,15.914490073049988,4.94,13.31,0.19360999999999998
CMR,2013,Cameroon,0.62,5.59,80.31,1,27.5,17.8,16.10839522357668,4.97,1.08,0.12207799999999998
CMR,2014,Cameroon,0.72,5.51,81.07,1,12.4,21.7,16.10487442648024,4.79,6.57,0.136296
CMR,2015,Cameroon,1.68,5.33,76.77,1,15.2,22.7,15.846601387401533,3.65,-10.65,0.3902640000000001
CMR,2016,Cameroon,1.24,6.36,81.48,1,13.3,21.2,15.78538756084038,5.12,-9.92,0.2296479999999999
CMR,2017,Cameroon,2.45,5.94,80.79,1,12.4,20.2,15.777988644758384,3.49,29.16,0.47064499999999987
CMR,2018,Cameroon,1.6,5.08,78.1,1,8.5,17.5,15.874159904837466,3.48,-18.2,0.35040000000000016
CMR,2019,Cameroon,1.68,5.66,79.83,0,8.0,15.9,15.851444024274048,3.98,-5.969999999999999,0.338856
CMR,2020,Cameroon,2.11,4.77,75.43,0,9.9,15.5,15.959735468928926,2.66,-6.426666666666666,0.5184269999999997
CMR,2021,Cameroon,2.01,4.27,76.4,0,9.9,17.9,16.113239857653102,2.26,0.4600000000000004,0.47435999999999995
COG,1996,Congo,1.57,11.64,76.01,0,11.2,23.0,13.941274567420663,10.07,8.34,0.376643
COG,1996,Congo,2.95,9.7,79.22,0,11.2,23.0,14.118373889739717,6.749999999999999,-4.32,0.6130099999999999
COG,1998,Congo,0.82,10.08,66.76,0,9.0,8.0,13.577620319271968,9.26,5.036666666666666,0.2725679999999999
COG,1998,Congo,3.28,6.15,78.11,0,9.0,8.0,13.708679639571786,2.870000000000001,5.623333333333333,0.7179919999999999
COG,2000,Congo,0.22,8.62,80.06,0,19.6,9.5,13.675159196415756,8.399999999999999,18.53,0.043868000000000004
COG,2000,Congo,3.35,4.92,69.67,0,19.6,9.5,13.908262823639298,1.5699999999999998,13.96,1.0160550000000002
COG,2002,Congo,0.69,9.85,63.99,0,8.5,22.4,13.927777027534123,9.16,6.843333333333334,0.24846899999999997
COG,2002,Congo,2.43,6.07,76.04,0,8.5,22.4,14.211438875099866,3.64,-3.5100000000000016,0.5822279999999999
COG,2003,Congo,0.65,9.19,64.32,0,15.1,24.9,14.183249520296716,8.54,-3.096666666666666,0.23192000000000007
COG,2003,Congo,2.74,5.89,71.41,0,15.1,24.9,14.268902098602911,3.1499999999999995,2.68,0.7833660000000002
COG,2004,Congo,1.1,6.39,75.38,0,14.1,21.2,14.435966274956032,5.289999999999999,29.16,0.2708200000000001
COG,2004,Congo,2.97,5.06,77.22,0,14.1,21.2,14.395185214872978,2.0899999999999994,5.453333333333333,0.676566
COG,2005,Congo,1.79,7.41,67.77,0,15.0,16.3,14.62337407666696,5.62,1.1599999999999997,0.576917
COG,2005,Congo,3.51,4.71,57.81,0,15.0,16.3,14.648596991265922,1.2000000000000002,7.623333333333333,1.4808689999999998
COG,2006,Congo,1.33,7.2,70.4,0,18.8,13.9,15.128033796344154,5.87,13.163333333333332,0.3936799999999999
COG,2006,Congo,3.32,3.85,65.13,0,18.8,13.9,14.852359191989285,0.5300000000000002,6.066666666666667,1.157684
COG,2007,Congo,0.99,5.63,81.36,0,21.3,11.5,15.14600951327953,4.64,4.859999999999999,0.184536
COG,2007,Congo,1.63,3.18,73.91,1,21.3,11.5,15.413908546073776,1.5500000000000005,7.943333333333333,0.425267
COG,2008,Congo,0.88,5.14,77.4,0,21.6,15.4,15.445089783471303,4.26,-5.08,0.19887999999999997
COG,2008,Congo,0.88,5.14,77.4,0,21.6,15.4,15.445089783471303,4.26,6.7666666666666675,0.19887999999999997
COG,2008,Congo,2.47,3.33,61.52,1,21.6,15.4,15.425318547911242,0.8599999999999999,-5.08,0.9504559999999999
COG,2008,Congo,2.47,3.33,61.52,1,21.6,15.4,15.425318547911242,0.8599999999999999,6.586666666666666,0.9504559999999999
COG,2009,Congo,0.98,4.57,78.6,0,36.5,15.2,15.268728360443562,3.5900000000000003,12.09,0.20972000000000007
COG,2009,Congo,0.98,4.57,78.6,0,36.5,15.2,15.268728360443562,3.5900000000000003,3.4200000000000004,0.20972000000000007
COG,2009,Congo,1.97,3.09,56.31,1,36.5,15.2,15.39713514298893,1.12,12.09,0.8606929999999999
COG,2009,Congo,1.97,3.09,56.31,1,36.5,15.2,15.39713514298893,1.12,4.716666666666667,0.8606929999999999
COG,2010,Congo,1.11,4.05,50.23,0,34.1,16.6,15.49237485825692,2.9399999999999995,-0.8799999999999999,0.5524470000000001
COG,2010,Congo,1.11,4.05,50.23,0,34.1,16.6,15.49237485825692,2.9399999999999995,4.36,0.5524470000000001
COG,2010,Congo,2.09,2.96,58.93,1,34.1,16.6,15.295704991517873,0.8700000000000001,-0.8799999999999999,0.8583629999999999
COG,2010,Congo,2.09,2.96,58.93,1,34.1,16.6,15.295704991517873,0.8700000000000001,4.716666666666667,0.8583629999999999
COG,2011,Congo,1.0,4.0,80.67,0,35.1,16.0,15.73864591338111,3.0,26.69,0.19330000000000003
COG,2011,Congo,1.0,4.0,80.67,0,35.1,16.0,15.73864591338111,3.0,9.976666666666667,0.19330000000000003
COG,2011,Congo,0.7,2.89,66.14,1,35.1,16.0,15.576036179545202,2.1900000000000004,26.69,0.23701999999999998
COG,2011,Congo,0.7,2.89,66.14,1,35.1,16.0,15.576036179545202,2.1900000000000004,16.053333333333335,0.23701999999999998
COG,2012,Congo,0.73,4.43,84.35,0,31.3,15.5,15.8178487843875,3.7,2.37,0.11424500000000005
COG,2012,Congo,0.73,4.43,84.35,0,31.3,15.5,15.8178487843875,3.7,7.676666666666667,0.11424500000000005
COG,2012,Congo,0.78,2.86,67.44,1,31.3,15.5,15.55491239642427,2.08,2.37,0.253968
COG,2012,Congo,0.78,2.86,67.44,1,31.3,15.5,15.55491239642427,2.08,11.930000000000001,0.253968
COG,2013,Congo,0.62,4.05,78.24,0,29.9,15.5,15.93538553868646,3.43,6.73,0.134912
COG,2013,Congo,0.62,4.05,78.24,0,29.9,15.5,15.93538553868646,3.43,4.703333333333333,0.134912
COG,2013,Congo,0.94,2.87,70.35,1,29.9,15.5,15.66142207328593,1.93,6.73,0.27871000000000007
COG,2013,Congo,0.94,2.87,70.35,1,29.9,15.5,15.66142207328593,1.93,6.3100000000000005,0.27871000000000007
COG,2014,Congo,0.87,3.34,54.82,0,31.0,18.2,15.878949737085948,2.47,9.83,0.39306599999999997
COG,2014,Congo,0.87,3.34,54.82,0,31.0,18.2,15.878949737085948,2.47,6.49,0.39306599999999997
COG,2014,Congo,0.3,2.45,75.34,1,31.0,18.2,15.85419240266249,2.1500000000000004,9.83,0.07397999999999998
COG,2014,Congo,0.3,2.45,75.34,1,31.0,18.2,15.85419240266249,2.1500000000000004,6.49,0.07397999999999998
COG,2015,Congo,0.88,3.76,54.75,1,26.7,21.2,15.823103643245569,2.88,2.21,0.3982
COG,2015,Congo,0.88,3.76,54.75,1,26.7,21.2,15.823103643245569,2.88,0.09666666666666668,0.3982
COG,2015,Congo,0.94,2.76,71.39,1,26.7,21.2,15.801404401006971,1.82,2.21,0.268934
COG,2015,Congo,0.94,2.76,71.39,1,26.7,21.2,15.801404401006971,1.82,0.9533333333333336,0.268934
COG,2016,Congo,1.3,3.93,58.37,1,25.7,15.3,15.63575132842613,2.63,3.36,0.5411900000000001
COG,2016,Congo,1.3,3.93,58.37,1,25.7,15.3,15.63575132842613,2.63,-17.5,0.5411900000000001
COG,2016,Congo,0.77,2.66,72.12,1,25.7,15.3,15.611538736607791,1.89,3.36,0.21467599999999995
COG,2016,Congo,0.77,2.66,72.12,1,25.7,15.3,15.611538736607791,1.89,-17.5,0.21467599999999995
COG,2017,Congo,0.86,3.8,61.12,1,27.6,16.3,15.663357222204429,2.94,-18.2,0.334368
COG,2017,Congo,0.86,3.8,61.12,1,27.6,16.3,15.663357222204429,2.94,2.8,0.334368
COG,2017,Congo,0.55,2.81,68.57,1,27.6,16.3,15.924375075914153,2.26,-18.2,0.17286500000000002
COG,2017,Congo,0.55,2.81,68.57,1,27.6,16.3,15.924375075914153,2.26,2.8,0.17286500000000002
COG,2018,Congo,1.31,3.63,56.69,1,34.4,15.5,15.976615967911028,2.32,-12.57,0.5673610000000001
COG,2018,Congo,1.31,3.63,56.69,1,34.4,15.5,15.976615967911028,2.32,16.9,0.5673610000000001
COG,2018,Congo,0.52,2.54,73.08,1,34.4,15.5,15.042680017469658,2.02,-12.57,0.139984
COG,2018,Congo,0.52,2.54,73.08,1,34.4,15.5,15.042680017469658,2.02,16.9,0.139984
COG,2019,Congo,1.98,3.62,57.8,1,34.4,14.0,16.012857465595616,1.64,-18.2,0.8355600000000001
COG,2019,Congo,1.98,3.62,57.8,1,34.4,14.0,16.012857465595616,1.64,5.49,0.8355600000000001
COG,2019,Congo,0.78,2.67,67.67,1,34.4,14.0,14.958647963324331,1.89,-18.2,0.252174
COG,2019,Congo,0.78,2.67,67.67,1,34.4,14.0,14.958647963324331,1.89,5.49,0.252174
COG,2020,Congo,1.37,3.55,62.06,1,40.1,14.5,15.93921373142384,2.18,-7.75,0.519778
COG,2020,Congo,1.37,3.55,62.06,1,40.1,14.5,15.93921373142384,2.18,-13.11,0.519778
COG,2020,Congo,0.71,3.12,56.62,1,40.1,14.5,14.957072981454823,2.41,-7.75,0.30799800000000005
COG,2020,Congo,0.71,3.12,56.62,1,40.1,14.5,14.957072981454823,2.41,-13.11,0.30799800000000005
COG,2021,Congo,1.41,3.41,61.61,1,38.7,15.0,16.218998500770198,2.0,11.01,0.541299
COG,2021,Congo,1.41,3.41,61.61,1,38.7,15.0,16.218998500770198,2.0,7.2,0.541299
COG,2021,Congo,0.86,2.8,56.57,1,38.7,15.0,15.132883720028683,1.94,11.01,0.373498
COG,2021,Congo,0.86,2.8,56.57,1,38.7,15.0,15.132883720028683,1.94,7.2,0.373498
COK,2009,Cook Islands,3.65,8.57,41.39,1,90.0,35.1,11.714669838379326,4.92,1.0699999999999994,2.139265
COK,2010,Cook Islands,5.21,10.44,47.95,1,94.8,35.5,11.483097604535772,5.23,5.41,2.7118049999999996
COL,1996,Colombia,9.62,14.4,21.57,1,6.9,35.0,16.328937014113805,4.780000000000001,-0.7300000000000004,7.544966
COL,1998,Colombia,11.93,15.11,19.1,1,6.4,40.3,16.39944223275492,3.18,-2.3100000000000005,9.651369999999998
COL,2000,Colombia,10.53,12.8,32.41,1,8.5,34.8,16.29250848609603,2.2700000000000014,5.02,7.117227
COL,2002,Colombia,7.57,12.28,43.79,1,2.6,37.8,16.347963940450953,4.709999999999999,-0.5099999999999998,4.255097
COL,2003,Colombia,7.96,11.94,47.42,1,1.0,36.3,16.458502668309325,3.98,4.59,4.185368
COL,2004,Colombia,4.87,14.62,54.54,1,2.4,38.9,16.632660963363833,9.75,10.99,2.213902
COL,2005,Colombia,7.46,11.62,52.56,1,2.9,38.5,16.894489416521996,4.159999999999999,11.36,3.5390239999999995
COL,2006,Colombia,5.66,10.41,64.67,1,3.9,40.9,17.1580393315464,4.75,11.08,1.9996779999999998
COL,2007,Colombia,4.96,9.33,65.44,1,6.8,42.3,17.357264721395367,4.37,12.13,1.7141760000000001
COL,2008,Colombia,4.32,8.92,64.27,1,5.8,42.8,17.54645205933516,4.6,9.81,1.5435360000000005
COL,2009,Colombia,5.2,9.08,68.91,1,5.2,42.7,17.360111934134455,3.88,-8.93,1.6166800000000003
COL,2010,Colombia,3.44,7.28,58.92,1,8.5,42.7,17.611924666008676,3.84,11.2,1.4131519999999997
COL,2011,Colombia,3.65,6.53,65.53,1,12.3,46.9,17.866436685086647,2.8800000000000003,15.93,1.258155
COL,2012,Colombia,3.17,5.87,66.0,1,8.1,46.0,17.91925805603171,2.7,3.07,1.0777999999999999
COL,2013,Colombia,3.67,6.13,64.28,1,10.4,45.5,17.963575605719182,2.46,1.1100000000000003,1.3109239999999998
COL,2014,Colombia,2.24,6.32,79.69,1,11.0,47.8,18.02699861463913,4.08,3.84,0.4549440000000002
COL,2015,Colombia,2.67,6.28,72.88,1,12.4,47.8,17.846757692086364,3.61,-8.13,0.724104
COL,2016,Colombia,4.12,6.92,73.97,1,16.2,49.8,17.691522230727653,2.8,-8.909999999999998,1.072436
COL,2017,Colombia,3.67,7.02,80.8,1,18.1,49.3,17.75400689181075,3.35,1.35,0.7046400000000002
COL,2018,Colombia,3.54,6.77,79.9,1,18.9,52.4,17.848650097563723,3.2299999999999995,5.47,0.7115399999999998
COL,2019,Colombia,3.83,7.46,80.02,1,14.6,53.6,17.873170962028997,3.63,1.42,0.7652340000000003
COL,2020,Colombia,4.18,7.81,76.25,1,21.2,53.1,17.661477664846473,3.63,-9.160000000000002,0.9927500000000001
COL,2021,Colombia,4.07,7.17,75.98,1,16.5,51.2,18.01444928857513,3.1,18.53,0.977614
COM,1996,Comoros,2.65,11.35,72.33,1,62.2,36.0,12.01769428326617,8.7,-4.719999999999999,0.7332550000000001
COM,1998,Comoros,3.95,11.91,62.73,1,66.0,39.8,11.97920240874177,7.96,-7.629999999999999,1.4721650000000002
COM,2000,Comoros,4.02,12.84,81.09,1,45.5,17.9,11.251677447267443,8.82,-18.2,0.7601819999999997
COM,2002,Comoros,4.82,12.07,67.51,1,60.8,40.8,11.710602520323562,7.25,2.8,1.566018
COM,2003,Comoros,3.81,12.07,73.67,1,26.6,31.3,11.94333882778628,8.26,11.13,1.0031729999999999
COM,2004,Comoros,6.84,10.88,75.9,1,39.3,33.2,11.886458253605404,4.040000000000001,19.01,1.64844
COM,2005,Comoros,4.89,10.9,69.78,1,34.0,28.8,11.988549147092291,6.010000000000001,14.49,1.4777580000000001
COM,2006,Comoros,2.46,8.65,63.62,1,32.9,38.9,12.215927427264214,6.19,9.12,0.894948
COM,2007,Comoros,2.41,7.3,72.03,1,15.9,34.6,12.241137861552469,4.89,9.01,0.6740769999999999
COM,2008,Comoros,3.02,7.6,64.3,1,14.4,38.0,12.671977134769364,4.58,-0.5700000000000003,1.0781399999999999
COM,2009,Comoros,2.7,7.77,50.93,1,20.9,36.0,12.401312401922388,5.069999999999999,22.97,1.3248900000000001
COM,2010,Comoros,5.95,8.8,68.74,1,26.5,34.1,12.671001670725037,2.8500000000000005,0.11000000000000032,1.8599700000000006
COM,2011,Comoros,4.89,10.97,65.67,1,29.4,35.2,12.43874834125989,6.080000000000001,8.02,1.6787369999999995
COM,2012,Comoros,4.28,9.48,86.7,1,33.6,34.3,12.614506808296804,5.2,-0.8799999999999999,0.5692400000000001
COM,2013,Comoros,3.35,8.9,84.46,1,37.4,32.9,12.592945211893223,5.550000000000001,0.8600000000000003,0.5205900000000003
COM,2014,Comoros,1.21,8.44,92.0,1,37.6,37.9,12.609819110951031,7.229999999999999,-4.35,0.09679999999999996
COM,2015,Comoros,1.33,9.82,85.83,1,37.6,36.9,13.126189886969591,8.49,-5.1,0.18846100000000007
COM,2016,Comoros,1.87,8.67,87.34,1,48.1,36.9,13.143397344329829,6.8,6.38,0.2367419999999999
COM,2017,Comoros,1.72,8.36,52.84,1,46.7,36.0,13.006841363710224,6.64,3.22,0.811152
COM,2018,Comoros,2.36,8.52,57.29,1,33.5,32.0,13.009375984250532,6.16,4.8,1.007956
COM,2019,Comoros,2.22,8.61,59.08,1,41.0,27.5,12.874424112560028,6.389999999999999,-6.41,0.9084240000000001
COM,2020,Comoros,1.36,9.18,82.01,1,36.3,27.1,12.787376760703165,7.819999999999999,15.35,0.24466399999999994
COM,2021,Comoros,1.23,7.22,86.2,1,39.2,29.0,13.01679203952506,5.99,28.62,0.16974
CPV,1996,Cabo Verde,1.77,15.71,62.41,0,82.4,75.0,12.593361189584458,13.94,5.633333333333333,0.665343
CPV,1998,Cabo Verde,1.38,15.02,78.7,1,88.3,73.6,12.361294123277224,13.64,-5.890000000000001,0.2939399999999999
CPV,2000,Cabo Verde,1.78,11.36,85.43,1,90.5,72.1,13.090063136050103,9.58,-4.879999999999999,0.2593459999999999
CPV,2002,Cabo Verde,1.33,12.76,88.33,1,70.9,69.2,13.168359050140962,11.43,8.81,0.15521100000000004
CPV,2003,Cabo Verde,1.54,12.59,89.96,1,78.9,65.7,13.232595559203189,11.05,10.04,0.15461600000000006
CPV,2004,Cabo Verde,1.63,11.53,95.27,1,83.0,68.8,13.41547910080076,9.9,9.990000000000002,0.07709900000000001
CPV,2005,Cabo Verde,1.26,11.18,93.47,1,68.9,62.5,13.52724200690086,9.92,1.04,0.08227800000000003
CPV,2006,Cabo Verde,0.59,9.41,90.9,1,79.7,72.6,13.78466828742956,8.82,10.829999999999998,0.05368999999999998
CPV,2007,Cabo Verde,2.59,10.44,88.83,1,77.8,72.6,14.061976018982286,7.85,17.02,0.28930300000000003
CPV,2008,Cabo Verde,1.03,9.12,84.43,1,74.5,74.5,14.270303425394236,8.09,5.75,0.16037099999999996
CPV,2009,Cabo Verde,0.8,11.8,90.27,1,74.9,73.5,14.019906685379327,11.0,-9.77,0.07784000000000005
CPV,2010,Cabo Verde,0.77,12.2,52.58,1,75.4,73.9,14.183879506722269,11.43,4.36,0.36513400000000007
CPV,2011,Cabo Verde,0.3,12.9,90.33,1,69.2,76.5,14.377175644651892,12.6,13.81,0.02901
CPV,2012,Cabo Verde,0.28,10.58,88.13,1,73.0,76.1,14.069849536566872,10.3,-10.699999999999998,0.03323600000000001
CPV,2013,Cabo Verde,0.3,12.45,86.78,1,69.7,74.2,14.140841503105882,12.15,-1.9100000000000001,0.039659999999999994
CPV,2014,Cabo Verde,11.58,12.12,28.2,1,58.6,74.9,14.034428875537031,0.5399999999999991,2.81,8.31444
CPV,2015,Cabo Verde,0.86,12.62,87.55,1,74.3,75.4,13.812745508736588,11.76,-11.33,0.10707000000000004
CPV,2016,Cabo Verde,0.99,12.09,84.49,1,76.2,76.8,14.06578699660917,11.1,5.54,0.15354900000000002
CPV,2017,Cabo Verde,0.9,13.0,81.88,1,71.9,77.3,14.084958107401455,12.1,8.66,0.16308000000000003
CPV,2018,Cabo Verde,0.66,14.79,82.78,1,74.5,79.1,14.1464417498841,14.13,1.31,0.11365200000000002
CPV,2019,Cabo Verde,1.9,14.59,90.85,1,76.4,78.3,14.29719883010593,12.69,-1.5399999999999991,0.17385000000000003
CPV,2020,Cabo Verde,0.57,14.12,88.57,1,75.9,76.3,14.158217653111222,13.55,19.689999999999998,0.06515100000000003
CPV,2021,Cabo Verde,0.79,12.87,79.88,0,78.8,76.8,14.206678980422089,12.079999999999998,5.196666666666667,0.15894800000000003
CRI,1996,Costa Rica,13.18,21.86,29.39,1,72.3,81.5,15.026386292153846,8.68,5.4,9.306398
CRI,1998,Costa Rica,12.75,17.34,28.4,1,77.7,84.6,15.35942216769852,4.59,17.59,9.129
CRI,2000,Costa Rica,11.47,15.96,49.12,1,76.7,82.6,15.57552410392766,4.49,0.34999999999999964,5.835936
CRI,2002,Costa Rica,9.03,14.74,58.48,1,83.6,83.6,15.793973941028158,5.710000000000001,4.84,3.749256
CRI,2003,Costa Rica,8.21,11.01,61.91,1,65.8,76.6,15.86694659714516,2.799999999999999,3.52,3.1271890000000004
CRI,2004,Costa Rica,4.03,15.51,67.92,1,67.0,80.8,15.895379385844358,11.48,4.08,1.292824
CRI,2005,Costa Rica,7.89,10.04,59.43,1,67.5,72.6,16.003139045307734,2.1499999999999995,7.06,3.2009729999999994
CRI,2006,Costa Rica,5.03,9.0,62.99,1,68.6,75.5,16.20998948989189,3.97,9.86,1.8616030000000001
CRI,2007,Costa Rica,5.04,9.19,69.84,1,66.7,75.0,16.33672520309062,4.15,7.35,1.5200639999999999
CRI,2008,Costa Rica,4.71,8.91,67.98,1,55.8,76.9,16.459149510896033,4.2,9.47,1.5081419999999996
CRI,2009,Costa Rica,4.29,7.55,68.95,1,65.9,77.7,16.201304017411758,3.26,-13.079999999999998,1.332045
CRI,2010,Costa Rica,3.64,6.84,63.78,1,70.1,80.6,16.398097918051945,3.2,9.78,1.318408
CRI,2011,Costa Rica,3.95,6.63,60.92,1,63.0,81.2,16.55768565028892,2.68,14.54,1.5436600000000003
CRI,2012,Costa Rica,3.59,6.17,64.8,1,67.8,83.6,16.59730036076109,2.58,0.25,1.26368
CRI,2013,Costa Rica,3.79,6.41,65.75,1,67.8,83.1,16.622618801397234,2.62,-0.6299999999999999,1.298075
CRI,2014,Costa Rica,2.49,5.8,76.12,1,65.2,85.2,16.59891512376925,3.31,-2.63,0.5946119999999998
CRI,2015,Costa Rica,4.13,8.99,74.27,1,67.1,86.2,16.505888034356555,4.86,-5.02,1.0626490000000004
CRI,2016,Costa Rica,5.3,10.72,76.02,1,66.7,84.7,16.53215265809784,5.420000000000001,-0.5899999999999999,1.27094
CRI,2017,Costa Rica,4.55,10.81,79.5,1,66.2,84.7,16.55411737723995,6.260000000000001,3.31,0.9327499999999997
CRI,2018,Costa Rica,4.69,10.71,79.62,1,62.3,83.5,16.61281445351554,6.0200000000000005,0.6400000000000006,0.955822
CRI,2019,Costa Rica,4.86,11.91,75.37,1,60.4,84.1,16.547101035777697,7.05,-1.3899999999999997,1.197018
CRI,2020,Costa Rica,4.6,9.74,74.93,1,71.7,86.0,16.49532312330004,5.140000000000001,-5.26,1.1532199999999995
CRI,2021,Costa Rica,4.35,8.93,73.73,1,76.9,83.1,16.739338978661813,4.58,12.91,1.1427449999999997
CUB,1996,Cuba,21.65,20.15,21.56,0,54.3,10.5,14.828971092199678,0.0,6.656666666666666,16.98226
CUB,1998,Cuba,14.32,18.58,26.45,0,45.2,6.0,14.802281296591376,4.259999999999998,8.530000000000001,10.53236
CUB,2000,Cuba,18.87,20.96,36.4,1,56.6,5.0,15.168163504259612,2.09,5.02,12.001320000000002
CUB,2002,Cuba,13.47,19.75,32.81,1,52.9,4.5,15.051020418147605,6.279999999999999,-7.159999999999998,9.050493
CUB,2003,Cuba,17.0,19.16,37.98,1,56.8,2.0,15.33341226817347,2.16,5.65,10.543400000000002
CUB,2004,Cuba,16.89,20.55,44.58,1,57.8,2.9,15.321590554864375,3.66,9.69,9.360438
CUB,2005,Cuba,19.49,23.18,46.62,1,58.7,2.9,15.653284353396964,3.690000000000001,20.050000000000004,10.403762
CUB,2006,Cuba,46.15,21.66,46.09,1,60.4,2.9,15.958914923459147,0.0,12.18,24.879464999999996
CUB,2007,Cuba,12.36,15.76,42.72,0,60.9,3.4,15.969826694831571,3.4000000000000004,6.386666666666667,7.079807999999999
CUB,2008,Cuba,9.15,16.22,45.42,0,63.0,3.8,16.223233509629917,7.069999999999999,3.9133333333333336,4.994070000000001
CUB,2009,Cuba,13.21,16.42,47.48,0,56.4,4.3,15.710822223826405,3.210000000000001,-3.4433333333333325,6.9378920000000015
CUB,2010,Cuba,8.6,13.77,49.7,0,56.9,6.2,15.823383798064455,5.17,1.0133333333333328,4.325799999999999
CUB,2011,Cuba,5.27,11.68,48.55,0,55.5,6.1,15.9638414799427,6.41,9.053333333333333,2.7114149999999997
CUB,2012,Cuba,7.74,15.55,53.13,0,57.3,6.6,15.99996258129718,7.81,0.4466666666666663,3.6277380000000004
CUB,2013,Cuba,8.62,15.13,49.0,0,60.2,6.6,16.08759604059557,6.510000000000002,7.936666666666667,4.396199999999999
CUB,2014,Cuba,8.14,12.64,36.54,0,63.3,6.4,15.946000521552842,4.5,-1.92,5.165644000000001
CUB,2015,Cuba,9.82,17.18,36.23,0,65.7,6.4,16.074800647946734,7.359999999999999,0.4633333333333338,6.262214000000001
CUB,2016,Cuba,12.1,19.65,28.89,0,69.0,6.9,16.026467983275538,7.549999999999999,5.723333333333333,8.60431
CUB,2017,Cuba,11.56,26.6,33.3,0,68.1,7.4,16.031511318772075,15.04,2.99,7.710520000000001
CUB,2018,Cuba,17.7,25.26,31.36,0,66.0,9.7,16.01916131532767,7.560000000000002,5.640000000000001,12.14928
CUB,2019,Cuba,23.39,23.68,28.51,0,67.0,8.7,15.926937511111795,0.2899999999999991,1.21,16.721511
CUB,2020,Cuba,17.0,20.2,29.12,0,65.6,10.1,15.542408499227,3.1999999999999997,-1.8299999999999992,12.0496
CUB,2021,Cuba,18.31,21.95,28.53,0,58.5,11.1,15.538863540890832,3.640000000000001,-1.8299999999999992,13.086156999999998
CYM,1996,Cayman Islands,1.07,9.96,33.17,0,70.7,99.5,13.191504627216004,8.89,1.3066666666666662,0.7150810000000001
CYM,1998,Cayman Islands,0.28,8.14,33.51,0,72.3,100.0,13.881403480236402,7.86,3.893333333333333,0.18617200000000003
CYM,2000,Cayman Islands,0.54,7.99,49.41,0,72.5,99.0,14.70925102099006,7.45,3.916666666666667,0.27318600000000004
CYM,2002,Cayman Islands,0.29,11.05,70.85,0,73.0,100.0,14.73842455550955,10.760000000000002,3.1699999999999995,0.08453500000000003
CYM,2003,Cayman Islands,0.14,10.02,74.85,0,73.9,76.1,14.923393808152596,9.88,16.453333333333333,0.03521000000000001
CYM,2004,Cayman Islands,0.42,8.78,65.24,0,93.7,77.4,15.00241905564951,8.36,9.983333333333334,0.145992
CYM,2005,Cayman Islands,0.62,8.85,72.4,0,90.3,75.5,15.197650242857026,8.23,8.076666666666668,0.17111999999999994
CYM,2006,Cayman Islands,0.1,8.1,58.67,0,89.4,72.1,15.49241447414916,8.0,8.336666666666666,0.041330000000000006
CYM,2007,Cayman Islands,1.04,6.84,59.63,0,87.4,70.7,15.024989960112988,5.8,13.706666666666667,0.41984799999999994
CYM,2008,Cayman Islands,0.23,5.86,56.33,0,88.9,70.2,15.48488040624562,5.63,4.463333333333334,0.100441
CYM,2009,Cayman Islands,0.62,6.05,62.37,0,88.2,64.5,15.030811203346342,5.43,-8.43,0.23330600000000004
CYM,2010,Cayman Islands,0.84,8.13,64.5,0,88.6,66.4,15.624367033542669,7.290000000000001,7.5600000000000005,0.29819999999999997
CYM,2011,Cayman Islands,0.93,8.51,61.6,0,96.7,66.2,15.303416891725218,7.58,7.5600000000000005,0.35712000000000005
CYM,2012,Cayman Islands,1.05,7.14,66.75,0,79.1,65.3,14.878432720548608,6.09,3.4466666666666668,0.349125
CYM,2013,Cayman Islands,2.36,6.91,67.74,1,82.5,65.3,14.987596201745015,4.550000000000001,-2.8166666666666655,0.7613359999999999
CYM,2014,Cayman Islands,0.09,7.68,70.98,0,86.7,63.1,15.089039266844292,7.59,-4.220000000000001,0.026118
CYM,2015,Cayman Islands,0.41,8.03,71.15,1,89.5,62.6,15.093662105868146,7.619999999999999,-6.529999999999999,0.11828499999999999
CYM,2016,Cayman Islands,0.1,6.21,60.94,0,90.5,63.1,15.79941346874682,6.11,-1.5199999999999996,0.03906000000000001
CYM,2017,Cayman Islands,0.2,7.18,75.11,0,91.0,62.1,15.849954089100196,6.98,3.786666666666666,0.049780000000000005
CYM,2018,Cayman Islands,0.08,7.7,69.87,0,88.7,63.6,15.936831847745747,7.62,5.153333333333333,0.024103999999999993
CYM,2019,Cayman Islands,0.02,8.24,71.45,0,96.7,61.8,15.795010022144986,8.22,2.586666666666667,0.00571
CYM,2020,Cayman Islands,0.39,8.47,70.9,1,97.6,61.8,15.711981961066456,8.08,-3.2399999999999993,0.11348999999999998
CYM,2021,Cayman Islands,1.04,7.27,33.96,1,99.5,70.5,16.204565559547056,6.23,7.34,0.686816
CYP,1996,Cyprus,9.89,14.36,43.49,1,60.1,78.5,15.277003162033768,4.469999999999999,3.83,5.588839
CYP,1998,Cyprus,14.55,18.87,28.0,1,54.8,76.6,15.47639501754212,4.32,-0.16000000000000014,10.476
CYP,2000,Cyprus,11.25,13.37,25.23,1,68.8,80.6,15.694901331570597,2.119999999999999,3.11,8.411625
CYP,2002,Cyprus,8.28,9.82,21.25,1,51.9,84.1,15.84867594046429,1.540000000000001,2.0,6.520499999999999
CYP,2003,Cyprus,7.56,10.55,26.17,1,63.8,78.6,16.23474138324144,2.990000000000001,4.59,5.581548
CYP,2004,Cyprus,7.97,9.88,29.36,1,59.2,79.8,16.46023022197786,1.910000000000001,13.27,5.630008
CYP,2005,Cyprus,8.58,10.46,35.27,1,64.1,79.8,16.512543735919323,1.8800000000000008,5.53,5.553834
CYP,2006,Cyprus,9.58,9.62,38.67,1,62.8,82.2,16.63782282649398,0.0399999999999991,5.07,5.875413999999999
CYP,2007,Cyprus,6.79,7.38,39.57,1,62.8,83.7,16.707364362087183,0.5899999999999999,11.43,4.103197000000001
CYP,2008,Cyprus,6.32,6.94,41.1,1,68.8,84.6,16.731521840963225,0.6200000000000001,11.36,3.72248
CYP,2009,Cyprus,6.28,7.92,38.36,1,57.8,82.5,16.42728893069302,1.6399999999999997,-14.490000000000002,3.8709920000000007
CYP,2010,Cyprus,6.05,6.7,41.13,1,61.6,79.1,16.496657436356212,0.6500000000000004,4.39,3.561635
CYP,2011,Cyprus,5.73,6.61,44.11,1,66.8,80.8,16.57214868119907,0.8799999999999999,0.8300000000000001,3.202497
CYP,2012,Cyprus,3.05,5.66,49.33,1,66.8,79.3,16.542362859859118,2.6100000000000003,-8.38,1.5454350000000001
CYP,2013,Cyprus,4.39,6.19,48.37,1,64.9,77.5,16.504236072298532,1.8000000000000007,-6.75,2.2665569999999997
CYP,2014,Cyprus,4.22,6.19,49.88,1,63.8,78.3,16.35042158763796,1.9700000000000009,12.12,2.115064
CYP,2015,Cyprus,5.74,8.01,47.02,1,62.4,80.8,16.06550807303128,2.27,-5.91,3.0410520000000005
CYP,2016,Cyprus,6.54,8.37,47.05,1,65.2,82.8,16.07557653484989,1.8299999999999992,5.02,3.4629300000000005
CYP,2017,Cyprus,7.14,10.47,58.76,1,64.8,83.3,16.292231975786777,3.330000000000001,8.73,2.944536
CYP,2018,Cyprus,11.12,9.97,55.89,1,63.2,80.6,16.461869234186327,0.0,7.78,4.905032
CYP,2019,Cyprus,10.7,8.17,48.59,1,64.2,81.2,16.34992121548745,0.0,-7.859999999999999,5.50087
CYP,2020,Cyprus,7.92,7.91,50.02,1,56.6,75.4,16.176446296307756,0.0,-2.49,3.958416
CYP,2021,Cyprus,9.35,10.89,61.76,1,59.0,73.4,16.554411691197075,1.540000000000001,8.27,3.5754400000000004
DEU,1996,Germany,11.16,12.1,29.12,1,92.0,90.0,19.874885822451603,0.9399999999999996,-0.5899999999999999,7.910208
DEU,1998,Germany,10.96,12.11,33.59,1,92.0,89.1,19.914505036440215,1.1499999999999986,2.85,7.278536
DEU,2000,Germany,11.71,10.86,31.19,1,95.2,89.6,19.966752650506805,0.0,2.85,8.057651
DEU,2002,Germany,10.71,10.73,29.47,1,85.2,94.5,19.97422105353608,0.0199999999999995,0.44999999999999973,7.553763000000001
DEU,2003,Germany,10.84,10.51,32.59,1,64.8,93.5,20.15654055757181,0.0,10.77,7.307243999999999
DEU,2004,Germany,9.2,8.95,36.0,1,68.0,93.8,20.329387729250467,0.0,9.24,5.888
DEU,2005,Germany,8.32,9.02,35.35,1,75.7,93.3,20.41033513614814,0.6999999999999993,4.21,5.37888
DEU,2006,Germany,8.28,8.68,36.46,1,82.1,93.3,20.549659146549452,0.4000000000000003,8.75,5.261111999999999
DEU,2007,Germany,7.6,7.95,37.19,1,81.2,93.3,20.69560289058626,0.3500000000000005,7.18,4.773560000000001
DEU,2008,Germany,7.02,7.57,37.85,1,79.8,93.8,20.826015811011708,0.5500000000000007,6.1,4.3629299999999995
DEU,2009,Germany,6.62,7.14,40.16,1,77.7,92.9,20.57716335982717,0.5199999999999996,-11.75,3.9614080000000005
DEU,2010,Germany,7.41,7.7,38.94,1,73.5,92.4,20.66538780056732,0.29,6.86,4.524546
DEU,2011,Germany,6.98,7.58,40.17,1,71.6,93.4,20.82355462805456,0.5999999999999996,9.06,4.176134
DEU,2012,Germany,6.62,7.44,42.81,1,71.1,93.4,20.76730375187412,0.8200000000000003,-3.9700000000000006,3.7859779999999996
DEU,2013,Germany,7.1,7.84,41.48,1,76.3,93.4,20.78911531762901,0.7400000000000002,1.02,4.154920000000001
DEU,2014,Germany,6.29,7.05,46.34,1,78.1,96.1,20.81863291375934,0.7599999999999998,1.1600000000000006,3.3752139999999997
DEU,2015,Germany,6.06,7.61,46.01,1,68.1,95.6,20.684212809869837,1.5500000000000007,-6.699999999999999,3.271794
DEU,2016,Germany,6.11,7.11,43.11,1,68.6,95.1,20.69055546232033,1.0,0.16000000000000014,3.475979
DEU,2017,Germany,5.79,7.34,52.53,1,65.2,95.6,20.78440855952781,1.5499999999999998,2.7299999999999995,2.748513
DEU,2018,Germany,6.08,7.57,51.11,1,64.6,95.1,20.891085065396243,1.4900000000000002,7.45,2.972512
DEU,2019,Germany,7.1,8.04,47.77,1,65.1,95.2,20.852706225497244,0.9399999999999996,-2.0600000000000005,3.7083299999999997
DEU,2020,Germany,5.86,6.93,48.12,1,67.9,94.2,20.811317614000483,1.0699999999999994,-2.7300000000000004,3.0401680000000004
DEU,2021,Germany,5.55,7.02,52.35,1,69.8,95.7,21.026052956749016,1.4699999999999998,10.2,2.644575
DJI,1996,Djibouti,0.17,5.58,81.49,0,35.1,21.5,12.460020436798542,5.41,6.8566666666666665,0.03146700000000001
DJI,1998,Djibouti,4.86,6.26,76.03,0,17.6,18.4,12.973864111545003,1.3999999999999997,-8.220000000000002,1.1649420000000001
DJI,2000,Djibouti,7.99,12.44,66.51,0,36.5,22.9,13.385005403292544,4.449999999999999,-7.936666666666667,2.6758509999999998
DJI,2002,Djibouti,11.95,14.59,63.98,0,32.8,23.9,13.468563826860136,2.640000000000001,-7.830000000000002,4.304390000000001
DJI,2003,Djibouti,7.81,18.21,84.32,0,21.6,28.4,13.65645339434071,10.400000000000002,12.063333333333336,1.2246080000000004
DJI,2004,Djibouti,5.23,9.56,92.87,0,34.0,25.0,13.752417690033042,4.33,14.333333333333334,0.3728989999999996
DJI,2005,Djibouti,1.53,9.64,92.4,0,22.8,15.9,13.934925452525466,8.110000000000001,9.126666666666665,0.11627999999999994
DJI,2006,Djibouti,7.76,17.16,61.74,0,37.7,17.3,14.274412718301589,9.4,9.67,2.9689759999999996
DJI,2007,Djibouti,0.57,16.41,87.2,0,39.1,13.9,14.48922721258974,15.84,5.16,0.07296
DJI,2008,Djibouti,1.05,17.49,83.21,0,54.8,13.9,14.667228860925997,16.439999999999998,4.266666666666667,0.17629500000000006
DJI,2009,Djibouti,1.37,19.66,87.63,1,63.0,13.7,14.632005148738674,18.29,2.3899999999999997,0.16946900000000006
DJI,2010,Djibouti,1.03,11.77,51.67,0,53.1,13.3,14.699382712495304,10.74,-5.369999999999999,0.49779899999999994
DJI,2011,Djibouti,1.01,12.43,85.02,0,53.1,8.9,14.894266708504524,11.42,5.420000000000001,0.15129800000000004
DJI,2012,Djibouti,1.49,13.69,87.31,0,51.7,8.0,15.06824178024145,12.2,5.83,0.18908100000000003
DJI,2013,Djibouti,1.68,12.41,88.01,0,42.7,7.5,15.072496633718844,10.73,-5.016666666666666,0.2014319999999998
DJI,2014,Djibouti,1.96,10.73,52.09,0,21.0,8.4,15.09561077271946,8.77,0.5966666666666662,0.9390359999999999
DJI,2015,Djibouti,1.87,8.1,52.63,0,30.0,9.4,15.329826101156542,6.23,2.1933333333333334,0.885819
DJI,2016,Djibouti,1.64,10.46,56.6,0,24.3,11.3,15.385105725423406,8.82,-2.5266666666666673,0.7117599999999998
DJI,2017,Djibouti,1.31,10.09,52.95,0,20.0,10.8,15.45893756284225,8.78,1.7966666666666669,0.6163549999999999
DJI,2018,Djibouti,17.71,9.78,51.19,0,41.5,11.7,15.60342448757383,0.0,7.713333333333333,8.644251
DJI,2019,Djibouti,17.19,8.44,41.88,0,33.0,10.6,15.54294782398968,0.0,7.713333333333333,9.990828
DJI,2020,Djibouti,7.01,6.98,52.21,0,30.2,10.6,15.555386002217466,0.0,7.449999999999999,3.350079
DJI,2021,Djibouti,6.75,9.01,45.31,0,25.9,13.5,15.9643897721924,2.26,6.4,3.6915749999999994
DMA,1996,Dominica,18.1,17.41,32.86,1,70.7,79.5,12.048889221579897,0.0,5.27,12.15234
DMA,1998,Dominica,23.07,18.77,59.87,0,72.3,81.6,12.20826419233622,0.0,-2.6833333333333327,9.257991
DMA,2000,Dominica,10.31,18.15,63.46,1,67.7,82.1,12.416373319007848,7.839999999999998,5.62,3.7672739999999996
DMA,2002,Dominica,13.37,16.29,48.41,1,67.7,83.1,12.27384194208787,2.92,-6.050000000000001,6.897583
DMA,2003,Dominica,13.05,14.44,52.86,1,68.8,81.6,12.232081464711223,1.3899999999999988,4.79,6.151770000000001
DMA,2004,Dominica,6.79,24.49,61.41,1,79.1,81.7,12.358648314249788,17.7,6.9,2.620261
DMA,2005,Dominica,10.74,14.57,60.52,1,73.3,77.4,12.504562824404804,3.83,6.73,4.240151999999999
DMA,2006,Dominica,5.61,12.33,65.38,1,76.3,78.4,12.641028398217395,6.72,0.4699999999999993,1.9421820000000005
DMA,2007,Dominica,4.73,13.37,67.48,1,73.9,79.8,12.755838770116712,8.639999999999999,8.3,1.538196
DMA,2008,Dominica,1.83,10.15,74.19,1,78.4,82.2,12.899981760744174,8.32,8.96,0.472323
DMA,2009,Dominica,8.86,12.59,62.43,1,69.7,78.7,12.54997648497183,3.73,-2.2200000000000006,3.3287020000000003
DMA,2010,Dominica,6.06,10.7,63.29,1,78.7,76.3,12.621638865202732,4.64,0.5499999999999998,2.2246259999999998
DMA,2011,Dominica,4.79,9.64,64.46,0,90.0,77.0,12.698650089420346,4.8500000000000005,-1.6566666666666663,1.7023660000000003
DMA,2012,Dominica,1.52,8.42,85.09,1,82.0,76.5,12.701651059113948,6.9,4.793333333333333,0.22663200000000003
DMA,2013,Dominica,2.43,9.5,80.34,0,89.6,77.0,12.559569564894147,7.07,16.663333333333334,0.47773800000000005
DMA,2014,Dominica,2.96,7.47,80.1,0,87.6,81.3,12.5672775636254,4.51,2.19,0.5890400000000002
DMA,2015,Dominica,2.97,9.36,80.04,0,88.1,74.4,12.44145570750516,6.389999999999999,3.85,0.5928119999999997
DMA,2016,Dominica,1.34,6.75,78.23,0,83.3,75.4,12.42317007583572,5.41,-0.25666666666666593,0.29171800000000003
DMA,2017,Dominica,2.63,7.92,81.08,0,91.4,75.9,12.866349983398957,5.29,2.1333333333333333,0.4975960000000001
DMA,2018,Dominica,3.95,6.71,78.8,0,87.7,73.8,13.041214925287337,2.76,-7.286666666666665,0.8374000000000004
DMA,2019,Dominica,1.38,12.95,84.13,0,84.4,74.9,13.46316265316008,11.57,6.293333333333333,0.21900600000000006
DMA,2020,Dominica,5.78,8.23,80.38,0,94.8,73.9,12.52670839431571,2.45,16.97,1.1340360000000003
DMA,2021,Dominica,2.14,9.42,79.85,0,95.8,72.5,13.479355449052752,7.279999999999999,17.22,0.43121000000000004
DNK,1996,Denmark,11.24,13.51,35.0,1,97.9,96.0,17.540335840761724,2.27,-0.019999999999999574,7.306
DNK,1998,Denmark,12.02,15.44,40.9,1,97.3,95.5,17.559351204321544,3.42,1.35,7.10382
DNK,2000,Denmark,13.65,14.49,38.62,1,95.8,97.5,17.55775487775453,0.8399999999999999,0.2400000000000002,8.37837
DNK,2002,Denmark,11.05,11.89,34.9,1,96.8,99.0,17.626128478471934,0.8399999999999999,5.09,7.193550000000001
DNK,2003,Denmark,10.23,11.92,39.31,1,94.0,99.5,17.781699404873248,1.6899999999999995,6.81,6.2085870000000005
DNK,2004,Denmark,11.1,11.03,41.53,1,84.0,100.0,17.954891030877583,0.0,9.03,6.49017
DNK,2005,Denmark,9.4,10.42,38.73,1,85.4,100.0,18.077042341832573,1.0199999999999996,4.3,5.75938
DNK,2006,Denmark,8.53,9.21,41.51,1,85.0,100.0,18.23461216205982,0.6800000000000015,7.6,4.989196999999999
DNK,2007,Denmark,9.21,8.82,42.16,1,91.3,97.1,18.34611062607191,0.0,7.59,5.327064000000001
DNK,2008,Denmark,8.83,8.68,41.41,1,86.1,99.0,18.462626523621488,0.0,5.84,5.173497000000001
DNK,2009,Denmark,8.22,8.27,43.64,1,85.3,97.6,18.17339216014531,0.0499999999999989,-14.34,4.632792
DNK,2010,Denmark,8.75,8.37,42.82,1,86.3,97.6,18.211690464145324,0.0,1.63,5.0032499999999995
DNK,2011,Denmark,8.11,8.58,43.66,1,87.2,97.2,18.362397855374663,0.4700000000000006,7.73,4.569173999999999
DNK,2012,Denmark,8.13,8.37,46.35,1,75.8,99.1,18.31530227757787,0.2399999999999984,-2.4700000000000006,4.361745
DNK,2013,Denmark,7.53,8.2,44.66,1,80.1,99.5,18.351205209823966,0.669999999999999,3.19,4.167102000000001
DNK,2014,Denmark,7.28,8.01,49.24,1,78.6,97.0,18.394453172823155,0.7299999999999995,1.1800000000000002,3.6953280000000004
DNK,2015,Denmark,6.76,8.0,48.39,1,76.7,97.5,18.23722147308713,1.2400000000000002,-7.43,3.488836
DNK,2016,Denmark,8.13,7.94,45.74,1,75.2,99.0,18.21484107198584,0.0,-0.5300000000000002,4.411338
DNK,2017,Denmark,7.17,8.28,55.05,1,75.2,97.0,18.3301972939236,1.1099999999999994,4.46,3.222915
DNK,2018,Denmark,6.67,8.13,52.97,1,80.2,97.6,18.449071424496594,1.4600000000000009,5.07,3.1369010000000004
DNK,2019,Denmark,8.27,8.59,51.53,1,81.1,98.6,18.378352989469366,0.3200000000000003,-2.33,4.008469
DNK,2020,Denmark,7.45,7.81,50.41,1,78.3,97.6,18.35615843185676,0.3599999999999994,-0.6399999999999997,3.694455
DNK,2021,Denmark,6.57,8.27,56.73,1,80.2,98.6,18.567156271436684,1.6999999999999993,12.76,2.8428390000000006
DOM,1996,Dominican Republic,11.69,18.32,52.25,0,45.2,53.0,15.44203386819143,6.630000000000001,-1.8399999999999999,5.581975
DOM,1998,Dominican Republic,11.94,18.07,48.48,0,31.9,52.2,15.718304123609313,6.130000000000001,3.8199999999999994,6.151488000000001
DOM,2000,Dominican Republic,8.33,16.91,61.54,0,45.0,56.2,16.084154507119568,8.58,2.906666666666667,3.2037180000000003
DOM,2002,Dominican Republic,8.38,19.19,55.7,1,48.7,55.2,16.035839877593716,10.81,29.16,3.7123399999999998
DOM,2003,Dominican Republic,7.23,15.64,58.68,1,31.7,48.3,15.895465926362547,8.41,-7.43,2.987436
DOM,2004,Dominican Republic,6.33,15.82,66.11,1,33.5,51.0,15.976030565734655,9.49,1.7599999999999998,2.145237
DOM,2005,Dominican Republic,7.63,13.83,63.65,1,38.3,48.6,16.121543145514035,6.2,11.16,2.773505
DOM,2006,Dominican Republic,6.72,13.04,62.86,1,42.0,53.8,16.2804357752714,6.319999999999999,15.99,2.495808
DOM,2007,Dominican Republic,5.97,11.4,60.98,1,40.1,54.3,16.454209612692463,5.430000000000001,1.7800000000000002,2.329494
DOM,2008,Dominican Republic,4.76,11.23,72.04,1,42.8,52.9,16.562742544539017,6.470000000000001,9.0,1.3308959999999999
DOM,2009,Dominican Republic,5.98,12.64,71.18,1,44.5,51.7,16.272062186975003,6.66,-13.29,1.7234359999999995
DOM,2010,Dominican Republic,5.28,12.83,69.03,1,44.5,51.2,16.526030786701718,7.55,7.23,1.635216
DOM,2011,Dominican Republic,4.26,11.35,68.48,1,46.9,52.6,16.610063381718124,7.09,9.52,1.3427519999999995
DOM,2012,Dominican Republic,4.55,11.6,72.6,1,55.0,55.4,16.622936298028144,7.05,-2.0199999999999996,1.2467000000000001
DOM,2013,Dominican Republic,3.77,11.43,72.55,1,55.0,54.0,16.583390444141667,7.66,1.1800000000000002,1.0348650000000004
DOM,2014,Dominican Republic,3.75,9.91,73.77,1,51.0,54.2,16.6470894358316,6.16,3.65,0.9836250000000003
DOM,2015,Dominican Republic,4.38,12.06,72.81,1,54.8,52.2,16.646843125056026,7.680000000000001,-1.2699999999999987,1.190922
DOM,2016,Dominican Republic,4.65,11.61,77.09,1,54.8,52.7,16.72377073914287,6.959999999999999,1.5899999999999994,1.065315
DOM,2017,Dominican Republic,4.35,11.59,70.3,1,52.9,52.7,16.730047235315734,7.24,0.71,1.2919500000000002
DOM,2018,Dominican Republic,4.35,13.22,74.76,1,47.6,50.5,16.8718638495635,8.870000000000001,2.0,1.0979399999999997
DOM,2019,Dominican Republic,3.84,13.65,74.58,1,47.2,53.1,16.880570983259176,9.81,3.94,0.9761279999999999
DOM,2020,Dominican Republic,4.24,11.96,72.65,1,52.4,54.6,16.72039846600472,7.720000000000001,-11.8,1.15964
DOM,2021,Dominican Republic,4.97,12.47,71.41,1,55.7,57.0,17.062759184188845,7.500000000000001,18.93,1.4209230000000002
DZA,1996,Algeria,8.47,15.88,67.86,1,5.3,14.5,15.82634737603231,7.41,-8.1,2.7222580000000005
DZA,1996,Algeria,8.47,15.88,67.86,1,5.3,14.5,15.82634737603231,7.41,-3.3866666666666667,2.7222580000000005
DZA,1996,Algeria,10.39,14.15,25.0,0,5.3,14.5,19.351955342620872,3.76,-8.1,7.7925
DZA,1996,Algeria,10.39,14.15,25.0,0,5.3,14.5,19.351955342620872,3.76,-1.576666666666667,7.7925
DZA,1998,Algeria,2.56,6.85,69.58,1,4.8,12.4,15.99116708476135,4.289999999999999,4.03,0.7787520000000001
DZA,1998,Algeria,2.56,6.85,69.58,1,4.8,12.4,15.99116708476135,4.289999999999999,-3.2,0.7787520000000001
DZA,1998,Algeria,9.99,14.51,26.65,0,4.8,12.4,19.565469254719687,4.52,4.03,7.3276650000000005
DZA,1998,Algeria,9.99,14.51,26.65,0,4.8,12.4,19.565469254719687,4.52,-1.373333333333333,7.3276650000000005
DZA,2000,Algeria,2.19,5.1,67.63,1,10.1,14.4,16.499939880397424,2.91,-0.04999999999999982,0.7089030000000002
DZA,2000,Algeria,2.19,5.1,67.63,1,10.1,14.4,16.499939880397424,2.91,2.623333333333333,0.7089030000000002
DZA,2000,Algeria,8.62,12.69,41.04,0,10.1,14.4,19.82084931870539,4.07,-0.04999999999999982,5.082351999999999
DZA,2000,Algeria,8.62,12.69,41.04,0,10.1,14.4,19.82084931870539,4.07,4.623333333333334,5.082351999999999
DZA,2002,Algeria,6.58,15.94,62.01,1,6.9,18.9,16.835911531139796,9.36,9.89,2.499742
DZA,2002,Algeria,6.58,15.94,62.01,1,6.9,18.9,16.835911531139796,9.36,8.126666666666667,2.499742
DZA,2002,Algeria,8.14,12.46,40.82,0,6.9,18.9,19.717213821224902,4.32,9.89,4.817252
DZA,2002,Algeria,8.14,12.46,40.82,0,6.9,18.9,19.717213821224902,4.32,5.423333333333334,4.817252
DZA,2003,Algeria,1.73,4.23,62.06,1,5.5,18.9,16.967830976455236,2.5000000000000004,6.2,0.6563619999999999
DZA,2003,Algeria,1.73,4.23,62.06,1,5.5,18.9,16.967830976455236,2.5000000000000004,16.060000000000002,0.6563619999999999
DZA,2003,Algeria,7.81,11.65,44.23,0,5.5,18.9,19.762310687055493,3.8400000000000007,6.2,4.355637000000001
DZA,2003,Algeria,7.81,11.65,44.23,0,5.5,18.9,19.762310687055493,3.8400000000000007,5.423333333333334,4.355637000000001
DZA,2004,Algeria,1.32,3.67,62.54,1,10.7,23.6,17.235463319731036,2.35,16.239999999999995,0.4944720000000001
DZA,2004,Algeria,1.32,3.67,62.54,1,10.7,23.6,17.235463319731036,2.35,13.42,0.4944720000000001
DZA,2004,Algeria,5.71,11.05,56.64,0,10.7,23.6,19.951044905073054,5.340000000000001,16.239999999999995,2.475856
DZA,2004,Algeria,5.71,11.05,56.64,0,10.7,23.6,19.951044905073054,5.340000000000001,10.53,2.475856
DZA,2005,Algeria,0.85,3.9,76.45,1,20.4,25.5,17.343678106575766,3.05,5.46,0.20017499999999994
DZA,2005,Algeria,0.85,3.9,76.45,1,20.4,25.5,17.343678106575766,3.05,11.32,0.20017499999999994
DZA,2005,Algeria,6.31,10.5,54.14,0,20.4,25.5,20.116752479136466,4.19,5.46,2.893766
DZA,2005,Algeria,6.31,10.5,54.14,0,20.4,25.5,20.116752479136466,4.19,8.12,2.893766
DZA,2006,Algeria,0.83,3.6,72.86,1,15.9,22.6,17.36934141622558,2.77,2.66,0.22526199999999996
DZA,2006,Algeria,0.83,3.6,72.86,1,15.9,22.6,17.36934141622558,2.77,10.013333333333334,0.22526199999999996
DZA,2006,Algeria,5.48,9.78,58.74,0,15.9,22.6,20.308718954610796,4.299999999999999,2.66,2.261048
DZA,2006,Algeria,5.48,9.78,58.74,0,15.9,22.6,20.308718954610796,4.299999999999999,7.2,2.261048
DZA,2007,Algeria,0.69,3.05,69.71,1,14.0,20.2,17.603503734688477,2.36,13.48,0.20900100000000002
DZA,2007,Algeria,0.69,3.05,69.71,1,14.0,20.2,17.603503734688477,2.36,15.0,0.20900100000000002
DZA,2007,Algeria,5.31,9.49,59.78,0,14.0,20.2,20.472287128525284,4.180000000000001,13.48,2.1356819999999996
DZA,2007,Algeria,5.31,9.49,59.78,0,14.0,20.2,20.472287128525284,4.180000000000001,11.89,2.1356819999999996
DZA,2008,Algeria,0.75,4.0,64.52,1,14.9,20.7,17.955891078661775,3.25,19.53,0.2661
DZA,2008,Algeria,0.75,4.0,64.52,1,14.9,20.7,17.955891078661775,3.25,13.11,0.2661
DZA,2008,Algeria,5.07,9.14,60.99,0,14.9,20.7,20.68354744397347,4.07,19.53,1.977807
DZA,2008,Algeria,5.07,9.14,60.99,0,14.9,20.7,20.68354744397347,4.07,10.913333333333334,1.977807
DZA,2009,Algeria,0.61,3.47,67.02,1,13.3,17.5,17.890261170225564,2.8600000000000003,-0.2699999999999996,0.20117800000000005
DZA,2009,Algeria,0.61,3.47,67.02,1,13.3,17.5,17.890261170225564,2.8600000000000003,-15.07,0.20117800000000005
DZA,2009,Algeria,5.75,9.47,61.41,0,13.3,17.5,20.42608629143416,3.7200000000000006,-0.2699999999999996,2.218925
DZA,2009,Algeria,5.75,9.47,61.41,0,13.3,17.5,20.42608629143416,3.7200000000000006,7.15,2.218925
DZA,2010,Algeria,0.91,3.22,65.14,1,11.8,18.5,17.890756227930595,2.31,2.19,0.317226
DZA,2010,Algeria,0.91,3.22,65.14,1,11.8,18.5,17.890756227930595,2.31,3.446666666666667,0.317226
DZA,2010,Algeria,5.0,8.58,56.85,0,11.8,18.5,20.696287537601396,3.58,2.19,2.1574999999999998
DZA,2010,Algeria,5.0,8.58,56.85,0,11.8,18.5,20.696287537601396,3.58,3.08,2.1574999999999998
DZA,2011,Algeria,0.65,3.54,61.16,1,10.4,20.2,18.10307731467473,2.89,7.32,0.2524600000000001
DZA,2011,Algeria,0.65,3.54,61.16,1,10.4,20.2,18.10307731467473,2.89,9.206666666666667,0.2524600000000001
DZA,2011,Algeria,5.3,8.38,60.13,0,10.4,20.2,20.904919694879084,3.080000000000001,7.32,2.11311
DZA,2011,Algeria,5.3,8.38,60.13,0,10.4,20.2,20.904919694879084,3.080000000000001,4.263333333333334,2.11311
DZA,2012,Algeria,0.69,3.07,71.78,1,9.5,22.5,18.16981753444267,2.38,3.28,0.194718
DZA,2012,Algeria,0.69,3.07,71.78,1,9.5,22.5,18.16981753444267,2.38,0.1466666666666665,0.194718
DZA,2012,Algeria,5.16,8.46,64.2,0,9.5,22.5,20.948017599890782,3.3000000000000007,3.28,1.84728
DZA,2012,Algeria,5.16,8.46,64.2,0,9.5,22.5,20.948017599890782,3.3000000000000007,5.003333333333334,1.84728
DZA,2013,Algeria,0.59,2.83,66.31,1,12.8,23.9,18.218845066261856,2.24,4.41,0.19877099999999998
DZA,2013,Algeria,0.59,2.83,66.31,1,12.8,23.9,18.218845066261856,2.24,1.4733333333333336,0.19877099999999998
DZA,2013,Algeria,5.46,8.83,63.23,0,12.8,23.9,20.946317972898363,3.37,4.41,2.007642
DZA,2013,Algeria,5.46,8.83,63.23,0,12.8,23.9,20.946317972898363,3.37,3.67,2.007642
DZA,2014,Algeria,0.58,2.79,71.0,1,9.5,25.1,18.27434184839858,2.21,3.32,0.16820000000000002
DZA,2014,Algeria,0.58,2.79,71.0,1,9.5,25.1,18.27434184839858,2.21,1.0299999999999998,0.16820000000000002
DZA,2014,Algeria,5.61,8.43,64.98,0,9.5,25.1,20.931145209552348,2.8199999999999994,3.32,1.9646219999999999
DZA,2014,Algeria,5.61,8.43,64.98,0,9.5,25.1,20.931145209552348,2.8199999999999994,0.5800000000000001,1.9646219999999999
DZA,2015,Algeria,0.54,2.78,72.17,1,11.9,24.6,18.08161006085129,2.24,-5.99,0.150282
DZA,2015,Algeria,0.54,2.78,72.17,1,11.9,24.6,18.08161006085129,2.24,-6.090000000000002,0.150282
DZA,2015,Algeria,6.22,9.18,61.95,0,11.9,24.6,20.80774536397636,2.96,-5.99,2.3667099999999994
DZA,2015,Algeria,6.22,9.18,61.95,0,11.9,24.6,20.80774536397636,2.96,-2.4433333333333334,2.3667099999999994
DZA,2016,Algeria,0.4,2.73,69.89,1,12.4,23.6,18.067677887070406,2.33,-4.66,0.12044000000000002
DZA,2016,Algeria,0.4,2.73,69.89,1,12.4,23.6,18.067677887070406,2.33,-3.92,0.12044000000000002
DZA,2016,Algeria,6.47,9.31,62.78,0,12.4,23.6,20.73187176612025,2.8400000000000007,-4.66,2.4081339999999996
DZA,2016,Algeria,6.47,9.31,62.78,0,12.4,23.6,20.73187176612025,2.8400000000000007,-2.703333333333333,2.4081339999999996
DZA,2017,Algeria,0.51,2.71,71.95,1,15.7,23.2,18.01608792339077,2.2,-1.1100000000000003,0.143055
DZA,2017,Algeria,0.51,2.71,71.95,1,15.7,23.2,18.01608792339077,2.2,-2.866666666666668,0.143055
DZA,2017,Algeria,5.45,9.21,64.94,0,15.7,23.2,20.82599518247808,3.7600000000000007,-1.1100000000000003,1.91077
DZA,2017,Algeria,5.45,9.21,64.94,0,15.7,23.2,20.82599518247808,3.7600000000000007,0.39666666666666606,1.91077
DZA,2018,Algeria,0.52,2.51,70.34,0,17.9,21.4,18.080617930618764,1.99,4.193333333333333,0.15423199999999998
DZA,2018,Algeria,5.67,9.72,65.56,0,17.9,21.4,20.906588185431257,4.050000000000001,2.666666666666667,1.9527479999999995
DZA,2019,Algeria,0.35,2.67,69.39,0,13.2,19.8,17.93274435172723,2.32,7.42,0.10713500000000001
DZA,2019,Algeria,5.01,12.43,64.72,0,13.2,19.8,20.868939958445186,7.42,0.5333333333333328,1.767528
DZA,2020,Algeria,0.93,3.33,69.08,0,17.9,19.3,17.71853459445696,2.4,1.1,0.28755600000000003
DZA,2020,Algeria,5.52,9.25,63.17,0,17.9,19.3,20.698889187738352,3.73,4.393333333333333,2.0330159999999995
DZA,2021,Algeria,0.9,3.0,68.22,0,15.6,20.8,17.757159151753235,2.1,13.449999999999998,0.28602
DZA,2021,Algeria,6.71,9.32,63.13,0,15.6,20.8,21.008863383710864,2.6100000000000003,6.876666666666667,2.473977
ECU,1996,Ecuador,11.99,18.02,27.55,1,22.3,51.5,15.139410255574042,6.029999999999999,-5.67,8.686755
ECU,1998,Ecuador,13.92,17.24,25.77,1,37.8,53.7,15.47918001290402,3.3199999999999985,11.18,10.332816
ECU,2000,Ecuador,13.94,17.97,44.55,1,28.6,43.8,15.181553396799703,4.029999999999999,6.87,7.72973
ECU,2002,Ecuador,13.37,16.9,51.13,1,23.8,47.3,15.722920607076514,3.53,9.51,6.533919
ECU,2003,Ecuador,12.07,15.75,62.05,1,20.6,43.8,15.688414435463145,3.68,0.7999999999999998,4.580565000000001
ECU,2004,Ecuador,6.33,23.32,68.38,1,20.4,40.9,15.845900285997438,16.990000000000002,9.68,2.0015460000000003
ECU,2005,Ecuador,11.49,14.45,64.08,1,23.8,36.5,16.074062341096663,2.959999999999999,10.56,4.1272079999999995
ECU,2006,Ecuador,4.66,10.94,69.8,1,20.8,38.0,16.26263258359606,6.279999999999999,12.28,1.4073200000000003
ECU,2007,Ecuador,5.3,11.27,67.76,1,20.3,43.3,16.333546739803033,5.97,5.82,1.7087199999999994
ECU,2008,Ecuador,4.68,10.1,68.02,1,20.7,40.4,16.590353639101465,5.42,17.89,1.4966640000000002
ECU,2009,Ecuador,5.81,11.59,67.59,1,23.2,39.3,16.46643581925451,5.78,-10.53,1.8830209999999996
ECU,2010,Ecuador,5.65,10.48,61.34,1,26.1,38.9,16.7901601345724,4.83,16.81,2.18429
ECU,2011,Ecuador,4.56,9.75,67.86,1,25.6,37.1,16.917974221648155,5.19,8.6,1.465584
ECU,2012,Ecuador,4.25,9.51,67.13,1,27.5,38.5,17.034643497775594,5.26,1.8600000000000003,1.3969749999999999
ECU,2013,Ecuador,4.82,9.33,66.61,1,39.3,40.4,17.08988807328602,4.51,3.64,1.6093979999999999
ECU,2014,Ecuador,4.26,9.37,70.56,1,45.2,39.9,17.106413647701075,5.109999999999999,0.8300000000000001,1.254144
ECU,2015,Ecuador,5.7,10.9,67.22,1,41.0,39.4,16.838315583474664,5.2,-11.84,1.86846
ECU,2016,Ecuador,6.56,11.86,71.24,1,44.3,38.4,16.60906901599251,5.3,-13.0,1.8866560000000003
ECU,2017,Ecuador,3.79,10.41,75.9,1,41.9,40.9,16.85376761722638,6.62,10.72,0.9133899999999999
ECU,2018,Ecuador,3.67,10.16,75.89,1,42.5,46.6,17.013503871847732,6.49,8.07,0.8848369999999999
ECU,2019,Ecuador,3.6,10.4,75.98,1,39.2,47.8,16.955285985112095,6.800000000000001,-1.33,0.8647199999999999
ECU,2020,Ecuador,4.29,10.99,71.08,1,37.3,45.4,16.699013481560662,6.7,-10.89,1.240668
ECU,2021,Ecuador,4.2,10.23,74.16,1,37.3,51.7,17.03695795071568,6.03,19.729999999999997,1.0852800000000005
EGY,1996,Egypt,6.18,10.96,44.44,1,27.7,22.0,16.581121333362407,4.780000000000001,5.31,3.4336080000000004
EGY,1998,Egypt,7.14,11.08,48.47,1,44.1,21.4,16.759457663549156,3.94,11.86,3.6792420000000003
EGY,2000,Egypt,5.92,10.01,54.17,1,47.6,22.4,17.053481137292845,4.09,-6.289999999999997,2.7131359999999995
EGY,2002,Egypt,7.53,11.62,45.37,1,31.2,16.4,16.933928072153527,4.089999999999999,-0.8899999999999997,4.113639
EGY,2003,Egypt,5.46,9.65,46.07,1,27.6,18.4,17.020274437272864,4.19,-5.41,2.944578
EGY,2004,Egypt,5.52,9.17,54.67,1,21.4,21.6,17.28603670420609,3.65,7.03,2.502216
EGY,2005,Egypt,3.6,8.9,71.03,1,26.7,21.2,17.43569635617895,5.300000000000001,24.21,1.0429199999999998
EGY,2006,Egypt,2.8,7.7,68.06,1,22.2,14.4,17.58970317210082,4.9,2.0,0.89432
EGY,2007,Egypt,3.21,7.59,66.68,1,27.1,14.9,17.83263610801858,4.38,14.52,1.0695719999999997
EGY,2008,Egypt,2.82,8.04,63.74,1,28.8,13.5,18.121926909252885,5.219999999999999,29.16,1.022532
EGY,2009,Egypt,3.2,7.54,65.87,1,25.6,14.2,18.027968196188265,4.34,-7.929999999999998,1.0921599999999998
EGY,2010,Egypt,3.81,7.17,64.12,1,19.4,13.7,18.18044598816804,3.36,8.01,1.3670280000000001
EGY,2011,Egypt,3.22,7.05,64.49,1,6.6,14.1,18.20806012313871,3.83,8.4,1.1434220000000004
EGY,2012,Egypt,2.58,6.66,73.77,1,7.6,25.8,18.277165292873907,4.08,5.91,0.6767340000000003
EGY,2013,Egypt,2.89,6.81,75.16,1,7.1,16.9,18.247036519340007,3.92,-2.320000000000001,0.7178760000000002
EGY,2014,Egypt,2.64,6.73,78.12,1,7.6,14.8,18.39608441625396,4.09,3.44,0.577632
EGY,2015,Egypt,2.99,7.72,77.63,1,8.1,14.8,18.32102606500364,4.73,1.85,0.6688630000000001
EGY,2016,Egypt,2.94,7.7,77.73,1,9.0,14.3,18.2776238188088,4.76,-2.2700000000000005,0.654738
EGY,2017,Egypt,2.77,7.38,79.9,1,9.0,13.3,18.297964647622774,4.609999999999999,-2.8,0.5567699999999999
EGY,2018,Egypt,2.83,7.22,76.43,1,11.8,13.1,18.380335862991167,4.39,11.12,0.6670309999999997
EGY,2019,Egypt,2.85,7.75,77.19,1,12.3,8.2,18.37634791564039,4.9,-3.160000000000001,0.6500849999999999
EGY,2020,Egypt,3.02,8.47,76.3,1,11.8,7.7,18.32510353859989,5.450000000000001,-11.7,0.7157399999999999
EGY,2021,Egypt,2.93,7.49,74.89,1,14.6,8.2,18.61545462252302,4.5600000000000005,10.63,0.735723
ERI,1996,Eritrea,0.57,8.55,89.58,0,20.2,11.5,12.04538721062403,7.98,-1.0433333333333321,0.05939400000000004
ERI,1996,Eritrea,2.63,11.83,67.08,0,20.2,11.5,13.958326085572866,9.2,6.766666666666666,0.8657960000000001
ERI,1998,Eritrea,0.2,9.25,78.06,0,17.0,13.4,12.72002327138688,9.05,3.440000000000001,0.04387999999999999
ERI,1998,Eritrea,0.2,9.25,78.06,0,17.0,13.4,12.72002327138688,9.05,14.47,0.04387999999999999
ERI,1998,Eritrea,4.05,18.24,59.59,1,17.0,13.4,14.08341944563644,14.189999999999998,10.766666666666666,1.636605
ERI,1998,Eritrea,4.05,18.24,59.59,1,17.0,13.4,14.08341944563644,14.189999999999998,14.47,1.636605
ERI,2000,Eritrea,1.85,10.41,81.23,0,22.2,8.0,12.319017328546304,8.56,-6.27,0.34724499999999997
ERI,2000,Eritrea,1.85,10.41,81.23,0,22.2,8.0,12.319017328546304,8.56,-4.629999999999999,0.34724499999999997
ERI,2000,Eritrea,3.21,14.78,62.15,1,22.2,8.0,14.160207889843232,11.57,-2.613333333333334,1.2149850000000002
ERI,2000,Eritrea,3.21,14.78,62.15,1,22.2,8.0,14.160207889843232,11.57,-4.629999999999999,1.2149850000000002
ERI,2002,Eritrea,4.84,12.75,83.55,0,36.5,2.0,12.698074529133605,7.91,3.873333333333334,0.7961799999999999
ERI,2002,Eritrea,4.84,12.75,83.55,0,36.5,2.0,12.698074529133605,7.91,-6.550000000000001,0.7961799999999999
ERI,2002,Eritrea,4.24,15.53,70.32,1,36.5,2.0,14.106984987829788,11.29,1.0299999999999994,1.2584320000000004
ERI,2002,Eritrea,4.24,15.53,70.32,1,36.5,2.0,14.106984987829788,11.29,-6.550000000000001,1.2584320000000004
ERI,2003,Eritrea,2.34,9.69,84.98,1,26.1,1.5,12.90214339828512,7.35,5.163333333333333,0.351468
ERI,2003,Eritrea,2.34,9.69,84.98,1,26.1,1.5,12.90214339828512,7.35,22.8,0.351468
ERI,2003,Eritrea,7.21,16.62,78.89,1,26.1,1.5,14.569824801428176,9.41,14.003333333333334,1.5220309999999997
ERI,2003,Eritrea,7.21,16.62,78.89,1,26.1,1.5,14.569824801428176,9.41,22.8,1.5220309999999997
ERI,2004,Eritrea,2.7,8.1,86.93,0,25.2,1.4,13.049380900873492,5.4,14.483333333333334,0.3528899999999998
ERI,2004,Eritrea,2.7,8.1,86.93,0,25.2,1.4,13.049380900873492,5.4,9.76,0.3528899999999998
ERI,2004,Eritrea,5.81,16.88,75.61,1,25.2,1.4,14.651036697001818,11.07,18.166666666666664,1.4170589999999998
ERI,2004,Eritrea,5.81,16.88,75.61,1,25.2,1.4,14.651036697001818,11.07,9.76,1.4170589999999998
ERI,2005,Eritrea,2.99,9.69,84.73,0,23.3,0.0,13.060977555948943,6.699999999999999,16.39,0.4565729999999999
ERI,2005,Eritrea,2.99,9.69,84.73,0,23.3,0.0,13.060977555948943,6.699999999999999,24.52,0.4565729999999999
ERI,2005,Eritrea,7.21,17.21,70.09,1,23.3,0.0,14.941178359682311,10.0,10.253333333333334,2.1565109999999996
ERI,2005,Eritrea,7.21,17.21,70.09,1,23.3,0.0,14.941178359682311,10.0,24.52,2.1565109999999996
ERI,2006,Eritrea,3.29,9.85,77.61,0,19.8,1.4,12.77040236256594,6.56,16.39,0.7366309999999999
ERI,2006,Eritrea,3.29,9.85,77.61,0,19.8,1.4,12.77040236256594,6.56,9.17,0.7366309999999999
ERI,2006,Eritrea,11.28,15.54,70.27,1,19.8,1.4,14.971422700469224,4.26,1.8900000000000006,3.353544
ERI,2006,Eritrea,11.28,15.54,70.27,1,19.8,1.4,14.971422700469224,4.26,9.17,3.353544
ERI,2007,Eritrea,0.8,3.46,77.98,0,16.9,1.9,12.974420893454672,2.66,2.9566666666666666,0.17615999999999998
ERI,2007,Eritrea,0.8,3.46,77.98,0,16.9,1.9,12.974420893454672,2.66,4.5,0.17615999999999998
ERI,2007,Eritrea,6.18,16.02,76.82,1,16.9,1.9,15.241713251542324,9.84,12.469999999999999,1.4325240000000006
ERI,2007,Eritrea,6.18,16.02,76.82,1,16.9,1.9,15.241713251542324,9.84,4.5,1.4325240000000006
ERI,2008,Eritrea,3.54,9.58,66.34,0,22.6,1.0,12.743123141523272,6.04,17.9,1.191564
ERI,2008,Eritrea,3.54,9.58,66.34,0,22.6,1.0,12.743123141523272,6.04,21.56,1.191564
ERI,2008,Eritrea,5.07,15.83,74.49,1,22.6,1.0,15.423421380990646,10.76,16.86,1.2933570000000005
ERI,2008,Eritrea,5.07,15.83,74.49,1,22.6,1.0,15.423421380990646,10.76,21.56,1.2933570000000005
ERI,2009,Eritrea,5.84,10.09,75.3,0,22.7,0.5,13.004223733170663,4.25,-0.0766666666666671,1.44248
ERI,2009,Eritrea,5.84,10.09,75.3,0,22.7,0.5,13.004223733170663,4.25,-3.7300000000000004,1.44248
ERI,2009,Eritrea,8.8,15.18,75.39,1,22.7,0.5,15.48002905972197,6.379999999999999,-5.803333333333333,2.16568
ERI,2009,Eritrea,8.8,15.18,75.39,1,22.7,0.5,15.48002905972197,6.379999999999999,-3.7300000000000004,2.16568
ERI,2010,Eritrea,3.27,7.34,58.33,0,19.9,0.5,13.279388613162634,4.07,0.15000000000000036,1.3626090000000002
ERI,2010,Eritrea,3.27,7.34,58.33,0,19.9,0.5,13.279388613162634,4.07,4.07,1.3626090000000002
ERI,2010,Eritrea,5.38,16.39,62.75,1,19.9,0.5,15.609931081777235,11.010000000000002,5.3100000000000005,2.0040500000000003
ERI,2010,Eritrea,5.38,16.39,62.75,1,19.9,0.5,15.609931081777235,11.010000000000002,4.07,2.0040500000000003
ERI,2011,Eritrea,0.17,5.65,64.0,0,21.3,0.5,13.478744734250588,5.48,6.093333333333333,0.061200000000000004
ERI,2011,Eritrea,0.17,5.65,64.0,0,21.3,0.5,13.478744734250588,5.48,3.15,0.061200000000000004
ERI,2011,Eritrea,6.46,16.82,74.25,1,21.3,0.5,15.783929121350546,10.36,7.903333333333332,1.6634499999999997
ERI,2011,Eritrea,6.46,16.82,74.25,1,21.3,0.5,15.783929121350546,10.36,3.15,1.6634499999999997
ERI,2012,Eritrea,0.15,5.41,72.66,0,23.7,0.9,13.453413325668643,5.26,6.093333333333333,0.04101000000000001
ERI,2012,Eritrea,0.15,5.41,72.66,0,23.7,0.9,13.453413325668643,5.26,16.490000000000002,0.04101000000000001
ERI,2012,Eritrea,4.79,15.9,78.69,1,23.7,0.9,15.970869846738225,11.11,2.0566666666666658,1.0207490000000004
ERI,2012,Eritrea,4.79,15.9,78.69,1,23.7,0.9,15.970869846738225,11.11,16.490000000000002,1.0207490000000004
ERI,2013,Eritrea,0.77,6.31,80.62,0,21.3,0.9,13.40153051043558,5.539999999999999,6.093333333333334,0.14922599999999997
ERI,2013,Eritrea,0.77,6.31,80.62,0,21.3,0.9,13.40153051043558,5.539999999999999,-1.3600000000000003,0.14922599999999997
ERI,2013,Eritrea,6.3,16.23,78.42,1,21.3,0.9,15.948800065827111,9.93,5.056666666666667,1.35954
ERI,2013,Eritrea,6.3,16.23,78.42,1,21.3,0.9,15.948800065827111,9.93,-1.3600000000000003,1.35954
ERI,2014,Eritrea,0.79,4.33,50.2,0,19.0,1.5,13.149778582812068,3.54,6.613333333333333,0.39342
ERI,2014,Eritrea,0.79,4.33,50.2,0,19.0,1.5,13.149778582812068,3.54,17.68,0.39342
ERI,2014,Eritrea,8.06,13.9,58.01,1,19.0,1.5,16.229042259407382,5.84,6.9399999999999995,3.384394000000001
ERI,2014,Eritrea,8.06,13.9,58.01,1,19.0,1.5,16.229042259407382,5.84,17.68,3.384394000000001
ERI,2015,Eritrea,0.48,3.59,28.33,0,19.0,1.0,13.0740737359525,3.11,6.613333333333333,0.344016
ERI,2015,Eritrea,0.48,3.59,28.33,0,19.0,1.0,13.0740737359525,3.11,2.83,0.344016
ERI,2015,Eritrea,6.79,13.17,57.02,1,19.0,1.0,16.317067213074278,6.38,-0.913333333333334,2.9183419999999995
ERI,2015,Eritrea,6.79,13.17,57.02,1,19.0,1.0,16.317067213074278,6.38,2.83,2.9183419999999995
ERI,2016,Eritrea,0.3,3.51,60.46,0,22.9,1.0,12.948445847640873,3.21,-0.9366666666666665,0.11861999999999999
ERI,2016,Eritrea,0.3,3.51,60.46,0,22.9,1.0,12.948445847640873,3.21,-0.6699999999999999,0.11861999999999999
ERI,2016,Eritrea,6.13,12.17,57.78,1,22.9,1.0,16.30178570260257,6.04,-0.2233333333333336,2.588086
ERI,2016,Eritrea,6.13,12.17,57.78,1,22.9,1.0,16.30178570260257,6.04,-0.6699999999999999,2.588086
ERI,2017,Eritrea,0.21,3.5,65.93,0,20.5,0.5,13.07583318457479,3.29,-2.706666666666667,0.07154699999999997
ERI,2017,Eritrea,0.21,3.5,65.93,0,20.5,0.5,13.07583318457479,3.29,-4.969999999999999,0.07154699999999997
ERI,2017,Eritrea,12.52,11.51,66.35,1,20.5,0.5,16.34387116122787,0.0,0.11000000000000032,4.21298
ERI,2017,Eritrea,12.52,11.51,66.35,1,20.5,0.5,16.34387116122787,0.0,-4.969999999999999,4.21298
ERI,2018,Eritrea,0.06,3.78,55.35,0,25.0,0.5,13.106019785541266,3.72,-1.88,0.026789999999999998
ERI,2018,Eritrea,0.06,3.78,55.35,0,25.0,0.5,13.106019785541266,3.72,-2.4800000000000004,0.026789999999999998
ERI,2018,Eritrea,12.8,12.02,62.47,1,25.0,0.5,16.31298043719236,0.0,0.11000000000000032,4.80384
ERI,2018,Eritrea,12.8,12.02,62.47,1,25.0,0.5,16.31298043719236,0.0,-2.4800000000000004,4.80384
ERI,2019,Eritrea,0.02,4.73,63.19,0,21.7,0.5,13.039199875113075,4.710000000000001,-1.8099999999999996,0.007362
ERI,2019,Eritrea,0.02,4.73,63.19,0,21.7,0.5,13.039199875113075,4.710000000000001,1.81,0.007362
ERI,2019,Eritrea,4.92,12.1,57.6,1,21.7,0.5,16.329559755086976,7.18,0.6566666666666663,2.0860799999999995
ERI,2019,Eritrea,4.92,12.1,57.6,1,21.7,0.5,16.329559755086976,7.18,1.81,2.0860799999999995
ERI,2020,Eritrea,0.02,4.01,47.42,0,15.1,0.5,12.95672735953628,3.99,0.3999999999999999,0.010516000000000001
ERI,2020,Eritrea,0.02,4.01,47.42,0,15.1,0.5,12.95672735953628,3.99,-4.76,0.010516000000000001
ERI,2020,Eritrea,5.27,10.53,57.69,1,15.1,0.5,16.13856598666017,5.26,5.55,2.229737
ERI,2020,Eritrea,5.27,10.53,57.69,1,15.1,0.5,16.13856598666017,5.26,-4.76,2.229737
ERI,2021,Eritrea,0.06,3.32,60.08,0,13.7,0.5,12.805983102688588,3.26,-1.0300000000000011,0.023951999999999998
ERI,2021,Eritrea,0.06,3.32,60.08,0,13.7,0.5,12.805983102688588,3.26,4.15,0.023951999999999998
ERI,2021,Eritrea,7.42,10.05,58.37,1,13.7,0.5,16.10756480169694,2.630000000000001,4.883333333333335,3.088946
ERI,2021,Eritrea,7.42,10.05,58.37,1,13.7,0.5,16.10756480169694,2.630000000000001,4.15,3.088946
ESP,1996,Spain,10.18,12.99,25.52,1,53.2,89.5,18.531423500411247,2.8100000000000005,4.22,7.582064
ESP,1998,Spain,10.68,13.65,28.38,1,52.1,89.6,18.65927341240194,2.9700000000000006,3.98,7.649016
ESP,2000,Spain,12.13,11.86,27.08,1,65.6,88.6,18.820523709996145,0.0,2.7,8.845196000000001
ESP,2002,Spain,10.98,11.57,25.75,1,63.0,90.0,18.889974123217787,0.5899999999999999,3.45,8.15265
ESP,2003,Spain,10.91,10.91,28.19,1,41.2,89.6,19.13085633536336,0.0,13.29,7.834471
ESP,2004,Spain,9.42,9.79,34.07,1,41.7,89.4,19.32123621345709,0.3699999999999992,9.83,6.210606
ESP,2005,Spain,8.38,9.72,33.1,1,53.4,84.1,19.43381463746808,1.34,6.19,5.60622
ESP,2006,Spain,8.21,9.21,34.69,1,41.1,85.6,19.57891616748485,1.0,6.74,5.361951
ESP,2007,Spain,7.45,8.71,36.2,1,35.7,87.0,19.726821113859017,1.260000000000001,8.9,4.753099999999999
ESP,2008,Spain,7.32,8.89,36.59,1,30.3,87.5,19.7667349187948,1.5700000000000005,3.44,4.641611999999999
ESP,2009,Spain,7.12,7.97,38.64,1,30.3,88.2,19.44104371133171,0.8499999999999996,-17.14,4.368831999999999
ESP,2010,Spain,7.43,8.11,35.73,1,33.6,85.3,19.51656438046626,0.6799999999999997,5.2,4.775261
ESP,2011,Spain,6.96,8.01,37.05,1,48.3,83.1,19.61364276482748,1.0499999999999998,7.26,4.38132
ESP,2012,Spain,6.9,8.14,42.05,1,42.7,82.2,19.50824780606771,1.2400000000000002,-4.809999999999999,3.9985500000000003
ESP,2013,Spain,6.84,8.24,40.22,1,46.9,78.4,19.531018719829834,1.4000000000000004,0.54,4.088952
ESP,2014,Spain,6.46,7.8,45.37,1,55.2,76.8,19.601721368756685,1.34,2.58,3.529098
ESP,2015,Spain,6.47,8.43,45.6,1,55.7,82.8,19.48568073234895,1.96,-7.059999999999997,3.51968
ESP,2016,Spain,7.24,8.61,41.49,1,60.0,82.3,19.490758233785105,1.3699999999999992,-0.29000000000000004,4.236124
ESP,2017,Spain,6.33,8.59,51.06,1,57.1,82.3,19.587080502142296,2.26,6.16,3.0979019999999995
ESP,2018,Spain,6.38,8.97,52.34,1,56.6,81.6,19.68865587816603,2.5900000000000007,7.02,3.0407079999999995
ESP,2019,Spain,14.99,11.91,46.71,1,58.0,80.7,19.651287806283893,0.0,-2.01,7.9881709999999995
ESP,2020,Spain,7.79,9.24,46.73,1,59.0,80.2,19.51445612210652,1.4500000000000002,-6.289999999999997,4.1497329999999994
ESP,2021,Spain,7.38,9.54,51.05,1,61.8,79.2,19.75864697733505,2.1599999999999997,13.67,3.6125100000000003
EST,1996,Estonia,5.78,11.87,27.75,1,72.9,74.5,14.957204854996366,6.089999999999999,12.52,4.17605
EST,1998,Estonia,4.27,10.66,38.84,1,68.6,78.1,15.25877578464359,6.390000000000001,3.86,2.6115319999999995
EST,2000,Estonia,5.1,9.45,46.39,1,77.8,77.1,15.44958599659347,4.35,10.869999999999997,2.73411
EST,2002,Estonia,5.18,9.91,46.71,1,79.9,79.6,15.657115575517771,4.73,6.12,2.7604219999999993
EST,2003,Estonia,3.88,9.83,62.22,1,77.4,82.6,15.821871185270547,5.95,16.39,1.465864
EST,2004,Estonia,4.57,6.91,48.34,1,71.4,83.7,16.03760598349647,2.34,6.78,2.360862
EST,2005,Estonia,5.34,7.75,42.06,1,65.5,80.8,16.2737571335196,2.41,10.28,3.0939959999999993
EST,2006,Estonia,4.03,6.56,48.12,1,69.1,84.6,16.580054632370498,2.53,15.319999999999999,2.090764
EST,2007,Estonia,4.48,7.8,44.08,1,68.6,84.1,16.61551161781639,3.3199999999999994,6.62,2.5052160000000003
EST,2008,Estonia,4.17,9.03,41.89,1,65.9,85.6,16.634550458100367,4.859999999999999,2.03,2.4231869999999995
EST,2009,Estonia,4.49,7.61,44.79,1,64.5,83.9,16.19320049357154,3.12,-18.2,2.4789290000000004
EST,2010,Estonia,5.18,6.98,45.5,1,67.8,83.4,16.434277551787183,1.8000000000000007,7.89,2.8230999999999993
EST,2011,Estonia,4.31,6.12,46.1,1,67.3,87.3,16.81680399454667,1.8100000000000005,19.869999999999997,2.3230899999999997
EST,2012,Estonia,4.82,6.56,46.44,1,67.3,85.9,16.92128981292061,1.739999999999999,2.88,2.5815920000000006
EST,2013,Estonia,5.01,6.6,50.39,1,68.2,85.9,16.916075647216957,1.59,0.29000000000000004,2.485461
EST,2014,Estonia,4.95,6.67,49.4,1,72.9,88.2,16.889066080013443,1.7199999999999998,0.0,2.5047
EST,2015,Estonia,4.03,5.8,50.76,1,65.2,87.2,16.636023016752503,1.7699999999999996,-11.719999999999999,1.9843720000000005
EST,2016,Estonia,3.93,5.46,49.95,1,68.1,89.2,16.667626002279917,1.5299999999999998,-0.16000000000000014,1.9669649999999999
EST,2017,Estonia,3.05,6.09,58.91,1,68.6,89.7,16.76018197222085,3.04,5.25,1.2532450000000002
EST,2018,Estonia,3.51,6.1,58.89,1,65.1,88.8,16.84871029420269,2.59,6.83,1.442961
EST,2019,Estonia,4.4,7.63,56.0,1,67.5,87.4,16.809661399213113,3.2299999999999995,-2.960000000000001,1.936
EST,2020,Estonia,3.65,5.86,56.76,1,70.8,87.9,16.786728959265385,2.2100000000000004,-2.46,1.57826
EST,2021,Estonia,3.12,6.05,60.19,1,70.8,88.4,17.064874343563805,2.93,16.73,1.242072
FIN,1996,Finland,7.16,9.02,33.23,1,97.3,95.0,17.22730159683415,1.8599999999999997,2.24,4.7807319999999995
FIN,1998,Finland,6.74,9.56,41.15,1,98.9,95.0,17.270857428986275,2.8200000000000003,2.22,3.9664900000000003
FIN,2000,Finland,7.2,8.06,39.81,1,99.5,99.5,17.398249647139185,0.8600000000000003,3.53,4.33368
FIN,2002,Finland,6.98,7.9,35.38,1,100.0,99.5,17.402887522435844,0.92,0.2599999999999998,4.510476000000001
FIN,2003,Finland,6.37,7.13,44.12,1,100.0,99.0,17.638445595853042,0.7599999999999998,11.53,3.5595559999999997
FIN,2004,Finland,5.63,5.84,42.74,1,100.0,99.5,17.856544232703207,0.2099999999999999,10.38,3.223738
FIN,2005,Finland,5.05,6.51,40.3,1,100.0,99.5,18.00052720137874,1.46,7.42,3.0148499999999996
FIN,2006,Finland,4.87,6.18,44.12,1,100.0,97.1,18.172403373111568,1.3099999999999996,8.97,2.7213559999999997
FIN,2007,Finland,4.85,5.71,43.03,1,100.0,96.6,18.295775908387466,0.8600000000000003,8.4,2.7630449999999995
FIN,2008,Finland,4.83,6.36,43.27,1,99.5,96.6,18.433147684396417,1.5300000000000002,6.31,2.7400589999999996
FIN,2009,Finland,4.86,5.77,45.18,1,99.1,96.7,17.97819139275943,0.9099999999999993,-18.2,2.6642520000000003
FIN,2010,Finland,5.26,5.83,44.1,1,97.2,96.7,18.08774240887908,0.5700000000000003,6.32,2.9403399999999995
FIN,2011,Finland,4.76,5.68,44.21,1,98.1,96.2,18.25157672449877,0.92,10.43,2.6556040000000003
FIN,2012,Finland,4.72,5.73,47.86,1,98.1,96.7,18.18050498725429,1.010000000000001,-4.75,2.461008
FIN,2013,Finland,4.39,5.63,46.05,1,97.2,97.2,18.18396932106389,1.2400000000000002,0.98,2.368405
FIN,2014,Finland,4.15,5.48,50.38,1,96.2,97.5,18.167425059065813,1.33,-0.5300000000000002,2.05923
FIN,2015,Finland,3.6,5.43,50.66,1,85.7,96.6,17.911516144255117,1.83,-11.47,1.7762400000000003
FIN,2016,Finland,4.09,5.18,46.62,1,84.8,97.0,17.906275976854342,1.09,0.2699999999999996,2.1832420000000003
FIN,2017,Finland,3.56,5.45,55.54,1,86.7,98.5,18.021177463032537,1.89,7.64,1.582776
FIN,2018,Finland,4.03,5.83,54.47,1,77.8,98.5,18.13503894472693,1.7999999999999998,5.72,1.8348590000000002
FIN,2019,Finland,4.08,5.59,51.39,1,75.9,99.5,18.07842025634112,1.5099999999999998,-3.0,1.983288
FIN,2020,Finland,3.73,5.28,51.22,1,80.7,99.5,17.993971943062743,1.5500000000000005,-3.7699999999999996,1.819494
FIN,2021,Finland,3.5,5.44,56.68,1,83.5,99.5,18.2149751242833,1.9400000000000004,12.41,1.5162
FJI,1996,Fiji,19.43,20.27,67.19,0,73.4,56.0,13.528341060790003,0.8399999999999999,4.816666666666666,6.374983000000001
FJI,1998,Fiji,9.7,18.92,60.11,0,75.5,56.2,13.533404788992566,9.220000000000002,7.053333333333333,3.86933
FJI,2000,Fiji,8.65,26.86,68.12,1,58.7,38.3,13.485055436144163,18.21,5.32,2.7576199999999997
FJI,2002,Fiji,28.11,22.62,70.51,1,64.6,50.2,13.581153393441644,0.0,3.86,8.289638999999998
FJI,2003,Fiji,30.01,25.68,65.47,1,60.3,49.8,13.728990093184798,0.0,16.53,10.362453000000002
FJI,2004,Fiji,26.64,26.39,69.52,1,59.7,47.1,13.94982572835474,0.0,8.53,8.119872000000003
FJI,2005,Fiji,24.58,27.07,71.98,1,57.3,52.9,14.12783770529116,2.490000000000002,12.41,6.887315999999999
FJI,2006,Fiji,26.44,27.26,68.12,1,44.4,35.6,14.214480826858752,0.8200000000000003,5.94,8.429072
FJI,2007,Fiji,23.95,24.59,69.73,1,44.9,29.8,14.17460687900193,0.6400000000000006,-0.6699999999999999,7.249664999999999
FJI,2008,Fiji,19.76,20.72,70.64,1,41.8,28.4,14.375763577110469,0.9599999999999972,12.78,5.801536
FJI,2009,Fiji,28.78,21.3,64.41,1,36.0,22.7,14.065701278455336,0.0,-18.2,10.242802000000001
FJI,2010,Fiji,4.16,13.81,70.99,1,38.9,15.2,14.21701087667211,9.65,12.18,1.206816
FJI,2011,Fiji,3.96,16.14,54.76,1,43.1,16.4,14.540693005774,12.18,9.84,1.791504
FJI,2012,Fiji,5.02,15.6,53.67,1,42.2,19.7,14.517200931307965,10.58,1.6100000000000003,2.3257659999999993
FJI,2013,Fiji,3.82,17.34,64.89,1,44.1,23.0,14.87071629279206,13.52,12.0,1.3412019999999998
FJI,2014,Fiji,4.45,17.91,72.2,1,64.3,41.9,14.678530989830923,13.46,7.25,1.2371
FJI,2015,Fiji,5.81,18.19,70.3,1,63.8,48.8,14.614478177900915,12.380000000000004,-16.47,1.72557
FJI,2016,Fiji,6.69,17.61,64.48,1,78.6,48.8,14.555346047724228,10.919999999999998,0.7500000000000004,2.3762879999999997
FJI,2017,Fiji,7.33,17.32,63.26,1,65.7,50.2,14.583273378578497,9.99,2.24,2.6930420000000006
FJI,2018,Fiji,10.12,28.55,66.2,1,74.1,51.5,14.75269536442651,18.43,6.5,3.4205599999999996
FJI,2019,Fiji,16.07,33.98,80.66,1,72.6,46.4,14.845279563956469,17.909999999999997,0.9500000000000006,3.1079380000000003
FJI,2020,Fiji,7.61,14.22,76.44,1,68.4,50.2,14.22649012678029,6.61,-18.2,1.7929160000000004
FJI,2021,Fiji,7.05,14.27,71.05,1,69.3,39.1,14.566639275172289,7.22,10.57,2.040975
FRA,1996,France,11.06,12.27,28.84,1,76.6,89.0,19.4023862498174,1.209999999999999,0.28000000000000025,7.870296000000001
FRA,1998,France,11.1,12.72,32.03,1,69.7,86.1,19.454470080494023,1.620000000000001,3.59,7.544669999999999
FRA,2000,France,11.33,10.34,29.54,1,74.1,86.1,19.558953656466805,0.0,2.95,7.983118
FRA,2002,France,11.11,10.39,26.44,1,79.4,85.6,19.58328401998253,0.0,1.6799999999999997,8.172516
FRA,2003,France,10.53,10.18,28.26,1,50.3,85.1,19.761437692296443,0.0,9.23,7.554222
FRA,2004,France,9.0,8.67,33.43,1,56.3,91.8,19.932158506747523,0.0,9.45,5.9913
FRA,2005,France,8.53,8.93,32.67,1,57.8,92.8,20.00958923778626,0.4000000000000003,4.68,5.743249
FRA,2006,France,8.25,8.42,33.62,1,64.3,91.8,20.130134009137635,0.1699999999999999,5.53,5.476349999999999
FRA,2007,France,7.65,7.8,35.28,1,64.7,91.3,20.25909537475769,0.1499999999999994,7.41,4.95108
FRA,2008,France,7.55,8.26,35.94,1,64.9,91.3,20.36952654501876,0.71,6.62,4.836530000000001
FRA,2009,France,7.23,7.59,37.61,1,63.5,90.5,20.16394054155394,0.3599999999999994,-11.810000000000002,4.510797
FRA,2010,France,7.56,7.84,34.68,1,68.7,90.0,20.190909176319632,0.2800000000000002,5.29,4.938192
FRA,2011,France,7.65,7.9,36.57,1,65.4,88.7,20.3441596672144,0.25,9.14,4.8523950000000005
FRA,2012,France,6.83,7.78,40.78,1,63.5,89.7,20.266719842374744,0.9500000000000002,-3.3499999999999996,4.044726000000001
FRA,2013,France,7.14,7.76,39.78,1,62.1,89.7,20.281545503034856,0.6200000000000001,0.33999999999999986,4.299708
FRA,2014,France,7.05,7.44,43.59,1,58.1,89.7,20.27044717577325,0.3900000000000005,-0.8499999999999996,3.9769050000000004
FRA,2015,France,6.95,8.17,44.58,1,51.4,89.7,20.107141905476528,1.2199999999999998,-7.599999999999998,3.85169
FRA,2016,France,7.3,7.92,40.93,1,42.9,85.2,20.10656438132556,0.6200000000000001,-0.25,4.31211
FRA,2017,France,5.69,7.6,53.68,1,56.2,85.7,20.19029166983565,1.9099999999999997,4.58,2.6356080000000004
FRA,2018,France,7.08,8.28,47.66,1,48.1,86.9,20.2768113213521,1.1999999999999993,3.7,3.7056720000000007
FRA,2019,France,21.04,13.65,44.77,1,57.1,85.5,20.24260176310201,0.0,-1.2299999999999995,11.620391999999999
FRA,2020,France,6.66,7.98,45.54,1,56.1,82.1,20.130413469493167,1.3200000000000005,-4.809999999999999,3.627036
FRA,2021,France,6.51,8.17,50.21,1,56.6,85.5,20.34320090142948,1.66,10.75,3.241329
FSM,2004,"Micronesia, Federated States of",8.71,10.25,30.42,1,81.1,75.0,11.26164925024489,1.5399999999999991,12.35,6.060418
FSM,2005,"Micronesia, Federated States of",3.55,9.75,33.88,1,87.9,79.3,11.05785616145909,6.2,-1.6100000000000012,2.34726
FSM,2006,"Micronesia, Federated States of",3.08,10.06,32.55,1,90.3,84.1,11.16515688422629,6.98,3.71,2.0774600000000003
FSM,2007,"Micronesia, Federated States of",2.9,9.64,41.21,1,92.3,82.7,11.37473627017896,6.74,2.76,1.70491
FSM,2008,"Micronesia, Federated States of",3.09,8.8,30.43,1,92.3,85.1,11.509152355737704,5.710000000000001,4.95,2.1497129999999998
FSM,2009,"Micronesia, Federated States of",4.44,8.85,23.3,1,93.8,83.4,11.785762772091957,4.409999999999999,3.23,3.4054800000000003
FSM,2010,"Micronesia, Federated States of",4.91,10.39,31.99,1,91.0,82.0,11.436579374713045,5.48,-0.9100000000000001,3.3392910000000002
FSM,2011,"Micronesia, Federated States of",5.12,10.1,33.71,1,87.7,77.5,11.572343523888192,4.98,5.84,3.394048
FSM,2012,"Micronesia, Federated States of",4.9,9.25,39.21,1,89.6,77.9,11.810687092598622,4.35,1.4699999999999998,2.9787100000000004
FSM,2013,"Micronesia, Federated States of",4.11,9.42,45.33,1,88.6,78.9,11.67795478579726,5.31,-1.5499999999999998,2.246937
FSM,2014,"Micronesia, Federated States of",5.06,8.59,60.38,0,81.4,83.7,11.91567856557492,3.53,2.256666666666667,2.004772
FSM,2015,"Micronesia, Federated States of",3.94,8.97,60.55,0,85.2,85.2,12.062820155776423,5.030000000000001,-1.3366666666666678,1.5543300000000002
FSM,2016,"Micronesia, Federated States of",6.08,8.85,59.62,0,88.1,85.7,12.108656379482357,2.77,-1.5333333333333332,2.4551040000000004
FSM,2017,"Micronesia, Federated States of",5.09,8.79,56.96,0,90.5,85.2,12.26325195081856,3.6999999999999993,-1.206666666666667,2.190736
FSM,2018,"Micronesia, Federated States of",5.27,10.36,51.18,0,94.3,86.4,11.798151173027646,5.09,-1.1933333333333342,2.5728139999999997
FSM,2019,"Micronesia, Federated States of",4.47,10.48,52.36,0,84.9,86.0,11.783536553787762,6.010000000000001,-1.3566666666666665,2.129508
FSM,2020,"Micronesia, Federated States of",4.24,9.99,58.03,0,88.2,87.0,11.879345263207725,5.75,6.583333333333334,1.779528
FSM,2021,"Micronesia, Federated States of",3.8,9.48,47.6,0,93.9,86.0,11.815321578028728,5.680000000000001,6.583333333333334,1.9912
GAB,1996,Gabon,2.63,6.4,82.59,1,52.1,40.0,13.639178237832136,3.770000000000001,5.783333333333333,0.45788299999999976
GAB,1998,Gabon,2.35,5.07,83.75,1,58.5,38.3,13.74205778804176,2.72,10.7,0.38187499999999996
GAB,2000,Gabon,3.28,4.74,82.85,1,70.4,33.8,14.392535562252004,1.4600000000000004,2.86,0.5625200000000002
GAB,2002,Gabon,3.32,6.11,77.75,1,61.4,32.8,14.30834790849786,2.7900000000000005,-13.77,0.7387
GAB,2003,Gabon,2.9,6.2,74.35,1,55.3,28.9,14.44462067030478,3.3000000000000003,5.83,0.7438500000000001
GAB,2004,Gabon,2.83,5.42,82.59,1,60.7,25.5,14.61093638208906,2.59,7.5,0.4927029999999998
GAB,2005,Gabon,2.88,6.38,76.39,1,55.8,24.0,14.680751052225975,3.5,22.73,0.6799679999999999
GAB,2006,Gabon,2.03,4.96,75.59,1,53.1,21.2,14.81033393609675,2.93,9.05,0.49552299999999994
GAB,2007,Gabon,0.97,3.92,80.85,1,54.1,24.5,15.134439705279188,2.95,10.58,0.185755
GAB,2008,Gabon,1.02,3.95,80.4,1,53.4,25.0,15.266805320257475,2.93,10.21,0.19991999999999996
GAB,2009,Gabon,1.58,4.22,64.04,1,49.3,20.9,15.116522036477951,2.64,-1.2199999999999998,0.5681679999999999
GAB,2010,Gabon,1.12,3.02,70.23,0,54.5,24.6,15.228142253986718,1.9,3.8499999999999996,0.333424
GAB,2011,Gabon,0.82,2.74,70.27,0,60.2,22.5,15.533634662060262,1.9200000000000004,16.053333333333335,0.243786
GAB,2012,Gabon,1.3,2.78,68.72,0,56.9,24.4,15.48422765481381,1.4799999999999998,2.8966666666666665,0.40663999999999995
GAB,2013,Gabon,1.32,2.45,64.01,0,58.8,24.4,15.714876341156256,1.13,2.293333333333334,0.47506800000000005
GAB,2014,Gabon,1.25,2.53,34.85,0,51.9,23.6,15.624552262011877,1.2799999999999998,5.706666666666667,0.814375
GAB,2015,Gabon,1.32,2.79,30.58,0,47.1,23.2,15.40359391015699,1.47,-3.976666666666665,0.916344
GAB,2016,Gabon,1.26,2.52,29.51,0,42.4,22.7,15.074850232440363,1.26,-7.686666666666666,0.888174
GAB,2017,Gabon,1.49,3.05,29.07,0,40.5,19.7,15.041648951474034,1.5599999999999998,-1.0700000000000003,1.0568570000000002
GAB,2018,Gabon,1.3,2.48,29.67,0,37.7,21.8,15.088015065055211,1.18,0.9100000000000001,0.91429
GAB,2019,Gabon,0.78,3.28,29.57,0,45.3,20.3,14.998770054230151,2.5,-3.3866666666666667,0.549354
GAB,2020,Gabon,1.4,3.18,27.5,0,45.8,21.7,14.946596487216974,1.7800000000000002,-7.270000000000001,1.015
GAB,2021,Gabon,1.25,2.85,31.21,0,45.8,23.2,14.927128133414902,1.6,3.4866666666666672,0.859875
GBR,1996,United Kingdom of Great Britain and Northern Ireland,11.48,12.0,30.52,1,78.7,87.0,19.410806561658728,0.5199999999999996,3.99,7.976304000000002
GBR,1998,United Kingdom of Great Britain and Northern Ireland,10.21,12.14,35.08,1,78.2,87.1,19.513132321987072,1.93,1.1,6.628332
GBR,2000,United Kingdom of Great Britain and Northern Ireland,9.54,9.12,31.36,1,81.5,91.5,19.62255732834367,0.0,9.01,6.548255999999999
GBR,2002,United Kingdom of Great Britain and Northern Ireland,8.95,9.33,29.59,1,69.3,90.5,19.64105015259934,0.3800000000000008,1.8399999999999999,6.301694999999999
GBR,2003,United Kingdom of Great Britain and Northern Ireland,9.25,9.25,31.34,1,54.3,90.5,19.774736341198388,0.0,6.92,6.35105
GBR,2004,United Kingdom of Great Britain and Northern Ireland,8.17,7.86,37.28,1,49.5,95.2,19.93343818777512,0.0,8.73,5.124224
GBR,2005,United Kingdom of Great Britain and Northern Ireland,7.25,7.98,35.69,1,50.5,92.3,19.98346032516356,0.7300000000000004,2.51,4.662475
GBR,2006,United Kingdom of Great Britain and Northern Ireland,7.29,7.69,36.78,1,66.2,94.2,20.09570156422484,0.4000000000000003,7.86,4.608738
GBR,2007,United Kingdom of Great Britain and Northern Ireland,6.97,7.2,37.21,1,66.2,92.8,20.267178729376568,0.2300000000000004,5.16,4.376463
GBR,2008,United Kingdom of Great Britain and Northern Ireland,6.18,7.36,37.54,1,61.1,92.3,20.34131258512237,1.1800000000000006,1.85,3.8600280000000002
GBR,2009,United Kingdom of Great Britain and Northern Ireland,5.91,6.37,39.06,1,48.3,91.9,20.094689386405324,0.4599999999999999,-11.53,3.6015539999999997
GBR,2010,United Kingdom of Great Britain and Northern Ireland,6.72,6.89,37.46,1,60.2,91.9,20.13592536452962,0.1699999999999999,6.63,4.202687999999999
GBR,2011,United Kingdom of Great Britain and Northern Ireland,6.33,7.06,38.65,1,58.8,92.0,20.2905726248614,0.7299999999999995,6.93,3.8834549999999997
GBR,2012,United Kingdom of Great Britain and Northern Ireland,6.32,6.92,41.04,1,59.7,92.5,20.307729480508502,0.5999999999999996,-2.0,3.7262720000000003
GBR,2013,United Kingdom of Great Britain and Northern Ireland,6.19,7.41,40.22,1,63.0,92.5,20.274209671593837,1.2199999999999998,-2.34,3.7003820000000003
GBR,2014,United Kingdom of Great Britain and Northern Ireland,5.62,6.7,46.24,1,59.5,90.1,20.3013839670669,1.08,2.79,3.021312
GBR,2015,United Kingdom of Great Britain and Northern Ireland,5.35,7.34,44.65,1,61.4,92.1,20.21481967207143,1.99,-4.73,2.9612249999999998
GBR,2016,United Kingdom of Great Britain and Northern Ireland,6.16,7.31,41.94,1,58.1,93.1,20.24454897477902,1.1499999999999997,0.48,3.576496
GBR,2017,United Kingdom of Great Britain and Northern Ireland,5.02,7.0,52.64,1,60.5,93.6,20.24708027737969,1.9800000000000004,0.35999999999999943,2.377472
GBR,2018,United Kingdom of Great Britain and Northern Ireland,5.75,7.39,50.13,1,50.5,93.2,20.28736157621945,1.6399999999999997,2.37,2.8675249999999997
GBR,2019,United Kingdom of Great Britain and Northern Ireland,7.43,8.07,47.87,1,62.3,91.8,20.30429657882329,0.6400000000000006,1.54,3.8732590000000005
GBR,2020,United Kingdom of Great Britain and Northern Ireland,5.38,6.9,47.54,1,61.3,88.9,20.60942918272824,1.5200000000000005,-4.300000000000001,2.822348
GBR,2021,United Kingdom of Great Britain and Northern Ireland,3.7,6.82,68.62,1,60.8,89.9,20.73391405901882,3.12,4.18,1.16106
GEO,1996,Georgia,9.56,16.32,27.58,1,7.4,38.5,13.803953097069176,6.76,5.449999999999999,6.9233519999999995
GEO,1998,Georgia,5.09,11.08,33.9,1,8.0,39.3,13.89561534678766,5.99,-3.3100000000000005,3.36449
GEO,2000,Georgia,1.97,7.26,46.87,1,20.6,42.3,14.003623694469608,5.29,8.45,1.0466610000000003
GEO,2000,Georgia,1.97,7.26,46.87,1,20.6,42.3,14.003623694469608,5.29,4.303333333333334,1.0466610000000003
GEO,2000,Georgia,7.75,9.29,83.87,0,20.6,42.3,5.343720850001886,1.5399999999999991,8.45,1.250075
GEO,2000,Georgia,7.75,9.29,83.87,0,20.6,42.3,5.343720850001886,1.5399999999999991,15.956666666666667,1.250075
GEO,2002,Georgia,3.98,8.29,45.81,1,16.4,33.8,14.080935717723866,4.309999999999999,2.77,2.156762
GEO,2002,Georgia,3.98,8.29,45.81,1,16.4,33.8,14.080935717723866,4.309999999999999,5.693333333333333,2.156762
GEO,2002,Georgia,39.36,19.88,84.37,0,16.4,33.8,9.252216211007196,0.0,2.77,6.151968
GEO,2002,Georgia,39.36,19.88,84.37,0,16.4,33.8,9.252216211007196,0.0,2.433333333333333,6.151968
GEO,2003,Georgia,3.88,6.56,53.78,1,11.6,42.3,14.513051705895029,2.68,19.769999999999996,1.7933359999999998
GEO,2003,Georgia,3.88,6.56,53.78,1,11.6,42.3,14.513051705895029,2.68,16.85,1.7933359999999998
GEO,2003,Georgia,0.09,6.6,78.57,0,11.6,42.3,9.132869520909052,6.51,19.769999999999996,0.019287000000000002
GEO,2003,Georgia,0.09,6.6,78.57,0,11.6,42.3,9.132869520909052,6.51,16.316666666666663,0.019287000000000002
GEO,2004,Georgia,2.15,5.46,53.94,1,19.4,46.6,14.881338846125775,3.31,27.17,0.99029
GEO,2004,Georgia,2.15,5.46,53.94,1,19.4,46.6,14.881338846125775,3.31,14.436666666666667,0.99029
GEO,2004,Georgia,0.11,10.83,90.93,0,19.4,46.6,8.719204624052127,10.72,27.17,0.009976999999999988
GEO,2004,Georgia,0.11,10.83,90.93,0,19.4,46.6,8.719204624052127,10.72,17.433333333333337,0.009976999999999988
GEO,2005,Georgia,3.26,7.81,58.14,1,25.2,47.6,15.036300487406525,4.55,16.15,1.3646359999999997
GEO,2005,Georgia,3.26,7.81,58.14,1,25.2,47.6,15.036300487406525,4.55,13.716666666666667,1.3646359999999997
GEO,2005,Georgia,0.54,4.86,97.19,0,25.2,47.6,8.158218462140164,4.32,16.15,0.015174000000000009
GEO,2005,Georgia,0.54,4.86,97.19,0,25.2,47.6,8.158218462140164,4.32,12.066666666666666,0.015174000000000009
GEO,2006,Georgia,1.79,6.2,67.01,1,17.9,43.8,15.381397524424957,4.41,21.48,0.590521
GEO,2006,Georgia,1.79,6.2,67.01,1,17.9,43.8,15.381397524424957,4.41,17.346666666666664,0.590521
GEO,2006,Georgia,23.89,24.76,87.17,0,17.9,43.8,8.987694196949876,0.870000000000001,21.48,3.0650869999999992
GEO,2006,Georgia,23.89,24.76,87.17,0,17.9,43.8,8.987694196949876,0.870000000000001,8.033333333333333,3.0650869999999992
GEO,2007,Georgia,1.57,6.4,61.85,1,24.6,38.5,15.659092878589812,4.83,19.12,0.5989549999999999
GEO,2007,Georgia,1.57,6.4,61.85,1,24.6,38.5,15.659092878589812,4.83,14.423333333333332,0.5989549999999999
GEO,2007,Georgia,1.12,12.16,59.66,0,24.6,38.5,8.92603127132062,11.04,19.12,0.45180800000000004
GEO,2007,Georgia,1.12,12.16,59.66,0,24.6,38.5,8.92603127132062,11.04,18.15,0.45180800000000004
GEO,2008,Georgia,1.22,6.08,65.7,1,16.8,39.4,15.955105423358216,4.86,7.77,0.41845999999999994
GEO,2008,Georgia,1.22,6.08,65.7,1,16.8,39.4,15.955105423358216,4.86,3.003333333333333,0.41845999999999994
GEO,2008,Georgia,11.16,16.67,88.67,0,16.8,39.4,8.154675497522806,5.510000000000002,7.77,1.2644279999999994
GEO,2008,Georgia,11.16,16.67,88.67,0,16.8,39.4,8.154675497522806,5.510000000000002,12.85,1.2644279999999994
GEO,2009,Georgia,1.57,5.76,69.21,1,17.5,41.2,15.551585884315992,4.19,-14.030000000000001,0.48340300000000014
GEO,2009,Georgia,1.57,5.76,69.21,1,17.5,41.2,15.551585884315992,4.19,-15.176666666666666,0.48340300000000014
GEO,2009,Georgia,0.13,7.76,90.61,0,17.5,41.2,10.24480695123498,7.63,-14.030000000000001,0.012206999999999999
GEO,2009,Georgia,0.13,7.76,90.61,0,17.5,41.2,10.24480695123498,7.63,0.35999999999999943,0.012206999999999999
GEO,2010,Georgia,1.24,5.09,61.14,1,24.2,41.7,15.76383831225555,3.85,8.16,0.4818639999999999
GEO,2010,Georgia,1.24,5.09,61.14,1,24.2,41.7,15.76383831225555,3.85,2.6166666666666667,0.4818639999999999
GEO,2010,Georgia,1.89,10.66,88.05,0,24.2,41.7,10.31591304751868,8.77,8.16,0.22585500000000008
GEO,2010,Georgia,1.89,10.66,88.05,0,24.2,41.7,10.31591304751868,8.77,11.2,0.22585500000000008
GEO,2011,Georgia,1.42,5.45,62.95,1,27.0,41.8,16.10213151655317,4.03,16.22,0.5261099999999999
GEO,2011,Georgia,1.42,5.45,62.95,1,27.0,41.8,16.10213151655317,4.03,17.54333333333333,0.5261099999999999
GEO,2011,Georgia,0.16,9.1,80.71,0,27.0,41.8,9.985298388456924,8.94,16.22,0.030864000000000013
GEO,2011,Georgia,0.16,9.1,80.71,0,27.0,41.8,9.985298388456924,8.94,11.2,0.030864000000000013
GEO,2012,Georgia,1.3,5.99,70.39,1,24.2,50.2,16.253983345945716,4.69,6.72,0.38493000000000005
GEO,2012,Georgia,1.3,5.99,70.39,1,24.2,50.2,16.253983345945716,4.69,4.823333333333333,0.38493000000000005
GEO,2012,Georgia,24.8,14.03,71.15,0,24.2,50.2,7.466559308959773,0.0,6.72,7.1548
GEO,2012,Georgia,24.8,14.03,71.15,0,24.2,50.2,7.466559308959773,0.0,-0.27000000000000046,7.1548
GEO,2013,Georgia,2.02,6.93,69.85,1,31.3,55.4,16.301925821721756,4.91,-0.20000000000000018,0.6090300000000002
GEO,2013,Georgia,2.02,6.93,69.85,1,31.3,55.4,16.301925821721756,4.91,3.623333333333333,0.6090300000000002
GEO,2013,Georgia,7.26,6.55,87.35,0,31.3,55.4,6.7369788203277015,0.0,-0.20000000000000018,0.9183900000000004
GEO,2013,Georgia,7.26,6.55,87.35,0,31.3,55.4,6.7369788203277015,0.0,-1.5,0.9183900000000004
GEO,2014,Georgia,2.39,6.26,37.24,1,34.8,57.6,16.293898145599478,3.87,3.55,1.4999639999999999
GEO,2014,Georgia,2.39,6.26,37.24,1,34.8,57.6,16.293898145599478,3.87,-4.120000000000001,1.4999639999999999
GEO,2014,Georgia,1.04,3.16,89.97,0,34.8,57.6,6.983613860781381,2.12,3.55,0.10431200000000006
GEO,2014,Georgia,1.04,3.16,89.97,0,34.8,57.6,6.983613860781381,2.12,1.2033333333333331,0.10431200000000006
GEO,2015,Georgia,1.29,7.16,80.16,1,29.5,56.7,16.058457646649728,5.87,-7.850000000000001,0.25593600000000005
GEO,2015,Georgia,1.29,7.16,80.16,1,29.5,56.7,16.058457646649728,5.87,4.22,0.25593600000000005
GEO,2015,Georgia,3.99,6.15,83.98,0,29.5,56.7,6.123522980460424,2.16,-7.850000000000001,0.639198
GEO,2015,Georgia,3.99,6.15,83.98,0,29.5,56.7,6.123522980460424,2.16,-1.5,0.639198
GEO,2016,Georgia,1.58,6.88,78.7,1,33.8,55.7,16.073085233687184,5.3,0.2599999999999998,0.33653999999999995
GEO,2016,Georgia,1.58,6.88,78.7,1,33.8,55.7,16.073085233687184,5.3,-1.3633333333333333,0.33653999999999995
GEO,2016,Georgia,0.09,3.55,71.97,0,33.8,55.7,7.180389701294351,3.46,0.2599999999999998,0.025227
GEO,2016,Georgia,0.09,3.55,71.97,0,33.8,55.7,7.180389701294351,3.46,5.263333333333333,0.025227
GEO,2017,Georgia,1.54,6.93,81.11,1,31.4,54.7,16.16370594756067,5.39,4.76,0.29090599999999994
GEO,2017,Georgia,1.54,6.93,81.11,1,31.4,54.7,16.16370594756067,5.39,0.7299999999999991,0.29090599999999994
GEO,2017,Georgia,0.51,8.13,76.5,0,31.4,54.7,7.319646362878601,7.620000000000001,4.76,0.11985
GEO,2017,Georgia,0.51,8.13,76.5,0,31.4,54.7,7.319646362878601,7.620000000000001,1.5100000000000002,0.11985
GEO,2018,Georgia,1.41,9.03,80.59,1,30.2,55.8,16.275651906082615,7.619999999999999,7.79,0.2736809999999999
GEO,2018,Georgia,1.41,9.03,80.59,1,30.2,55.8,16.275651906082615,7.619999999999999,5.22,0.2736809999999999
GEO,2018,Georgia,1.43,8.94,82.04,0,30.2,55.8,5.87958281445989,7.51,7.79,0.25682799999999995
GEO,2018,Georgia,1.43,8.94,82.04,0,30.2,55.8,5.87958281445989,7.51,1.5100000000000002,0.25682799999999995
GEO,2019,Georgia,2.14,33.84,82.28,1,27.4,52.7,16.317633141131278,31.700000000000003,0.8399999999999999,0.3792080000000001
GEO,2019,Georgia,2.14,33.84,82.28,1,27.4,52.7,16.317633141131278,31.700000000000003,-2.216666666666667,0.3792080000000001
GEO,2019,Georgia,1.06,15.09,70.71,0,27.4,52.7,7.375023921559189,14.03,0.8399999999999999,0.3104740000000001
GEO,2019,Georgia,1.06,15.09,70.71,0,27.4,52.7,7.375023921559189,14.03,-0.8066666666666666,0.3104740000000001
GEO,2020,Georgia,1.94,10.47,79.84,1,32.5,49.8,16.11509102358295,8.530000000000001,-8.02,0.391104
GEO,2020,Georgia,1.94,10.47,79.84,1,32.5,49.8,16.11509102358295,8.530000000000001,1.1233333333333326,0.391104
GEO,2020,Georgia,2.95,10.61,59.14,0,32.5,49.8,6.639169702221344,7.659999999999999,-8.02,1.20537
GEO,2020,Georgia,2.95,10.61,59.14,0,32.5,49.8,6.639169702221344,7.659999999999999,1.5100000000000002,1.20537
GEO,2021,Georgia,1.47,7.49,81.86,1,30.2,47.3,16.33584077454731,6.0200000000000005,11.98,0.266658
GEO,2021,Georgia,1.47,7.49,81.86,1,30.2,47.3,16.33584077454731,6.0200000000000005,17.223333333333333,0.266658
GEO,2021,Georgia,4.35,7.62,30.13,0,30.2,47.3,6.354909025953534,3.2700000000000005,11.98,3.0393449999999995
GEO,2021,Georgia,4.35,7.62,30.13,0,30.2,47.3,6.354909025953534,3.2700000000000005,5.263333333333333,3.0393449999999995
GHA,1996,Ghana,2.38,8.94,60.28,1,38.3,44.0,14.763610160717604,6.56,3.5366666666666666,0.945336
GHA,1998,Ghana,2.02,10.02,70.04,1,38.8,44.8,14.846626283688666,8.0,-6.809999999999999,0.605192
GHA,2000,Ghana,2.5,9.56,72.07,1,33.3,52.7,15.123287174313422,7.0600000000000005,-1.7300000000000004,0.6982500000000003
GHA,2002,Ghana,2.59,9.9,61.56,1,41.3,49.8,15.115646717128095,7.31,-7.33,0.9955959999999998
GHA,2003,Ghana,3.7,10.45,60.32,1,42.2,57.2,15.364497895809842,6.749999999999999,8.87,1.4681600000000001
GHA,2004,Ghana,3.61,9.93,62.57,1,47.1,54.3,15.531155742456791,6.32,12.65,1.3512229999999998
GHA,2005,Ghana,3.79,10.71,60.63,1,51.9,57.2,15.6165360232818,6.920000000000001,9.43,1.4921229999999999
GHA,2006,Ghana,3.62,9.05,59.46,1,46.4,58.7,15.954087744071934,5.430000000000001,4.51,1.467548
GHA,2007,Ghana,2.98,9.05,63.88,1,40.6,60.6,16.173511205345132,6.07,16.87,1.076376
GHA,2008,Ghana,3.16,9.23,67.45,1,43.8,58.7,16.458374604259493,6.07,11.56,1.02858
GHA,2009,Ghana,2.81,9.44,65.17,1,45.0,61.6,16.210956922815644,6.629999999999999,-15.52,0.9787229999999999
GHA,2010,Ghana,3.09,9.14,66.05,1,46.9,63.0,16.40456733543603,6.050000000000001,11.61,1.049055
GHA,2011,Ghana,3.03,6.62,65.67,1,52.6,62.4,16.749294764521967,3.5900000000000003,25.1,1.0401989999999997
GHA,2012,Ghana,2.49,6.15,65.56,1,50.7,62.0,16.965030738980158,3.66,3.8,0.8575559999999999
GHA,2013,Ghana,1.57,5.78,65.94,1,47.9,62.4,16.916432861744276,4.21,-2.960000000000001,0.534742
GHA,2014,Ghana,1.72,5.58,64.12,1,41.4,61.6,16.792161422351754,3.86,14.58,0.617136
GHA,2015,Ghana,0.98,5.76,82.12,1,44.3,64.0,16.73088970166875,4.779999999999999,-6.460000000000003,0.17522399999999996
GHA,2016,Ghana,1.56,5.91,85.01,1,41.0,67.5,16.6810715548047,4.35,-12.05,0.23384399999999989
GHA,2017,Ghana,1.43,5.44,83.36,1,50.0,67.0,16.70518042903995,4.010000000000001,5.8,0.23795199999999997
GHA,2018,Ghana,1.09,5.04,82.53,1,45.3,67.0,16.692266754470936,3.95,-3.3499999999999996,0.19042299999999998
GHA,2019,Ghana,1.46,6.0,82.47,1,52.8,64.7,16.82616776551987,4.54,-6.26,0.255938
GHA,2020,Ghana,1.58,5.91,81.35,0,52.8,63.3,16.782454507741942,4.33,2.356666666666667,0.2946700000000002
GHA,2021,Ghana,1.37,5.25,81.78,0,50.0,60.9,16.996056855367236,3.88,11.713333333333333,0.24961400000000006
GIN,1996,Guinea,0.56,7.46,72.32,1,13.3,13.5,13.516696352606292,6.9,-11.05,0.15500800000000003
GIN,1998,Guinea,0.62,7.07,77.53,1,27.1,14.9,13.433607604207078,6.45,-6.949999999999999,0.139314
GIN,2000,Guinea,0.43,6.98,82.31,1,4.2,14.9,13.784406152693508,6.550000000000001,5.3,0.07606699999999998
GIN,2002,Guinea,1.39,6.29,80.31,1,11.6,12.4,14.049255412361662,4.9,5.74,0.2736909999999999
GIN,2003,Guinea,1.23,6.38,80.63,0,23.6,12.9,14.076937021295247,5.15,29.16,0.2382510000000001
GIN,2004,Guinea,1.15,5.05,82.18,1,17.5,12.5,14.166362649957325,3.9,13.216666666666667,0.2049299999999999
GIN,2005,Guinea,1.73,5.1,77.8,1,16.0,13.9,14.3515479590435,3.37,29.16,0.38405999999999996
GIN,2006,Guinea,1.2,5.39,75.64,1,3.4,13.0,14.492100800774477,4.19,-18.2,0.29232
GIN,2007,Guinea,0.8,4.78,73.01,1,1.9,9.6,14.721165303737417,3.98,9.75,0.21591999999999995
GIN,2008,Guinea,0.87,4.34,73.81,1,2.4,9.1,15.022941914597252,3.47,19.68,0.22785300000000003
GIN,2009,Guinea,0.84,4.6,78.29,0,2.8,10.9,14.86180760216151,3.76,-0.1200000000000001,0.18236399999999997
GIN,2010,Guinea,1.85,4.08,63.9,0,4.7,22.3,14.870275728954253,2.23,7.033333333333333,0.66785
GIN,2011,Guinea,2.44,5.01,50.33,0,10.0,23.9,15.251309385222047,2.57,4.43,1.211948
GIN,2012,Guinea,1.25,4.42,80.24,0,11.4,17.8,15.338970535223751,3.17,6.696666666666667,0.247
GIN,2013,Guinea,1.71,4.09,76.81,1,11.8,18.3,15.512793372409485,2.38,1.2233333333333332,0.396549
GIN,2014,Guinea,1.05,3.69,62.8,1,14.3,24.1,15.42527931766238,2.64,2.23,0.3906
GIN,2015,Guinea,1.02,3.95,68.47,1,32.9,24.1,15.283985117618665,2.93,-7.68,0.32160600000000006
GIN,2016,Guinea,1.8,4.56,68.98,1,31.4,25.1,15.316464426044352,2.76,27.25,0.5583599999999999
GIN,2017,Guinea,3.44,4.04,58.66,0,21.4,25.1,15.482932636100282,0.6000000000000001,-5.616666666666667,1.422096
GIN,2018,Guinea,0.12,4.13,59.86,0,16.5,25.7,15.537098175266705,4.01,9.223333333333333,0.048167999999999996
GIN,2019,Guinea,0.21,4.7,70.44,0,17.9,25.6,15.524088497873697,4.49,-9.833333333333334,0.06207599999999999
GIN,2020,Guinea,0.42,4.5,68.18,0,22.2,23.2,15.585353232618628,4.08,-11.943333333333332,0.13364399999999996
GIN,2021,Guinea,0.4,3.99,65.92,0,17.5,21.3,15.6557483109861,3.5900000000000003,2.2500000000000004,0.13632
GMB,1996,Gambia,1.38,15.27,64.49,1,64.9,13.0,12.504605744572055,13.89,1.0700000000000003,0.4900380000000001
GMB,1998,Gambia,1.75,12.88,65.88,1,69.1,20.9,12.614244354154971,11.13,0.21999999999999975,0.5971000000000001
GMB,2000,Gambia,1.64,12.81,85.79,1,69.3,16.4,12.893879516988909,11.17,-0.45999999999999996,0.2330439999999998
GMB,2002,Gambia,3.86,13.8,79.52,1,74.1,28.4,13.106319052832577,9.94,9.8,0.7905280000000003
GMB,2003,Gambia,4.66,11.81,80.92,1,58.3,33.8,13.326932397243883,7.15,-0.7599999999999998,0.8891279999999999
GMB,2004,Gambia,7.71,12.77,85.55,1,51.9,27.4,13.408696255102058,5.06,22.17,1.1140950000000005
GMB,2005,Gambia,12.08,13.0,78.12,1,53.9,19.2,13.482546267299716,0.92,4.91,2.643104
GMB,2006,Gambia,3.93,12.38,69.75,1,44.0,24.0,13.56639173899678,8.450000000000001,-0.46999999999999975,1.188825
GMB,2007,Gambia,11.18,11.47,76.93,1,43.5,23.6,13.743149079801665,0.2900000000000009,11.850000000000001,2.579225999999999
GMB,2008,Gambia,1.61,10.03,69.5,1,46.6,23.6,13.803550601966492,8.42,-5.539999999999999,0.4910500000000001
GMB,2009,Gambia,1.03,10.06,77.07,1,48.8,19.0,13.749803364862238,9.03,-3.1400000000000015,0.23617900000000006
GMB,2010,Gambia,2.69,9.15,62.12,1,48.8,16.1,13.726164042113403,6.460000000000001,-8.720000000000002,1.018972
GMB,2011,Gambia,6.65,9.21,72.68,1,47.4,13.6,14.025094333649818,2.5600000000000005,22.97,1.8167799999999994
GMB,2012,Gambia,2.19,9.8,77.11,1,45.0,12.7,13.932469672068272,7.610000000000001,5.71,0.5012909999999999
GMB,2013,Gambia,1.72,9.39,79.16,1,44.5,13.6,14.027403457374216,7.670000000000001,-4.300000000000001,0.35844800000000004
GMB,2014,Gambia,1.24,7.1,65.9,1,39.5,13.3,14.097635035555475,5.859999999999999,5.05,0.42283999999999994
GMB,2015,Gambia,1.09,8.21,70.37,1,47.6,8.9,13.942207286139803,7.120000000000001,0.9199999999999999,0.32296700000000006
GMB,2016,Gambia,1.2,6.55,63.96,1,29.5,13.3,13.901575357924523,5.35,-3.26,0.4324799999999999
GMB,2017,Gambia,5.29,8.94,61.86,1,41.0,29.6,14.20842115361326,3.65,12.13,2.017606
GMB,2018,Gambia,2.27,6.75,69.02,1,43.9,37.9,14.213403428911649,4.48,0.6000000000000001,0.7032460000000001
GMB,2019,Gambia,0.33,10.15,66.24,1,55.7,36.7,14.326585908545928,9.82,2.94,0.11140800000000001
GMB,2020,Gambia,3.43,6.62,65.45,1,55.2,38.6,14.303948783590227,3.19,5.81,1.1850649999999998
GMB,2021,Gambia,15.9,6.31,68.65,1,48.1,42.5,14.446375507382225,0.0,13.17,4.9846499999999985
GNB,1996,Guinea-Bissau,16.04,14.78,71.31,0,8.0,18.0,11.408176206900857,0.0,1.0499999999999998,4.601875999999999
GNB,1998,Guinea-Bissau,0.39,8.08,86.4,0,5.3,20.4,11.16349720031035,7.69,5.76,0.05303999999999996
GNB,2000,Guinea-Bissau,0.38,10.99,88.4,0,33.9,29.9,11.78864378123774,10.61,4.406666666666666,0.044079999999999994
GNB,2002,Guinea-Bissau,24.17,13.91,83.19,0,24.3,29.4,11.707624437864917,0.0,4.026666666666666,4.062977000000001
GNB,2003,Guinea-Bissau,22.34,14.15,77.86,1,29.6,19.4,11.963530973845824,0.0,2.9466666666666668,4.946076000000001
GNB,2004,Guinea-Bissau,18.89,10.51,76.45,1,32.0,23.1,11.995554248003897,0.0,-5.41,4.448594999999999
GNB,2005,Guinea-Bissau,9.29,12.89,62.98,1,28.6,33.2,12.5767752107264,3.6000000000000014,29.16,3.4391580000000004
GNB,2006,Guinea-Bissau,0.52,12.81,80.12,0,30.4,29.3,12.388378868873238,12.29,18.123333333333335,0.103376
GNB,2007,Guinea-Bissau,7.18,13.1,75.15,0,29.0,27.4,12.59696894200284,5.92,4.06,1.7842299999999995
GNB,2008,Guinea-Bissau,1.9,11.61,75.02,0,23.1,27.9,12.748869121370271,9.71,-13.8,0.47462000000000004
GNB,2009,Guinea-Bissau,1.47,11.21,87.29,0,24.2,27.5,12.89000911240273,9.74,-13.8,0.18683699999999998
GNB,2010,Guinea-Bissau,3.94,7.51,59.83,0,25.1,26.5,12.697601253756815,3.57,6.763333333333333,1.5826980000000002
GNB,2011,Guinea-Bissau,8.2,11.11,83.63,0,22.7,25.4,13.059661504595155,2.91,20.636666666666667,1.3423400000000005
GNB,2012,Guinea-Bissau,2.31,10.88,78.88,0,18.0,10.8,13.00067890352564,8.57,3.793333333333334,0.48787200000000014
GNB,2013,Guinea-Bissau,3.62,11.23,81.81,0,19.4,11.3,13.03265739868868,7.61,-5.690000000000001,0.6584779999999998
GNB,2014,Guinea-Bissau,2.74,8.92,62.83,0,22.9,24.6,13.339235737842063,6.18,-4.49,1.018458
GNB,2015,Guinea-Bissau,2.52,10.71,61.35,0,27.1,26.6,12.95953286995942,8.190000000000001,-4.59,0.9739799999999998
GNB,2016,Guinea-Bissau,13.58,11.24,57.18,0,29.0,26.1,13.003279390878214,0.0,0.11333333333333329,5.8149560000000005
GNB,2017,Guinea-Bissau,16.85,9.08,49.1,0,29.0,24.6,13.182321650200736,0.0,5.983333333333333,8.57665
GNB,2018,Guinea-Bissau,0.7,10.4,72.31,0,21.7,28.2,13.143295582173868,9.7,3.086666666666667,0.19382999999999995
GNB,2019,Guinea-Bissau,0.06,8.46,67.54,0,25.5,32.4,13.109220344898963,8.4,8.46,0.019475999999999993
GNB,2020,Guinea-Bissau,0.99,11.01,57.53,0,20.8,34.3,13.04902819887637,10.02,6.293333333333333,0.42045299999999997
GNB,2021,Guinea-Bissau,1.33,9.79,47.38,0,36.3,37.7,13.295620879486364,8.459999999999999,9.603333333333333,0.6998460000000001
GNQ,1996,Equatorial Guinea,1.14,5.83,86.76,0,43.6,8.0,11.871018283249894,4.69,4.583333333333333,0.15093599999999993
GNQ,1996,Equatorial Guinea,5.02,8.09,0.0,0,43.6,8.0,9.39604785670766,3.0700000000000003,-1.3199999999999994,5.02
GNQ,1998,Equatorial Guinea,2.33,5.82,75.57,0,42.0,6.5,12.334731524215233,3.49,2.4033333333333333,0.5692190000000001
GNQ,1998,Equatorial Guinea,5.04,5.69,0.0,0,42.0,6.5,10.325492126478276,0.6500000000000004,6.27,5.04
GNQ,2000,Equatorial Guinea,0.35,4.53,77.78,0,42.9,6.5,12.937140560021057,4.180000000000001,0.5999999999999988,0.07776999999999998
GNQ,2000,Equatorial Guinea,8.53,6.93,57.5,0,42.9,6.5,0.0,0.0,6.723333333333333,3.6252500000000003
GNQ,2002,Equatorial Guinea,1.55,4.68,72.3,0,28.6,5.0,13.35634101943594,3.13,11.8,0.42935000000000006
GNQ,2002,Equatorial Guinea,18.69,10.15,79.31,0,28.6,5.0,2.3105532626432224,0.0,4.99,3.866961
GNQ,2003,Equatorial Guinea,1.81,4.33,65.31,0,47.7,4.5,14.298662215568656,2.52,-4.996666666666664,0.627889
GNQ,2003,Equatorial Guinea,4.38,7.63,89.13,0,47.7,4.5,0.0,3.25,11.756666666666666,0.4761060000000001
GNQ,2004,Equatorial Guinea,2.37,3.66,67.53,0,43.7,5.3,13.849028328672128,1.29,10.203333333333333,0.769539
GNQ,2004,Equatorial Guinea,0.57,5.2,89.36,0,43.7,5.3,8.911873687422059,4.63,19.979999999999997,0.06064800000000002
GNQ,2005,Equatorial Guinea,0.81,3.71,61.38,0,35.9,4.8,14.288622999840497,2.9,13.093333333333334,0.312822
GNQ,2006,Equatorial Guinea,0.79,3.36,68.24,0,51.2,3.4,14.506250588662244,2.57,10.003333333333334,0.25090400000000007
GNQ,2006,Equatorial Guinea,10.94,6.13,25.56,0,51.2,3.4,4.680834089909081,0.0,3.933333333333333,8.143735999999999
GNQ,2007,Equatorial Guinea,0.32,2.76,88.44,0,52.7,2.9,14.522791075721592,2.44,10.530000000000001,0.03699200000000001
GNQ,2007,Equatorial Guinea,0.53,4.74,86.0,0,52.7,2.9,2.272125885509337,4.21,1.3833333333333329,0.07420000000000002
GNQ,2008,Equatorial Guinea,0.22,3.08,65.27,0,52.4,2.9,14.697025335294304,2.86,10.406666666666666,0.07640600000000002
GNQ,2008,Equatorial Guinea,5.39,8.95,46.56,0,52.4,2.9,0.0,3.56,4.086666666666666,2.880416
GNQ,2009,Equatorial Guinea,0.31,2.71,62.21,0,57.3,3.8,15.621581206994057,2.4,-15.520000000000003,0.117149
GNQ,2009,Equatorial Guinea,6.28,15.48,6.36,0,57.3,3.8,3.030133700271324,9.2,1.5100000000000002,5.880592
GNQ,2010,Equatorial Guinea,0.99,2.44,37.88,0,52.6,3.3,15.626846725373676,1.45,7.223333333333334,0.614988
GNQ,2010,Equatorial Guinea,20.96,12.67,5.56,0,52.6,3.3,0.0,0.0,6.1466666666666665,19.794624000000002
GNQ,2011,Equatorial Guinea,0.98,2.92,90.68,0,51.2,2.8,15.33811604466874,1.94,8.526666666666667,0.09133599999999995
GNQ,2012,Equatorial Guinea,0.55,2.6,87.02,0,54.0,2.3,15.008433260170255,2.05,11.930000000000001,0.07139000000000002
GNQ,2013,Equatorial Guinea,0.83,2.39,89.16,0,51.2,1.9,15.25404395524195,1.56,2.8966666666666665,0.08997200000000004
GNQ,2014,Equatorial Guinea,0.13,2.33,57.03,0,30.5,2.0,15.1242844424932,2.2,5.456666666666667,0.055861
GNQ,2015,Equatorial Guinea,0.76,2.25,48.15,0,40.0,2.0,14.786065105256492,1.49,-7.686666666666666,0.39405999999999997
GNQ,2016,Equatorial Guinea,0.91,2.38,51.65,0,40.5,2.0,14.370972697146284,1.4699999999999998,-0.22666666666666657,0.43998500000000007
GNQ,2017,Equatorial Guinea,0.83,2.53,39.29,0,39.5,1.5,14.050152302959802,1.6999999999999995,-1.0700000000000003,0.5038929999999999
GNQ,2018,Equatorial Guinea,0.95,2.31,36.41,0,42.9,2.4,14.222193011473433,1.36,-5.299999999999999,0.604105
GNQ,2019,Equatorial Guinea,0.44,2.92,42.0,0,42.5,2.4,14.219298106422418,2.48,-12.349999999999998,0.25520000000000004
GNQ,2020,Equatorial Guinea,0.92,2.88,43.71,0,39.6,2.9,14.275623434582023,1.96,-8.296666666666667,0.517868
GNQ,2021,Equatorial Guinea,1.21,2.63,33.54,0,40.6,2.4,14.007363843158128,1.42,-12.349999999999998,0.804166
GRC,1996,Greece,10.45,14.03,34.04,1,63.8,76.5,16.988951925156748,3.58,4.7,6.8928199999999995
GRC,1998,Greece,11.6,14.45,47.75,1,73.9,82.1,17.08690221559536,2.85,5.93,6.060999999999999
GRC,2000,Greece,10.69,12.91,35.5,1,75.1,78.6,17.22264934579855,2.2200000000000006,-1.5700000000000003,6.8950499999999995
GRC,2002,Greece,15.0,13.42,26.81,1,76.2,78.6,17.269828637927244,0.0,4.92,10.9785
GRC,2003,Greece,9.86,11.76,32.88,1,60.8,86.6,17.54153212099704,1.9000000000000004,19.71,6.6180319999999995
GRC,2004,Greece,8.19,10.36,38.84,1,62.6,87.0,17.71562361427696,2.17,8.51,5.009003999999999
GRC,2005,Greece,7.28,10.38,38.8,1,63.6,83.7,17.709254557635223,3.1000000000000005,1.9500000000000002,4.455360000000001
GRC,2006,Greece,6.46,9.78,43.67,1,65.2,77.9,17.886466532281947,3.3199999999999994,7.76,3.6389179999999994
GRC,2007,Greece,6.8,9.04,36.89,1,62.3,78.8,18.079487749185866,2.2399999999999998,9.27,4.29148
GRC,2008,Greece,6.18,9.95,44.87,1,54.3,73.6,18.19751297746997,3.77,11.35,3.407034
GRC,2009,Greece,7.05,8.91,45.28,1,37.9,73.9,17.976839635564524,1.8600000000000003,-12.920000000000002,3.8577599999999994
GRC,2010,Greece,5.5,8.03,43.58,1,40.8,74.4,17.81744091306896,2.53,-3.62,3.1031000000000004
GRC,2011,Greece,5.09,7.63,49.11,1,41.7,72.8,17.815268282074026,2.54,0.17999999999999972,2.590301
GRC,2012,Greece,4.94,8.68,52.98,1,39.3,69.5,17.736525164315836,3.7399999999999993,-3.1899999999999995,2.3227880000000005
GRC,2013,Greece,4.45,7.18,48.81,1,40.3,68.1,17.70161022606095,2.7299999999999995,-1.0899999999999999,2.2779550000000004
GRC,2014,Greece,4.65,7.55,53.06,1,40.5,68.5,17.738849915269334,2.8999999999999995,0.8399999999999999,2.1827099999999997
GRC,2015,Greece,3.95,7.62,54.87,1,38.1,70.4,17.53275769599659,3.67,-12.82,1.7826350000000002
GRC,2016,Greece,5.28,7.85,49.23,1,41.4,70.4,17.605944443854373,2.5699999999999994,0.34999999999999964,2.6806560000000004
GRC,2017,Greece,6.13,9.03,61.12,1,41.4,69.5,17.693848185246107,2.8999999999999995,7.79,2.383344
GRC,2018,Greece,6.79,9.84,58.75,1,53.3,71.8,17.852935805701073,3.05,8.53,2.800875
GRC,2019,Greece,10.42,13.56,55.3,1,54.2,72.5,17.897230238520326,3.140000000000001,-2.29,4.65774
GRC,2020,Greece,5.39,11.18,54.08,1,51.4,77.8,17.806274316013255,5.79,-5.51,2.475088
GRC,2021,Greece,5.16,10.85,60.04,1,50.9,77.8,18.095075765697576,5.69,29.16,2.0619359999999998
GRD,1996,Grenada,8.73,12.92,42.45,1,77.1,66.0,11.65114839759022,4.19,8.36,5.024114999999999
GRD,1998,Grenada,4.76,11.72,67.67,1,79.8,68.7,11.924581701762174,6.960000000000001,9.22,1.5389080000000002
GRD,2000,Grenada,7.34,15.21,54.7,1,81.0,69.2,12.312460333465884,7.870000000000001,8.67,3.3250199999999994
GRD,2002,Grenada,11.01,14.83,34.08,1,78.8,70.6,12.135063689538502,3.82,-3.1899999999999995,7.257792
GRD,2003,Grenada,10.5,14.46,47.83,1,76.4,71.1,12.338514338397516,3.960000000000001,12.94,5.47785
GRD,2004,Grenada,4.31,12.39,73.38,1,76.7,65.9,12.519547310738114,8.080000000000002,-0.6200000000000001,1.147322
GRD,2005,Grenada,5.15,12.07,69.57,1,58.3,64.4,12.731754743342446,6.92,15.48,1.5671450000000002
GRD,2006,Grenada,4.28,14.5,82.34,1,57.0,70.7,12.66946405590982,10.22,-5.4,0.755848
GRD,2007,Grenada,0.81,10.34,83.1,1,57.5,71.6,12.74140332283502,9.53,10.52,0.13689000000000004
GRD,2008,Grenada,0.65,10.82,80.35,1,57.7,72.1,12.742230872171008,10.17,-0.25,0.127725
GRD,2009,Grenada,3.84,11.17,69.81,1,58.3,71.1,12.355894340236237,7.33,-11.920000000000002,1.1592959999999997
GRD,2010,Grenada,6.1,13.78,53.8,1,63.5,71.6,12.353136343348362,7.68,6.07,2.8182000000000005
GRD,2011,Grenada,4.65,12.04,56.99,1,59.2,71.4,12.4379528013306,7.389999999999999,2.8,1.9999649999999998
GRD,2012,Grenada,0.17,10.05,95.79,1,62.6,70.4,12.419879666776966,9.88,-0.5199999999999996,0.007156999999999986
GRD,2013,Grenada,0.26,9.66,94.02,1,61.1,70.9,12.572311672470647,9.4,17.61,0.01554800000000002
GRD,2014,Grenada,0.5,10.72,90.66,1,72.4,73.4,12.637855484033544,10.22,-16.2,0.04670000000000002
GRD,2015,Grenada,1.97,12.37,88.09,1,71.4,72.4,12.535593958931576,10.4,4.38,0.23462699999999997
GRD,2016,Grenada,1.13,12.97,90.43,1,86.2,72.4,12.6369012630783,11.84,4.56,0.10814099999999988
GRD,2017,Grenada,0.58,11.16,91.58,1,83.8,71.4,12.796255659116133,10.58,2.79,0.048836000000000025
GRD,2018,Grenada,0.63,13.34,83.44,1,83.0,64.6,12.943074114556667,12.71,12.68,0.10432799999999998
GRD,2019,Grenada,0.47,26.56,91.4,1,79.7,70.0,12.97940323924879,26.09,-3.46,0.040419999999999984
GRD,2020,Grenada,0.87,12.05,91.41,1,86.3,69.1,12.74397221985901,11.18,-9.32,0.07473300000000008
GRD,2021,Grenada,4.89,13.58,84.57,1,86.3,69.1,12.797134579765933,8.690000000000001,6.4,0.7545270000000005
GRL,2009,Greenland,1.69,13.15,93.4,1,99.5,91.0,14.077965964432051,11.46,-8.43,0.1115399999999999
GRL,2010,Greenland,1.97,13.21,93.88,1,100.0,91.5,14.34147394544928,11.24,4.39,0.12056400000000006
GRL,2011,Greenland,1.9,13.19,92.6,1,100.0,91.5,14.442597612332612,11.29,8.79,0.1406000000000001
GRL,2012,Greenland,1.38,12.87,89.72,1,100.0,91.5,14.302897480963772,11.489999999999998,-7.35,0.141864
GRL,2013,Greenland,1.32,12.96,92.07,1,100.0,91.5,14.28506459240741,11.64,5.37,0.10467600000000006
GRL,2014,Greenland,1.63,12.02,86.71,1,100.0,92.1,14.260516648446876,10.39,-4.92,0.21662700000000001
GRL,2015,Greenland,1.66,12.68,86.53,1,100.0,91.6,14.014171726588255,11.02,-12.14,0.22360200000000005
GRL,2016,Greenland,1.56,12.44,93.1,1,100.0,92.1,14.107443355768606,10.88,4.89,0.1076400000000001
GRL,2017,Greenland,1.13,11.08,92.11,1,100.0,92.6,14.156430787581323,9.95,1.81,0.08915699999999996
GRL,2018,Greenland,1.33,11.79,87.65,1,100.0,91.3,14.243679557752182,10.46,4.43,0.16425499999999993
GRL,2019,Greenland,1.43,11.93,91.81,0,100.0,91.3,14.471110200033207,10.5,8.786666666666667,0.11711699999999996
GRL,2020,Greenland,1.77,12.17,88.75,0,100.0,92.8,14.2517456439297,10.4,8.786666666666667,0.19912500000000008
GRL,2021,Greenland,1.86,11.63,89.27,0,100.0,91.8,14.423634238941863,9.77,-6.299999999999999,0.19957800000000012
GTM,1996,Guatemala,14.15,19.38,19.78,1,17.6,42.5,15.056883641574162,5.229999999999999,-2.250000000000001,11.351130000000001
GTM,1998,Guatemala,11.17,19.89,36.35,1,24.5,43.8,15.409824339132255,8.72,9.879999999999999,7.109705000000001
GTM,2000,Guatemala,11.84,19.31,48.13,0,22.8,40.8,15.549871652211069,7.469999999999999,11.409999999999998,6.141407999999999
GTM,2002,Guatemala,9.6,21.03,57.64,1,21.2,40.3,15.68026945835575,11.43,6.1,4.06656
GTM,2003,Guatemala,9.69,18.43,58.96,1,24.6,34.3,15.739045453384795,8.74,3.29,3.9767759999999996
GTM,2004,Guatemala,6.56,20.5,69.18,1,21.8,38.5,15.885636315910828,13.94,7.8,2.021791999999999
GTM,2005,Guatemala,9.64,18.19,50.55,1,22.3,37.5,16.00492674792545,8.55,15.940000000000001,4.766980000000001
GTM,2006,Guatemala,8.14,17.17,66.59,1,24.6,41.3,16.197468317897,9.03,-4.68,2.7195739999999997
GTM,2007,Guatemala,7.0,16.38,74.84,1,21.7,41.8,16.30647429815329,9.38,19.15,1.7611999999999997
GTM,2008,Guatemala,9.03,15.27,74.45,1,22.1,41.3,16.364366682779995,6.24,3.54,2.3071649999999995
GTM,2009,Guatemala,7.26,16.63,70.13,1,19.0,39.8,16.17270412824944,9.37,-10.93,2.1685620000000005
GTM,2010,Guatemala,7.9,15.88,59.99,1,20.9,36.5,16.351393651698025,7.98,9.56,3.1607900000000004
GTM,2011,Guatemala,10.19,15.21,58.32,1,23.2,36.6,16.58090105629057,5.020000000000001,9.59,4.247191999999999
GTM,2012,Guatemala,9.38,15.41,66.02,1,25.1,35.7,16.574204387366713,6.029999999999999,1.1,3.1873240000000003
GTM,2013,Guatemala,9.35,16.4,64.24,1,23.7,36.2,16.57852467839339,7.049999999999999,1.54,3.34356
GTM,2014,Guatemala,5.91,13.15,75.24,1,23.8,36.9,16.620856221438064,7.24,2.15,1.4633160000000003
GTM,2015,Guatemala,8.58,15.1,69.82,1,22.9,36.0,16.624605122124287,6.52,-1.7300000000000004,2.5894440000000007
GTM,2016,Guatemala,7.25,14.68,75.21,1,25.2,37.4,16.583463508474146,7.43,-1.88,1.797275
GTM,2017,Guatemala,5.1,13.89,76.89,1,23.3,37.4,16.682376359498317,8.790000000000001,4.04,1.1786099999999997
GTM,2018,Guatemala,5.78,15.41,79.84,1,27.8,35.0,16.719822297374748,9.63,3.39,1.165248
GTM,2019,Guatemala,7.85,20.19,76.0,1,24.1,34.8,16.74691167341283,12.340000000000002,0.5800000000000001,1.884
GTM,2020,Guatemala,6.71,14.82,72.62,1,33.0,35.3,16.65668714810479,8.11,-4.300000000000001,1.8371979999999994
GTM,2021,Guatemala,7.63,14.81,74.17,1,32.5,33.8,16.963611550023668,7.180000000000001,20.89,1.9708289999999997
GUM,2004,Guam,4.0,10.83,44.57,0,67.5,67.8,13.53249219350059,6.83,9.023333333333333,2.2172
GUM,2005,Guam,1.91,7.99,43.03,0,68.4,70.7,13.78930523830927,6.08,16.666666666666664,1.0881269999999998
GUM,2006,Guam,2.05,8.43,41.16,0,68.1,65.4,13.97845804361874,6.38,6.933333333333334,1.20622
GUM,2007,Guam,1.81,7.67,52.61,0,59.9,78.4,13.86755593246866,5.859999999999999,9.7,0.857759
GUM,2008,Guam,4.27,9.61,52.52,0,59.6,79.3,13.814028229858618,5.34,8.45,2.027396
GUM,2009,Guam,1.69,7.6,46.76,0,59.7,77.3,13.747445741415373,5.91,1.4766666666666661,0.899756
GUM,2010,Guam,3.35,7.04,37.14,0,59.7,70.6,13.82595040264936,3.69,-2.783333333333333,2.1058100000000004
GUM,2011,Guam,4.91,6.54,35.53,0,70.6,70.9,13.971898861015788,1.63,9.533333333333333,3.1654770000000005
GUM,2012,Guam,4.53,6.37,37.45,0,72.0,73.2,14.05166617200578,1.84,7.706666666666667,2.833515
GUM,2013,Guam,1.45,6.31,47.22,0,71.1,72.3,13.81189185836153,4.859999999999999,4.716666666666667,0.76531
GUM,2018,Guam,11.82,10.71,28.24,0,69.3,87.4,13.964688465457142,0.0,-0.23666666666666636,8.482032
GUM,2019,Guam,13.83,12.6,28.02,0,76.9,87.0,13.946842011245783,0.0,-4.436666666666667,9.954834
GUM,2020,Guam,5.65,11.27,24.9,0,77.4,84.1,13.367397836782937,5.619999999999999,9.45,4.24315
GUM,2021,Guam,5.45,6.56,25.11,0,77.4,87.4,13.684007438431069,1.1099999999999994,8.046666666666667,4.081505
GUY,1996,Guyana,18.54,16.72,48.58,0,37.8,58.0,12.954057618814993,0.0,-10.833333333333332,9.533268
GUY,1998,Guyana,10.55,15.63,73.62,1,51.6,61.2,12.906339793855858,5.08,-5.33,2.783089999999999
GUY,2000,Guyana,14.6,24.58,48.33,1,30.7,62.7,13.08523341311166,9.98,9.31,7.543819999999999
GUY,2002,Guyana,14.57,16.86,47.7,1,27.5,64.2,13.169867228913953,2.289999999999999,-1.8899999999999997,7.620109999999999
GUY,2003,Guyana,23.5,21.37,48.44,1,30.7,61.7,13.487856546259527,0.0,-0.54,12.116600000000002
GUY,2004,Guyana,25.7,25.07,54.13,1,27.2,51.9,13.248526067703228,0.0,8.82,11.78859
GUY,2005,Guyana,25.55,20.97,62.16,1,33.0,41.8,13.586577140174914,0.0,8.48,9.668120000000002
GUY,2006,Guyana,16.57,19.81,78.61,1,25.1,50.5,13.8842753047661,3.2399999999999984,7.12,3.544323
GUY,2007,Guyana,15.7,18.84,80.57,1,26.6,51.0,13.759361144324137,3.140000000000001,7.34,3.0505100000000005
GUY,2008,Guyana,11.62,14.93,82.05,1,25.0,51.4,14.198092048596646,3.3100000000000005,14.38,2.08579
GUY,2009,Guyana,12.81,13.72,60.06,1,24.6,52.1,13.892969169736045,0.91,-6.550000000000001,5.116314
GUY,2010,Guyana,4.29,9.94,58.46,1,30.3,50.2,14.212914743961884,5.65,11.13,1.782066
GUY,2011,Guyana,3.26,10.13,61.96,1,32.2,50.2,14.415089525115064,6.870000000000001,10.38,1.2401039999999999
GUY,2012,Guyana,0.9,9.81,86.95,1,30.3,49.8,14.270584745632762,8.91,6.26,0.11744999999999996
GUY,2013,Guyana,0.86,11.1,85.0,1,30.3,49.8,14.409892950927862,10.24,-3.33,0.129
GUY,2014,Guyana,1.34,9.33,83.79,1,41.0,52.2,14.30944248949698,7.99,-2.250000000000001,0.2172139999999999
GUY,2015,Guyana,2.13,11.43,81.11,1,41.4,53.2,14.108384979310838,9.3,-8.77,0.4023569999999999
GUY,2016,Guyana,5.18,9.89,91.85,1,45.7,54.7,14.164995419097734,4.710000000000001,4.63,0.42217000000000005
GUY,2017,Guyana,1.18,8.98,88.83,1,45.2,55.7,14.29064379574348,7.800000000000001,4.12,0.131806
GUY,2018,Guyana,0.76,10.25,89.05,1,39.6,55.3,14.45844373517671,9.49,16.73,0.08322000000000003
GUY,2019,Guyana,0.57,11.62,88.08,1,38.7,54.6,14.614031703591602,11.05,29.16,0.06794399999999998
GUY,2020,Guyana,0.59,7.01,90.06,1,42.9,54.1,14.680500858583306,6.42,-18.2,0.058645999999999955
GUY,2021,Guyana,0.38,4.51,85.12,1,42.0,55.6,15.006661866073726,4.13,29.16,0.056543999999999976
HND,1996,Honduras,13.97,20.98,29.35,1,30.3,43.0,14.79941567191194,7.01,3.21,9.869805
HND,1998,Honduras,11.61,19.93,36.41,1,45.7,48.3,15.168889576633914,8.32,8.63,7.3827989999999994
HND,2000,Honduras,11.42,20.07,53.48,1,41.3,49.3,15.257550268351794,8.65,2.81,5.312584
HND,2002,Honduras,9.75,24.2,59.87,1,39.2,44.3,15.357969760553887,14.45,-0.8899999999999997,3.912675
HND,2003,Honduras,9.61,18.36,61.86,1,33.7,42.8,15.465163056803664,8.75,4.55,3.6652539999999996
HND,2004,Honduras,6.88,19.55,73.51,1,31.1,38.0,15.636673652345989,12.670000000000002,8.29,1.8225119999999995
HND,2005,Honduras,9.47,17.65,56.11,1,27.2,38.0,15.700823370723755,8.179999999999998,9.51,4.156383
HND,2006,Honduras,6.98,16.75,69.35,1,26.1,42.3,15.772026667313808,9.77,5.52,2.139370000000001
HND,2007,Honduras,5.49,15.93,78.8,1,30.0,40.4,16.008816204088703,10.44,15.2,1.1638800000000005
HND,2008,Honduras,5.44,15.81,77.43,0,28.4,37.5,16.13209043849377,10.37,5.063333333333333,1.2278079999999996
HND,2009,Honduras,5.12,15.86,78.43,1,33.2,30.3,15.777121203779943,10.739999999999998,3.16,1.1043839999999994
HND,2010,Honduras,5.71,15.86,68.95,1,28.4,31.8,16.020491417423727,10.15,7.9,1.772955
HND,2011,Honduras,10.41,15.84,66.8,1,34.1,31.9,16.28507089228266,5.43,11.3,3.4561200000000007
HND,2012,Honduras,9.45,15.08,74.52,1,36.5,33.3,16.311721414605877,5.630000000000001,0.6099999999999999,2.40786
HND,2013,Honduras,9.06,15.09,74.17,0,31.8,31.5,16.255565393466878,6.029999999999999,14.446666666666667,2.340198
HND,2014,Honduras,4.86,13.29,80.55,1,28.1,34.0,16.298462121983658,8.43,0.6066666666666669,0.94527
HND,2015,Honduras,5.91,14.25,74.56,1,29.0,31.5,16.249206758178612,8.34,2.46,1.5035039999999997
HND,2016,Honduras,9.21,13.93,77.16,1,30.5,32.5,16.19261756242734,4.719999999999999,-2.84,2.1035640000000004
HND,2017,Honduras,7.7,13.29,75.85,1,27.1,32.5,16.252584221342016,5.589999999999999,4.33,1.8595500000000005
HND,2018,Honduras,7.71,13.6,80.98,1,28.3,31.1,16.34920003221223,5.89,4.63,1.4664419999999994
HND,2019,Honduras,8.01,14.55,80.26,1,24.5,30.4,16.34274063056475,6.540000000000001,-1.4499999999999993,1.5811739999999992
HND,2020,Honduras,7.29,13.19,78.34,1,29.7,30.4,16.163550583229608,5.9,-6.690000000000001,1.5790140000000001
HND,2021,Honduras,7.8,13.22,78.7,1,24.1,32.9,16.565279156817287,5.420000000000001,20.79,1.6613999999999998
HRV,1996,Croatia,8.74,14.62,28.56,1,47.3,45.0,15.745323751973936,5.879999999999999,1.8399999999999999,6.243856
HRV,1998,Croatia,7.68,13.41,32.67,1,47.9,41.8,15.75637295280294,5.73,-4.140000000000001,5.1709439999999995
HRV,2000,Croatia,9.52,9.71,26.54,1,58.2,65.2,16.280645900565613,0.1900000000000012,0.7000000000000002,6.993392
HRV,2002,Croatia,7.14,10.68,31.91,1,68.8,65.2,16.101615040688316,3.54,8.27,4.861626
HRV,2003,Croatia,5.33,9.74,49.31,1,64.3,66.7,16.32294408658951,4.41,15.12,2.7017769999999994
HRV,2004,Croatia,8.2,9.82,34.26,1,70.4,69.2,16.539180954134736,1.620000000000001,8.05,5.39068
HRV,2005,Croatia,6.24,9.45,39.76,1,59.2,63.5,16.617556540882664,3.209999999999999,5.77,3.7589760000000005
HRV,2006,Croatia,6.79,10.31,41.16,1,63.8,60.6,16.780504928500534,3.5200000000000005,7.63,3.9952360000000002
HRV,2007,Croatia,4.03,9.67,67.82,1,67.1,63.0,16.98620122203159,5.64,9.6,1.2968540000000004
HRV,2008,Croatia,4.01,10.06,67.26,1,66.3,60.6,17.183388786944214,6.050000000000001,9.07,1.3128739999999997
HRV,2009,Croatia,4.33,9.69,65.83,1,68.2,61.1,16.795160881390306,5.359999999999999,-16.93,1.4795610000000001
HRV,2010,Croatia,5.21,9.37,64.31,1,66.8,61.6,17.316718383740145,4.159999999999999,-2.7200000000000015,1.859449
HRV,2011,Croatia,4.56,9.08,62.99,1,68.2,64.3,17.452479436948938,4.5200000000000005,6.39,1.6876559999999998
HRV,2012,Croatia,4.6,9.43,60.57,1,65.4,64.8,17.33009366884211,4.83,-4.23,1.8137799999999997
HRV,2013,Croatia,6.1,8.97,51.77,1,66.4,64.3,17.133337478813644,2.870000000000001,2.6,2.9420299999999995
HRV,2014,Croatia,3.98,8.27,59.9,1,67.1,64.0,16.91059721793816,4.289999999999999,2.2,1.5959800000000002
HRV,2015,Croatia,4.0,8.97,63.3,1,64.8,65.5,16.818654295144125,4.970000000000001,-5.210000000000001,1.468
HRV,2016,Croatia,4.42,9.18,61.97,1,67.6,65.0,16.854738416488267,4.76,2.99,1.680926
HRV,2017,Croatia,13.08,11.59,68.21,1,70.5,61.6,16.99613640866361,0.0,5.97,4.158132000000001
HRV,2018,Croatia,8.02,12.13,66.4,1,71.7,60.7,17.154291058484834,4.110000000000001,7.09,2.69472
HRV,2019,Croatia,12.09,14.5,63.24,1,70.3,60.4,17.18747181926082,2.41,-0.1900000000000004,4.444283999999999
HRV,2020,Croatia,4.14,8.63,63.49,1,66.5,64.7,17.095640760946075,4.490000000000001,-3.4699999999999998,1.5115139999999998
HRV,2021,Croatia,3.98,8.89,67.91,1,66.0,64.7,17.365711776867762,4.91,13.7,1.2771820000000003
HTI,1996,Haiti,8.03,18.69,54.98,0,22.9,27.0,13.597796278941903,10.660000000000002,-0.2333333333333334,3.615106
HTI,1998,Haiti,12.2,19.09,65.23,0,18.1,32.3,13.73453529059208,6.890000000000001,-1.5166666666666666,4.24194
HTI,2000,Haiti,7.73,19.13,69.05,0,26.5,27.9,13.8732012706636,11.4,-2.613333333333334,2.3924350000000003
HTI,2002,Haiti,8.3,26.56,68.31,0,14.3,13.9,14.085825722395802,18.26,5.010000000000001,2.63027
HTI,2003,Haiti,7.97,17.44,65.12,0,11.1,12.4,14.185001989718147,9.470000000000002,14.4,2.7799359999999997
HTI,2004,Haiti,7.76,16.51,65.99,0,3.9,9.6,14.204502580096635,8.750000000000002,16.43,2.6391760000000004
HTI,2005,Haiti,9.18,16.5,57.24,0,4.9,12.5,14.381639335973263,7.32,8.306666666666667,3.9253679999999997
HTI,2006,Haiti,7.52,17.0,67.74,0,10.6,28.4,14.770354384029911,9.48,10.399999999999999,2.4259519999999997
HTI,2007,Haiti,6.04,16.32,74.19,0,10.6,30.3,14.642490511978975,10.28,8.629999999999999,1.558924
HTI,2008,Haiti,6.34,15.24,70.98,0,10.6,29.3,15.015366419298278,8.9,16.756666666666668,1.839868
HTI,2009,Haiti,7.43,16.05,69.66,0,18.0,29.9,14.766678723053454,8.620000000000001,4.093333333333334,2.2542619999999998
HTI,2010,Haiti,6.74,15.47,70.63,0,18.0,28.4,15.12353166957909,8.73,1.7133333333333334,1.9795380000000005
HTI,2011,Haiti,6.33,15.28,73.74,0,17.5,26.8,15.19761998444804,8.95,6.336666666666667,1.6622580000000005
HTI,2012,Haiti,5.52,14.54,82.63,0,21.3,26.3,15.092185525042495,9.02,2.046666666666667,0.9588240000000003
HTI,2013,Haiti,5.55,15.05,77.2,0,25.1,26.8,15.196668532908808,9.5,0.6266666666666669,1.2653999999999999
HTI,2014,Haiti,6.69,13.74,75.57,0,24.3,25.6,15.319185544895676,7.05,-3.3,1.6343670000000006
HTI,2015,Haiti,8.0,14.81,72.15,0,22.4,25.1,15.24524879347152,6.8100000000000005,-7.093333333333334,2.2279999999999998
HTI,2016,Haiti,7.02,14.01,70.66,0,21.0,25.6,15.192498114823335,6.99,-4.796666666666667,2.059668
HTI,2017,Haiti,5.01,13.49,80.32,0,22.4,25.6,15.374404751850753,8.48,3.103333333333334,0.9859680000000004
HTI,2018,Haiti,6.21,13.54,77.17,0,24.1,26.7,15.420917774044964,7.329999999999999,5.723333333333333,1.4177429999999998
HTI,2019,Haiti,4.59,13.6,80.99,0,17.0,26.1,15.305360766557502,9.01,-0.18666666666666742,0.8725590000000002
HTI,2020,Haiti,5.34,13.72,72.91,0,14.2,24.6,15.313763261882748,8.38,-5.27,1.446606
HTI,2021,Haiti,6.34,14.13,74.24,0,12.3,22.7,15.37368285141733,7.790000000000001,-6.093333333333334,1.6331840000000002
HUN,1996,Hungary,9.05,13.78,40.35,1,79.3,77.0,16.72852827993828,4.729999999999999,2.78,5.398325000000001
HUN,1998,Hungary,7.69,12.63,46.15,1,91.5,80.1,17.050275720443626,4.94,10.030000000000001,4.141065
HUN,2000,Hungary,8.54,9.79,35.69,1,78.8,85.1,17.239944861342845,1.25,7.02,5.492074
HUN,2002,Hungary,8.6,10.58,30.93,1,91.0,86.1,17.393840598734386,1.9800000000000004,5.67,5.94002
HUN,2003,Hungary,8.19,10.12,38.83,1,86.4,87.1,17.638951726894735,1.93,12.59,5.009823
HUN,2004,Hungary,7.34,8.38,44.01,1,75.2,85.6,17.83169262032768,1.040000000000001,12.42,4.109666000000001
HUN,2005,Hungary,5.65,8.08,42.83,1,80.1,86.5,17.94367447108922,2.43,4.6,3.230105000000001
HUN,2006,Hungary,6.04,7.63,44.14,1,80.7,78.8,18.11405753840369,1.59,8.06,3.373944
HUN,2007,Hungary,5.85,7.16,40.81,1,72.0,80.8,18.31078141935631,1.3100000000000005,10.89,3.4626149999999996
HUN,2008,Hungary,6.14,7.37,42.93,1,71.6,76.4,18.43650143660421,1.2300000000000004,7.2,3.504098
HUN,2009,Hungary,5.86,6.87,47.98,1,64.0,74.9,18.06276503029143,1.0099999999999998,-15.719999999999999,3.048372
HUN,2010,Hungary,5.94,7.5,45.03,1,69.2,73.5,18.201944766995776,1.5599999999999996,6.37,3.265218
HUN,2011,Hungary,5.54,7.09,47.1,1,70.1,73.2,18.36348898196814,1.5499999999999998,7.68,2.9306599999999996
HUN,2012,Hungary,5.74,7.07,48.21,1,68.7,70.9,18.286136902517327,1.33,-3.55,2.9727460000000003
HUN,2013,Hungary,6.31,7.69,48.84,1,70.6,70.4,18.351429965495985,1.3800000000000008,2.61,3.2281959999999996
HUN,2014,Hungary,6.65,7.77,50.88,1,68.6,66.5,18.40939647610772,1.1199999999999992,2.43,3.26648
HUN,2015,Hungary,6.38,8.75,52.27,1,69.5,66.5,18.282781857639986,2.37,-6.66,3.045174
HUN,2016,Hungary,6.76,8.13,48.41,1,66.2,59.1,18.311729034224825,1.370000000000001,0.7999999999999998,3.4874840000000003
HUN,2017,Hungary,6.17,8.18,59.42,1,74.3,65.0,18.421403976056965,2.01,6.35,2.5037859999999994
HUN,2018,Hungary,5.45,8.13,59.52,1,70.8,64.1,18.547982462727976,2.6800000000000006,6.09,2.2061599999999997
HUN,2019,Hungary,6.31,8.57,53.83,1,71.7,58.0,18.53969696230409,2.2600000000000007,-0.019999999999999574,2.9133269999999998
HUN,2020,Hungary,4.87,7.64,55.83,1,74.1,58.9,18.496891302157724,2.77,-1.6799999999999997,2.1510789999999997
HUN,2021,Hungary,5.0,7.75,59.05,1,73.1,58.9,18.72156940538471,2.75,10.76,2.0475
IDN,1996,Indonesia,8.93,16.44,30.14,1,13.8,20.5,17.350263719495246,7.510000000000002,2.79,6.238498
IDN,1998,Indonesia,8.79,11.42,29.1,1,7.4,17.4,16.80548850710434,2.630000000000001,-18.2,6.232109999999999
IDN,2000,Indonesia,7.86,10.39,31.06,1,2.6,43.3,17.39161550922374,2.53,18.160000000000004,5.418684000000001
IDN,2002,Indonesia,7.2,13.52,34.61,1,9.0,41.8,17.40110616420799,6.319999999999999,0.5300000000000007,4.70808
IDN,2003,Indonesia,6.81,9.22,36.72,1,3.0,40.8,17.881095594228423,2.410000000000001,2.0,4.309368
IDN,2004,Indonesia,5.88,8.1,39.94,1,4.4,40.4,18.07072440470109,2.22,19.55,3.5315280000000002
IDN,2005,Indonesia,5.75,8.12,38.78,1,7.8,45.7,18.195381913942757,2.369999999999999,11.37,3.5201499999999997
IDN,2006,Indonesia,5.35,7.71,40.18,1,10.1,45.2,18.27232282066697,2.3600000000000003,2.87,3.20037
IDN,2007,Indonesia,5.18,7.3,42.32,1,13.0,46.6,18.48512771339921,2.12,10.43,2.987824
IDN,2008,Indonesia,4.4,7.4,42.48,1,15.9,47.1,18.723525108537803,3.0,29.16,2.5308800000000002
IDN,2009,Indonesia,4.52,7.3,43.24,1,21.3,47.9,18.49308190759394,2.78,-13.439999999999998,2.565552
IDN,2010,Indonesia,4.59,6.95,33.98,1,20.4,48.3,18.80606715671307,2.3600000000000003,18.37,3.030318
IDN,2011,Indonesia,4.06,6.88,43.19,1,20.9,48.8,19.060151770895665,2.8200000000000003,14.36,2.306486
IDN,2012,Indonesia,4.46,7.07,46.06,1,25.6,52.6,19.14241325580317,2.6100000000000003,3.94,2.4057239999999998
IDN,2013,Indonesia,4.75,7.37,47.0,1,28.4,50.2,19.13834148082916,2.62,-1.33,2.5175
IDN,2014,Indonesia,4.2,6.88,38.58,1,30.0,51.7,19.090439101864582,2.68,-2.29,2.5796400000000004
IDN,2015,Indonesia,5.29,7.92,38.46,1,24.3,53.7,18.865873964093428,2.63,-10.510000000000002,3.2554659999999997
IDN,2016,Indonesia,4.86,7.82,50.51,1,32.4,51.7,18.81649047193912,2.96,-2.5,2.4052140000000004
IDN,2017,Indonesia,4.9,7.84,53.79,1,28.1,51.2,18.91009274478326,2.9399999999999995,7.58,2.26429
IDN,2018,Indonesia,4.59,8.3,55.07,1,26.4,51.9,19.044196512058605,3.710000000000001,9.64,2.062287
IDN,2019,Indonesia,5.92,8.75,37.31,1,26.9,51.7,18.972890625796428,2.83,-4.73,3.711248
IDN,2020,Indonesia,4.7,8.11,51.83,1,28.3,52.2,18.798741704670142,3.4099999999999997,-9.08,2.26399
IDN,2021,Indonesia,4.3,7.62,55.75,1,27.4,53.1,19.124399836104534,3.3200000000000003,17.72,1.90275
IND,1996,India,0.88,5.26,6.03,0,19.1,64.0,8.328837465587691,4.38,3.39,0.826936
IND,1996,India,0.88,5.26,6.03,0,19.1,64.0,8.328837465587691,4.38,-1.3199999999999994,0.826936
IND,1996,India,10.27,14.69,29.74,1,19.1,64.0,17.223388309517865,4.42,3.39,7.215701999999999
IND,1996,India,10.27,14.69,29.74,1,19.1,64.0,17.223388309517865,4.42,5.76,7.215701999999999
IND,1998,India,1.6,5.59,30.83,0,12.8,61.7,9.381330469598188,3.99,1.19,1.10672
IND,1998,India,1.6,5.59,30.83,0,12.8,61.7,9.381330469598188,3.99,-1.3199999999999994,1.10672
IND,1998,India,10.61,13.96,27.32,1,12.8,61.7,17.255503456948055,3.3500000000000014,1.19,7.711347999999999
IND,1998,India,10.61,13.96,27.32,1,12.8,61.7,17.255503456948055,3.3500000000000014,1.6333333333333329,7.711347999999999
IND,2000,India,0.45,11.41,64.88,0,17.5,59.2,10.642386237592824,10.96,2.89,0.15804000000000004
IND,2000,India,0.45,11.41,64.88,0,17.5,59.2,10.642386237592824,10.96,-0.71,0.15804000000000004
IND,2000,India,9.46,13.79,31.81,1,17.5,59.2,17.86872588263848,4.329999999999998,2.89,6.450774
IND,2000,India,9.46,13.79,31.81,1,17.5,59.2,17.86872588263848,4.329999999999998,4.926666666666667,6.450774
IND,2002,India,0.27,11.73,70.21,0,15.9,61.2,11.213587593514212,11.46,6.48,0.08043300000000002
IND,2002,India,0.27,11.73,70.21,0,15.9,61.2,11.213587593514212,11.46,6.463333333333333,0.08043300000000002
IND,2002,India,9.43,13.65,34.43,1,15.9,61.2,17.91660709918654,4.220000000000001,6.48,6.183250999999999
IND,2002,India,9.43,13.65,34.43,1,15.9,61.2,17.91660709918654,4.220000000000001,6.656666666666666,6.183250999999999
IND,2003,India,5.21,10.46,60.48,0,9.0,63.2,9.2126487057227,5.250000000000001,12.28,2.058992
IND,2003,India,5.21,10.46,60.48,0,9.0,63.2,9.2126487057227,5.250000000000001,16.156666666666666,2.058992
IND,2003,India,8.47,12.25,35.75,1,9.0,63.2,18.151282303485083,3.78,12.28,5.441975000000001
IND,2003,India,8.47,12.25,35.75,1,9.0,63.2,18.151282303485083,3.78,9.816666666666666,5.441975000000001
IND,2004,India,1.96,6.55,80.45,0,13.1,61.5,9.546770464852218,4.59,16.9,0.38318
IND,2004,India,1.96,6.55,80.45,0,13.1,61.5,9.546770464852218,4.59,16.156666666666666,0.38318
IND,2004,India,8.51,10.84,24.07,1,13.1,61.5,18.435516346863796,2.33,16.9,6.461643
IND,2004,India,8.51,10.84,24.07,1,13.1,61.5,18.435516346863796,2.33,13.936666666666666,6.461643
IND,2005,India,2.41,7.1,80.17,0,17.5,61.5,9.688033114081229,4.69,19.29,0.4779030000000001
IND,2005,India,2.41,7.1,80.17,0,17.5,61.5,9.688033114081229,4.69,16.156666666666666,0.4779030000000001
IND,2005,India,7.86,10.55,23.95,1,17.5,61.5,18.69942726379732,2.6900000000000004,19.29,5.97753
IND,2005,India,7.86,10.55,23.95,1,17.5,61.5,18.69942726379732,2.6900000000000004,10.023333333333333,5.97753
IND,2006,India,3.75,11.5,64.83,0,16.9,59.1,10.818850053737457,7.75,12.48,1.318875
IND,2006,India,3.75,11.5,64.83,0,16.9,59.1,10.818850053737457,7.75,8.466666666666665,1.318875
IND,2006,India,8.03,10.23,25.58,1,16.9,59.1,18.950368832435466,2.200000000000001,12.48,5.975925999999999
IND,2006,India,8.03,10.23,25.58,1,16.9,59.1,18.950368832435466,2.200000000000001,7.933333333333334,5.975925999999999
IND,2007,India,5.98,9.11,65.21,0,13.5,59.6,10.57067672022436,3.129999999999999,10.76,2.0804420000000006
IND,2007,India,5.98,9.11,65.21,0,13.5,59.6,10.57067672022436,3.129999999999999,15.649999999999999,2.0804420000000006
IND,2007,India,6.79,9.25,28.8,1,13.5,59.6,19.27151554536834,2.46,10.76,4.83448
IND,2007,India,6.79,9.25,28.8,1,13.5,59.6,19.27151554536834,2.46,8.64,4.83448
IND,2008,India,2.88,9.33,75.93,0,13.9,60.1,9.71111081139207,6.45,20.16,0.6932159999999997
IND,2008,India,2.88,9.33,75.93,0,13.9,60.1,9.71111081139207,6.45,-1.7233333333333318,0.6932159999999997
IND,2008,India,9.93,9.72,27.8,1,13.9,60.1,19.48768445771826,0.0,20.16,7.16946
IND,2008,India,9.93,9.72,27.8,1,13.9,60.1,19.48768445771826,0.0,6.856666666666667,7.16946
IND,2009,India,5.41,5.86,82.9,0,10.4,59.7,9.762712847489942,0.4500000000000002,-8.140000000000002,0.9251099999999997
IND,2009,India,5.41,5.86,82.9,0,10.4,59.7,9.762712847489942,0.4500000000000002,8.033333333333333,0.9251099999999997
IND,2009,India,6.94,9.29,28.26,1,10.4,59.7,19.36030363092632,2.3499999999999988,-8.140000000000002,4.978756000000001
IND,2009,India,6.94,9.29,28.26,1,10.4,59.7,19.36030363092632,2.3499999999999988,-0.9933333333333341,4.978756000000001
IND,2010,India,2.26,7.19,85.43,0,11.4,60.2,8.856521346018647,4.930000000000001,14.63,0.32928199999999985
IND,2010,India,2.26,7.19,85.43,0,11.4,60.2,8.856521346018647,4.930000000000001,14.186666666666667,0.32928199999999985
IND,2010,India,6.71,8.61,27.59,1,11.4,60.2,19.59767929791975,1.8999999999999997,14.63,4.858711
IND,2010,India,6.71,8.61,27.59,1,11.4,60.2,19.59767929791975,1.8999999999999997,7.800000000000001,4.858711
IND,2011,India,1.47,4.97,80.87,0,10.9,61.0,11.005943445085958,3.5,14.94,0.2812109999999999
IND,2011,India,1.47,4.97,80.87,0,10.9,61.0,11.005943445085958,3.5,3.709999999999999,0.2812109999999999
IND,2011,India,6.57,8.6,26.67,1,10.9,61.0,19.79372094337965,2.03,14.94,4.817781000000001
IND,2011,India,6.57,8.6,26.67,1,10.9,61.0,19.79372094337965,2.03,9.643333333333333,4.817781000000001
IND,2012,India,0.27,4.25,80.78,0,10.9,61.0,11.727203675017137,3.98,2.83,0.051894000000000017
IND,2012,India,0.27,4.25,80.78,0,10.9,61.0,11.727203675017137,3.98,0.6433333333333335,0.051894000000000017
IND,2012,India,6.57,8.61,28.06,1,10.9,61.0,19.82353767360128,2.039999999999999,2.83,4.726458
IND,2012,India,6.57,8.61,28.06,1,10.9,61.0,19.82353767360128,2.039999999999999,5.693333333333333,4.726458
IND,2013,India,0.24,5.1,85.78,0,12.3,61.5,11.47641738130856,4.859999999999999,-2.37,0.034128
IND,2013,India,0.24,5.1,85.78,0,12.3,61.5,11.47641738130856,4.859999999999999,-0.3633333333333342,0.034128
IND,2013,India,6.83,8.84,27.43,1,12.3,61.5,19.745010499716244,2.01,-2.37,4.956531
IND,2013,India,6.83,8.84,27.43,1,12.3,61.5,19.745010499716244,2.01,2.483333333333333,4.956531
IND,2014,India,0.47,4.38,79.75,0,13.8,60.1,10.142112643976027,3.91,-0.7199999999999998,0.095175
IND,2014,India,0.47,4.38,79.75,0,13.8,60.1,10.142112643976027,3.91,-4.316666666666668,0.095175
IND,2014,India,6.1,8.21,29.42,1,13.8,60.1,19.758623523155315,2.110000000000001,-0.7199999999999998,4.3053799999999995
IND,2014,India,6.1,8.21,29.42,1,13.8,60.1,19.758623523155315,2.110000000000001,-0.6533333333333333,4.3053799999999995
IND,2015,India,0.16,4.42,76.95,0,17.1,60.6,10.21283999226546,4.26,-7.77,0.03687999999999999
IND,2015,India,0.16,4.42,76.95,0,17.1,60.6,10.21283999226546,4.26,-4.316666666666668,0.03687999999999999
IND,2015,India,6.65,9.01,29.2,1,17.1,60.6,19.66766623397105,2.3599999999999994,-7.77,4.7082
IND,2015,India,6.65,9.01,29.2,1,17.1,60.6,19.66766623397105,2.3599999999999994,-5.183333333333334,4.7082
IND,2016,India,0.71,3.62,72.26,0,14.8,61.6,10.445783354583597,2.91,-4.460000000000001,0.19695399999999996
IND,2016,India,0.71,3.62,72.26,0,14.8,61.6,10.445783354583597,2.91,-4.316666666666668,0.19695399999999996
IND,2016,India,5.73,8.71,44.26,1,14.8,61.6,19.627954173387398,2.9800000000000004,-4.460000000000001,3.1939020000000005
IND,2016,India,5.73,8.71,44.26,1,14.8,61.6,19.627954173387398,2.9800000000000004,0.8566666666666665,3.1939020000000005
IND,2017,India,0.85,5.27,70.72,0,18.6,58.6,11.39007205918511,4.42,11.57,0.24888000000000005
IND,2017,India,0.85,5.27,70.72,0,18.6,58.6,11.39007205918511,4.42,4.69,0.24888000000000005
IND,2017,India,6.13,8.65,38.42,1,18.6,58.6,19.813356644566223,2.5200000000000005,11.57,3.7748539999999995
IND,2017,India,6.13,8.65,38.42,1,18.6,58.6,19.813356644566223,2.5200000000000005,7.61,3.7748539999999995
IND,2018,India,3.21,9.17,67.57,0,13.7,58.3,10.847973438860055,5.96,17.97,1.0410030000000001
IND,2018,India,3.21,9.17,67.57,0,13.7,58.3,10.847973438860055,5.96,18.013333333333335,1.0410030000000001
IND,2018,India,5.81,8.9,45.59,1,13.7,58.3,19.906470379728237,3.0900000000000007,17.97,3.161221
IND,2018,India,5.81,8.9,45.59,1,13.7,58.3,19.906470379728237,3.0900000000000007,8.49,3.161221
IND,2019,India,0.12,2.43,79.29,0,19.3,56.0,11.293847388403082,2.31,-11.969999999999999,0.024851999999999992
IND,2019,India,0.12,2.43,79.29,0,19.3,56.0,11.293847388403082,2.31,-5.120000000000001,0.024851999999999992
IND,2019,India,6.77,8.89,28.04,1,19.3,56.0,19.838808988638934,2.120000000000001,-11.969999999999999,4.8716919999999995
IND,2019,India,6.77,8.89,28.04,1,19.3,56.0,19.838808988638934,2.120000000000001,-4.036666666666667,4.8716919999999995
IND,2020,India,0.14,3.34,75.15,0,18.4,52.7,10.718925593227626,3.2,-12.34,0.034789999999999995
IND,2020,India,0.14,3.34,75.15,0,18.4,52.7,10.718925593227626,3.2,-1.7433333333333332,0.034789999999999995
IND,2020,India,6.12,8.49,38.18,1,18.4,52.7,19.61509718830771,2.37,-12.34,3.7833840000000007
IND,2020,India,6.12,8.49,38.18,1,18.4,52.7,19.61509718830771,2.37,-6.859999999999999,3.7833840000000007
IND,2021,India,0.86,6.77,31.11,0,22.6,50.7,10.807974290584967,5.909999999999999,24.5,0.592454
IND,2021,India,0.86,6.77,31.11,0,22.6,50.7,10.807974290584967,5.909999999999999,10.043333333333333,0.592454
IND,2021,India,5.88,8.32,40.6,1,22.6,50.7,20.0335739488022,2.4400000000000004,24.5,3.49272
IND,2021,India,5.88,8.32,40.6,1,22.6,50.7,20.0335739488022,2.4400000000000004,16.763333333333335,3.49272
IRL,1996,Ireland,8.31,9.94,31.18,1,95.2,91.5,17.358273404821077,1.629999999999999,5.19,5.718941999999999
IRL,1998,Ireland,8.99,9.4,37.69,1,99.5,92.5,17.55548366213816,0.4100000000000001,6.36,5.601669
IRL,2000,Ireland,7.49,7.35,36.09,1,97.9,93.0,17.753551837587963,0.0,3.71,4.786859
IRL,2002,Ireland,6.34,6.6,34.12,1,96.3,89.6,17.80500956321086,0.2599999999999998,1.46,4.176792
IRL,2003,Ireland,6.7,6.73,37.3,1,97.0,90.0,17.850505214074552,0.0300000000000002,2.67,4.2009
IRL,2004,Ireland,6.95,6.76,43.67,1,91.3,93.3,18.031709243928884,0.0,8.1,3.9149349999999994
IRL,2005,Ireland,5.88,6.57,41.13,1,94.2,97.6,18.15943319931112,0.6900000000000004,6.5,3.461556
IRL,2006,Ireland,6.05,6.39,43.02,1,91.8,95.2,18.2313661844106,0.3399999999999998,5.0,3.4472899999999997
IRL,2007,Ireland,5.45,5.61,43.92,1,93.2,95.7,18.340160861582422,0.1600000000000001,29.16,3.0563599999999997
IRL,2008,Ireland,5.71,5.69,43.95,1,93.3,95.7,18.30695343285265,0.0,-1.7399999999999993,3.200455
IRL,2009,Ireland,5.72,5.43,44.84,1,86.3,93.8,17.944495915515233,0.0,-12.219999999999999,3.1551519999999997
IRL,2010,Ireland,5.58,6.06,44.0,1,84.8,93.4,17.95684532269791,0.4799999999999995,-18.2,3.1248000000000005
IRL,2011,Ireland,5.5,6.31,44.27,1,77.7,92.5,18.037815220505824,0.8099999999999996,6.87,3.0651499999999996
IRL,2012,Ireland,5.25,6.02,48.86,1,77.7,92.0,18.013847726732987,0.7699999999999996,-1.0700000000000003,2.6848500000000004
IRL,2013,Ireland,5.16,6.31,46.8,1,75.4,92.0,18.092853609476485,1.1499999999999997,1.29,2.74512
IRL,2014,Ireland,4.99,5.91,51.29,1,87.1,92.6,18.13630087734572,0.92,5.57,2.430629
IRL,2015,Ireland,5.05,6.04,49.46,1,77.6,92.6,18.05972435957098,0.9900000000000002,-2.9399999999999995,2.5522700000000005
IRL,2016,Ireland,4.87,5.83,45.67,1,73.3,92.6,18.045282133507,0.96,2.82,2.645871
IRL,2017,Ireland,5.01,6.25,56.95,1,84.3,90.6,18.13305854504146,1.2400000000000002,6.74,2.156805
IRL,2018,Ireland,5.55,7.01,54.79,1,85.8,91.7,18.298182658775,1.46,7.68,2.5091550000000002
IRL,2019,Ireland,7.02,8.2,51.43,1,80.7,93.2,18.187352245452228,1.1799999999999995,-3.1500000000000004,3.409614
IRL,2020,Ireland,4.6,5.38,51.55,1,80.2,95.2,18.22844149693133,0.7800000000000002,-1.21,2.2287
IRL,2021,Ireland,4.35,6.4,58.97,1,75.9,95.2,18.422128101325168,2.0500000000000007,11.11,1.7848049999999998
IRN,1996,"Iran, Islamic Republic of",4.08,8.94,25.5,0,36.2,19.5,16.20349074838824,4.859999999999999,-2.373333333333333,3.0396
IRN,1998,"Iran, Islamic Republic of",5.36,6.95,33.73,1,23.4,23.4,16.203135016060013,1.59,0.3700000000000001,3.552072000000001
IRN,2000,"Iran, Islamic Republic of",4.16,5.1,32.87,1,24.3,21.4,16.76038646534789,0.9399999999999996,3.9,2.792608
IRN,2002,"Iran, Islamic Republic of",4.15,5.97,33.64,1,23.3,17.4,17.16056342726168,1.8199999999999996,12.13,2.75394
IRN,2003,"Iran, Islamic Republic of",3.03,4.64,38.03,1,24.1,11.4,17.47164011854137,1.61,12.28,1.8776909999999996
IRN,2004,"Iran, Islamic Republic of",2.23,4.1,41.49,1,22.3,13.0,17.718483346646973,1.87,13.45,1.304773
IRN,2005,"Iran, Islamic Republic of",2.74,4.05,38.59,1,24.3,10.6,17.825934826508835,1.3099999999999996,8.26,1.682634
IRN,2006,"Iran, Islamic Republic of",2.76,3.71,41.18,1,17.4,8.2,17.84557100899496,0.9500000000000002,2.57,1.623432
IRN,2007,"Iran, Islamic Republic of",2.14,3.13,42.86,0,17.9,7.7,17.98687705915955,0.9899999999999998,7.286666666666667,1.2227960000000002
IRN,2008,"Iran, Islamic Republic of",1.89,3.42,44.04,0,16.3,7.2,18.14514378084329,1.53,8.959999999999999,1.057644
IRN,2009,"Iran, Islamic Republic of",1.76,3.05,44.5,0,8.1,6.6,18.04736489979509,1.2899999999999998,-7.040000000000001,0.9767999999999999
IRN,2010,"Iran, Islamic Republic of",1.7,2.92,46.1,1,6.2,6.6,18.178384023648267,1.22,0.35999999999999943,0.9162999999999999
IRN,2011,"Iran, Islamic Republic of",1.39,2.89,43.25,1,7.6,7.0,18.300976027950487,1.5000000000000002,11.759999999999998,0.788825
IRN,2012,"Iran, Islamic Republic of",1.92,3.35,45.79,0,10.0,5.6,18.18446298165077,1.4300000000000002,0.603333333333333,1.040832
IRN,2013,"Iran, Islamic Republic of",3.04,3.72,45.64,1,11.4,5.2,17.997313778977805,0.6800000000000002,-0.39333333333333353,1.652544
IRN,2014,"Iran, Islamic Republic of",2.3,3.04,25.46,1,17.1,5.9,18.146962221116,0.7400000000000002,3.87,1.71442
IRN,2015,"Iran, Islamic Republic of",2.85,3.56,26.81,1,17.6,7.9,17.953866474168393,0.71,-12.46,2.085915
IRN,2016,"Iran, Islamic Republic of",2.42,3.36,27.4,1,17.6,12.3,17.99308635755352,0.94,3.27,1.7569199999999998
IRN,2017,"Iran, Islamic Republic of",1.51,2.98,26.68,1,14.8,12.8,18.184317305980404,1.47,9.939999999999998,1.1071320000000002
IRN,2018,"Iran, Islamic Republic of",2.04,2.68,24.07,1,9.9,12.6,17.955936054689253,0.6400000000000001,-10.62,1.548972
IRN,2019,"Iran, Islamic Republic of",1.81,3.46,23.2,0,5.7,12.1,17.53580319050291,1.65,-2.7666666666666675,1.39008
IRN,2020,"Iran, Islamic Republic of",3.9,6.34,24.95,0,6.6,8.2,17.262357937996946,2.44,-2.2266666666666666,2.9269499999999997
IRN,2021,"Iran, Islamic Republic of",4.25,6.2,25.15,0,8.0,9.2,17.450520382049387,1.95,11.669999999999998,3.1811249999999998
IRQ,1996,Iraq,2.57,8.18,11.38,0,4.8,0.0,12.570442839934586,5.609999999999999,6.8566666666666665,2.2775339999999997
IRQ,1998,Iraq,3.91,5.7,26.08,0,8.5,1.0,14.109601214007167,1.79,6.626666666666667,2.8902720000000004
IRQ,2000,Iraq,4.59,4.07,26.27,0,5.8,1.5,15.287449303414927,0.0,3.783333333333333,3.3842070000000004
IRQ,2002,Iraq,3.15,4.54,28.38,0,7.9,0.5,15.899702997485605,1.39,5.956666666666666,2.25603
IRQ,2003,Iraq,1.86,4.03,34.22,0,0.5,8.0,15.71516220548622,2.17,8.2,1.223508
IRQ,2004,Iraq,1.53,3.39,40.53,0,0.0,4.8,16.485038905387356,1.86,17.32,0.909891
IRQ,2005,Iraq,1.41,3.39,59.77,0,0.5,9.6,16.483885491525676,1.98,12.966666666666667,0.5672429999999999
IRQ,2006,Iraq,1.49,3.21,62.17,0,0.0,10.1,16.55383932292945,1.72,25.919999999999998,0.5636669999999999
IRQ,2007,Iraq,0.97,2.52,68.97,0,0.5,15.9,16.569146799318485,1.55,22.64333333333333,0.300991
IRQ,2008,Iraq,0.8,2.87,57.97,0,1.9,16.3,16.985657724111544,2.0700000000000003,14.556666666666667,0.33624000000000004
IRQ,2009,Iraq,0.74,2.43,57.1,0,2.4,18.0,17.234342862284898,1.6900000000000002,15.223333333333334,0.31745999999999996
IRQ,2010,Iraq,1.35,2.24,55.62,0,2.4,19.4,17.454531009654627,0.8900000000000001,8.206666666666667,0.59913
IRQ,2011,Iraq,1.24,2.28,52.69,0,4.3,18.3,17.56066981635935,1.0399999999999998,14.073333333333332,0.586644
IRQ,2012,Iraq,0.67,2.43,61.33,0,4.7,16.4,17.737313535378906,1.7600000000000002,-9.260000000000002,0.25908900000000007
IRQ,2013,Iraq,0.81,2.11,64.32,0,4.3,16.4,17.87816850132117,1.2999999999999998,-0.09666666666666668,0.2890080000000001
IRQ,2014,Iraq,0.56,1.91,61.18,1,2.4,15.8,17.916922971641625,1.35,1.126666666666667,0.217392
IRQ,2015,Iraq,0.45,1.93,65.96,0,2.9,17.7,17.76808339038245,1.48,-10.166666666666671,0.15318
IRQ,2016,Iraq,0.59,2.03,66.94,0,3.3,22.2,17.658450600918826,1.44,0.2900000000000005,0.195054
IRQ,2017,Iraq,0.62,2.35,28.02,0,3.3,20.7,17.82137551077994,1.73,-0.5100000000000007,0.446276
IRQ,2018,Iraq,0.63,1.78,25.66,0,1.4,20.9,17.891566248004587,1.15,3.210000000000001,0.46834200000000004
IRQ,2019,Iraq,0.03,1.92,24.58,0,1.4,22.2,17.839442076446314,1.89,-0.703333333333334,0.022626
IRQ,2020,Iraq,0.77,3.13,26.12,0,1.9,21.3,17.74883971218641,2.36,-1.5300000000000002,0.568876
IRQ,2021,Iraq,0.84,2.35,29.47,0,1.9,21.7,17.87025265985691,1.5100000000000002,12.876666666666667,0.592452
ISL,1996,Iceland,7.02,12.54,24.82,1,94.1,94.0,14.412524586170864,5.52,7.97,5.277636
ISL,1998,Iceland,7.68,11.73,32.1,1,95.2,94.0,14.588469056352269,4.050000000000001,10.880000000000003,5.21472
ISL,2000,Iceland,5.71,11.33,34.58,1,96.8,94.5,15.291250222711463,5.62,5.62,3.735482
ISL,2002,Iceland,2.3,10.34,61.28,1,98.9,96.5,15.005425595278744,8.04,-0.1299999999999999,0.8905599999999999
ISL,2003,Iceland,2.1,10.12,63.3,1,99.0,98.5,15.288356646284347,8.02,11.5,0.7707
ISL,2004,Iceland,2.63,9.36,67.36,1,98.5,95.7,15.57352701467279,6.73,14.61,0.858432
ISL,2005,Iceland,2.23,9.66,66.36,1,99.5,95.7,15.859586440910716,7.43,15.8,0.7501720000000001
ISL,2006,Iceland,1.74,9.03,66.97,1,99.5,96.2,15.9812000101632,7.289999999999999,9.7,0.5747220000000001
ISL,2007,Iceland,2.48,8.12,69.48,1,99.5,96.2,16.168449739179806,5.639999999999999,5.67,0.7568959999999998
ISL,2008,Iceland,1.7,7.75,71.95,1,94.2,96.2,15.93442972210106,6.05,-3.99,0.47684999999999994
ISL,2009,Iceland,2.14,7.39,72.97,1,91.5,95.7,15.475037997648895,5.25,-18.2,0.578442
ISL,2010,Iceland,2.04,7.48,70.31,1,85.3,95.7,15.69841946765866,5.44,4.22,0.6056759999999999
ISL,2011,Iceland,1.96,7.56,71.29,1,92.9,95.3,15.912709185265305,5.6,11.26,0.5627159999999998
ISL,2012,Iceland,1.48,7.03,74.7,1,92.9,94.8,15.795943069143055,5.550000000000001,-0.7599999999999998,0.37444
ISL,2013,Iceland,1.73,8.02,73.71,1,94.3,94.8,15.727569984593949,6.289999999999999,2.56,0.454817
ISL,2014,Iceland,1.33,7.06,77.59,1,94.3,93.1,15.801307346746189,5.73,3.45,0.29805299999999996
ISL,2015,Iceland,1.28,7.35,76.88,1,94.8,93.6,15.86817248142798,6.069999999999999,-0.8100000000000005,0.2959360000000001
ISL,2016,Iceland,1.72,8.07,78.04,1,95.7,94.6,16.076557356206298,6.3500000000000005,3.88,0.3777119999999998
ISL,2017,Iceland,1.08,6.65,77.74,1,95.7,94.6,16.17460154456435,5.57,10.56,0.24040800000000004
ISL,2018,Iceland,1.07,7.14,78.5,1,97.6,93.7,16.181560861303883,6.069999999999999,5.01,0.23004999999999998
ISL,2019,Iceland,1.86,8.58,78.98,1,99.5,92.8,16.039778787991022,6.72,-7.48,0.39097199999999993
ISL,2020,Iceland,1.75,7.15,78.45,1,96.7,94.7,15.89251039360465,5.4,-6.949999999999999,0.37712500000000004
ISL,2021,Iceland,1.28,6.66,78.17,1,96.2,94.2,16.18512251578672,5.38,17.3,0.27942399999999995
ISR,1996,Israel,6.43,12.29,40.01,1,12.8,69.0,17.048853936841326,5.859999999999999,2.79,3.8573570000000004
ISR,1998,Israel,5.36,10.73,35.65,1,14.9,66.2,17.057063629350893,5.37,-2.71,3.44916
ISR,2000,Israel,3.58,9.31,65.22,1,16.9,68.7,17.67666685695066,5.73,7.23,1.2451240000000001
ISR,2002,Israel,3.84,9.8,54.21,1,11.1,66.2,17.55623689994211,5.960000000000001,-0.2999999999999998,1.758336
ISR,2003,Israel,4.09,9.02,58.11,1,8.5,67.2,17.59781234921021,4.93,1.6600000000000006,1.7133010000000002
ISR,2004,Israel,3.56,7.48,68.14,1,11.2,69.7,17.806098577845678,3.92,9.43,1.134216
ISR,2005,Israel,3.11,7.6,65.05,1,13.1,68.3,17.88195209357314,4.49,4.84,1.086945
ISR,2006,Israel,3.04,7.76,66.95,1,13.0,71.2,17.953583860425052,4.72,3.06,1.00472
ISR,2007,Israel,2.97,7.34,66.89,1,11.6,69.7,18.11027997015827,4.369999999999999,8.8,0.9833669999999999
ISR,2008,Israel,2.95,7.21,65.94,1,11.1,69.2,18.255017247836253,4.26,7.290000000000001,1.0047700000000002
ISR,2009,Israel,3.06,6.76,66.57,1,7.1,65.4,17.92976095277762,3.7,-14.75,1.0229580000000003
ISR,2010,Israel,3.41,7.17,69.22,1,10.4,66.8,18.140479713395315,3.76,11.79,1.0495979999999998
ISR,2011,Israel,3.52,7.26,68.98,1,13.3,67.6,18.334280880641035,3.74,11.45,1.0919039999999998
ISR,2012,Israel,3.3,6.97,70.17,1,16.1,67.6,18.315191267757264,3.67,-0.28000000000000025,0.98439
ISR,2013,Israel,3.31,6.99,70.47,1,15.2,67.1,18.32109186762732,3.68,-0.7699999999999996,0.9774430000000001
ISR,2014,Israel,2.81,6.19,73.99,1,12.9,70.9,18.356716324760065,3.3800000000000003,0.23000000000000043,0.730881
ISR,2015,Israel,2.41,6.56,72.45,1,11.4,71.9,18.25551501736373,4.15,-7.370000000000003,0.663955
ISR,2016,Israel,2.41,6.36,74.54,1,19.0,71.9,18.31045287023618,3.95,2.96,0.6135859999999999
ISR,2017,Israel,2.15,5.78,77.19,1,16.7,70.9,18.338684279930924,3.63,2.49,0.49041499999999993
ISR,2018,Israel,2.03,6.12,76.13,1,15.1,68.9,18.3986768874779,4.09,5.26,0.484561
ISR,2019,Israel,1.99,6.35,77.68,1,18.9,69.1,18.389399796973457,4.359999999999999,0.0,0.4441679999999999
ISR,2020,Israel,2.04,5.81,75.58,1,16.5,68.1,18.304309174646026,3.77,-4.9,0.49816799999999994
ISR,2021,Israel,1.72,5.33,75.42,1,13.2,67.6,18.57699008256977,3.61,15.35,0.42277600000000004
ITA,1996,Italy,10.62,12.45,28.01,1,86.7,84.5,18.969136452820237,1.83,1.9299999999999997,7.645337999999999
ITA,1998,Italy,10.69,12.73,31.54,1,91.0,79.6,19.04994087096364,2.040000000000001,1.73,7.3183739999999995
ITA,2000,Italy,11.89,11.3,28.57,1,78.3,79.6,19.199753005408425,0.0,2.21,8.493027
ITA,2002,Italy,10.86,11.01,26.85,1,75.7,78.1,19.288516223563835,0.1500000000000003,2.34,7.94409
ITA,2003,Italy,10.38,10.26,29.99,1,59.8,77.6,19.469504569581503,0.0,9.66,7.267038
ITA,2004,Italy,9.22,8.96,34.57,1,54.9,86.5,19.63079548885605,0.0,9.33,6.032646000000001
ITA,2005,Italy,8.22,9.05,33.83,1,63.1,81.7,19.709035571382184,0.8300000000000001,3.63,5.439174
ITA,2006,Italy,8.37,8.74,34.99,1,62.3,83.2,19.85683809753176,0.370000000000001,9.58,5.441336999999999
ITA,2007,Italy,7.53,8.14,35.85,1,60.4,86.1,20.0067239757299,0.6100000000000003,7.52,4.830495
ITA,2008,Italy,7.53,8.39,37.09,1,65.4,81.3,20.162201381966906,0.8600000000000003,4.8,4.737123
ITA,2009,Italy,7.28,7.87,38.87,1,54.5,81.5,19.82440316978568,0.5899999999999999,-14.05,4.450264
ITA,2010,Italy,7.71,7.98,36.93,1,62.6,75.8,19.94797928785156,0.2700000000000004,8.31,4.862697000000001
ITA,2011,Italy,7.1,7.83,38.89,1,62.6,75.1,20.06064158169255,0.7300000000000004,7.12,4.33881
ITA,2012,Italy,6.76,7.69,42.92,1,63.0,74.6,19.92295895714588,0.9300000000000006,-6.449999999999999,3.858608
ITA,2013,Italy,6.78,7.93,41.75,1,64.0,76.1,19.931250800346323,1.1499999999999997,-1.0,3.9493500000000004
ITA,2014,Italy,6.35,7.65,46.12,1,60.5,77.8,19.950693696425848,1.3000000000000007,-0.5499999999999998,3.4213799999999996
ITA,2015,Italy,6.55,8.17,46.02,1,58.6,81.3,19.770382063671704,1.62,-6.900000000000002,3.5356899999999993
ITA,2016,Italy,6.76,8.08,42.91,1,58.6,81.8,19.803750608892663,1.3200000000000005,-0.5199999999999996,3.8592839999999997
ITA,2017,Italy,5.65,8.33,53.09,1,57.6,78.8,19.89789030312301,2.68,5.61,2.6504149999999997
ITA,2018,Italy,6.6,9.11,50.67,1,57.1,78.2,20.003869917949057,2.51,5.37,3.2557799999999997
ITA,2019,Italy,17.39,12.69,47.72,1,59.0,76.8,19.951579839179228,0.0,-2.88,9.091491999999999
ITA,2020,Italy,6.47,8.71,48.02,1,58.0,81.2,19.832226674685334,2.240000000000001,-5.24,3.363106
ITA,2021,Italy,6.45,8.89,51.82,1,63.7,83.6,20.10952588461032,2.4400000000000004,15.430000000000001,3.10761
JAM,1996,Jamaica,12.17,18.59,39.12,1,50.5,65.5,14.740679124981543,6.42,4.34,7.409096
JAM,1998,Jamaica,10.33,17.23,50.02,1,48.9,69.2,14.711485523068706,6.9,-2.0700000000000003,5.162934
JAM,2000,Jamaica,5.88,18.05,51.34,1,54.5,68.2,15.003899087859796,12.170000000000002,4.84,2.8612079999999995
JAM,2002,Jamaica,6.79,16.44,42.52,1,40.2,66.7,15.126774652901876,9.650000000000002,2.04,3.902892
JAM,2003,Jamaica,10.99,17.14,41.69,1,33.2,64.7,15.198727062338882,6.15,1.04,6.408269
JAM,2004,Jamaica,9.51,15.13,60.11,1,33.0,61.1,15.126727519880154,5.620000000000001,4.28,3.7935390000000004
JAM,2005,Jamaica,8.79,12.64,62.43,1,36.9,62.0,15.356620718384704,3.8500000000000014,11.44,3.302403
JAM,2006,Jamaica,5.98,14.48,70.64,1,34.3,67.3,15.539108931112851,8.5,1.5899999999999994,1.755728
JAM,2007,Jamaica,5.96,14.02,73.4,1,36.2,67.3,15.516827329950962,8.059999999999999,15.689999999999998,1.5853599999999994
JAM,2008,Jamaica,4.97,12.03,74.35,1,34.1,66.3,15.788790592444858,7.06,12.01,1.2748050000000002
JAM,2009,Jamaica,13.19,17.83,64.15,1,31.8,66.4,15.145152638313732,4.639999999999999,-18.2,4.728614999999999
JAM,2010,Jamaica,5.18,13.63,56.8,1,30.8,61.1,15.297450724378134,8.450000000000001,1.5799999999999996,2.23776
JAM,2011,Jamaica,3.59,13.01,58.0,1,44.5,62.0,15.44761240221648,9.42,10.99,1.5078
JAM,2012,Jamaica,2.87,21.65,79.36,1,50.2,63.4,15.499410474875257,18.78,1.1100000000000003,0.5923680000000001
JAM,2013,Jamaica,1.97,14.1,77.36,1,54.5,64.8,15.497900558632736,12.13,-2.8100000000000005,0.44600800000000007
JAM,2014,Jamaica,1.66,8.71,79.75,1,46.7,67.5,15.464839333950708,7.050000000000001,-3.1099999999999985,0.33615
JAM,2015,Jamaica,2.08,10.75,76.51,1,51.0,69.0,15.3364448489292,8.67,-7.5,0.488592
JAM,2016,Jamaica,7.8,13.84,76.85,1,57.1,70.9,15.338280423555114,6.04,-2.29,1.8057000000000003
JAM,2017,Jamaica,4.17,13.17,82.01,1,58.6,70.0,15.546252044790595,9.0,10.48,0.7501829999999998
JAM,2018,Jamaica,4.38,15.94,82.45,1,61.3,68.4,15.657111757320044,11.56,2.9800000000000004,0.76869
JAM,2019,Jamaica,8.37,24.92,83.44,1,59.4,66.7,15.58566505314461,16.550000000000004,1.7599999999999998,1.3860719999999995
JAM,2020,Jamaica,3.72,13.78,81.86,1,55.7,66.7,15.389965147612358,10.06,-13.64,0.6748080000000001
JAM,2021,Jamaica,7.34,12.35,76.76,1,52.8,65.7,15.49000836184882,5.01,11.98,1.7058159999999996
JOR,1996,Jordan,2.91,13.37,55.69,0,46.8,42.0,15.000504687172183,10.46,0.9466666666666663,1.2894210000000002
JOR,1998,Jordan,4.36,6.73,55.14,1,48.4,36.3,15.0412130140345,2.37,-0.1900000000000004,1.955896
JOR,2000,Jordan,6.53,8.17,46.86,1,43.9,41.8,15.446967091545911,1.6399999999999997,11.11,3.470042
JOR,2002,Jordan,5.72,11.62,41.31,1,30.2,25.4,15.761133594378125,5.9,1.5099999999999998,3.357068
JOR,2003,Jordan,5.82,10.92,41.23,1,40.7,29.9,15.977493234033355,5.1,6.12,3.420414000000001
JOR,2004,Jordan,5.05,10.33,51.82,1,36.9,31.7,16.222054137031833,5.28,20.020000000000003,2.43309
JOR,2005,Jordan,4.73,10.68,76.06,1,41.7,32.2,16.27744091610677,5.949999999999999,13.3,1.1323619999999999
JOR,2006,Jordan,4.0,10.52,76.58,1,23.7,27.9,16.41443086451395,6.52,4.64,0.9367999999999999
JOR,2007,Jordan,3.73,9.59,78.7,1,34.8,28.8,16.566231464786636,5.859999999999999,8.72,0.7944899999999999
JOR,2008,Jordan,3.31,7.5,74.51,1,30.8,26.9,16.88492478658245,4.19,11.66,0.8437189999999997
JOR,2009,Jordan,2.95,7.79,74.6,1,32.2,27.0,16.73763842124828,4.84,-8.66,0.7493000000000001
JOR,2010,Jordan,3.26,8.06,66.56,1,34.6,27.0,16.767777837976148,4.800000000000001,4.13,1.090144
JOR,2011,Jordan,3.71,7.99,63.63,1,30.3,26.3,16.92314427379832,4.28,9.5,1.3493270000000002
JOR,2012,Jordan,2.32,8.64,82.23,1,29.4,26.8,17.022170710389485,6.32,6.33,0.4122639999999999
JOR,2013,Jordan,2.54,9.71,84.73,1,26.1,24.9,17.116503358892345,7.170000000000001,2.05,0.38785799999999987
JOR,2014,Jordan,3.0,10.21,85.47,1,27.6,26.6,17.126518877685058,7.210000000000001,2.7299999999999995,0.43589999999999995
JOR,2015,Jordan,3.05,10.12,82.35,1,25.7,25.6,16.978144693096084,7.069999999999999,-5.109999999999999,0.5383250000000003
JOR,2016,Jordan,3.25,9.47,84.71,1,27.1,26.6,16.899007390961433,6.220000000000001,-3.1500000000000004,0.4969250000000001
JOR,2017,Jordan,3.05,9.69,85.88,1,30.0,27.1,16.966781088643295,6.64,3.08,0.43065999999999993
JOR,2018,Jordan,3.9,10.67,83.44,1,32.5,27.7,16.969102584364734,6.77,-0.2400000000000002,0.6458399999999999
JOR,2019,Jordan,4.83,11.77,83.92,1,36.8,28.0,16.99734152801363,6.94,-2.4299999999999997,0.7766639999999997
JOR,2020,Jordan,3.02,11.18,83.05,1,37.7,28.5,16.8214264683218,8.16,-6.219999999999997,0.51189
JOR,2021,Jordan,3.6,10.12,82.07,1,35.4,27.1,17.057570738965943,6.52,12.55,0.64548
JPN,1996,Japan,11.09,11.16,20.05,1,88.3,81.0,19.407773535648847,0.0700000000000002,1.9299999999999997,8.866455
JPN,1998,Japan,11.15,11.55,21.63,1,93.1,74.6,19.231181487825317,0.4000000000000003,-8.99,8.738255
JPN,2000,Japan,9.17,9.66,23.25,1,88.4,75.6,19.66129690194032,0.4900000000000002,10.67,7.037974999999999
JPN,2002,Japan,9.53,10.23,21.55,1,88.9,75.6,19.611289317201145,0.7000000000000011,-1.6899999999999986,7.476284999999999
JPN,2003,Japan,9.56,9.93,21.65,1,82.9,83.6,19.73709729609896,0.3699999999999992,6.57,7.49026
JPN,2004,Japan,8.15,8.43,25.31,1,82.5,82.7,19.896173146644426,0.2799999999999993,8.96,6.087235000000001
JPN,2005,Japan,8.12,8.69,24.11,1,82.5,81.3,20.018953723317377,0.5700000000000003,6.45,6.162267999999999
JPN,2006,Japan,7.87,8.52,25.82,1,90.8,76.9,20.121517832649847,0.6499999999999995,5.95,5.837966
JPN,2007,Japan,7.72,8.26,27.92,1,82.6,76.0,20.177291234221773,0.54,3.66,5.564576
JPN,2008,Japan,6.98,7.67,27.84,1,77.4,75.5,20.2938926737314,0.6899999999999995,10.7,5.036768
JPN,2009,Japan,6.18,6.93,29.01,1,84.4,79.6,19.98772673233816,0.75,-14.920000000000002,4.387181999999999
JPN,2010,Japan,6.33,7.08,28.26,1,77.7,81.0,20.20543178621246,0.75,12.13,4.541142000000001
JPN,2011,Japan,5.91,6.87,28.45,1,82.0,82.2,20.39752716726393,0.96,11.01,4.228605
JPN,2012,Japan,5.99,6.91,30.27,1,78.2,84.5,20.41611129047826,0.92,1.7800000000000002,4.176827
JPN,2013,Japan,6.18,7.23,29.52,1,82.9,85.0,20.37877843227168,1.0500000000000007,-3.0299999999999994,4.355664
JPN,2014,Japan,5.14,6.32,32.65,1,80.0,79.3,20.376836171137555,1.1800000000000006,-1.2699999999999987,3.4617899999999997
JPN,2015,Japan,5.86,6.85,29.77,1,87.6,78.8,20.20521564309095,0.9899999999999992,-12.240000000000002,4.1154779999999995
JPN,2016,Japan,5.48,6.45,29.58,1,81.4,77.3,20.162769371833654,0.9699999999999998,-1.5,3.859016
JPN,2017,Japan,4.9,6.2,32.29,1,87.6,80.3,20.232530637294417,1.2999999999999998,5.22,3.3177900000000005
JPN,2018,Japan,5.1,6.6,32.54,1,87.3,79.6,20.32095962612947,1.5,5.55,3.4404600000000003
JPN,2019,Japan,5.21,6.82,33.21,1,83.5,77.8,20.29984765517595,1.6100000000000003,-1.8500000000000005,3.4797589999999996
JPN,2020,Japan,4.09,6.33,62.78,1,85.4,79.2,20.20099693387728,2.24,-6.129999999999999,1.522298
JPN,2021,Japan,3.69,6.0,64.42,1,84.9,82.1,20.372740786515447,2.31,10.25,1.312902
KAZ,1996,Kazakhstan,4.42,9.6,21.01,1,33.5,18.5,15.240557034481895,5.18,5.54,3.491358
KAZ,1998,Kazakhstan,3.61,6.53,42.76,1,52.7,27.9,15.347462541212613,2.9200000000000004,-0.05999999999999961,2.066364
KAZ,2000,Kazakhstan,2.21,5.28,46.43,1,49.2,20.4,15.652729249930788,3.0700000000000003,17.06,1.1838970000000002
KAZ,2002,Kazakhstan,2.67,6.27,35.73,1,58.7,17.9,15.90972571907321,3.6,2.37,1.7160090000000001
KAZ,2003,Kazakhstan,1.79,5.21,52.7,1,58.8,17.9,16.234180443638273,3.42,12.99,0.8466699999999999
KAZ,2004,Kazakhstan,1.18,4.14,49.91,1,48.1,18.3,16.686115740747706,2.96,23.3,0.591062
KAZ,2005,Kazakhstan,1.28,4.02,41.67,1,52.9,18.3,16.93767914643889,2.7399999999999998,16.490000000000002,0.746624
KAZ,2006,Kazakhstan,0.64,3.94,71.34,1,52.2,15.9,17.24431205990578,3.3,16.84,0.18342399999999998
KAZ,2007,Kazakhstan,0.77,3.52,72.26,1,69.1,15.4,17.553737975410662,2.75,17.54,0.21359799999999998
KAZ,2008,Kazakhstan,0.79,3.94,74.14,1,68.3,16.8,17.667609876813476,3.15,7.56,0.20429399999999998
KAZ,2009,Kazakhstan,0.53,3.26,72.75,1,72.5,15.6,17.42573650368703,2.7299999999999995,-13.329999999999998,0.144425
KAZ,2010,Kazakhstan,0.43,2.81,72.19,1,64.0,14.2,17.50149404882157,2.38,-8.039999999999997,0.11958300000000001
KAZ,2011,Kazakhstan,0.47,2.8,71.61,1,36.0,15.0,17.695644483611918,2.33,25.79,0.13343300000000002
KAZ,2012,Kazakhstan,0.88,3.6,78.38,1,34.1,15.0,17.782542356507925,2.72,8.25,0.19025600000000006
KAZ,2013,Kazakhstan,0.74,2.96,76.88,1,34.6,14.1,17.90046947650739,2.22,4.68,0.17108800000000005
KAZ,2014,Kazakhstan,0.72,2.56,55.1,1,47.6,14.3,17.777714371216202,1.84,-8.01,0.32327999999999996
KAZ,2015,Kazakhstan,0.74,2.43,54.07,1,43.8,16.3,17.43545055246839,1.6900000000000002,-13.96,0.339882
KAZ,2016,Kazakhstan,0.95,2.78,51.83,1,47.6,13.8,17.37010251482147,1.83,-9.25,0.457615
KAZ,2017,Kazakhstan,1.0,3.23,48.76,1,47.1,13.8,17.580826168032505,2.23,8.43,0.5124
KAZ,2018,Kazakhstan,1.24,3.06,49.79,1,44.8,15.0,17.634484357598915,1.82,6.14,0.6226039999999999
KAZ,2019,Kazakhstan,0.7,3.02,51.69,1,41.5,14.5,17.744598845025116,2.3200000000000003,9.12,0.33816999999999997
KAZ,2020,Kazakhstan,1.4,3.72,59.35,1,38.2,15.9,17.673917457154456,2.3200000000000003,-0.9900000000000002,0.5690999999999999
KAZ,2021,Kazakhstan,1.34,3.55,56.17,1,38.2,18.8,17.81478241876516,2.21,3.14,0.587322
KEN,1996,Kenya,11.4,18.29,66.71,0,23.9,28.5,14.697109877339283,6.889999999999999,0.43333333333333357,3.795060000000001
KEN,1998,Kenya,14.2,20.68,54.06,1,18.6,22.9,14.734299219413025,6.48,0.35999999999999943,6.52348
KEN,2000,Kenya,10.83,17.74,55.88,1,16.4,23.9,14.974731396162795,6.909999999999998,1.88,4.778195999999999
KEN,2002,Kenya,8.85,15.68,55.68,1,16.9,27.9,15.066512785836675,6.83,-8.89,3.92232
KEN,2003,Kenya,10.69,16.44,55.3,1,13.6,41.3,15.214735697551822,5.750000000000002,2.2,4.77843
KEN,2004,Kenya,13.72,16.52,66.63,1,16.0,41.8,15.51968407971414,2.799999999999999,14.59,4.5783640000000005
KEN,2005,Kenya,13.11,16.49,74.3,1,12.6,41.3,15.654551283691678,3.379999999999999,13.18,3.3692699999999998
KEN,2006,Kenya,11.58,16.15,67.86,1,15.5,42.8,15.925213288649452,4.569999999999999,11.23,3.7218120000000003
KEN,2007,Kenya,9.39,15.44,69.84,1,11.1,38.0,16.137842218840063,6.049999999999999,11.48,2.832024
KEN,2008,Kenya,9.19,14.32,75.17,1,10.1,38.9,16.289324610077355,5.130000000000001,11.26,2.2818769999999997
KEN,2009,Kenya,9.13,14.42,76.3,1,9.5,36.5,16.26915052228309,5.289999999999999,-4.25,2.1638100000000002
KEN,2010,Kenya,11.61,15.51,75.46,1,12.8,39.3,16.42946993601113,3.9,8.87,2.8490940000000005
KEN,2011,Kenya,10.7,14.84,78.31,0,12.8,38.0,16.57517643881562,4.140000000000001,17.03,2.3208299999999995
KEN,2012,Kenya,9.73,14.22,81.09,0,10.4,39.0,16.76022381477632,4.49,16.05,1.8399429999999994
KEN,2013,Kenya,9.33,13.45,80.92,1,13.7,41.8,16.79572800715228,4.119999999999999,2.913333333333333,1.7801639999999996
KEN,2014,Kenya,7.38,13.06,81.22,0,9.0,42.9,16.985609339396966,5.680000000000001,2.3666666666666663,1.3859639999999998
KEN,2015,Kenya,10.05,14.01,76.12,1,9.5,42.4,16.90432864015141,3.959999999999999,-4.836666666666666,2.399939999999999
KEN,2016,Kenya,9.11,13.24,81.26,1,10.0,42.4,16.738920536324805,4.130000000000001,-6.249999999999998,1.707213999999999
KEN,2017,Kenya,11.87,14.85,73.48,1,11.9,39.4,16.80723167607967,2.9800000000000004,8.75,3.1479239999999997
KEN,2018,Kenya,11.09,14.3,76.33,1,12.3,34.0,16.844566006599777,3.210000000000001,2.04,2.6250030000000004
KEN,2019,Kenya,8.92,14.87,78.15,1,12.7,36.2,16.83416565603035,5.949999999999999,-0.4800000000000004,1.9490199999999993
KEN,2020,Kenya,8.01,13.31,74.99,1,14.6,35.7,16.813826945318375,5.300000000000001,-5.390000000000001,2.003301000000001
KEN,2021,Kenya,8.31,12.96,75.25,1,15.1,35.7,17.02981999111741,4.65,12.78,2.0567250000000006
KHM,1996,Cambodia,4.7,15.53,77.79,0,14.9,25.0,14.090127990959168,10.829999999999998,8.34,1.0438699999999999
KHM,1998,Cambodia,8.19,17.25,54.46,0,11.7,24.9,14.065789410221376,9.06,6.036666666666666,3.729726
KHM,2000,Cambodia,5.44,18.92,69.51,1,21.7,25.4,14.558234369537988,13.48,11.866666666666665,1.658656
KHM,2002,Cambodia,6.55,24.77,65.45,1,25.4,26.9,14.712014806091942,18.22,5.19,2.2630249999999994
KHM,2003,Cambodia,5.89,17.07,64.67,1,27.1,23.4,14.841328368902944,11.18,3.17,2.0809369999999996
KHM,2004,Cambodia,5.12,16.48,72.61,1,30.6,22.1,15.039130892265304,11.36,7.81,1.4023680000000003
KHM,2005,Cambodia,7.23,16.56,66.6,1,35.0,18.8,15.214906931632152,9.329999999999998,11.23,2.4148200000000006
KHM,2006,Cambodia,6.73,16.7,68.31,1,33.8,21.6,15.477221279304906,9.97,8.23,2.1327369999999997
KHM,2007,Cambodia,6.98,16.06,65.36,1,31.9,21.6,15.631142718373138,9.079999999999998,9.05,2.4178720000000005
KHM,2008,Cambodia,8.5,15.83,67.52,1,34.6,21.2,15.879685327013076,7.33,11.46,2.7608000000000006
KHM,2009,Cambodia,7.65,15.41,69.65,1,27.0,22.3,15.76409012523609,7.76,-5.960000000000001,2.321775
KHM,2010,Cambodia,7.65,15.47,60.44,1,27.5,21.8,16.15681022162002,7.82,12.04,3.0263400000000007
KHM,2011,Cambodia,6.76,15.23,68.72,1,36.5,22.1,16.517445748440945,8.47,11.94,2.1145279999999995
KHM,2012,Cambodia,12.06,14.94,76.19,1,41.2,20.2,16.56040117938967,2.879999999999999,10.25,2.871486
KHM,2013,Cambodia,6.87,15.46,71.55,1,41.7,19.7,16.876845010365106,8.59,5.0,1.9545149999999998
KHM,2014,Cambodia,5.51,14.97,66.75,1,46.2,18.7,16.755678121293098,9.46,8.57,1.8320750000000001
KHM,2015,Cambodia,6.27,15.26,61.72,1,49.5,18.2,16.80275901096801,8.99,4.86,2.400156
KHM,2016,Cambodia,5.75,13.71,58.77,1,53.3,18.2,16.738280994454563,7.960000000000001,7.68,2.370725
KHM,2017,Cambodia,6.2,14.22,65.47,1,51.0,15.8,16.90288436004334,8.02,7.45,2.1408600000000004
KHM,2018,Cambodia,6.56,14.57,61.42,1,52.8,13.6,17.176907597347306,8.010000000000002,10.65,2.530848
KHM,2019,Cambodia,5.57,13.75,63.12,1,44.8,15.5,17.190614219418038,8.18,7.68,2.0542160000000003
KHM,2020,Cambodia,6.29,12.88,55.61,1,40.6,12.6,17.088291542129312,6.590000000000001,-2.91,2.792131
KHM,2021,Cambodia,6.79,13.14,56.53,1,42.5,10.6,17.44824612969185,6.3500000000000005,22.54,2.951613
KIR,2004,Kiribati,6.14,9.36,81.32,1,90.3,62.5,10.86273297910792,3.22,16.35333333333333,1.1469520000000004
KIR,2005,Kiribati,2.93,9.9,87.54,1,99.0,52.4,10.964085706508984,6.970000000000001,13.67,0.36507799999999985
KIR,2006,Kiribati,3.59,10.19,64.81,1,98.6,69.7,10.818313612301584,6.6,-8.439999999999998,1.263321
KIR,2007,Kiribati,2.55,11.37,79.31,1,98.6,67.8,11.238246616303902,8.82,6.29,0.5275949999999999
KIR,2008,Kiribati,3.81,8.25,48.88,1,98.1,70.7,10.992080817991804,4.44,3.52,1.947672
KIR,2009,Kiribati,1.29,5.95,52.03,1,98.1,68.2,11.073034426344517,4.66,-5.58,0.6188130000000001
KIR,2010,Kiribati,4.29,10.1,66.95,1,96.7,68.2,11.511488232646474,5.81,4.44,1.417845
KIR,2011,Kiribati,2.94,10.14,69.44,1,95.7,73.7,11.881197956612665,7.200000000000001,12.04,0.8984639999999999
KIR,2012,Kiribati,2.59,9.46,77.03,1,94.8,71.4,11.982059778970934,6.870000000000001,8.78,0.594923
KIR,2013,Kiribati,4.19,10.01,78.79,1,93.8,72.8,12.125212908345574,5.819999999999999,-5.42,0.8886989999999999
KIR,2014,Kiribati,2.79,8.67,60.67,1,73.8,74.4,12.186112765870488,5.88,9.52,1.097307
KIR,2015,Kiribati,5.73,9.78,55.72,1,72.9,77.8,12.127849988891782,4.049999999999999,-2.5,2.537244
KIR,2016,Kiribati,5.41,9.64,60.46,1,74.8,78.8,11.848272783393863,4.23,3.66,2.1391139999999997
KIR,2017,Kiribati,6.12,9.43,53.02,1,75.7,82.8,11.77811151368794,3.31,-4.780000000000001,2.875176
KIR,2018,Kiribati,4.94,10.05,59.09,1,84.9,86.4,11.597395097796564,5.11,-2.46,2.020954
KIR,2019,Kiribati,2.63,10.3,52.11,0,89.2,83.1,11.59419443586022,7.670000000000001,3.2933333333333334,1.259507
KIR,2020,Kiribati,3.49,9.77,49.38,1,90.6,84.5,11.895286313387423,6.279999999999999,6.583333333333334,1.7666380000000002
KIR,2021,Kiribati,3.24,8.9,53.78,0,90.6,87.0,12.056123618052773,5.66,6.583333333333334,1.497528
KNA,2004,Saint Kitts and Nevis,32.77,16.55,78.72,1,97.1,62.0,12.740025657561809,0.0,-4.280000000000001,6.9734560000000005
KNA,2005,Saint Kitts and Nevis,28.18,13.41,75.3,1,92.2,87.5,12.393305372759766,0.0,7.280000000000001,6.960459999999999
KNA,2006,Saint Kitts and Nevis,2.65,6.07,80.47,1,92.3,87.5,12.69599494925992,3.4200000000000004,8.94,0.517545
KNA,2007,Saint Kitts and Nevis,0.86,5.83,82.98,1,75.8,87.5,12.700865590007504,4.97,4.34,0.14637199999999992
KNA,2008,Saint Kitts and Nevis,0.95,5.6,78.36,1,78.8,83.7,12.671249865126184,4.65,9.34,0.20558
KNA,2009,Saint Kitts and Nevis,1.9,4.9,69.66,1,87.7,85.3,12.602994497058368,3.0000000000000004,-4.57,0.57646
KNA,2010,Saint Kitts and Nevis,1.2,5.43,75.17,1,85.8,87.7,12.840372519225836,4.23,-4.48,0.29795999999999995
KNA,2011,Saint Kitts and Nevis,1.27,5.3,75.73,1,79.6,85.9,13.734558137460802,4.029999999999999,-4.390000000000001,0.3082289999999999
KNA,2012,Saint Kitts and Nevis,0.62,5.93,83.68,1,80.6,86.9,12.757538743342575,5.31,-4.640000000000001,0.10118399999999994
KNA,2013,Saint Kitts and Nevis,1.21,5.67,77.99,1,79.6,86.4,13.262679583538253,4.46,5.32,0.2663210000000001
KNA,2014,Saint Kitts and Nevis,0.81,4.73,85.38,1,64.8,84.2,13.204578351689731,3.92,3.78,0.118422
KNA,2015,Saint Kitts and Nevis,0.98,5.6,85.13,1,63.3,73.9,12.889396610907411,4.619999999999999,5.29,0.14572600000000005
KNA,2016,Saint Kitts and Nevis,1.13,5.33,87.95,1,65.7,79.3,12.96816521644986,4.2,6.0,0.13616499999999992
KNA,2017,Saint Kitts and Nevis,0.8,5.75,84.32,1,67.6,79.3,13.128699044611295,4.95,-3.789999999999999,0.12544000000000005
KNA,2018,Saint Kitts and Nevis,0.73,8.59,81.82,0,67.9,76.7,12.945072441790485,7.859999999999999,6.503333333333334,0.13271400000000005
KNA,2019,Saint Kitts and Nevis,1.08,17.98,88.81,0,70.8,72.9,12.917760382800347,16.9,0.7833333333333328,0.120852
KNA,2020,Saint Kitts and Nevis,0.91,7.43,87.97,0,79.7,72.0,12.684168785652728,6.52,12.520000000000001,0.10947299999999997
KNA,2021,Saint Kitts and Nevis,2.34,8.28,84.6,0,82.5,71.0,12.64313505924362,5.94,9.45,0.36036
KOR,1996,"Korea, Republic of",10.06,11.08,23.78,1,66.0,67.5,18.530770113783948,1.0199999999999996,5.48,7.667732
KOR,1998,"Korea, Republic of",9.63,10.84,25.1,1,64.9,66.7,18.047976515570923,1.209999999999999,-18.2,7.212870000000001
KOR,2000,"Korea, Republic of",8.29,9.09,22.99,1,62.4,66.7,18.772005749145563,0.8000000000000007,15.759999999999998,6.384129
KOR,2002,"Korea, Republic of",8.11,9.23,21.78,1,52.4,69.7,18.779233467808343,1.120000000000001,3.83,6.343642
KOR,2003,"Korea, Republic of",8.01,8.67,22.14,1,52.8,68.7,18.912939692268527,0.6600000000000001,8.42,6.236585999999999
KOR,2004,"Korea, Republic of",6.92,7.38,25.38,1,61.2,72.1,19.131821814774536,0.4599999999999999,12.04,5.163704
KOR,2005,"Korea, Republic of",6.77,7.59,23.92,1,62.6,71.6,19.247041297999107,0.8200000000000003,7.88,5.150615999999999
KOR,2006,"Korea, Republic of",6.27,7.17,26.27,1,59.4,69.2,19.41570173042557,0.9000000000000004,8.83,4.622871
KOR,2007,"Korea, Republic of",5.64,6.79,27.95,1,65.2,68.8,19.56292333570032,1.1500000000000004,7.4,4.06362
KOR,2008,"Korea, Republic of",5.44,6.52,27.54,1,58.2,68.3,19.728714576045352,1.0799999999999992,10.44,3.9418240000000004
KOR,2009,"Korea, Republic of",4.95,5.87,30.08,1,60.7,68.7,19.49479902450193,0.92,-13.850000000000001,3.4610400000000006
KOR,2010,"Korea, Republic of",4.7,5.85,29.74,1,55.0,69.7,19.763041539162064,1.1499999999999997,14.72,3.30222
KOR,2011,"Korea, Republic of",4.15,5.98,55.24,1,60.7,69.5,19.94202472400149,1.83,11.05,1.8575400000000002
KOR,2012,"Korea, Republic of",4.54,6.46,59.63,1,55.5,70.0,19.949076626063004,1.92,-0.45999999999999996,1.8327979999999997
KOR,2013,"Korea, Republic of",4.42,6.56,60.47,1,57.3,68.5,19.960537539452798,2.14,-0.3899999999999997,1.747226
KOR,2014,"Korea, Republic of",3.53,5.53,61.93,1,50.5,70.4,19.99879158484966,2.0000000000000004,0.9600000000000004,1.343871
KOR,2015,"Korea, Republic of",3.55,5.93,61.36,1,53.8,69.5,19.885940626589043,2.38,-8.87,1.3717199999999998
KOR,2016,"Korea, Republic of",3.08,5.34,64.34,1,52.4,68.5,19.83763747798572,2.26,-3.5299999999999985,1.0983279999999997
KOR,2017,"Korea, Republic of",3.26,5.72,67.63,1,61.0,71.9,19.98037234514007,2.46,8.53,1.0552620000000001
KOR,2018,"Korea, Republic of",3.17,5.84,69.45,1,65.6,74.3,20.050411827366023,2.67,5.76,0.9684349999999999
KOR,2019,"Korea, Republic of",3.08,5.6,68.66,1,64.6,71.0,19.998638835923572,2.52,-3.0299999999999994,0.965272
KOR,2020,"Korea, Republic of",2.94,5.36,67.28,1,67.0,72.5,19.96067506153185,2.4200000000000004,-3.6099999999999994,0.9619679999999998
KOR,2021,"Korea, Republic of",2.57,4.98,70.66,1,66.5,77.3,20.211785347402625,2.4100000000000006,14.69,0.754038
KWT,1996,Kuwait,5.55,10.13,39.45,0,52.7,41.5,15.84736176451685,4.580000000000001,3.7666666666666666,3.3605249999999995
KWT,1998,Kuwait,7.4,6.77,35.27,0,63.3,41.3,15.817123495283814,0.0,2.5766666666666667,4.79002
KWT,2000,Kuwait,4.82,5.34,38.59,1,73.0,39.8,15.93745120343009,0.5199999999999996,2.973333333333333,2.959962
KWT,2002,Kuwait,3.32,5.71,45.94,1,42.3,39.8,16.20758265347344,2.39,6.99,1.7947919999999997
KWT,2003,Kuwait,4.13,4.79,44.27,1,54.8,38.3,16.4639050920367,0.6600000000000001,10.47,2.3016489999999994
KWT,2004,Kuwait,3.53,4.11,45.91,1,56.8,39.9,16.61834101424313,0.5800000000000005,7.2,1.909377
KWT,2005,Kuwait,2.4,4.17,70.94,0,55.3,33.7,16.757959875381676,1.77,21.206666666666667,0.69744
KWT,2006,Kuwait,2.17,4.04,69.26,1,58.5,30.8,16.845268431099687,1.87,19.509999999999998,0.6670579999999997
KWT,2007,Kuwait,2.1,3.52,67.49,1,68.1,32.2,17.070832977443825,1.42,11.32,0.6827100000000002
KWT,2008,Kuwait,1.88,4.4,63.94,1,62.0,30.3,17.207646449720418,2.5200000000000005,7.83,0.677928
KWT,2009,Kuwait,1.87,3.3,66.78,0,55.5,31.8,16.950508797439173,1.4299999999999995,7.363333333333333,0.6212139999999999
KWT,2010,Kuwait,1.95,2.91,52.23,1,61.1,30.3,17.119117240246286,0.9600000000000002,-5.4,0.931515
KWT,2011,Kuwait,1.83,2.98,51.38,1,56.9,30.0,17.18315372382955,1.15,5.26,0.8897459999999999
KWT,2012,Kuwait,1.49,3.0,67.61,0,53.1,27.7,17.277353285620272,1.51,1.6666666666666665,0.48261099999999996
KWT,2013,Kuwait,1.22,2.64,63.47,1,52.6,28.2,17.349232142789223,1.4200000000000002,0.9333333333333336,0.44566599999999995
KWT,2014,Kuwait,1.44,2.64,51.6,1,51.4,28.6,17.41519105507926,1.2000000000000002,3.06,0.6969599999999999
KWT,2015,Kuwait,1.42,2.77,46.66,1,39.5,28.1,17.37258870085655,1.35,-0.8499999999999996,0.7574280000000001
KWT,2016,Kuwait,1.39,2.64,41.79,1,45.2,29.1,17.317041827632863,1.2500000000000002,-0.28000000000000025,0.809119
KWT,2017,Kuwait,1.17,2.99,60.22,1,44.8,30.5,17.461484563778814,1.8200000000000005,4.47,0.465426
KWT,2018,Kuwait,1.11,2.16,42.77,1,51.9,30.1,17.530208162232977,1.05,3.32,0.6352530000000001
KWT,2019,Kuwait,0.59,2.22,37.7,1,54.7,28.5,17.504813221762358,1.6300000000000003,-3.3100000000000005,0.36756999999999995
KWT,2020,Kuwait,1.72,3.16,51.09,1,54.2,30.0,17.360991493656027,1.4400000000000002,-8.06,0.841252
KWT,2021,Kuwait,1.47,2.52,36.96,1,54.2,30.0,17.54900830895535,1.05,6.06,0.9266880000000001
LAO,1996,Lao People's Democratic Republic,6.31,18.74,77.51,0,59.6,15.0,13.236173964435183,12.43,6.683333333333334,1.4191189999999998
LAO,1998,Lao People's Democratic Republic,7.7,17.07,65.99,0,36.7,10.9,13.125890190879904,9.37,-3.373333333333333,2.6187700000000005
LAO,2000,Lao People's Democratic Republic,4.57,16.94,69.34,0,28.0,10.9,13.381522094204673,12.37,-0.996666666666667,1.401162
LAO,2002,Lao People's Democratic Republic,9.03,20.7,75.39,0,43.4,3.5,13.426198130074583,11.67,-7.340000000000002,2.2222829999999996
LAO,2003,Lao People's Democratic Republic,4.51,14.0,77.07,0,14.1,2.5,13.54931270467616,9.49,5.86,1.0341430000000003
LAO,2004,Lao People's Democratic Republic,4.5,13.04,74.71,0,25.7,6.7,13.866756741742137,8.54,10.763333333333334,1.13805
LAO,2005,Lao People's Democratic Republic,5.19,12.37,72.57,0,31.1,5.8,13.982379671675217,7.179999999999999,8.116666666666667,1.4236170000000006
LAO,2006,Lao People's Democratic Republic,2.55,9.43,74.26,0,42.5,6.7,14.230022202487817,6.88,6.753333333333334,0.6563699999999999
LAO,2007,Lao People's Democratic Republic,2.99,8.87,67.37,0,38.6,5.3,14.49079172248534,5.879999999999999,10.023333333333333,0.9756369999999999
LAO,2008,Lao People's Democratic Republic,3.36,8.68,69.65,0,44.7,5.3,14.782885981469937,5.32,29.16,1.01976
LAO,2009,Lao People's Democratic Republic,3.62,9.31,70.63,0,39.3,5.2,14.825017456909444,5.69,24.286666666666672,1.0631940000000002
LAO,2010,Lao People's Democratic Republic,2.41,7.36,62.82,1,35.5,5.7,15.038829729633292,4.95,-9.166666666666664,0.8960380000000001
LAO,2011,Lao People's Democratic Republic,2.27,7.62,70.42,1,45.0,4.7,15.323863835673851,5.35,18.57,0.6714659999999999
LAO,2012,Lao People's Democratic Republic,2.14,10.96,86.01,1,46.0,4.2,15.625419512658423,8.82,0.2999999999999998,0.2993859999999998
LAO,2013,Lao People's Democratic Republic,2.82,8.97,71.3,1,48.8,4.2,15.737466527113536,6.15,16.94,0.8093400000000001
LAO,2014,Lao People's Democratic Republic,1.16,6.4,80.01,1,62.4,4.4,15.818662636498992,5.24,11.95,0.23188399999999995
LAO,2015,Lao People's Democratic Republic,1.32,6.74,77.99,1,61.9,4.4,15.733153703147131,5.42,-7.879999999999999,0.2905320000000001
LAO,2016,Lao People's Democratic Republic,2.85,7.56,68.25,1,63.8,4.4,15.63571213982501,4.709999999999999,4.26,0.9048750000000001
LAO,2017,Lao People's Democratic Republic,6.94,10.01,73.85,1,61.4,4.4,15.730739426277554,3.0699999999999994,12.08,1.8148100000000005
LAO,2018,Lao People's Democratic Republic,6.18,8.36,70.11,1,60.4,4.4,15.7838029272723,2.18,6.46,1.8472020000000002
LAO,2019,Lao People's Democratic Republic,4.83,9.56,68.26,1,63.2,3.4,15.73587580951616,4.73,-0.4299999999999997,1.5330419999999996
LAO,2020,Lao People's Democratic Republic,1.48,7.66,72.49,1,69.3,3.4,15.630941862055774,6.18,-7.01,0.407148
LAO,2021,Lao People's Democratic Republic,1.28,6.29,73.72,1,68.9,4.3,15.779902912522312,5.01,8.22,0.33638400000000007
LBN,1996,Lebanon,5.65,15.92,43.5,0,23.4,39.0,15.579285679113752,10.27,4.673333333333333,3.19225
LBN,1998,Lebanon,6.36,13.85,28.15,1,20.2,37.3,15.516838457095542,7.489999999999999,-2.62,4.569660000000001
LBN,2000,Lebanon,7.38,11.7,45.59,1,31.2,39.3,15.910810296126543,4.319999999999999,0.16999999999999993,4.015458
LBN,2002,Lebanon,7.97,11.9,38.14,1,31.7,28.9,16.017785541612724,3.9300000000000006,-5.98,4.930242
LBN,2003,Lebanon,6.07,12.15,48.37,1,30.2,33.3,16.240625486269703,6.08,5.47,3.133941
LBN,2004,Lebanon,6.05,10.89,56.93,1,23.3,36.5,16.346458682654813,4.840000000000001,14.43,2.6057349999999997
LBN,2005,Lebanon,3.52,10.52,74.31,1,18.4,40.4,16.274064524298097,7.0,-0.3099999999999996,0.9042880000000001
LBN,2006,Lebanon,3.78,10.48,70.62,1,6.3,33.7,16.35233647830086,6.700000000000001,0.35999999999999943,1.1105639999999997
LBN,2007,Lebanon,3.38,9.43,69.42,1,3.4,33.7,16.516035935125075,6.05,12.14,1.0336039999999997
LBN,2008,Lebanon,3.65,9.5,65.64,1,4.8,34.1,16.864262560834035,5.85,16.87,1.25414
LBN,2009,Lebanon,3.47,10.31,67.99,1,8.5,35.5,16.835549677027156,6.84,0.29000000000000004,1.1107470000000002
LBN,2010,Lebanon,4.6,9.48,52.63,1,7.1,36.0,16.960650214105137,4.880000000000001,5.22,2.17902
LBN,2011,Lebanon,4.75,8.76,53.93,1,5.7,34.7,17.060055479677608,4.01,5.93,2.188325
LBN,2012,Lebanon,2.99,9.43,66.88,1,6.2,35.2,17.17554246008028,6.44,2.41,0.9902880000000002
LBN,2013,Lebanon,3.9,9.71,68.02,1,6.6,35.2,17.21571179263672,5.8100000000000005,0.20999999999999996,1.2472200000000002
LBN,2014,Lebanon,3.0,9.21,70.19,1,7.1,33.5,17.174533752486212,6.210000000000001,-1.7699999999999996,0.8943000000000001
LBN,2015,Lebanon,3.16,10.46,71.68,1,7.1,31.0,17.046791068400395,7.300000000000001,-4.719999999999999,0.8949119999999997
LBN,2016,Lebanon,3.12,10.04,73.06,1,8.1,32.0,17.039427686480394,6.919999999999999,0.28000000000000025,0.8405279999999999
LBN,2017,Lebanon,1.94,8.5,76.62,1,8.6,31.5,17.131682289049195,6.5600000000000005,29.16,0.453572
LBN,2018,Lebanon,2.84,9.18,75.08,1,7.1,31.6,17.163268575656947,6.34,-18.2,0.7077279999999999
LBN,2019,Lebanon,2.56,11.23,72.4,1,6.6,31.9,16.976425573465203,8.67,-1.88,0.7065599999999997
LBN,2020,Lebanon,2.94,9.62,67.45,1,8.0,32.9,16.59825957354326,6.68,-18.2,0.95697
LBN,2021,Lebanon,3.28,8.73,66.06,1,9.0,30.9,16.823177595052112,5.450000000000001,10.47,1.1132319999999998
LBR,1996,Liberia,0.85,9.93,49.16,0,1.6,10.0,15.046889182508943,9.08,-2.0233333333333334,0.43213999999999997
LBR,1998,Liberia,1.69,7.17,56.53,0,6.9,21.9,15.52097967747278,5.48,-2.4833333333333334,0.7346429999999999
LBR,2000,Liberia,1.85,5.94,71.07,0,3.2,18.9,15.752375360944136,4.09,2.043333333333333,0.5352050000000003
LBR,2002,Liberia,1.48,6.04,63.42,0,1.1,11.9,15.46847565889969,4.5600000000000005,0.6299999999999999,0.541384
LBR,2003,Liberia,2.94,5.88,71.53,0,2.5,9.5,15.37478145520444,2.94,5.363333333333333,0.8370179999999998
LBR,2004,Liberia,1.59,4.25,77.37,0,9.7,11.1,15.501042502457398,2.66,8.313333333333333,0.35981699999999994
LBR,2005,Liberia,1.34,4.65,62.66,0,11.2,35.1,15.601747278183304,3.3100000000000005,14.16,0.5003560000000001
LBR,2006,Liberia,1.4,4.23,58.1,0,12.6,41.8,15.86487357742153,2.8300000000000005,14.740000000000002,0.5866
LBR,2007,Liberia,2.33,4.04,62.98,0,12.1,43.8,16.002028212448213,1.71,0.8966666666666674,0.8625660000000003
LBR,2008,Liberia,1.92,4.59,63.22,0,12.0,41.8,16.40588319459782,2.67,-9.003333333333334,0.706176
LBR,2009,Liberia,1.36,3.87,70.25,0,15.2,41.7,16.35624773269899,2.51,-3.0,0.4046
LBR,2010,Liberia,1.71,4.08,55.19,0,29.4,39.8,16.686529739709382,2.37,11.379999999999999,0.7662510000000001
LBR,2011,Liberia,1.6,4.34,70.71,0,32.7,38.5,16.999747667380397,2.74,9.09,0.4686400000000001
LBR,2012,Liberia,1.09,3.93,82.96,0,31.8,37.6,16.64246973661233,2.84,15.063333333333333,0.18573600000000012
LBR,2013,Liberia,0.46,3.8,82.6,0,29.4,35.7,16.488756904575954,3.34,15.063333333333333,0.08004000000000003
LBR,2014,Liberia,1.19,4.03,57.62,0,24.8,38.9,16.360100506663287,2.8400000000000003,7.543333333333333,0.504322
LBR,2015,Liberia,0.77,4.04,54.92,0,20.5,38.4,16.082889178588676,3.27,-12.833333333333332,0.347116
LBR,2016,Liberia,0.93,4.48,62.82,0,30.0,42.9,16.184749950382624,3.5500000000000003,-1.0099999999999998,0.345774
LBR,2017,Liberia,1.05,3.67,56.49,0,32.9,47.8,16.03625806570531,2.62,-1.9233333333333338,0.45685499999999996
LBR,2018,Liberia,0.41,3.5,59.1,0,39.2,44.2,16.185070388983174,3.09,4.623333333333333,0.16769
LBR,2019,Liberia,0.44,4.25,59.28,0,33.5,43.0,16.397307369031278,3.81,5.706666666666666,0.179168
LBR,2020,Liberia,0.53,3.92,52.1,0,35.4,43.5,16.416196352515314,3.39,3.7033333333333323,0.25387
LBR,2021,Liberia,0.52,3.75,58.15,0,35.8,45.9,16.730290743900763,3.23,12.783333333333333,0.21762
LBY,1996,Libya,17.89,8.74,38.78,0,18.6,9.5,15.412968824116774,0.0,10.496666666666666,10.952258
LBY,1998,Libya,3.08,6.28,39.93,0,19.1,4.5,15.303696198143731,3.2,3.92,1.8501560000000001
LBY,2000,Libya,3.17,4.7,58.78,0,34.9,4.5,15.616818064264915,1.5300000000000002,7.593333333333334,1.3066740000000001
LBY,2002,Libya,3.07,4.98,46.71,0,43.9,2.5,15.957856098177126,1.9100000000000008,5.403333333333333,1.6360029999999997
LBY,2003,Libya,2.8,4.14,50.87,0,48.2,3.5,16.082367695180228,1.34,9.03,1.3756400000000002
LBY,2004,Libya,2.15,3.55,57.76,0,58.3,2.4,16.309930274702683,1.4,13.72,0.90816
LBY,2005,Libya,0.26,3.64,71.06,0,60.7,2.4,16.365966346169127,3.38,20.533333333333335,0.075244
LBY,2006,Libya,0.25,3.44,70.93,0,55.6,2.4,16.488826291647253,3.19,23.790000000000003,0.07267499999999999
LBY,2007,Libya,0.35,2.82,66.8,1,71.5,2.4,16.707828649412725,2.47,11.813333333333334,0.11620000000000001
LBY,2008,Libya,1.99,3.42,63.98,1,74.0,2.4,17.121778275949993,1.43,16.229999999999997,0.7167980000000002
LBY,2009,Libya,0.7,2.82,70.64,1,76.3,2.8,17.206780727506022,2.12,18.77,0.20551999999999998
LBY,2010,Libya,0.57,2.53,67.58,1,47.4,2.8,17.235210859596947,1.96,17.24,0.184794
LBY,2011,Libya,0.88,2.58,67.15,0,11.8,6.6,16.141547752970094,1.7000000000000002,-0.503333333333333,0.2890799999999999
LBY,2012,Libya,0.58,2.57,69.32,0,6.6,23.0,17.227078713104312,1.99,12.383333333333333,0.17794400000000002
LBY,2013,Libya,0.45,2.34,74.68,0,4.7,20.7,17.405457842205056,1.89,5.483333333333333,0.11394
LBY,2014,Libya,0.7,2.23,41.98,0,4.3,17.7,17.044265201821798,1.53,-0.2999999999999998,0.40614
LBY,2015,Libya,0.53,2.25,48.25,0,3.3,10.8,16.678083855252446,1.72,-3.8966666666666665,0.27427500000000005
LBY,2016,Libya,0.6,2.66,28.63,1,3.8,8.9,16.44847377398981,2.06,-0.22000000000000064,0.42822
LBY,2017,Libya,0.62,2.36,33.22,1,2.4,9.4,16.412205555562636,1.7399999999999998,-5.890000000000001,0.41403599999999996
LBY,2018,Libya,0.55,1.91,28.5,1,1.9,6.8,16.74807079551447,1.36,20.66,0.3932500000000001
LBY,2019,Libya,0.05,1.98,35.62,1,1.9,7.7,16.845734841089367,1.93,7.82,0.03219
LBY,2020,Libya,0.35,3.23,26.37,0,2.4,12.1,16.629754893167885,2.88,-8.38,0.25770499999999996
LBY,2021,Libya,0.31,2.33,31.18,0,2.8,9.7,17.021557600365494,2.02,1.4866666666666664,0.21334199999999998
LCA,2004,Saint Lucia,10.03,49.08,65.68,1,92.7,68.3,14.021643534334002,39.05,1.69,3.4422959999999994
LCA,2005,Saint Lucia,8.96,12.27,70.79,1,79.6,88.5,14.53689957200122,3.3099999999999987,7.34,2.6172159999999995
LCA,2006,Saint Lucia,1.92,11.57,84.05,1,74.4,88.9,14.72931614843094,9.65,10.43,0.30623999999999996
LCA,2007,Saint Lucia,3.36,11.21,81.16,1,67.6,88.9,14.982268787574888,7.850000000000001,1.7999999999999998,0.633024
LCA,2008,Saint Lucia,1.6,14.06,86.61,1,69.2,90.4,15.73875808300035,12.46,3.35,0.21424000000000004
LCA,2009,Saint Lucia,0.77,6.56,66.67,1,70.1,90.0,15.391499650017517,5.789999999999999,-2.99,0.25664099999999995
LCA,2010,Saint Lucia,10.65,14.83,52.8,1,73.0,89.6,15.712449023876584,4.18,2.38,5.0268
LCA,2011,Saint Lucia,2.18,4.43,71.67,1,72.5,88.3,15.784676086588338,2.25,4.4,0.6175940000000001
LCA,2012,Saint Lucia,0.92,11.91,91.76,1,74.4,85.4,15.4408277348915,10.99,-3.54,0.07580799999999993
LCA,2013,Saint Lucia,1.72,11.6,93.2,1,73.5,85.4,15.19586144910656,9.88,16.32,0.11695999999999991
LCA,2014,Saint Lucia,0.04,11.55,92.56,1,75.2,84.7,15.413861751220509,11.510000000000002,-14.939999999999998,0.0029760000000000008
LCA,2015,Saint Lucia,3.27,17.02,80.38,1,73.3,80.3,15.290994810345794,13.75,-4.68,0.6415740000000001
LCA,2016,Saint Lucia,0.75,11.85,92.75,1,86.2,80.8,15.129081311332632,11.1,7.04,0.05437500000000001
LCA,2017,Saint Lucia,0.23,15.13,88.68,1,81.0,77.8,15.348129704900588,14.9,-0.3600000000000003,0.026035999999999993
LCA,2018,Saint Lucia,0.3,21.2,90.93,1,84.0,75.7,15.276910056225017,20.9,0.69,0.027209999999999967
LCA,2019,Saint Lucia,0.07,29.23,92.35,1,77.8,75.8,15.24610842370881,29.16,-3.7200000000000006,0.005355000000000001
LCA,2020,Saint Lucia,0.34,11.17,92.73,1,75.0,74.4,14.973062928839704,10.83,-7.57,0.024717999999999997
LCA,2021,Saint Lucia,2.57,3.22,87.94,0,74.1,72.9,15.103770876932751,0.6500000000000004,-2.5566666666666666,0.3099420000000001
LKA,1996,Sri Lanka,13.09,17.9,31.98,0,5.9,41.0,15.235181310970914,4.809999999999999,5.413333333333333,8.903818
LKA,1998,Sri Lanka,12.26,17.56,31.19,0,10.1,46.3,15.422036564913704,5.299999999999999,3.4333333333333327,8.436105999999999
LKA,2000,Sri Lanka,10.65,17.4,29.89,1,4.8,45.8,15.808560214366222,6.749999999999998,7.58,7.466715000000001
LKA,2002,Sri Lanka,10.91,21.92,34.85,1,22.2,45.8,15.5851287805564,11.010000000000002,5.57,7.107864999999999
LKA,2003,Sri Lanka,10.92,15.71,31.55,1,23.1,44.8,15.793326933595582,4.790000000000001,3.86,7.47474
LKA,2004,Sri Lanka,10.89,14.21,33.56,1,18.4,44.2,15.981437304792111,3.3200000000000003,9.79,7.235316
LKA,2005,Sri Lanka,7.68,14.46,57.54,1,16.5,43.8,16.106330092425814,6.780000000000001,2.86,3.260928
LKA,2006,Sri Lanka,8.22,14.65,55.94,1,9.7,36.5,16.222705663859394,6.43,8.47,3.621732
LKA,2007,Sri Lanka,7.47,14.27,60.91,1,7.7,34.1,16.273940499442507,6.8,7.94,2.920023
LKA,2008,Sri Lanka,7.96,14.07,60.4,1,7.7,32.7,16.416592516893896,6.11,9.41,3.1521600000000003
LKA,2009,Sri Lanka,8.19,14.11,59.16,1,10.9,32.2,16.12147460884489,5.92,-16.809999999999995,3.3447959999999997
LKA,2010,Sri Lanka,7.92,14.02,59.49,1,17.5,31.3,16.474723084368446,6.1,14.45,3.208392
LKA,2011,Sri Lanka,8.1,13.57,56.12,1,23.7,30.5,16.768002861884252,5.470000000000001,26.270000000000003,3.5542800000000003
LKA,2012,Sri Lanka,7.04,12.91,62.34,1,22.7,29.6,16.683757219987413,5.87,-4.710000000000001,2.6512639999999994
LKA,2013,Sri Lanka,7.7,13.13,59.31,1,25.6,28.6,16.782433370700296,5.430000000000001,0.1299999999999999,3.1331299999999995
LKA,2014,Sri Lanka,9.05,12.41,39.27,1,34.3,28.1,16.907011855582915,3.3599999999999994,3.6,5.496065
LKA,2015,Sri Lanka,10.14,13.16,37.66,1,50.5,36.5,16.922917612379013,3.02,-0.7199999999999998,6.321276
LKA,2016,Sri Lanka,8.75,12.34,43.86,1,46.7,43.3,16.75741959214865,3.59,1.4,4.91225
LKA,2017,Sri Lanka,6.86,11.99,60.3,1,42.4,43.3,16.86107684259466,5.13,4.55,2.7234200000000004
LKA,2018,Sri Lanka,6.3,12.22,64.46,0,41.0,46.1,16.90701784463448,5.920000000000001,1.4033333333333333,2.2390200000000005
LKA,2019,Sri Lanka,6.72,12.8,62.99,1,40.1,42.5,16.796919224698744,6.080000000000001,0.8466666666666667,2.487072
LKA,2020,Sri Lanka,6.99,12.66,59.45,1,44.8,44.4,16.572780319286203,5.67,-10.48,2.834445
LKA,2021,Sri Lanka,7.39,12.33,60.01,1,33.0,44.4,16.848187050134573,4.94,17.38,2.955261
LSO,2000,Lesotho,6.62,17.44,75.81,1,50.8,37.3,11.4220181084989,10.82,11.426666666666666,1.601378
LSO,2002,Lesotho,6.48,27.64,78.15,1,46.0,50.7,12.141018524827322,21.16,15.649999999999999,1.4158799999999996
LSO,2003,Lesotho,4.49,17.6,79.89,1,47.2,47.8,12.448446150390328,13.11,18.049999999999997,0.9029389999999998
LSO,2004,Lesotho,5.22,15.9,74.44,1,58.7,45.2,12.641422910387446,10.68,12.03,1.334232
LSO,2005,Lesotho,7.4,14.75,59.3,0,46.1,42.8,12.481022037857468,7.35,9.22,3.0118000000000005
LSO,2006,Lesotho,6.65,14.74,60.31,0,41.5,52.9,12.65626966247179,8.09,6.903333333333333,2.6393850000000003
LSO,2007,Lesotho,3.1,12.94,74.41,0,30.9,47.1,12.580302987753988,9.84,9.473333333333333,0.79329
LSO,2008,Lesotho,3.34,11.87,70.73,1,38.0,45.7,12.711227722089829,8.53,9.66,0.9776179999999999
LSO,2009,Lesotho,2.59,12.34,70.38,1,54.0,45.0,12.681348197488571,9.75,12.78,0.767158
LSO,2010,Lesotho,2.8,12.53,66.4,1,62.1,44.1,14.294531719280249,9.73,-2.9700000000000006,0.9407999999999999
LSO,2011,Lesotho,1.56,11.12,76.06,1,59.7,45.5,14.435485504584753,9.56,6.93,0.3734639999999999
LSO,2012,Lesotho,1.83,11.43,79.43,1,56.4,53.1,14.456638396417274,9.6,4.51,0.3764309999999998
LSO,2013,Lesotho,1.58,12.0,90.86,1,59.2,54.5,14.361890966263095,10.42,7.18,0.14441200000000007
LSO,2014,Lesotho,1.86,9.78,92.02,1,33.8,53.7,14.282197511868066,7.919999999999999,-11.829999999999998,0.14842800000000017
LSO,2015,Lesotho,1.44,10.89,88.35,1,35.2,50.2,14.17619877792674,9.45,-0.5,0.16776000000000008
LSO,2016,Lesotho,1.28,10.34,91.48,1,37.1,47.3,14.126967424378764,9.06,2.65,0.10905599999999993
LSO,2017,Lesotho,1.44,9.27,88.85,1,39.0,46.3,14.266306928146983,7.83,17.93,0.16056000000000006
LSO,2018,Lesotho,2.13,9.65,90.13,1,40.1,47.1,14.24543152218292,7.52,-11.310000000000002,0.210231
LSO,2019,Lesotho,1.48,10.35,90.67,1,28.8,44.9,14.255535495702304,8.87,-1.0899999999999999,0.1380839999999999
LSO,2020,Lesotho,1.26,10.03,89.67,1,38.7,45.9,14.04699388447694,8.77,-10.24,0.13015799999999994
LSO,2021,Lesotho,2.43,10.29,87.0,1,39.6,46.4,14.2945670610136,7.859999999999999,14.13,0.3159
LTU,1996,Lithuania,8.76,12.89,30.6,1,62.8,75.5,15.258957657352452,4.130000000000001,11.779999999999998,6.079439999999999
LTU,1998,Lithuania,6.9,13.6,49.74,1,62.8,74.1,15.464318726215748,6.699999999999999,1.3200000000000003,3.4679399999999996
LTU,2000,Lithuania,6.51,13.01,44.69,1,64.0,73.6,15.645744211762477,6.5,6.24,3.6006810000000002
LTU,2002,Lithuania,7.79,11.96,28.6,1,77.2,73.1,15.913740763297955,4.170000000000001,10.16,5.56206
LTU,2003,Lithuania,5.81,10.89,47.8,1,83.9,74.1,16.174950038364692,5.080000000000001,12.77,3.03282
LTU,2004,Lithuania,4.62,8.39,47.1,1,72.8,77.9,16.34047194640701,3.770000000000001,12.37,2.44398
LTU,2005,Lithuania,5.98,9.93,37.84,1,69.9,74.5,16.504070493820198,3.9499999999999993,11.94,3.717168
LTU,2006,Lithuania,5.89,8.73,46.36,1,74.9,74.5,16.711241160458698,2.8400000000000007,11.8,3.1593959999999996
LTU,2007,Lithuania,6.0,9.83,42.47,1,76.3,74.0,16.920156722104984,3.83,12.29,3.4518000000000004
LTU,2008,Lithuania,5.78,11.78,40.94,1,70.7,72.6,17.063498920075713,5.999999999999999,13.15,3.4136680000000004
LTU,2009,Lithuania,6.03,9.69,46.82,1,69.2,74.4,16.563832314122727,3.6599999999999993,-18.2,3.2067540000000005
LTU,2010,Lithuania,6.31,9.0,44.38,1,70.6,75.4,16.70808912683868,2.6900000000000004,12.9,3.509622
LTU,2011,Lithuania,6.87,9.49,43.44,1,68.7,74.6,17.140958323019213,2.62,16.63,3.885672000000001
LTU,2012,Lithuania,9.54,11.06,40.2,1,72.5,75.1,17.088057179979195,1.5200000000000014,0.6800000000000002,5.7049199999999995
LTU,2013,Lithuania,7.31,10.89,43.18,1,80.6,75.6,17.19032463599808,3.580000000000001,3.92,4.153542
LTU,2014,Lithuania,6.75,9.31,41.93,1,70.5,76.4,17.162861314578574,2.5600000000000005,0.5800000000000001,3.919725
LTU,2015,Lithuania,8.83,11.74,45.14,1,70.5,77.3,16.960967300539636,2.91,-10.55,4.844138
LTU,2016,Lithuania,7.45,9.96,43.13,1,72.9,78.3,16.99395435393241,2.5100000000000007,-1.4000000000000004,4.236815
LTU,2017,Lithuania,35.56,24.55,50.49,1,72.4,78.3,17.149975617243427,0.0,6.35,17.605756
LTU,2018,Lithuania,41.04,26.51,51.47,1,69.8,77.2,17.305651096222206,0.0,8.55,19.916712000000004
LTU,2019,Lithuania,37.09,24.64,49.98,1,72.2,80.2,17.256693577137646,0.0,-1.0199999999999996,18.552418
LTU,2020,Lithuania,7.11,9.38,50.63,1,78.8,80.7,17.227431957904958,2.2700000000000005,-3.4800000000000004,3.5102070000000003
LTU,2021,Lithuania,5.18,8.95,57.34,1,73.6,80.7,17.527220645675733,3.77,15.55,2.2097879999999996
LUX,2000,Luxembourg,7.25,7.97,36.76,1,98.9,95.0,16.2287801703234,0.7199999999999998,1.1800000000000002,4.5849
LUX,2002,Luxembourg,6.74,8.0,39.53,1,99.5,94.0,16.33358584107557,1.2599999999999998,1.5099999999999998,4.075678
LUX,2003,Luxembourg,5.5,7.14,43.85,1,97.5,97.0,16.53173141879517,1.6399999999999997,8.8,3.08825
LUX,2004,Luxembourg,3.67,6.42,52.71,1,95.1,96.6,16.78984402497551,2.75,10.86,1.7355429999999998
LUX,2005,Luxembourg,4.44,6.61,46.75,1,95.1,96.2,16.901278610639572,2.17,2.4,2.3643
LUX,2006,Luxembourg,3.98,6.05,48.91,1,99.0,99.5,17.059356792150833,2.07,5.68,2.033382
LUX,2007,Luxembourg,3.62,5.32,48.76,1,99.0,99.5,17.066415067547204,1.7000000000000002,6.53,1.8548879999999999
LUX,2008,Luxembourg,4.15,5.94,47.65,1,100.0,99.5,17.220879826525284,1.79,6.96,2.1725250000000007
LUX,2009,Luxembourg,3.96,6.22,48.53,1,98.6,100.0,16.986750509812612,2.26,-14.2,2.0382119999999997
LUX,2010,Luxembourg,5.37,5.83,47.21,1,99.1,98.6,17.002880821099737,0.4599999999999999,4.25,2.834823
LUX,2011,Luxembourg,4.57,6.1,46.85,1,96.2,99.1,17.168422588767314,1.5299999999999994,12.83,2.428955
LUX,2012,Luxembourg,4.4,6.04,51.92,1,95.7,98.6,17.091098633200748,1.6399999999999997,-3.3,2.11552
LUX,2013,Luxembourg,4.25,5.99,48.87,1,95.3,98.6,17.088387478295434,1.7400000000000002,-0.7199999999999998,2.1730250000000004
LUX,2014,Luxembourg,3.8,5.66,53.99,1,97.6,98.5,17.099442991739398,1.8600000000000003,-0.17999999999999972,1.7483799999999998
LUX,2015,Luxembourg,3.77,6.08,55.65,1,98.1,97.0,16.921122814829292,2.31,-10.05,1.6719950000000001
LUX,2016,Luxembourg,4.71,6.17,49.05,1,98.1,96.6,16.865862520465953,1.46,-0.4500000000000002,2.3997450000000002
LUX,2017,Luxembourg,4.08,6.19,58.4,1,94.8,97.5,16.93733038016588,2.1100000000000003,4.93,1.6972800000000001
LUX,2018,Luxembourg,4.59,6.11,56.36,1,95.8,97.1,17.084352827864617,1.5200000000000005,4.79,2.003076
LUX,2019,Luxembourg,4.36,6.06,50.87,1,95.3,97.1,17.09776099501573,1.6999999999999993,-0.9699999999999998,2.1420680000000005
LUX,2020,Luxembourg,4.25,6.08,48.75,1,93.4,96.6,16.967052527559638,1.83,-4.030000000000001,2.1781249999999996
LUX,2021,Luxembourg,3.15,5.93,58.52,1,93.4,97.6,17.200905960733888,2.78,10.58,1.30662
LVA,1996,Latvia,5.32,9.88,41.97,1,65.4,70.0,15.059994457926416,4.5600000000000005,12.95,3.0871960000000005
LVA,1998,Latvia,2.87,9.76,60.24,1,46.8,71.6,15.299409451211746,6.89,8.3,1.141112
LVA,2000,Latvia,3.9,9.49,54.24,1,63.5,70.1,15.563218698982409,5.59,24.16,1.78464
LVA,2002,Latvia,5.45,11.25,49.11,1,82.0,72.6,15.547993525316215,5.8,7.37,2.773505
LVA,2003,Latvia,3.45,9.16,70.17,1,81.9,71.6,15.768821516203763,5.71,13.77,1.0291350000000001
LVA,2004,Latvia,3.81,6.4,46.15,1,66.0,71.2,15.940656704797217,2.5900000000000003,16.03,2.051685
LVA,2005,Latvia,5.08,7.71,35.79,1,71.4,72.1,16.07869814969894,2.63,10.6,3.261868
LVA,2006,Latvia,5.04,7.83,43.74,1,72.9,74.0,16.41422773380062,2.79,-3.4699999999999998,2.835504
LVA,2007,Latvia,5.05,6.72,39.8,1,64.3,72.1,16.729089027756984,1.67,15.22,3.0401000000000002
LVA,2008,Latvia,5.1,7.55,37.19,1,51.4,71.2,17.050119995454416,2.45,1.8899999999999997,3.20331
LVA,2009,Latvia,6.27,7.62,41.71,1,55.0,72.0,16.48148156140299,1.3500000000000003,-18.2,3.6547829999999997
LVA,2010,Latvia,5.79,7.36,44.92,1,64.5,72.0,16.68634406291428,1.5700000000000005,9.19,3.189132
LVA,2011,Latvia,6.49,8.54,42.62,1,57.8,70.0,17.052525513166827,2.049999999999999,17.68,3.7239620000000007
LVA,2012,Latvia,6.03,8.26,42.61,1,61.1,71.8,17.153071526311656,2.2299999999999995,2.09,3.4606170000000005
LVA,2013,Latvia,7.52,8.59,44.24,1,65.4,71.4,17.17104148693635,1.0700000000000005,2.14,4.1931519999999995
LVA,2014,Latvia,6.42,8.59,45.1,1,61.9,72.4,17.262098052070154,2.17,1.0300000000000002,3.5245799999999994
LVA,2015,Latvia,8.51,8.21,46.22,1,60.5,73.4,16.912495421993153,0.0,-9.279999999999998,4.576678
LVA,2016,Latvia,6.07,8.58,45.67,1,61.9,73.9,16.83243428512503,2.51,-1.2800000000000002,3.2978310000000004
LVA,2017,Latvia,6.08,9.08,53.06,1,62.9,73.9,16.907416893523433,3.0,8.1,2.8539519999999996
LVA,2018,Latvia,5.06,8.12,53.19,1,59.9,73.3,16.985722862923318,3.06,7.68,2.368586
LVA,2019,Latvia,7.73,9.15,50.64,1,59.9,73.9,16.955240923078275,1.42,-2.3,3.8155280000000005
LVA,2020,Latvia,6.86,7.81,52.82,1,60.8,73.4,16.82047547023857,0.9499999999999992,-1.2800000000000002,3.236548
LVA,2021,Latvia,5.12,8.51,59.82,1,67.9,74.9,17.070979241197872,3.39,15.47,2.0572160000000004
MAC,1996,Macao,14.91,19.94,31.86,1,56.9,60.0,14.88912366822218,5.030000000000001,-0.8300000000000001,10.159674
MAC,1998,Macao,13.03,18.57,32.72,1,56.9,57.2,14.9170710065351,5.540000000000001,-3.1500000000000004,8.766584
MAC,2000,Macao,11.32,18.59,33.25,1,67.7,57.7,14.859967847435664,7.27,3.54,7.5561
MAC,2002,Macao,11.78,24.57,40.76,1,67.7,62.2,14.959240051515478,12.79,6.26,6.978472
MAC,2003,Macao,12.37,16.85,34.43,1,85.9,69.7,15.109535797072724,4.480000000000002,3.7,8.111009
MAC,2004,Macao,10.72,15.73,38.71,1,96.1,55.3,15.169768189615176,5.01,12.73,6.570288000000001
MAC,2005,Macao,11.26,15.79,37.92,1,93.2,60.6,15.257891724095302,4.529999999999999,5.83,6.990208
MAC,2006,Macao,10.74,15.75,44.76,1,80.2,57.2,15.47670298130923,5.01,8.16,5.9327760000000005
MAC,2007,Macao,9.84,14.51,43.68,1,61.4,48.1,15.702314811176237,4.67,8.95,5.541887999999999
MAC,2008,Macao,9.34,13.82,44.67,1,60.6,50.0,15.780643732205242,4.48,-0.79,5.167821999999999
MAC,2009,Macao,6.11,10.83,48.78,1,67.3,67.8,15.559614228387158,4.72,-7.230000000000002,3.1295420000000003
MAC,2010,Macao,4.53,10.99,52.87,1,64.9,67.8,15.700725972298873,6.46,9.19,2.1349890000000005
MAC,2011,Macao,4.17,10.34,53.34,1,66.4,67.1,15.96296388785955,6.17,18.91,1.945722
MAC,2012,Macao,3.42,9.77,53.52,1,65.9,40.8,16.07375020950792,6.35,6.44,1.589616
MAC,2013,Macao,3.02,9.69,55.71,1,69.2,39.0,16.278896869985793,6.67,7.11,1.3375579999999998
MAC,2014,Macao,2.78,8.54,39.05,1,93.8,37.4,16.35647691480899,5.76,5.14,1.69441
MAC,2015,Macao,4.2,10.79,36.34,1,91.9,45.3,16.436737370951292,6.589999999999999,-3.17,2.67372
MAC,2016,Macao,5.29,8.58,35.07,1,97.6,44.8,16.23653392523232,3.29,-8.250000000000002,3.434797
MAC,2017,Macao,19.83,13.23,35.72,1,97.6,43.8,16.270259314833407,0.0,3.07,12.746724
MAC,2018,Macao,14.18,14.57,35.57,1,92.0,42.2,16.42109891154134,0.3900000000000005,8.6,9.136174
MAC,2019,Macao,10.26,15.47,34.35,1,92.9,35.3,16.44973027733181,5.210000000000001,3.7,6.73569
MAC,2020,Macao,4.77,10.92,33.49,1,89.2,37.2,16.135778895713823,6.15,-0.3099999999999996,3.1725269999999997
MAC,2021,Macao,5.55,10.83,32.68,1,85.4,33.3,16.586205060427,5.28,27.24,3.73626
MAR,1996,Morocco,10.56,17.08,30.85,1,39.9,36.5,15.899470934314332,6.519999999999998,-1.6899999999999986,7.30224
MAR,1998,Morocco,8.76,14.51,55.18,1,57.4,42.8,16.016547047389857,5.75,14.28,3.926232
MAR,2000,Morocco,7.4,15.02,69.64,1,42.3,34.3,16.635688178499606,7.619999999999999,3.42,2.2466399999999997
MAR,2002,Morocco,7.52,16.67,56.53,1,37.0,34.8,16.705159432976888,9.150000000000002,3.5,3.268944
MAR,2003,Morocco,6.63,13.67,58.53,1,32.2,26.9,16.915077899171674,7.04,9.58,2.7494609999999997
MAR,2004,Morocco,6.48,12.66,66.54,1,35.4,33.7,17.113751095426974,6.18,11.8,2.1682079999999995
MAR,2005,Morocco,6.13,12.44,71.42,1,29.1,26.4,17.286396707010542,6.31,8.21,1.7519539999999996
MAR,2006,Morocco,5.36,12.44,68.8,1,30.9,28.8,17.32985939970616,7.079999999999999,7.280000000000001,1.6723200000000005
MAR,2007,Morocco,5.54,11.7,67.43,1,27.5,27.9,17.605453568967587,6.159999999999999,15.42,1.8043779999999994
MAR,2008,Morocco,5.49,11.08,65.17,1,26.0,26.0,17.82086041187663,5.59,14.849999999999998,1.9121669999999997
MAR,2009,Morocco,5.73,11.76,67.38,1,31.3,28.0,17.5875721182179,6.029999999999999,-11.75,1.8691260000000005
MAR,2010,Morocco,5.39,10.98,63.51,1,32.7,28.9,17.673110257520435,5.590000000000001,3.92,1.9668109999999999
MAR,2011,Morocco,5.28,10.54,63.3,1,33.6,27.7,17.86962925575776,5.259999999999999,11.850000000000001,1.9377600000000001
MAR,2012,Morocco,5.2,10.46,64.65,1,32.7,29.1,17.888843328675705,5.260000000000001,0.5899999999999999,1.8381999999999996
MAR,2013,Morocco,4.54,10.71,75.05,1,28.9,27.2,17.918516608627645,6.170000000000001,0.43999999999999995,1.1327300000000002
MAR,2014,Morocco,5.13,10.76,75.22,1,29.5,27.6,17.932351282181656,5.63,1.1100000000000003,1.271214
MAR,2015,Morocco,4.54,11.01,75.79,1,33.8,28.6,17.772756396768262,6.47,-9.13,1.0991339999999998
MAR,2016,Morocco,4.35,10.62,75.92,1,34.3,29.6,17.89528946249544,6.27,4.55,1.04748
MAR,2017,Morocco,4.21,10.15,79.01,1,31.0,28.6,17.98385297542031,5.94,3.93,0.8836789999999999
MAR,2018,Morocco,4.09,10.47,77.35,1,34.0,29.1,18.0708796923048,6.380000000000001,6.72,0.9263850000000001
MAR,2019,Morocco,4.31,10.59,72.91,1,32.5,29.5,18.07914226426673,6.28,-0.2400000000000002,1.167579
MAR,2020,Morocco,4.43,10.57,73.44,1,34.0,31.4,17.940971135717113,6.140000000000001,-6.609999999999999,1.176608
MAR,2021,Morocco,4.51,10.28,71.94,1,31.6,32.4,18.211750788443137,5.77,14.8,1.2655060000000002
MDA,1996,"Moldova, Republic of",10.74,23.99,16.59,1,47.9,52.0,14.033065819834537,13.249999999999998,12.94,8.958234000000001
MDA,1998,"Moldova, Republic of",9.68,17.14,27.96,1,61.2,51.7,14.056513948622923,7.460000000000001,17.07,6.973471999999999
MDA,2000,"Moldova, Republic of",7.7,14.77,22.07,1,31.7,46.3,14.29580754709328,7.069999999999999,15.09,6.00061
MDA,2002,"Moldova, Republic of",9.71,18.34,21.73,1,41.8,32.3,14.47808024569356,8.629999999999999,7.86,7.600017
MDA,2003,"Moldova, Republic of",8.35,14.02,31.81,1,39.7,32.8,14.79746478670345,5.67,16.22,5.693865
MDA,2004,"Moldova, Republic of",7.43,12.07,27.49,1,37.9,29.8,15.065611348864476,4.640000000000001,12.3,5.387493
MDA,2005,"Moldova, Republic of",7.1,13.87,55.25,1,34.5,30.8,15.237825994814276,6.77,13.85,3.17725
MDA,2006,"Moldova, Republic of",3.66,13.73,74.11,1,31.9,37.0,15.36984019875649,10.07,8.39,0.9475740000000001
MDA,2007,"Moldova, Republic of",2.78,11.18,77.16,1,42.5,37.0,15.62587746013605,8.4,17.05,0.6349520000000001
MDA,2008,"Moldova, Republic of",2.76,11.08,86.39,1,35.6,36.5,15.951657562167098,8.32,15.22,0.37563599999999997
MDA,2009,"Moldova, Republic of",3.68,12.81,86.07,1,26.1,37.4,15.53082824381855,9.13,-18.2,0.5126240000000003
MDA,2010,"Moldova, Republic of",3.79,12.76,76.04,1,33.2,46.9,15.572315186519738,8.969999999999999,8.44,0.9080839999999997
MDA,2011,"Moldova, Republic of",3.14,11.81,78.23,1,45.5,51.2,15.79392926125802,8.67,16.04,0.683578
MDA,2012,"Moldova, Republic of",2.62,11.75,79.24,1,46.9,47.4,15.802675523059094,9.13,0.20999999999999996,0.5439120000000001
MDA,2013,"Moldova, Republic of",3.75,11.69,77.28,1,46.0,46.0,15.945772834142822,7.939999999999999,2.65,0.8519999999999999
MDA,2014,"Moldova, Republic of",3.04,10.86,82.17,1,39.0,49.3,15.952494008898624,7.819999999999999,-1.6100000000000012,0.5420320000000001
MDA,2015,"Moldova, Republic of",3.46,11.36,80.35,1,34.8,48.3,15.6161168665844,7.899999999999999,-13.41,0.67989
MDA,2016,"Moldova, Republic of",3.57,11.99,79.41,1,34.8,46.8,15.6988839433138,8.42,0.41999999999999993,0.7350630000000002
MDA,2017,"Moldova, Republic of",2.97,12.1,83.64,1,33.3,45.3,15.87172689167002,9.13,9.62,0.48589199999999994
MDA,2018,"Moldova, Republic of",2.4,11.6,81.47,1,31.1,40.3,16.039534434584414,9.2,9.23,0.44472000000000006
MDA,2019,"Moldova, Republic of",3.42,16.79,82.82,1,31.1,42.0,16.05783847868653,13.37,0.6800000000000002,0.5875560000000002
MDA,2020,"Moldova, Republic of",2.18,11.94,82.15,1,34.9,44.0,15.95330590039102,9.76,-3.7200000000000006,0.38913000000000003
MDA,2021,"Moldova, Republic of",2.46,11.23,82.3,1,40.1,48.3,16.228893254528746,8.77,15.11,0.4354200000000001
MDG,1996,Madagascar,9.12,17.29,72.39,1,53.7,46.5,13.268054334469973,8.17,4.68,2.518032
MDG,1998,Madagascar,6.31,16.8,76.36,1,53.2,55.2,13.520117713773631,10.490000000000002,-1.4300000000000006,1.4916840000000002
MDG,2000,Madagascar,4.14,17.4,81.87,1,52.9,53.2,13.94097644038218,13.259999999999998,29.16,0.7505819999999995
MDG,2002,Madagascar,4.81,16.85,81.84,1,39.7,45.3,13.641158444628209,12.040000000000004,-18.2,0.8734959999999998
MDG,2003,Madagascar,3.69,15.35,82.63,1,66.3,48.8,14.261937682789128,11.66,29.16,0.6409530000000003
MDG,2004,Madagascar,3.8,16.72,82.35,1,53.9,48.6,14.423087872966663,12.919999999999998,16.440000000000005,0.6707000000000004
MDG,2005,Madagascar,5.11,15.42,77.71,1,45.1,45.2,14.36340593515046,10.31,-2.1500000000000004,1.1390190000000007
MDG,2006,Madagascar,5.11,15.48,79.49,1,51.7,43.3,14.34192930264991,10.37,2.18,1.0480610000000004
MDG,2007,Madagascar,4.4,14.78,74.5,1,46.4,44.7,14.735886972060287,10.38,19.21,1.122
MDG,2008,Madagascar,4.56,14.3,74.72,1,29.8,35.6,15.120073730061293,9.740000000000002,24.52,1.152768
MDG,2009,Madagascar,4.17,14.04,76.41,1,21.8,26.1,14.95945964526932,9.87,-9.43,0.983703
MDG,2010,Madagascar,4.06,13.26,73.31,1,17.1,25.6,14.730197532506851,9.2,-10.55,1.083614
MDG,2011,Madagascar,4.16,13.34,74.4,1,24.6,24.9,14.879538837997988,9.18,3.56,1.0649599999999997
MDG,2012,Madagascar,3.63,13.16,79.66,1,28.9,23.9,14.944727477209309,9.53,-4.809999999999999,0.738342
MDG,2013,Madagascar,3.34,12.02,83.93,1,24.6,25.8,15.045966174443535,8.68,4.45,0.5367379999999998
MDG,2014,Madagascar,2.91,10.12,80.12,1,26.7,31.5,15.09653440215411,7.209999999999999,10.66,0.5785079999999999
MDG,2015,Madagascar,2.74,10.42,80.56,1,30.5,34.5,15.00022159480299,7.68,-5.359999999999999,0.5326560000000001
MDG,2016,Madagascar,2.76,9.51,83.4,1,35.2,35.5,15.024977960300998,6.75,0.0,0.45815999999999973
MDG,2017,Madagascar,3.25,9.48,81.58,1,33.8,35.0,15.229252418851653,6.23,11.29,0.5986500000000001
MDG,2018,Madagascar,3.17,9.83,81.0,1,25.9,36.4,15.201926379207585,6.66,4.63,0.6022999999999998
MDG,2019,Madagascar,2.39,10.04,80.07,1,34.0,38.2,15.264640997356649,7.649999999999999,-1.37,0.4763270000000001
MDG,2020,Madagascar,3.03,10.35,81.78,1,26.4,37.7,15.063116256288366,7.32,-9.21,0.5520660000000001
MDG,2021,Madagascar,2.79,9.76,80.58,1,26.9,36.7,15.26506691409008,6.97,17.01,0.5418180000000001
MDV,1996,Maldives,4.83,17.64,73.01,1,76.1,28.0,12.377388022591994,12.81,6.11,1.3036169999999996
MDV,1998,Maldives,8.26,17.07,63.49,1,88.8,30.3,12.430637825850836,8.81,0.73,3.015726
MDV,2000,Maldives,6.16,18.79,70.36,1,87.8,26.4,12.952640040728316,12.63,-1.7000000000000002,1.8258240000000001
MDV,2002,Maldives,4.88,29.51,71.04,1,84.1,22.9,12.751996235981895,24.630000000000003,0.4900000000000002,1.4132479999999998
MDV,2003,Maldives,5.78,16.12,71.36,1,83.4,21.4,12.991874665414416,10.34,9.63,1.655392
MDV,2004,Maldives,3.82,14.82,71.15,1,63.1,15.9,13.34236113790299,11.0,16.76,1.1020699999999999
MDV,2005,Maldives,3.91,13.26,64.52,1,70.9,20.2,13.44139233214094,9.35,7.73,1.3872680000000002
MDV,2006,Maldives,1.8,12.74,69.42,1,69.6,20.2,13.546578153412693,10.94,11.53,0.5504399999999999
MDV,2007,Maldives,2.11,12.38,73.62,1,45.9,22.1,13.782645117615685,10.27,8.78,0.5566179999999998
MDV,2008,Maldives,1.89,10.96,77.16,1,38.9,37.0,14.014008936562822,9.07,12.5,0.43167600000000006
MDV,2009,Maldives,2.58,11.45,77.02,1,37.4,46.0,13.675676718004546,8.87,-16.55,0.5928840000000001
MDV,2010,Maldives,3.14,10.3,68.99,1,40.3,46.4,13.812627726596114,7.16,6.47,0.9737140000000002
MDV,2011,Maldives,2.49,12.05,77.59,1,39.3,43.2,14.025750138000856,9.56,13.54,0.558009
MDV,2012,Maldives,0.74,13.28,76.85,1,36.0,33.8,13.972991338275463,12.54,4.94,0.17131000000000002
MDV,2013,Maldives,0.58,12.99,81.08,1,51.7,33.8,14.08439203916403,12.41,5.59,0.10973600000000001
MDV,2014,Maldives,8.77,12.17,53.99,1,69.0,35.5,14.266392604450344,3.4000000000000004,7.219999999999999,4.035076999999999
MDV,2015,Maldives,1.97,12.37,55.94,1,59.5,30.5,14.249477618783066,10.4,-2.4399999999999995,0.8679819999999999
MDV,2016,Maldives,12.59,12.59,42.49,1,61.0,27.1,14.420845710189734,0.0,5.92,7.240508999999999
MDV,2017,Maldives,8.61,9.12,42.11,1,55.2,26.1,14.725179385343514,0.5099999999999998,5.3,4.984329
MDV,2018,Maldives,9.62,10.3,36.58,1,51.4,29.6,14.627659089510775,0.6800000000000015,12.02,6.1010040000000005
MDV,2019,Maldives,8.34,10.05,37.12,1,48.1,33.3,14.773742978547116,1.7100000000000009,-1.2599999999999998,5.244192
MDV,2020,Maldives,12.99,13.8,38.12,0,57.5,36.7,14.270224391753134,0.8100000000000005,-1.703333333333334,8.038212
MDV,2021,Maldives,9.67,11.13,37.57,1,62.7,38.6,14.813782464547062,1.4600000000000009,6.043333333333333,6.036981000000001
MEX,1996,Mexico,9.12,14.72,24.92,1,20.7,50.5,18.104843318893383,5.600000000000001,11.05,6.847296
MEX,1998,Mexico,8.87,14.17,25.85,1,30.9,50.2,18.454133620164928,5.300000000000001,5.79,6.5771049999999995
MEX,2000,Mexico,7.86,12.29,42.89,1,39.2,57.2,18.880346393832703,4.429999999999999,12.42,4.488846
MEX,2002,Mexico,7.06,12.06,44.74,1,45.5,58.7,18.8200199955227,5.000000000000001,0.08000000000000007,3.901356
MEX,2003,Mexico,6.05,11.39,53.84,1,40.2,60.7,18.84554108690655,5.340000000000001,0.5599999999999996,2.79268
MEX,2004,Mexico,4.59,9.97,64.26,1,38.3,58.7,19.000747521836622,5.380000000000001,7.42,1.6404659999999998
MEX,2005,Mexico,4.44,9.62,62.33,1,33.5,57.7,19.105590913843024,5.179999999999999,6.16,1.6725480000000004
MEX,2006,Mexico,4.93,9.8,59.8,1,26.6,51.9,19.25941296292448,4.870000000000001,7.45,1.98186
MEX,2007,Mexico,4.67,9.01,61.09,1,23.7,52.4,19.34099185191318,4.34,4.92,1.817097
MEX,2008,Mexico,3.97,8.53,65.79,1,19.2,51.9,19.452110158028983,4.559999999999999,4.62,1.358137
MEX,2009,Mexico,4.29,8.3,66.26,1,22.3,55.5,19.22200772107532,4.010000000000001,-12.850000000000001,1.4474459999999998
MEX,2010,Mexico,4.58,8.39,66.05,1,23.2,55.0,19.46349942224772,3.810000000000001,13.41,1.5549100000000002
MEX,2011,Mexico,4.14,7.93,64.59,1,26.1,53.1,19.649252765785537,3.79,7.88,1.4659739999999997
MEX,2012,Mexico,4.18,7.97,67.54,1,24.6,54.0,19.71799935821631,3.79,2.8,1.3568279999999995
MEX,2013,Mexico,4.64,8.23,66.78,1,23.2,53.1,19.75460650311712,3.5900000000000007,1.4,1.5414079999999997
MEX,2014,Mexico,3.89,7.67,71.17,1,17.6,48.8,19.82141214254253,3.78,2.43,1.1214870000000001
MEX,2015,Mexico,4.71,8.54,66.19,1,21.4,44.3,19.811924304206443,3.829999999999999,-0.5899999999999999,1.5924510000000003
MEX,2016,Mexico,4.95,8.35,65.82,1,23.8,43.8,19.795491938004183,3.3999999999999995,-1.04,1.6919100000000005
MEX,2017,Mexico,4.71,8.55,70.95,1,17.6,42.9,19.87412481094928,3.8400000000000007,4.21,1.368255
MEX,2018,Mexico,4.6,10.07,71.3,1,22.6,45.6,19.966069959819915,5.470000000000001,5.09,1.3202
MEX,2019,Mexico,8.51,14.75,71.75,1,18.4,45.9,19.936201703570536,6.24,-0.9800000000000004,2.4040749999999997
MEX,2020,Mexico,4.4,8.72,69.57,1,19.3,44.9,19.76211274276348,4.32,-8.28,1.33892
MEX,2021,Mexico,4.72,8.66,69.62,1,23.1,44.0,20.05079701212054,3.94,15.01,1.4339359999999997
MHL,2005,Marshall Islands,0.33,4.96,59.45,0,85.0,87.0,15.033502032947467,4.63,16.46333333333333,0.133815
MHL,2006,Marshall Islands,0.92,4.66,54.47,0,84.5,88.5,15.030613343616736,3.74,7.086666666666666,0.418876
MHL,2007,Marshall Islands,0.16,4.58,64.52,0,89.4,88.5,15.718097806589515,4.42,16.73,0.056768
MHL,2008,Marshall Islands,0.82,4.38,54.81,0,83.7,88.5,16.25861017268328,3.56,-7.676666666666664,0.37055799999999994
MHL,2009,Marshall Islands,1.06,4.39,54.49,0,96.7,87.2,16.438112059369537,3.33,-7.039999999999999,0.48240599999999995
MHL,2010,Marshall Islands,2.71,5.63,49.68,0,89.6,84.4,16.264347172995027,2.92,-0.39000000000000057,1.363672
MHL,2011,Marshall Islands,1.79,6.01,40.53,0,84.4,86.9,16.496463051418974,4.22,7.236666666666666,1.064513
MHL,2012,Marshall Islands,1.93,4.6,54.52,0,85.3,85.0,16.2594240596972,2.67,11.956666666666667,0.877764
MHL,2013,Marshall Islands,0.82,5.05,46.04,0,85.8,88.3,16.46577770005871,4.23,11.213333333333335,0.44247200000000003
MHL,2014,Marshall Islands,1.46,5.21,47.62,0,82.9,86.7,16.673375518074675,3.75,8.316666666666666,0.7647480000000001
MHL,2015,Marshall Islands,0.78,5.14,44.65,0,84.8,86.7,16.719451481912774,4.359999999999999,-0.32333333333333325,0.43173
MHL,2016,Marshall Islands,0.88,4.4,56.7,0,73.8,88.2,16.763798500883468,3.5200000000000005,-5.700000000000001,0.38103999999999993
MHL,2017,Marshall Islands,1.21,4.52,34.45,0,85.7,88.2,16.673558886111138,3.31,-1.0099999999999998,0.7931549999999999
MHL,2018,Marshall Islands,1.38,4.8,32.91,0,84.9,86.4,16.603418442854927,3.42,6.686666666666666,0.925842
MHL,2019,Marshall Islands,0.98,4.27,25.79,0,92.5,82.1,16.39309382504582,3.29,1.2033333333333327,0.727258
MHL,2020,Marshall Islands,0.96,5.86,28.07,0,81.1,87.4,16.64110528035465,4.9,3.6700000000000004,0.690528
MHL,2021,Marshall Islands,0.96,4.3,27.57,0,80.7,85.0,16.61445449344426,3.34,5.229999999999998,0.695328
MKD,1996,North Macedonia,11.05,11.45,40.25,0,29.8,37.5,18.93388780261,0.3999999999999986,-2.71,6.602374999999999
MKD,1996,North Macedonia,11.05,11.45,40.25,0,29.8,37.5,18.93388780261,0.3999999999999986,0.52,6.602374999999999
MKD,1996,North Macedonia,10.41,16.77,23.52,1,29.8,37.5,14.46016796323353,6.359999999999999,-2.71,7.961568000000001
MKD,1996,North Macedonia,10.41,16.77,23.52,1,29.8,37.5,14.46016796323353,6.359999999999999,5.926666666666667,7.961568000000001
MKD,1998,North Macedonia,5.57,8.17,38.51,0,22.3,45.8,19.06058689615344,2.6,3.76,3.424993
MKD,1998,North Macedonia,5.57,8.17,38.51,0,22.3,45.8,19.06058689615344,2.6,1.42,3.424993
MKD,1998,North Macedonia,11.66,16.75,25.34,1,22.3,45.8,14.450315972446166,5.09,3.76,8.705356
MKD,1998,North Macedonia,11.66,16.75,25.34,1,22.3,45.8,14.450315972446166,5.09,4.54,8.705356
MKD,2000,North Macedonia,4.42,6.35,49.82,0,27.0,38.8,19.46696495650462,1.93,8.58,2.217956
MKD,2000,North Macedonia,4.42,6.35,49.82,0,27.0,38.8,19.46696495650462,1.93,7.653333333333332,2.217956
MKD,2000,North Macedonia,5.03,13.43,52.53,1,27.0,38.8,15.15472765631116,8.399999999999999,8.58,2.387741
MKD,2000,North Macedonia,5.03,13.43,52.53,1,27.0,38.8,15.15472765631116,8.399999999999999,13.606666666666666,2.387741
MKD,2002,North Macedonia,11.52,9.04,44.46,0,18.5,43.8,19.6240287389556,0.0,8.54,6.3982079999999995
MKD,2002,North Macedonia,11.52,9.04,44.46,0,18.5,43.8,19.6240287389556,0.0,4.39,6.3982079999999995
MKD,2002,North Macedonia,5.54,17.47,59.32,1,18.5,43.8,14.978971135412005,11.93,8.54,2.2536720000000003
MKD,2002,North Macedonia,5.54,17.47,59.32,1,18.5,43.8,14.978971135412005,11.93,20.090000000000003,2.2536720000000003
MKD,2003,North Macedonia,3.78,6.14,45.98,0,20.1,46.8,19.77651072012569,2.36,7.52,2.041956
MKD,2003,North Macedonia,3.78,6.14,45.98,0,20.1,46.8,19.77651072012569,2.36,8.07,2.041956
MKD,2003,North Macedonia,5.07,13.21,68.79,1,20.1,46.8,15.03960559144945,8.14,7.52,1.5823469999999997
MKD,2003,North Macedonia,5.07,13.21,68.79,1,20.1,46.8,15.03960559144945,8.14,10.446666666666669,1.5823469999999997
MKD,2004,North Macedonia,3.17,5.32,52.4,0,19.9,44.7,19.992865105536865,2.1500000000000004,12.74,1.5089199999999998
MKD,2004,North Macedonia,3.17,5.32,52.4,0,19.9,44.7,19.992865105536865,2.1500000000000004,9.136666666666667,1.5089199999999998
MKD,2004,North Macedonia,2.93,11.68,77.38,1,19.9,44.7,15.33671661583799,8.75,12.74,0.6627660000000002
MKD,2004,North Macedonia,2.93,11.68,77.38,1,19.9,44.7,15.33671661583799,8.75,6.8133333333333335,0.6627660000000002
MKD,2005,North Macedonia,2.46,5.15,62.77,0,15.5,46.2,20.143670993681496,2.6900000000000004,5.01,0.915858
MKD,2005,North Macedonia,2.46,5.15,62.77,0,15.5,46.2,20.143670993681496,2.6900000000000004,8.493333333333334,0.915858
MKD,2005,North Macedonia,3.52,11.5,71.91,1,15.5,46.2,15.311236695401885,7.98,5.01,0.9887680000000001
MKD,2005,North Macedonia,3.52,11.5,71.91,1,15.5,46.2,15.311236695401885,7.98,4.776666666666666,0.9887680000000001
MKD,2006,North Macedonia,2.31,4.81,61.79,0,24.2,52.4,20.26310715622508,2.5,7.73,0.882651
MKD,2006,North Macedonia,2.31,4.81,61.79,0,24.2,52.4,20.26310715622508,2.5,10.456666666666667,0.882651
MKD,2006,North Macedonia,2.82,11.08,77.17,1,24.2,52.4,15.540061503880317,8.26,7.73,0.6438059999999998
MKD,2006,North Macedonia,2.82,11.08,77.17,1,24.2,52.4,15.540061503880317,8.26,8.336666666666666,0.6438059999999998
MKD,2007,North Macedonia,2.05,4.33,62.54,0,30.4,55.8,20.47180149980973,2.28,18.63,0.76793
MKD,2007,North Macedonia,2.05,4.33,62.54,0,30.4,55.8,20.47180149980973,2.28,13.51,0.76793
MKD,2007,North Macedonia,2.4,9.51,87.08,1,30.4,55.8,15.775619167268086,7.109999999999999,18.63,0.31007999999999997
MKD,2007,North Macedonia,2.4,9.51,87.08,1,30.4,55.8,15.775619167268086,7.109999999999999,13.446666666666667,0.31007999999999997
MKD,2008,North Macedonia,2.24,4.72,58.79,0,35.1,54.3,20.72242054564836,2.4799999999999995,14.17,0.9231040000000001
MKD,2008,North Macedonia,2.24,4.72,58.79,0,35.1,54.3,20.72242054564836,2.4799999999999995,6.216666666666668,0.9231040000000001
MKD,2008,North Macedonia,2.17,9.98,86.97,1,35.1,54.3,16.036685700283904,7.81,14.17,0.2827509999999999
MKD,2008,North Macedonia,2.17,9.98,86.97,1,35.1,54.3,16.036685700283904,7.81,6.556666666666667,0.2827509999999999
MKD,2009,North Macedonia,1.93,4.35,61.1,0,34.6,55.0,20.563520297984468,2.42,-14.149999999999999,0.75077
MKD,2009,North Macedonia,1.93,4.35,61.1,0,34.6,55.0,20.563520297984468,2.42,1.3033333333333337,0.75077
MKD,2009,North Macedonia,2.65,11.36,84.86,1,34.6,55.0,15.777864655445384,8.709999999999999,-14.149999999999999,0.40120999999999996
MKD,2009,North Macedonia,2.65,11.36,84.86,1,34.6,55.0,15.777864655445384,8.709999999999999,-3.0233333333333325,0.40120999999999996
MKD,2010,North Macedonia,2.14,3.97,55.0,0,27.0,53.1,20.671526452180604,1.83,3.89,0.963
MKD,2010,North Macedonia,2.14,3.97,55.0,0,27.0,53.1,20.671526452180604,1.83,1.013333333333334,0.963
MKD,2010,North Macedonia,2.24,9.62,79.8,1,27.0,53.1,15.871957632918797,7.379999999999999,3.89,0.4524800000000002
MKD,2010,North Macedonia,2.24,9.62,79.8,1,27.0,53.1,15.871957632918797,7.379999999999999,6.14,0.4524800000000002
MKD,2011,North Macedonia,2.12,4.12,54.73,0,27.5,47.4,20.796068071918395,2.0,13.3,0.959724
MKD,2011,North Macedonia,2.12,4.12,54.73,0,27.5,47.4,20.796068071918395,2.0,4.510000000000001,0.959724
MKD,2011,North Macedonia,1.84,8.93,79.02,1,27.5,47.4,16.094454833986955,7.09,13.3,0.386032
MKD,2011,North Macedonia,1.84,8.93,79.02,1,27.5,47.4,16.094454833986955,7.09,9.26,0.386032
MKD,2012,North Macedonia,1.76,3.87,63.28,0,30.8,48.8,20.882285208339603,2.1100000000000003,-3.66,0.646272
MKD,2012,North Macedonia,1.76,3.87,63.28,0,30.8,48.8,20.882285208339603,2.1100000000000003,3.4600000000000004,0.646272
MKD,2012,North Macedonia,1.79,9.39,80.97,1,30.8,48.8,16.101148432658903,7.6,-3.66,0.3406370000000001
MKD,2012,North Macedonia,1.79,9.39,80.97,1,30.8,48.8,16.101148432658903,7.6,3.336666666666667,0.3406370000000001
MKD,2013,North Macedonia,1.85,3.78,64.34,0,33.2,46.9,20.9542856528057,1.93,0.7400000000000007,0.6597099999999999
MKD,2013,North Macedonia,1.85,3.78,64.34,0,33.2,46.9,20.9542856528057,1.93,0.6999999999999997,0.6597099999999999
MKD,2013,North Macedonia,2.24,9.32,80.03,1,33.2,46.9,16.143968276327975,7.08,0.7400000000000007,0.447328
MKD,2013,North Macedonia,2.24,9.32,80.03,1,33.2,46.9,16.143968276327975,7.08,1.0699999999999994,0.447328
MKD,2014,North Macedonia,1.76,3.68,59.66,0,56.7,43.8,20.97272750752572,1.92,5.02,0.709984
MKD,2014,North Macedonia,1.76,3.68,59.66,0,56.7,43.8,20.97272750752572,1.92,-0.31333333333333346,0.709984
MKD,2014,North Macedonia,2.15,8.25,80.13,1,56.7,43.8,16.260808547157115,6.1,5.02,0.42720500000000017
MKD,2014,North Macedonia,2.15,8.25,80.13,1,56.7,43.8,16.260808547157115,6.1,12.066666666666666,0.42720500000000017
MKD,2015,North Macedonia,1.94,4.24,59.31,0,35.7,40.9,20.874963102836325,2.3000000000000003,-6.179999999999998,0.7893859999999998
MKD,2015,North Macedonia,1.94,4.24,59.31,0,35.7,40.9,20.874963102836325,2.3000000000000003,-3.21,0.7893859999999998
MKD,2015,North Macedonia,2.07,9.08,80.54,1,35.7,40.9,16.15611941439917,7.01,-6.179999999999998,0.40282199999999974
MKD,2015,North Macedonia,2.07,9.08,80.54,1,35.7,40.9,16.15611941439917,7.01,0.13666666666666671,0.40282199999999974
MKD,2016,North Macedonia,2.05,4.43,58.87,0,32.9,38.9,20.811544028793826,2.38,2.54,0.8431649999999999
MKD,2016,North Macedonia,2.05,4.43,58.87,0,32.9,38.9,20.811544028793826,2.38,-2.7666666666666666,0.8431649999999999
MKD,2016,North Macedonia,1.62,8.58,83.27,1,32.9,38.9,16.236889436079764,6.96,2.54,0.27102600000000004
MKD,2016,North Macedonia,1.62,8.58,83.27,1,32.9,38.9,16.236889436079764,6.96,-0.15666666666666718,0.27102600000000004
MKD,2017,North Macedonia,1.78,4.4,61.56,0,36.7,41.9,20.855883377894408,2.62,6.96,0.684232
MKD,2017,North Macedonia,1.78,4.4,61.56,0,36.7,41.9,20.855883377894408,2.62,1.6133333333333333,0.684232
MKD,2017,North Macedonia,2.11,7.98,83.26,1,36.7,41.9,16.351523070367254,5.870000000000001,6.96,0.353214
MKD,2017,North Macedonia,2.11,7.98,83.26,1,36.7,41.9,16.351523070367254,5.870000000000001,8.186666666666667,0.353214
MKD,2018,North Macedonia,3.22,5.01,57.39,0,38.7,44.7,20.8762139108358,1.7899999999999996,8.21,1.3720420000000002
MKD,2018,North Macedonia,3.22,5.01,57.39,0,38.7,44.7,20.8762139108358,1.7899999999999996,6.13,1.3720420000000002
MKD,2018,North Macedonia,1.67,7.91,83.0,1,38.7,44.7,16.5030914713216,6.24,8.21,0.28390000000000004
MKD,2018,North Macedonia,1.67,7.91,83.0,1,38.7,44.7,16.5030914713216,6.24,5.95,0.28390000000000004
MKD,2019,North Macedonia,1.86,4.36,56.68,0,47.6,44.4,20.84194341715182,2.5,2.15,0.8057520000000001
MKD,2019,North Macedonia,1.86,4.36,56.68,0,47.6,44.4,20.84194341715182,2.5,2.126666666666667,0.8057520000000001
MKD,2019,North Macedonia,1.67,8.68,82.8,1,47.6,44.4,16.54946055426336,7.01,2.15,0.28724000000000005
MKD,2019,North Macedonia,1.67,8.68,82.8,1,47.6,44.4,16.54946055426336,7.01,-0.4466666666666663,0.28724000000000005
MKD,2020,North Macedonia,2.37,5.16,56.94,0,50.9,49.3,20.69798303889285,2.79,-3.9800000000000004,1.020522
MKD,2020,North Macedonia,2.37,5.16,56.94,0,50.9,49.3,20.69798303889285,2.79,2.8066666666666666,1.020522
MKD,2020,North Macedonia,1.54,8.23,81.93,1,50.9,49.3,16.335691834439974,6.69,-3.9800000000000004,0.27827799999999997
MKD,2020,North Macedonia,1.54,8.23,81.93,1,50.9,49.3,16.335691834439974,6.69,-6.046666666666669,0.27827799999999997
MKD,2021,North Macedonia,2.14,4.29,55.14,0,49.5,52.7,20.902843882736693,2.15,14.36,0.9600040000000001
MKD,2021,North Macedonia,2.14,4.29,55.14,0,49.5,52.7,20.902843882736693,2.15,11.603333333333332,0.9600040000000001
MKD,2021,North Macedonia,1.56,7.24,82.62,1,49.5,52.7,16.682110371672042,5.68,14.36,0.2711279999999999
MKD,2021,North Macedonia,1.56,7.24,82.62,1,49.5,52.7,16.682110371672042,5.68,16.686666666666667,0.2711279999999999
MLI,1996,Mali,3.25,5.85,72.66,1,58.5,51.0,13.504589922945494,2.6,8.816666666666666,0.8885500000000003
MLI,1998,Mali,2.89,5.91,77.78,1,62.2,47.8,13.60301771099633,3.02,10.7,0.6421579999999999
MLI,2000,Mali,2.81,5.88,81.24,1,56.1,50.7,13.894700012490086,3.07,-7.51,0.5271560000000003
MLI,2002,Mali,3.42,5.73,78.15,1,61.9,57.2,13.972024203787104,2.3100000000000005,-3.13,0.7472699999999997
MLI,2003,Mali,3.8,5.41,76.96,1,53.3,60.2,14.091556241991334,1.6100000000000003,17.09,0.8755200000000002
MLI,2004,Mali,3.13,5.63,84.37,1,62.1,56.7,14.298140013700896,2.5,3.61,0.48921899999999996
MLI,2005,Mali,4.09,6.03,78.82,1,52.4,58.7,14.410465905241812,1.9400000000000004,6.36,0.8662620000000004
MLI,2006,Mali,2.54,5.6,84.91,1,58.9,56.3,14.540670900146546,3.06,8.58,0.38328600000000007
MLI,2007,Mali,2.3,6.52,81.79,1,51.7,54.8,14.766368812905926,4.22,9.57,0.4188299999999998
MLI,2008,Mali,1.96,6.1,78.77,1,52.9,54.8,14.870946123580348,4.14,23.62,0.4161080000000001
MLI,2009,Mali,1.18,7.36,78.65,0,41.7,50.7,14.868953380816604,6.180000000000001,6.873333333333333,0.2519299999999999
MLI,2010,Mali,3.58,5.12,59.07,1,39.3,54.5,14.983314008680685,1.54,9.243333333333334,1.465294
MLI,2011,Mali,1.6,4.73,80.21,1,24.2,54.9,15.11349601430568,3.1300000000000003,-15.59,0.31664000000000014
MLI,2012,Mali,0.83,5.14,77.09,1,3.8,31.5,15.09119048127246,4.31,1.6399999999999997,0.19015299999999996
MLI,2013,Mali,1.97,5.56,78.91,0,6.2,38.5,15.184450628214826,3.59,-0.15333333333333332,0.41547300000000015
MLI,2014,Mali,2.05,5.36,60.54,0,6.7,42.4,15.274914257948176,3.3100000000000005,-5.360000000000001,0.80893
MLI,2015,Mali,0.3,5.53,68.86,0,7.6,40.4,15.28604438725674,5.23,-9.47,0.09342
MLI,2016,Mali,1.29,5.12,63.55,1,8.6,40.4,15.397641170841345,3.83,-0.8766666666666669,0.4702050000000001
MLI,2017,Mali,0.47,4.14,68.2,1,6.2,38.4,15.410079714277485,3.67,6.19,0.14945999999999995
MLI,2018,Mali,0.45,4.67,63.16,1,4.7,35.9,15.458052801177908,4.22,3.21,0.16578000000000004
MLI,2019,Mali,0.3,5.97,62.34,1,3.8,33.8,15.512590719346436,5.67,4.54,0.11297999999999997
MLI,2020,Mali,0.16,5.39,67.29,0,3.8,27.5,15.588096334475326,5.23,-5.77,0.052335999999999994
MLI,2021,Mali,0.08,4.28,67.72,0,2.4,26.1,15.626630931126114,4.2,1.466666666666666,0.025824
MLT,1996,Malta,4.91,10.42,59.76,1,94.1,85.5,14.951307035554125,5.51,-2.4000000000000004,1.975784
MLT,1998,Malta,3.62,6.53,26.44,1,96.8,84.1,15.093868090357766,2.91,2.19,2.662872
MLT,2000,Malta,3.58,5.1,31.99,1,98.4,86.6,15.337936006135426,1.5199999999999996,9.41,2.434758
MLT,2002,Malta,4.06,4.47,29.72,1,97.9,86.6,15.35624872308919,0.4100000000000001,2.07,2.853368
MLT,2003,Malta,2.86,3.89,28.98,1,99.5,92.0,15.4587639012991,1.0300000000000002,9.47,2.0311719999999998
MLT,2004,Malta,2.71,2.8,35.72,1,95.6,90.4,15.565099114610488,0.0899999999999998,10.49,1.741988
MLT,2005,Malta,2.35,3.92,41.59,1,96.6,88.9,15.542959026836607,1.5699999999999998,-3.5299999999999985,1.372635
MLT,2006,Malta,2.6,4.01,45.18,1,92.8,89.9,15.812350152722232,1.4099999999999997,6.64,1.4253200000000001
MLT,2007,Malta,2.21,3.98,48.65,1,95.2,90.9,15.966157591979169,1.77,6.09,1.134835
MLT,2008,Malta,3.73,5.09,47.92,1,95.2,90.9,16.37295423507043,1.36,1.94,1.9425839999999996
MLT,2009,Malta,4.17,4.43,47.65,1,92.9,87.7,16.260521978964462,0.2599999999999998,-11.420000000000002,2.1829950000000005
MLT,2010,Malta,3.08,4.26,45.54,1,91.9,88.6,16.425796147273466,1.1799999999999995,19.2,1.677368
MLT,2011,Malta,3.48,4.34,44.29,1,84.8,87.8,16.676506584204894,0.8599999999999999,13.59,1.9387079999999997
MLT,2012,Malta,3.73,4.7,50.29,1,87.2,88.3,16.64188394925758,0.9700000000000002,3.33,1.854183
MLT,2013,Malta,2.53,4.58,49.08,1,83.9,87.8,16.70150462496104,2.0500000000000003,-2.379999999999999,1.2882760000000002
MLT,2014,Malta,2.35,4.08,51.44,1,90.5,89.2,16.782160549347996,1.73,5.94,1.1411600000000002
MLT,2015,Malta,2.16,4.71,52.76,1,87.1,89.2,16.72544927268699,2.55,-10.35,1.0203840000000002
MLT,2016,Malta,3.27,4.72,50.26,1,89.0,88.7,16.422944954628047,1.4499999999999995,2.86,1.6264980000000002
MLT,2017,Malta,1.58,4.16,66.65,1,93.3,87.2,16.60313457713616,2.58,-2.5,0.5269299999999999
MLT,2018,Malta,2.11,4.68,57.96,1,93.9,82.5,16.76132522780265,2.57,2.7199999999999998,0.8870439999999999
MLT,2019,Malta,2.85,5.11,53.2,1,83.0,82.6,16.7309879282495,2.26,6.76,1.3337999999999999
MLT,2020,Malta,2.47,4.94,56.04,1,82.1,85.0,16.507219240816145,2.47,-16.42,1.085812
MLT,2021,Malta,2.13,4.46,59.95,1,77.8,82.6,16.879449654950374,2.33,11.57,0.8530649999999999
MMR,1996,Myanmar,19.47,14.86,66.39,0,10.1,2.0,14.807932857426842,0.0,6.996666666666666,6.543866999999999
MMR,1998,Myanmar,8.24,15.17,62.65,0,9.6,1.5,14.707095011754683,6.93,-1.8900000000000006,3.0776400000000006
MMR,2000,Myanmar,6.83,15.47,65.65,0,6.9,0.5,14.861755607351348,8.64,15.146666666666667,2.3461049999999997
MMR,2002,Myanmar,7.68,20.89,66.18,0,12.7,1.0,14.82555482961617,13.21,2.8600000000000003,2.5973759999999997
MMR,2003,Myanmar,5.49,12.94,65.34,0,16.1,0.5,14.904393536685628,7.449999999999999,7.210000000000001,1.9028340000000001
MMR,2004,Myanmar,6.62,11.01,36.2,0,18.9,0.0,15.037065319841124,4.39,11.916666666666668,4.223559999999999
MMR,2005,Myanmar,4.69,10.54,36.56,0,20.9,0.5,15.008996340194058,5.849999999999999,14.423333333333332,2.975336
MMR,2006,Myanmar,4.63,9.07,32.86,0,21.3,0.5,15.097624645555396,4.44,10.530000000000001,3.1085819999999997
MMR,2007,Myanmar,3.93,8.7,33.02,0,16.4,0.5,15.47456962634134,4.77,4.87,2.632314
MMR,2008,Myanmar,5.49,8.27,38.82,0,15.4,0.5,15.68062946843334,2.78,8.14333333333333,3.358782
MMR,2009,Myanmar,6.37,8.97,40.04,0,11.8,0.9,15.691304864930984,2.6000000000000005,-12.8,3.819452
MMR,2010,Myanmar,5.79,8.16,44.36,1,10.9,1.4,16.035017912150412,2.37,-8.43,3.221556
MMR,2011,Myanmar,4.45,8.63,44.4,1,14.7,3.3,16.35958007623748,4.180000000000001,29.16,2.4742
MMR,2012,Myanmar,9.24,11.99,50.22,1,18.5,5.2,16.581186331992853,2.75,-4.300000000000001,4.599672
MMR,2013,Myanmar,5.02,7.95,45.41,1,14.2,8.0,16.779313697829426,2.9300000000000006,23.69,2.740418
MMR,2014,Myanmar,1.91,7.88,75.91,1,11.4,9.9,16.95445969139546,5.97,16.260000000000005,0.460119
MMR,2015,Myanmar,2.19,8.22,69.67,1,10.5,14.3,16.9631820511547,6.030000000000001,2.08,0.664227
MMR,2016,Myanmar,4.53,9.35,64.0,1,18.6,24.1,16.933548487359516,4.819999999999999,-3.670000000000001,1.6308
MMR,2017,Myanmar,6.6,11.66,69.1,1,13.3,23.6,16.988725255656792,5.0600000000000005,10.76,2.0394
MMR,2018,Myanmar,5.1,11.68,66.86,1,11.3,23.3,17.083057699558875,6.58,0.2599999999999998,1.69014
MMR,2019,Myanmar,4.5,12.09,67.14,1,10.8,23.2,17.133164478821957,7.59,-1.9399999999999995,1.4787
MMR,2020,Myanmar,5.18,11.66,67.31,1,10.4,22.2,17.102043782333546,6.48,-1.75,1.6933419999999997
MMR,2021,Myanmar,4.67,10.16,67.73,1,4.7,4.8,16.981594450258,5.49,-10.71,1.5070089999999998
MNE,2006,Montenegro,5.67,5.74,27.21,1,47.8,55.3,14.480408386478434,0.0700000000000002,4.506666666666667,4.127193
MNE,2006,Montenegro,9.36,11.02,24.04,1,47.8,55.3,16.784476804088193,1.66,12.693333333333333,7.109856
MNE,2007,Montenegro,0.58,5.23,85.68,1,47.3,55.3,15.09741633927696,4.65,24.78,0.08305599999999992
MNE,2007,Montenegro,0.58,5.23,85.68,1,47.3,55.3,15.09741633927696,4.65,18.68,0.08305599999999992
MNE,2007,Montenegro,7.35,9.87,24.66,1,47.3,55.3,17.153402443245742,2.52,24.78,5.537489999999999
MNE,2007,Montenegro,7.35,9.87,24.66,1,47.3,55.3,17.153402443245742,2.52,18.68,5.537489999999999
MNE,2008,Montenegro,0.32,5.0,87.71,1,72.1,55.8,15.473997823832509,4.68,14.07,0.039328
MNE,2008,Montenegro,0.32,5.0,87.71,1,72.1,55.8,15.473997823832509,4.68,11.34,0.039328
MNE,2008,Montenegro,6.6,9.34,26.06,1,72.1,55.8,17.38472366450898,2.74,14.07,4.88004
MNE,2008,Montenegro,6.6,9.34,26.06,1,72.1,55.8,17.38472366450898,2.74,11.34,4.88004
MNE,2009,Montenegro,0.44,4.95,84.9,1,74.4,55.9,15.002621544511738,4.51,-18.2,0.06643999999999996
MNE,2009,Montenegro,0.44,4.95,84.9,1,74.4,55.9,15.002621544511738,4.51,-16.47,0.06643999999999996
MNE,2009,Montenegro,7.24,10.23,25.56,1,74.4,55.9,17.013193335085635,2.99,-18.2,5.389456
MNE,2009,Montenegro,7.24,10.23,25.56,1,74.4,55.9,17.013193335085635,2.99,-16.47,5.389456
MNE,2010,Montenegro,0.42,4.86,74.36,1,65.4,55.5,14.989461965138135,4.44,-2.88,0.10768799999999998
MNE,2010,Montenegro,0.42,4.86,74.36,1,65.4,55.5,14.989461965138135,4.44,2.12,0.10768799999999998
MNE,2010,Montenegro,7.2,9.6,24.94,1,65.4,55.5,17.063511056679165,2.3999999999999995,-2.88,5.404319999999999
MNE,2010,Montenegro,7.2,9.6,24.94,1,65.4,55.5,17.063511056679165,2.3999999999999995,2.12,5.404319999999999
MNE,2011,Montenegro,0.26,4.85,73.73,1,64.0,55.4,15.105606439608485,4.59,7.98,0.06830199999999999
MNE,2011,Montenegro,0.26,4.85,73.73,1,64.0,55.4,15.105606439608485,4.59,8.94,0.06830199999999999
MNE,2011,Montenegro,7.91,9.51,24.48,1,64.0,55.4,17.260017877926288,1.5999999999999996,7.98,5.973632
MNE,2011,Montenegro,7.91,9.51,24.48,1,64.0,55.4,17.260017877926288,1.5999999999999996,8.94,5.973632
MNE,2012,Montenegro,0.16,4.87,75.79,1,64.9,56.8,15.09899483442159,4.71,-4.17,0.038736
MNE,2012,Montenegro,0.16,4.87,75.79,1,64.9,56.8,15.09899483442159,4.71,-2.3900000000000006,0.038736
MNE,2012,Montenegro,7.67,10.1,24.86,1,64.9,56.8,17.214163426095894,2.43,-4.17,5.763238
MNE,2012,Montenegro,7.67,10.1,24.86,1,64.9,56.8,17.214163426095894,2.43,-2.3900000000000006,5.763238
MNE,2013,Montenegro,0.81,7.69,70.41,1,64.5,56.3,15.12788400597227,6.880000000000001,0.2699999999999996,0.23967900000000006
MNE,2013,Montenegro,0.81,7.69,70.41,1,64.5,56.3,15.12788400597227,6.880000000000001,4.21,0.23967900000000006
MNE,2013,Montenegro,7.02,10.44,25.0,1,64.5,56.3,17.283399337910048,3.42,0.2699999999999996,5.265
MNE,2013,Montenegro,7.02,10.44,25.0,1,64.5,56.3,17.283399337910048,3.42,4.21,5.265
MNE,2014,Montenegro,2.68,8.53,79.32,1,54.8,53.2,15.196978076097926,5.85,0.3799999999999999,0.5542240000000003
MNE,2014,Montenegro,2.68,8.53,79.32,1,54.8,53.2,15.196978076097926,5.85,0.13999999999999968,0.5542240000000003
MNE,2014,Montenegro,7.63,9.67,23.13,1,54.8,53.2,17.31502837134547,2.04,0.3799999999999999,5.865181000000001
MNE,2014,Montenegro,7.63,9.67,23.13,1,54.8,53.2,17.31502837134547,2.04,0.13999999999999968,5.865181000000001
MNE,2015,Montenegro,0.43,7.71,81.62,1,52.9,50.7,14.957038334665096,7.28,-6.93,0.07903399999999998
MNE,2015,Montenegro,0.43,7.71,81.62,1,52.9,50.7,14.957038334665096,7.28,-6.0,0.07903399999999998
MNE,2015,Montenegro,7.6,10.93,28.35,1,52.9,50.7,17.205151336925752,3.33,-6.93,5.445399999999999
MNE,2015,Montenegro,7.6,10.93,28.35,1,52.9,50.7,17.205151336925752,3.33,-6.0,5.445399999999999
MNE,2016,Montenegro,1.0,7.18,80.98,1,55.7,49.3,15.066736502986876,6.18,5.51,0.19019999999999992
MNE,2016,Montenegro,1.0,7.18,80.98,1,55.7,49.3,15.066736502986876,6.18,2.76,0.19019999999999992
MNE,2016,Montenegro,7.4,10.56,28.96,1,55.7,49.3,17.26452323416166,3.16,5.51,5.256959999999999
MNE,2016,Montenegro,7.4,10.56,28.96,1,55.7,49.3,17.26452323416166,3.16,2.76,5.256959999999999
MNE,2017,Montenegro,1.61,7.34,83.63,1,42.9,50.7,15.154765618882472,5.73,6.94,0.26355700000000015
MNE,2017,Montenegro,1.61,7.34,83.63,1,42.9,50.7,15.154765618882472,5.73,7.3100000000000005,0.26355700000000015
MNE,2017,Montenegro,11.66,12.02,22.09,1,42.9,50.7,17.412741336329024,0.3599999999999994,6.94,9.084306
MNE,2017,Montenegro,11.66,12.02,22.09,1,42.9,50.7,17.412741336329024,0.3599999999999994,7.3100000000000005,9.084306
MNE,2018,Montenegro,0.63,7.75,79.64,1,49.5,49.5,15.333893496351015,7.12,7.25,0.128268
MNE,2018,Montenegro,0.63,7.75,79.64,1,49.5,49.5,15.333893496351015,7.12,8.11,0.128268
MNE,2018,Montenegro,11.82,12.84,21.73,1,49.5,49.5,17.575123101806682,1.0199999999999996,7.25,9.251514
MNE,2018,Montenegro,11.82,12.84,21.73,1,49.5,49.5,17.575123101806682,1.0199999999999996,8.11,9.251514
MNE,2019,Montenegro,0.77,10.27,80.12,1,50.0,47.3,15.308376127557588,9.5,-1.58,0.153076
MNE,2019,Montenegro,0.77,10.27,80.12,1,50.0,47.3,15.308376127557588,9.5,1.62,0.153076
MNE,2019,Montenegro,8.49,14.7,81.37,1,50.0,47.3,17.592283577575106,6.209999999999999,-1.58,1.5816869999999992
MNE,2019,Montenegro,8.49,14.7,81.37,1,50.0,47.3,17.592283577575106,6.209999999999999,1.62,1.5816869999999992
MNE,2020,Montenegro,1.49,6.38,75.16,1,46.2,47.8,15.085507774257522,4.89,-9.27,0.3701160000000001
MNE,2020,Montenegro,1.49,6.38,75.16,1,46.2,47.8,15.085507774257522,4.89,-0.9400000000000004,0.3701160000000001
MNE,2020,Montenegro,6.78,9.8,21.98,1,46.2,47.8,17.56472885094494,3.0200000000000005,-9.27,5.289756000000001
MNE,2020,Montenegro,6.78,9.8,21.98,1,46.2,47.8,17.56472885094494,3.0200000000000005,-0.9400000000000004,5.289756000000001
MNE,2021,Montenegro,0.91,5.07,80.55,1,46.2,53.6,15.340744403768484,4.16,10.920000000000002,0.176995
MNE,2021,Montenegro,0.91,5.07,80.55,1,46.2,53.6,15.340744403768484,4.16,13.51,0.176995
MNE,2021,Montenegro,7.08,9.33,22.57,1,46.2,53.6,17.847770460178552,2.25,10.920000000000002,5.482044
MNE,2021,Montenegro,7.08,9.33,22.57,1,46.2,53.6,17.847770460178552,2.25,13.51,5.482044
MNG,1996,Mongolia,3.45,7.92,18.68,1,71.8,63.0,13.140738201560833,4.47,-2.1499999999999995,2.80554
MNG,1998,Mongolia,3.82,8.04,21.56,1,59.6,65.2,13.097247354188328,4.219999999999999,2.22,2.9964079999999997
MNG,2000,Mongolia,5.51,9.71,29.19,1,75.7,59.7,13.313301075085676,4.200000000000001,9.74,3.9016309999999996
MNG,2002,Mongolia,7.66,14.02,41.58,0,88.4,59.2,13.570010834331129,6.359999999999999,-0.5566666666666666,4.474972
MNG,2003,Mongolia,6.59,9.92,42.89,1,80.9,59.2,13.735318715003956,3.33,14.263333333333334,3.7635489999999994
MNG,2004,Mongolia,5.39,8.67,43.48,1,73.8,57.2,13.977743312517903,3.28,12.91,3.046428
MNG,2005,Mongolia,2.92,6.95,63.1,1,75.2,54.3,14.110620192653853,4.03,7.61,1.07748
MNG,2006,Mongolia,1.37,5.24,70.05,1,65.7,54.8,14.295490674899302,3.87,12.08,0.41031500000000004
MNG,2007,Mongolia,2.96,4.68,62.24,1,69.6,57.2,14.655942478783478,1.7199999999999998,19.37,1.1176959999999998
MNG,2008,Mongolia,1.19,4.4,69.5,0,64.4,56.3,15.041832635306225,3.2100000000000004,9.926666666666666,0.36295000000000005
MNG,2009,Mongolia,1.18,4.33,67.92,0,67.8,53.1,14.779356283880166,3.1500000000000004,1.8333333333333326,0.37854399999999994
MNG,2010,Mongolia,1.08,3.63,64.72,0,66.4,51.7,15.154108306768888,2.55,4.89,0.38102400000000003
MNG,2011,Mongolia,0.93,3.6,65.61,0,65.9,51.6,15.760859220844294,2.67,10.07,0.31982700000000003
MNG,2012,Mongolia,2.09,5.65,65.84,0,62.1,52.1,15.86114456466941,3.5600000000000005,16.436666666666667,0.713944
MNG,2013,Mongolia,3.48,6.37,69.34,1,63.5,53.5,15.758885477467816,2.89,-2.01,1.066968
MNG,2014,Mongolia,0.8,2.89,29.28,1,73.3,56.7,15.573838852802938,2.09,-10.16,0.56576
MNG,2015,Mongolia,0.88,3.53,63.52,1,68.6,56.2,15.265760668881,2.65,-13.98,0.32102400000000003
MNG,2016,Mongolia,0.87,3.5,63.49,1,72.4,56.7,15.11501730978395,2.63,-6.209999999999999,0.317637
MNG,2017,Mongolia,0.75,4.46,66.94,1,73.8,56.2,15.3860194809296,3.71,13.96,0.24795
MNG,2018,Mongolia,1.24,3.48,62.56,1,73.6,56.3,15.566311641426768,2.24,16.380000000000003,0.46425599999999995
MNG,2019,Mongolia,2.01,3.7,70.76,1,67.9,57.5,15.6491037081852,1.6900000000000004,2.13,0.5877239999999999
MNG,2020,Mongolia,1.11,3.76,65.19,1,71.2,58.5,15.459483293048992,2.6499999999999995,-7.01,0.3863910000000001
MNG,2021,Mongolia,1.0,3.32,64.51,1,68.4,57.5,15.746296584745584,2.32,13.65,0.3549
MOZ,1996,Mozambique,7.64,15.83,49.14,1,46.3,40.5,13.759776829953813,8.190000000000001,3.76,3.8857039999999996
MOZ,1998,Mozambique,4.24,11.58,71.47,0,51.1,45.3,13.587934372024716,7.34,1.7099999999999995,1.209672
MOZ,2000,Mozambique,3.4,11.43,76.63,1,40.7,45.3,14.35785778457312,8.03,3.4766666666666666,0.7945800000000001
MOZ,2002,Mozambique,2.08,7.46,79.22,1,51.3,42.8,14.50875842845482,5.38,20.47,0.432224
MOZ,2003,Mozambique,3.29,7.44,76.03,1,52.3,46.3,14.47683414192096,4.15,6.59,0.7886130000000001
MOZ,2004,Mozambique,1.85,6.26,89.22,1,44.7,47.6,14.706303535408338,4.41,7.73,0.19943000000000002
MOZ,2005,Mozambique,2.17,6.94,83.81,1,51.0,51.9,14.835249083809856,4.7700000000000005,8.79,0.35132299999999983
MOZ,2006,Mozambique,3.87,6.6,84.27,1,61.8,44.7,14.940909229981797,2.7299999999999995,9.16,0.608751
MOZ,2007,Mozambique,3.71,6.69,79.6,1,55.6,45.7,15.218057121171343,2.9800000000000004,3.1,0.7568400000000003
MOZ,2008,Mozambique,3.21,7.05,82.39,1,57.2,45.2,15.38189766058026,3.84,14.64,0.5652810000000001
MOZ,2009,Mozambique,2.01,6.51,78.55,1,68.7,44.5,15.43470681846759,4.5,-3.089999999999999,0.431145
MOZ,2010,Mozambique,1.43,5.24,77.71,1,58.3,43.6,15.606768506451823,3.810000000000001,-2.6900000000000004,0.3187470000000001
MOZ,2011,Mozambique,1.61,5.84,85.44,1,58.3,41.3,15.902417032571876,4.23,29.16,0.23441600000000012
MOZ,2012,Mozambique,1.35,6.92,82.84,1,59.2,42.7,15.989624947986789,5.57,-1.0199999999999996,0.23165999999999998
MOZ,2013,Mozambique,1.02,6.88,85.02,1,38.4,39.4,16.2393009865269,5.859999999999999,27.86,0.15279600000000004
MOZ,2014,Mozambique,0.74,5.83,86.7,1,32.4,39.4,16.409418705732037,5.09,-6.960000000000001,0.09842000000000001
MOZ,2015,Mozambique,1.03,7.03,88.93,1,27.6,37.9,16.18396331433237,6.0,-4.9,0.11402099999999991
MOZ,2016,Mozambique,3.98,7.21,92.05,1,12.9,34.0,15.910666881849403,3.23,-18.170000000000005,0.3164100000000001
MOZ,2017,Mozambique,1.68,6.76,91.7,1,16.2,34.0,16.03921544440178,5.08,3.77,0.13943999999999993
MOZ,2018,Mozambique,1.09,5.92,84.92,1,18.4,32.5,16.19113055972826,4.83,9.09,0.16437199999999993
MOZ,2019,Mozambique,1.33,6.88,89.56,1,19.8,30.9,16.3926665823102,5.55,6.1,0.13885199999999992
MOZ,2020,Mozambique,1.71,8.18,84.97,1,10.8,30.9,16.27988389136783,6.47,-8.2,0.257013
MOZ,2021,Mozambique,1.74,6.24,80.17,1,11.3,31.4,16.721149915095594,4.5,15.73,0.34504200000000007
MRT,1996,Mauritania,4.57,11.0,71.61,0,59.0,33.5,13.209893369889691,6.43,1.3499999999999979,1.2974230000000002
MRT,1998,Mauritania,4.91,9.73,76.78,0,60.1,29.4,13.229909411076855,4.82,1.2566666666666668,1.140102
MRT,2000,Mauritania,3.81,8.51,78.41,1,61.4,24.9,13.698518108462284,4.699999999999999,5.04,0.822579
MRT,2002,Mauritania,3.11,8.54,77.93,1,60.3,25.9,13.953141248225531,5.43,-2.5299999999999994,0.6863769999999997
MRT,2003,Mauritania,2.59,8.92,81.38,1,44.2,26.4,14.087777353208788,6.33,4.27,0.4822580000000001
MRT,2004,Mauritania,1.97,7.33,82.18,1,38.8,17.8,14.156707572366074,5.36,29.16,0.3510539999999998
MRT,2005,Mauritania,1.95,7.4,82.62,1,39.3,22.6,14.353822811319777,5.45,0.08000000000000007,0.3389099999999999
MRT,2006,Mauritania,0.82,5.66,83.31,1,53.6,25.5,14.370334138738231,4.84,-10.57,0.13685799999999995
MRT,2007,Mauritania,0.88,5.54,83.96,1,35.3,29.3,14.643863661464946,4.66,15.44,0.14115200000000008
MRT,2008,Mauritania,1.15,4.86,78.48,1,24.5,21.6,14.880950294689058,3.71,7.0,0.24747999999999992
MRT,2009,Mauritania,1.2,5.6,75.88,1,19.9,21.8,14.810822647804184,4.4,-9.64,0.2894400000000001
MRT,2010,Mauritania,1.38,5.27,61.33,1,14.2,22.7,14.968660702400026,3.89,13.01,0.5336460000000001
MRT,2011,Mauritania,1.09,5.32,75.99,1,13.7,21.6,15.27610315188718,4.23,19.839999999999996,0.26170900000000014
MRT,2012,Mauritania,1.48,6.34,78.99,1,15.2,21.6,15.424730968746603,4.859999999999999,10.05,0.3109480000000001
MRT,2013,Mauritania,1.97,6.82,78.51,1,17.5,21.1,15.459779677210776,4.8500000000000005,15.73,0.423353
MRT,2014,Mauritania,1.78,4.94,64.36,1,25.7,22.2,15.418336954414317,3.16,-4.33,0.6343920000000001
MRT,2015,Mauritania,1.6,6.06,64.94,1,23.3,23.6,15.05192298476796,4.459999999999999,0.8399999999999999,0.56096
MRT,2016,Mauritania,2.41,6.57,61.61,1,20.5,24.6,15.028843399152176,4.16,-18.2,0.9251990000000001
MRT,2017,Mauritania,0.72,4.72,68.49,1,24.8,24.1,15.139038450932864,4.0,27.290000000000003,0.22687200000000002
MRT,2018,Mauritania,0.8,4.58,61.33,1,24.5,23.8,15.187838364239576,3.78,-4.940000000000001,0.3093600000000001
MRT,2019,Mauritania,0.98,5.19,57.03,1,25.0,24.6,15.24135241057036,4.210000000000001,5.16,0.421106
MRT,2020,Mauritania,0.94,5.09,55.31,1,21.7,25.1,15.124390865553414,4.15,-11.7,0.42008599999999996
MRT,2021,Mauritania,0.79,4.3,53.85,1,26.4,28.5,15.338857208881732,3.51,18.61,0.36458500000000005
MUS,1996,Mauritius,17.02,20.66,64.8,1,86.2,73.5,14.37744658919502,3.640000000000001,6.69,5.99104
MUS,1998,Mauritius,15.53,20.53,63.9,1,81.4,77.6,14.336155452510289,5.000000000000002,-1.0899999999999999,5.60633
MUS,2000,Mauritius,8.16,22.45,69.39,1,73.5,76.6,14.7848363820151,14.29,-4.34,2.4977760000000004
MUS,2002,Mauritius,13.77,23.38,71.2,1,86.8,71.1,14.719362479607186,9.61,4.27,3.9657599999999986
MUS,2003,Mauritius,19.07,21.99,67.35,1,82.4,72.6,14.959570112076488,2.919999999999998,4.97,6.226355000000001
MUS,2004,Mauritius,21.74,23.37,74.08,1,80.1,75.5,15.009358499417214,1.6300000000000026,7.81,5.635007999999999
MUS,2005,Mauritius,19.52,22.7,71.55,1,81.6,73.1,15.106551867148012,3.18,6.67,5.553439999999999
MUS,2006,Mauritius,25.25,21.94,76.42,1,70.5,75.0,15.241706871295264,0.0,7.37,5.95395
MUS,2007,Mauritius,15.24,20.92,71.39,1,78.3,73.6,15.37757552350196,5.6800000000000015,3.47,4.360164
MUS,2008,Mauritius,13.77,18.91,70.82,1,76.9,73.1,15.477184048497154,5.140000000000001,9.41,4.018086
MUS,2009,Mauritius,11.98,18.37,72.93,1,71.1,70.6,15.230079336176509,6.390000000000001,-10.69,3.2429859999999993
MUS,2010,Mauritius,5.3,16.32,71.64,1,67.3,71.1,15.370574127082062,11.02,8.71,1.5030799999999997
MUS,2011,Mauritius,4.88,17.12,72.66,1,76.3,71.8,15.74714665429529,12.240000000000002,8.25,1.3341920000000005
MUS,2012,Mauritius,4.33,16.45,75.34,1,79.6,74.2,15.47126378417418,12.12,5.78,1.0677779999999997
MUS,2013,Mauritius,4.74,17.39,74.9,1,78.2,75.1,15.527200645968612,12.65,-3.3200000000000003,1.1897399999999996
MUS,2014,Mauritius,4.08,16.39,77.59,1,68.1,73.9,15.66122240292074,12.31,1.94,0.9143279999999999
MUS,2015,Mauritius,3.99,15.4,73.93,1,83.8,72.9,15.456628194709303,11.41,-10.83,1.0401929999999997
MUS,2016,Mauritius,3.6,14.59,77.65,1,86.7,72.9,15.428467339908632,10.99,2.18,0.8045999999999998
MUS,2017,Mauritius,3.62,15.39,79.9,1,80.0,73.4,15.597223368099744,11.77,6.4,0.7276199999999998
MUS,2018,Mauritius,3.52,15.47,81.08,1,76.9,71.4,15.639586684864536,11.95,3.72,0.6659840000000001
MUS,2019,Mauritius,4.86,16.87,80.11,1,75.0,71.5,15.681034303622775,12.010000000000002,-0.5999999999999996,0.9666539999999999
MUS,2020,Mauritius,3.24,14.37,79.1,1,75.5,70.5,15.296069152076784,11.13,-13.16,0.6771600000000003
MUS,2021,Mauritius,4.52,15.44,79.74,1,74.5,67.1,15.491180245297327,10.92,10.39,0.9157519999999999
MWI,1996,Malawi,20.29,24.39,84.29,0,31.9,49.0,12.914768196265356,4.100000000000001,2.4033333333333333,3.187558999999998
MWI,1998,Malawi,22.75,28.21,71.22,0,42.6,50.7,12.991724847842212,5.460000000000001,1.2566666666666668,6.547450000000001
MWI,2000,Malawi,11.82,19.28,58.9,1,34.4,46.8,13.140253038892688,7.460000000000001,-9.200000000000001,4.858020000000001
MWI,2002,Malawi,14.25,18.68,54.94,1,47.1,30.8,13.38090298333482,4.43,12.96,6.42105
MWI,2003,Malawi,21.96,23.37,70.07,1,42.7,36.8,13.334499173068776,1.41,6.25,6.572628000000003
MWI,2004,Malawi,19.65,22.25,70.29,1,49.0,32.2,13.680696594626028,2.6000000000000014,8.22,5.838014999999998
MWI,2005,Malawi,14.24,20.76,74.33,1,49.5,31.7,13.553062063949572,6.520000000000001,12.75,3.6554080000000004
MWI,2006,Malawi,21.69,21.79,71.74,1,49.3,38.5,13.675836221751585,0.0999999999999978,4.44,6.129594000000002
MWI,2007,Malawi,10.99,20.01,77.31,1,45.4,37.5,13.797908384692397,9.02,3.61,2.493631
MWI,2008,Malawi,9.92,18.98,75.94,1,42.3,39.9,14.184818372122082,9.06,21.25,2.3867520000000004
MWI,2009,Malawi,7.59,17.96,80.63,1,46.4,43.1,14.126827618064628,10.37,1.7000000000000002,1.4701830000000007
MWI,2010,Malawi,7.18,15.91,70.32,1,47.9,40.8,14.154783070151552,8.73,1.4699999999999998,2.1310240000000005
MWI,2011,Malawi,5.88,13.17,77.03,1,42.7,39.4,14.194085285491628,7.29,5.9,1.3506360000000002
MWI,2012,Malawi,6.95,22.09,82.22,1,44.5,42.3,14.420471273206836,15.14,6.02,1.2357099999999996
MWI,2013,Malawi,6.84,22.85,84.77,1,38.9,42.7,14.572923277092938,16.01,1.96,1.0417319999999999
MWI,2014,Malawi,3.94,12.91,78.03,1,50.0,46.8,14.334003026223671,8.97,-1.4800000000000004,0.865618
MWI,2015,Malawi,5.7,22.73,79.99,1,48.1,47.3,14.200076165030138,17.03,-9.200000000000001,1.1405700000000003
MWI,2016,Malawi,11.59,24.31,73.45,1,41.9,45.8,14.191219379865553,12.72,-0.34999999999999964,3.0771449999999994
MWI,2017,Malawi,7.86,34.01,78.07,1,37.1,44.8,14.371811176794044,26.15,6.39,1.7236980000000004
MWI,2018,Malawi,5.8,28.81,72.73,1,30.7,41.3,14.351512889810431,23.01,2.62,1.5816599999999996
MWI,2019,Malawi,6.41,26.64,73.06,1,35.8,41.5,14.350740358580705,20.23,3.76,1.726854
MWI,2020,Malawi,7.0,37.76,76.1,1,43.9,46.4,14.22765372478573,30.76,-3.7699999999999996,1.6730000000000007
MWI,2021,Malawi,6.69,25.05,71.06,1,43.9,49.3,14.392513615990726,18.36,7.12,1.936086
MYS,1996,Malaysia,9.26,11.79,30.04,0,66.5,44.5,21.47970299753764,2.53,0.5599999999999996,6.478296
MYS,1996,Malaysia,9.26,11.79,30.04,0,66.5,44.5,21.47970299753764,2.53,-3.4066666666666663,6.478296
MYS,1996,Malaysia,7.97,11.1,35.05,1,66.5,44.5,18.08865227941445,3.13,0.5599999999999996,5.176514999999999
MYS,1996,Malaysia,7.97,11.1,35.05,1,66.5,44.5,18.08865227941445,3.13,-0.12666666666666604,5.176514999999999
MYS,1998,Malaysia,8.66,11.79,34.6,0,43.6,35.8,21.546556916667438,3.129999999999999,-14.189999999999998,5.663639999999999
MYS,1998,Malaysia,8.66,11.79,34.6,0,43.6,35.8,21.546556916667438,3.129999999999999,-2.956666666666665,5.663639999999999
MYS,1998,Malaysia,6.89,8.71,34.29,1,43.6,35.8,17.86351673345278,1.8200000000000007,-14.189999999999998,4.527419
MYS,1998,Malaysia,6.89,8.71,34.29,1,43.6,35.8,17.86351673345278,1.8200000000000007,-4.4399999999999995,4.527419
MYS,2000,Malaysia,7.99,9.53,36.02,0,49.7,35.3,21.760968023583946,1.5399999999999991,12.34,5.1120019999999995
MYS,2000,Malaysia,7.99,9.53,36.02,0,49.7,35.3,21.760968023583946,1.5399999999999991,8.366666666666667,5.1120019999999995
MYS,2000,Malaysia,5.68,7.34,37.97,1,49.7,35.3,18.30418438542183,1.66,12.34,3.5233040000000004
MYS,2000,Malaysia,5.68,7.34,37.97,1,49.7,35.3,18.30418438542183,1.66,9.346666666666666,3.5233040000000004
MYS,2002,Malaysia,8.19,10.24,34.58,0,66.1,34.3,21.80999941305614,2.0500000000000007,8.0,5.357898
MYS,2002,Malaysia,8.19,10.24,34.58,0,66.1,34.3,21.80999941305614,2.0500000000000007,5.656666666666666,5.357898
MYS,2002,Malaysia,5.07,7.94,39.14,1,66.1,34.3,18.25662079557704,2.87,8.0,3.085602
MYS,2002,Malaysia,5.07,7.94,39.14,1,66.1,34.3,18.25662079557704,2.87,3.95,3.085602
MYS,2003,Malaysia,7.55,9.16,39.41,0,62.8,35.3,22.00007547635848,1.6100000000000003,-1.4699999999999989,4.5745450000000005
MYS,2003,Malaysia,7.55,9.16,39.41,0,62.8,35.3,22.00007547635848,1.6100000000000003,6.223333333333334,4.5745450000000005
MYS,2003,Malaysia,4.66,6.26,39.88,1,62.8,35.3,18.367556305833467,1.5999999999999996,-1.4699999999999989,2.801592
MYS,2003,Malaysia,4.66,6.26,39.88,1,62.8,35.3,18.367556305833467,1.5999999999999996,7.37,2.801592
MYS,2004,Malaysia,6.18,7.71,44.82,0,57.3,41.3,22.19282698589566,1.5300000000000002,12.14,3.410124
MYS,2004,Malaysia,6.18,7.71,44.82,0,57.3,41.3,22.19282698589566,1.5300000000000002,4.973333333333334,3.410124
MYS,2004,Malaysia,3.87,5.43,45.86,1,57.3,41.3,18.504099969935886,1.5599999999999996,12.14,2.095218
MYS,2004,Malaysia,3.87,5.43,45.86,1,57.3,41.3,18.504099969935886,1.5599999999999996,9.323333333333334,2.095218
MYS,2005,Malaysia,5.55,7.75,42.67,0,64.6,44.7,22.297641685562063,2.2,4.25,3.1818149999999994
MYS,2005,Malaysia,5.55,7.75,42.67,0,64.6,44.7,22.297641685562063,2.2,7.833333333333334,3.1818149999999994
MYS,2005,Malaysia,3.94,5.57,43.1,1,64.6,44.7,18.57917281312515,1.6300000000000003,4.25,2.24186
MYS,2005,Malaysia,3.94,5.57,43.1,1,64.6,44.7,18.57917281312515,1.6300000000000003,7.073333333333334,2.24186
MYS,2006,Malaysia,5.23,7.37,45.61,0,54.1,31.3,22.451182366082964,2.14,7.11,2.8445970000000007
MYS,2006,Malaysia,5.23,7.37,45.61,0,54.1,31.3,22.451182366082964,2.14,5.640000000000001,2.8445970000000007
MYS,2006,Malaysia,3.47,5.22,46.22,1,54.1,31.3,18.738248142321325,1.7499999999999996,7.11,1.8661660000000002
MYS,2006,Malaysia,3.47,5.22,46.22,1,54.1,31.3,18.738248142321325,1.7499999999999996,6.0200000000000005,1.8661660000000002
MYS,2007,Malaysia,4.78,6.85,46.26,0,49.3,32.7,22.62465112497556,2.0699999999999994,5.56,2.5687720000000005
MYS,2007,Malaysia,4.78,6.85,46.26,0,49.3,32.7,22.62465112497556,2.0699999999999994,5.296666666666667,2.5687720000000005
MYS,2007,Malaysia,3.54,5.34,47.92,1,49.3,32.7,18.873116618637404,1.7999999999999998,5.56,1.8436319999999997
MYS,2007,Malaysia,3.54,5.34,47.92,1,49.3,32.7,18.873116618637404,1.7999999999999998,9.81,1.8436319999999997
MYS,2008,Malaysia,4.49,6.88,47.34,0,48.6,29.8,22.760548894192755,2.39,3.22,2.3644339999999997
MYS,2008,Malaysia,4.49,6.88,47.34,0,48.6,29.8,22.760548894192755,2.39,-0.706666666666667,2.3644339999999997
MYS,2008,Malaysia,3.66,5.8,45.9,1,48.6,29.8,18.990986262528292,2.14,3.22,1.9800600000000002
MYS,2008,Malaysia,3.66,5.8,45.9,1,48.6,29.8,18.990986262528292,2.14,11.5,1.9800600000000002
MYS,2009,Malaysia,4.57,6.53,48.92,0,42.7,31.3,22.469048455975816,1.96,-10.9,2.3343559999999997
MYS,2009,Malaysia,4.57,6.53,48.92,0,42.7,31.3,22.469048455975816,1.96,4.956666666666666,2.3343559999999997
MYS,2009,Malaysia,3.5,5.4,49.03,1,42.7,31.3,18.78334930286186,1.9000000000000004,-10.9,1.7839500000000001
MYS,2009,Malaysia,3.5,5.4,49.03,1,42.7,31.3,18.78334930286186,1.9000000000000004,-11.419999999999998,1.7839500000000001
MYS,2010,Malaysia,4.58,6.52,47.21,0,51.2,32.2,22.57339400765068,1.9399999999999995,15.41,2.4177820000000003
MYS,2010,Malaysia,4.58,6.52,47.21,0,51.2,32.2,22.57339400765068,1.9399999999999995,4.09,2.4177820000000003
MYS,2010,Malaysia,3.57,5.21,38.53,1,51.2,32.2,19.038163900214077,1.64,15.41,2.194479
MYS,2010,Malaysia,3.57,5.21,38.53,1,51.2,32.2,19.038163900214077,1.64,14.18,2.194479
MYS,2011,Malaysia,4.32,6.47,48.35,0,49.3,31.5,22.747997358078592,2.1499999999999995,6.76,2.23128
MYS,2011,Malaysia,4.32,6.47,48.35,0,49.3,31.5,22.747997358078592,2.1499999999999995,8.146666666666667,2.23128
MYS,2011,Malaysia,3.35,5.59,51.19,1,49.3,31.5,19.17451888779869,2.24,6.76,1.635135
MYS,2011,Malaysia,3.35,5.59,51.19,1,49.3,31.5,19.17451888779869,2.24,8.813333333333333,1.635135
MYS,2012,Malaysia,4.16,6.44,51.71,0,44.1,36.2,22.70070767606511,2.28,2.27,2.008864
MYS,2012,Malaysia,4.16,6.44,51.71,0,44.1,36.2,22.70070767606511,2.28,3.8166666666666664,2.008864
MYS,2012,Malaysia,3.32,5.41,54.67,1,44.1,36.2,19.239121118288757,2.0900000000000003,2.27,1.504956
MYS,2012,Malaysia,3.32,5.41,54.67,1,44.1,36.2,19.239121118288757,2.0900000000000003,3.256666666666667,1.504956
MYS,2013,Malaysia,4.27,6.56,50.61,0,47.4,37.1,22.727921212025457,2.29,2.42,2.1089529999999996
MYS,2013,Malaysia,4.27,6.56,50.61,0,47.4,37.1,22.727921212025457,2.29,1.8066666666666666,2.1089529999999996
MYS,2013,Malaysia,3.28,5.34,54.28,1,47.4,37.1,19.29540620414422,2.06,2.42,1.4996159999999996
MYS,2013,Malaysia,3.28,5.34,54.28,1,47.4,37.1,19.29540620414422,2.06,-0.20333333333333403,1.4996159999999996
MYS,2014,Malaysia,4.05,6.22,53.39,0,57.6,35.0,22.72134948092767,2.17,0.73,1.8877049999999997
MYS,2014,Malaysia,4.05,6.22,53.39,0,57.6,35.0,22.72134948092767,2.17,0.6933333333333334,1.8877049999999997
MYS,2014,Malaysia,2.85,4.77,42.86,1,57.6,35.0,19.28100246848919,1.9199999999999997,0.73,1.6284900000000002
MYS,2014,Malaysia,2.85,4.77,42.86,1,57.6,35.0,19.28100246848919,1.9199999999999997,-1.663333333333333,1.6284900000000002
MYS,2015,Malaysia,3.92,6.69,53.81,0,56.7,34.0,22.5547707621646,2.7700000000000005,-8.15,1.8106479999999998
MYS,2015,Malaysia,3.92,6.69,53.81,0,56.7,34.0,22.5547707621646,2.7700000000000005,-5.536666666666665,1.8106479999999998
MYS,2015,Malaysia,3.18,5.1,42.3,1,56.7,34.0,19.12027546289312,1.9199999999999997,-8.15,1.83486
MYS,2015,Malaysia,3.18,5.1,42.3,1,56.7,34.0,19.12027546289312,1.9199999999999997,-6.693333333333333,1.83486
MYS,2016,Malaysia,4.32,6.78,51.81,0,49.5,34.5,22.559884674194794,2.46,-2.24,2.081808
MYS,2016,Malaysia,4.32,6.78,51.81,0,49.5,34.5,22.559884674194794,2.46,-4.366666666666665,2.081808
MYS,2016,Malaysia,3.14,4.76,39.86,1,49.5,34.5,19.05693920504862,1.6199999999999997,-2.24,1.888396
MYS,2016,Malaysia,3.14,4.76,39.86,1,49.5,34.5,19.05693920504862,1.6199999999999997,-2.3533333333333326,1.888396
MYS,2017,Malaysia,4.31,7.05,58.57,0,51.4,34.5,22.65340490748239,2.74,7.54,1.7856329999999998
MYS,2017,Malaysia,4.31,7.05,58.57,0,51.4,34.5,22.65340490748239,2.74,3.703333333333333,1.7856329999999998
MYS,2017,Malaysia,2.77,4.76,45.04,1,51.4,34.5,19.17423111969803,1.99,7.54,1.5223920000000002
MYS,2017,Malaysia,2.77,4.76,45.04,1,51.4,34.5,19.17423111969803,1.99,8.053333333333333,1.5223920000000002
MYS,2018,Malaysia,4.46,7.28,57.01,0,55.2,40.8,22.74908843443937,2.8200000000000003,5.81,1.9173540000000002
MYS,2018,Malaysia,4.46,7.28,57.01,0,55.2,40.8,22.74908843443937,2.8200000000000003,3.4433333333333334,1.9173540000000002
MYS,2018,Malaysia,2.66,4.7,44.97,1,55.2,40.8,19.26001779645529,2.04,5.81,1.4637980000000002
MYS,2018,Malaysia,2.66,4.7,44.97,1,55.2,40.8,19.26001779645529,2.04,4.476666666666667,1.4637980000000002
MYS,2019,Malaysia,5.77,8.85,56.13,0,53.8,43.5,22.72302939445176,3.08,-3.0199999999999996,2.5312989999999997
MYS,2019,Malaysia,5.77,8.85,56.13,0,53.8,43.5,22.72302939445176,3.08,-0.28000000000000025,2.5312989999999997
MYS,2019,Malaysia,2.88,4.89,44.88,1,53.8,43.5,19.23821306472418,2.01,-3.0199999999999996,1.5874559999999998
MYS,2019,Malaysia,2.88,4.89,44.88,1,53.8,43.5,19.23821306472418,2.01,-1.3099999999999996,1.5874559999999998
MYS,2020,Malaysia,4.32,7.19,54.53,0,51.9,40.1,22.69491373795652,2.87,-3.63,1.964304
MYS,2020,Malaysia,4.32,7.19,54.53,0,51.9,40.1,22.69491373795652,2.87,-3.08,1.964304
MYS,2020,Malaysia,2.81,4.85,46.15,1,51.9,40.1,19.166954555745384,2.04,-3.63,1.513185
MYS,2020,Malaysia,2.81,4.85,46.15,1,51.9,40.1,19.166954555745384,2.04,-2.7800000000000002,1.513185
MYS,2021,Malaysia,3.94,7.02,59.25,0,49.1,39.6,22.908755161911312,3.08,11.86,1.6055499999999998
MYS,2021,Malaysia,3.94,7.02,59.25,0,49.1,39.6,22.908755161911312,3.08,6.593333333333334,1.6055499999999998
MYS,2021,Malaysia,2.71,4.72,48.54,1,49.1,39.6,19.41334322458622,2.01,11.86,1.3945659999999998
MYS,2021,Malaysia,2.71,4.72,48.54,1,49.1,39.6,19.41334322458622,2.01,12.35,1.3945659999999998
NAM,2000,Namibia,8.01,15.73,80.82,1,36.0,58.7,12.927721443495054,7.720000000000001,-1.793333333333333,1.5363180000000005
NAM,2002,Namibia,10.52,13.73,59.06,1,49.7,55.7,13.004847506056382,3.210000000000001,-6.879999999999999,4.306888
NAM,2003,Namibia,8.59,12.98,72.24,1,61.3,54.2,13.186561071717035,4.390000000000001,4.28,2.3845840000000007
NAM,2004,Namibia,7.31,11.2,63.03,1,69.4,57.7,13.39734401202609,3.89,29.16,2.702507
NAM,2005,Namibia,7.32,10.48,67.3,1,66.0,59.6,13.487534962437712,3.16,2.11,2.3936400000000004
NAM,2006,Namibia,3.13,8.86,65.87,1,71.0,60.1,13.7045845503142,5.73,5.27,1.0682689999999997
NAM,2007,Namibia,4.63,8.14,75.84,1,83.6,59.1,14.038133197627564,3.5100000000000007,19.940000000000005,1.1186079999999996
NAM,2008,Namibia,4.59,9.88,68.72,1,93.8,59.6,14.44981429758787,5.290000000000001,7.92,1.4357519999999997
NAM,2009,Namibia,3.94,9.33,70.3,1,80.6,58.3,14.494936891751593,5.390000000000001,15.07,1.1701800000000002
NAM,2010,Namibia,2.51,8.0,69.88,1,75.8,57.8,15.56678155517226,5.49,-1.8600000000000003,0.756012
NAM,2011,Namibia,1.78,7.92,71.1,1,73.5,57.7,15.750756134942586,6.14,3.92,0.5144200000000001
NAM,2012,Namibia,2.26,8.4,73.83,1,81.0,60.1,15.828481304867664,6.140000000000001,5.1,0.591442
NAM,2013,Namibia,2.16,10.6,77.91,1,78.7,59.6,15.98625515367846,8.44,3.06,0.477144
NAM,2014,Namibia,1.63,8.21,76.41,1,66.7,66.0,15.97322857267392,6.580000000000001,6.13,0.384517
NAM,2015,Namibia,1.67,8.73,80.29,1,69.0,67.5,15.851694075306918,7.0600000000000005,-5.01,0.32915699999999987
NAM,2016,Namibia,1.57,9.09,86.31,1,70.0,67.0,15.691267251601284,7.52,-6.559999999999999,0.21493300000000004
NAM,2017,Namibia,1.27,7.82,82.65,1,67.1,65.5,15.59583947159686,6.550000000000001,0.41999999999999993,0.22034499999999999
NAM,2018,Namibia,1.62,9.55,81.51,1,68.4,62.1,15.614393301327317,7.930000000000001,10.58,0.29953799999999997
NAM,2019,Namibia,1.34,22.59,79.11,1,62.7,63.8,15.552775125405702,21.25,-1.2299999999999995,0.279926
NAM,2020,Namibia,2.92,6.75,79.25,1,63.2,63.8,15.333176284904562,3.83,-8.140000000000002,0.6059
NAM,2021,Namibia,3.57,6.8,78.3,1,62.3,63.3,15.755900452699414,3.23,26.92,0.7746900000000002
NER,1996,Niger,3.61,7.23,64.17,1,48.4,8.5,12.532522071171597,3.620000000000001,2.99,1.2934629999999998
NER,1998,Niger,2.14,5.51,70.55,1,34.6,11.4,12.75223007467122,3.37,10.32,0.63023
NER,2000,Niger,3.64,5.54,80.39,1,51.3,48.3,13.135280530607265,1.9,-9.14,0.7138039999999998
NER,2002,Niger,0.82,9.02,87.45,1,42.9,43.3,13.37352744549282,8.2,6.11,0.10290999999999995
NER,2003,Niger,0.74,5.01,80.75,1,43.2,43.3,13.473406005589778,4.27,14.41,0.14245
NER,2004,Niger,2.71,4.0,82.54,1,29.1,42.3,13.61991075819527,1.29,8.61,0.4731659999999999
NER,2005,Niger,2.81,4.26,75.48,1,31.6,39.9,13.725937571944828,1.4499999999999995,5.0,0.689012
NER,2006,Niger,2.98,4.49,78.01,1,40.1,36.1,13.805570822054978,1.5100000000000002,8.14,0.6553019999999999
NER,2007,Niger,0.21,3.02,78.17,1,29.5,35.1,14.435337119403655,2.81,5.4,0.04584299999999999
NER,2008,Niger,0.41,6.05,75.87,1,24.0,33.7,14.439541620156968,5.64,12.44,0.09893299999999998
NER,2009,Niger,0.13,3.24,77.48,1,14.7,28.4,14.390984993035651,3.1100000000000003,16.04,0.029275999999999996
NER,2010,Niger,0.24,3.18,51.27,1,13.3,29.4,14.3919774733429,2.9400000000000004,18.63,0.11695199999999999
NER,2011,Niger,0.56,3.2,83.13,1,19.9,39.0,14.378457631002874,2.64,-8.5,0.09447200000000006
NER,2012,Niger,0.86,3.12,85.79,1,14.7,39.4,14.40318702790626,2.26,-6.179999999999998,0.12220599999999991
NER,2013,Niger,0.73,3.4,82.3,1,9.5,38.0,14.551693429808772,2.67,0.7800000000000002,0.12921000000000002
NER,2014,Niger,16.3,14.2,52.1,1,10.0,40.9,14.991777631640476,0.0,12.02,7.8077
NER,2015,Niger,13.61,3.43,58.76,1,13.3,39.9,14.417565265177984,0.0,6.9,5.612763999999999
NER,2016,Niger,0.28,3.27,57.81,1,11.9,33.0,14.118660109816783,2.99,-12.939999999999998,0.118132
NER,2017,Niger,0.21,2.82,56.6,1,10.0,33.0,14.287386477130848,2.61,-2.7600000000000007,0.09113999999999998
NER,2018,Niger,0.6,5.79,57.08,1,9.0,30.6,14.320026839625593,5.19,22.55,0.25752
NER,2019,Niger,1.09,5.67,59.35,1,9.4,30.0,14.497510928024663,4.58,2.3200000000000003,0.443085
NER,2020,Niger,9.21,5.6,58.56,1,7.1,33.8,14.494293784098351,0.0,4.55,3.8166240000000005
NER,2021,Niger,2.34,4.54,56.54,1,8.5,34.8,14.596207213629754,2.2,-16.19,1.016964
NGA,1996,Nigeria,12.83,8.06,60.68,1,16.0,7.0,15.582374485596592,0.0,3.82,5.044756
NGA,1998,Nigeria,3.54,6.23,66.06,1,26.6,15.9,15.76015809454554,2.6900000000000004,-4.83,1.2014759999999998
NGA,2000,Nigeria,2.33,4.32,71.52,1,9.5,32.8,16.277207043791748,1.99,13.92,0.6635840000000002
NGA,2002,Nigeria,2.19,6.1,56.66,1,7.4,29.9,16.63771847325311,3.91,4.91,0.949146
NGA,2003,Nigeria,1.88,4.22,56.42,1,6.0,29.4,16.771482518527172,2.34,29.16,0.8193039999999999
NGA,2004,Nigeria,1.8,3.62,62.66,0,4.9,24.5,16.909449501532702,1.82,11.459999999999999,0.6721200000000002
NGA,2005,Nigeria,1.91,3.7,59.23,0,6.3,23.6,17.083826774034673,1.7900000000000005,14.429999999999998,0.778707
NGA,2006,Nigeria,1.59,3.42,60.5,1,2.4,29.8,17.243252610406685,1.83,13.096666666666666,0.6280500000000001
NGA,2007,Nigeria,1.47,2.79,61.35,1,3.9,25.5,17.53335028256545,1.32,18.86,0.568155
NGA,2008,Nigeria,0.78,3.26,64.14,1,5.3,27.4,17.88233009449855,2.4799999999999995,-6.66,0.279708
NGA,2009,Nigeria,0.87,2.81,44.69,1,4.3,25.1,17.653144399861954,1.94,9.66,0.48119700000000004
NGA,2010,Nigeria,1.05,2.56,45.16,1,2.8,28.0,17.734400346380777,1.51,14.22,0.57582
NGA,2011,Nigeria,1.16,2.83,48.15,1,3.3,27.2,17.99659304738924,1.6700000000000002,20.26,0.6014599999999999
NGA,2012,Nigeria,1.27,2.68,50.68,1,3.3,27.2,17.88359848993694,1.41,-18.2,0.6263639999999999
NGA,2013,Nigeria,0.72,2.32,49.47,1,3.8,27.7,17.97726948757989,1.6,11.5,0.36381600000000003
NGA,2014,Nigeria,0.59,2.2,28.13,1,5.2,29.6,18.02693972117923,1.6100000000000003,2.15,0.424033
NGA,2015,Nigeria,0.7,2.18,38.92,1,6.2,35.0,17.767127134141052,1.4800000000000002,-14.73,0.42756
NGA,2016,Nigeria,0.9,2.33,64.04,1,6.2,35.0,17.496031179170078,1.4300000000000002,2.0,0.3236399999999999
NGA,2017,Nigeria,0.9,2.67,59.26,1,4.8,35.5,17.686438119821712,1.77,-5.74,0.36666
NGA,2018,Nigeria,0.75,2.08,54.96,1,4.2,33.0,17.82607655384697,1.33,17.28,0.3378
NGA,2019,Nigeria,0.37,2.41,57.8,1,4.7,34.3,17.933400211536586,2.04,4.94,0.15614
NGA,2020,Nigeria,1.04,3.13,53.8,1,4.7,31.9,17.791968519854855,2.09,8.2,0.4804800000000001
NGA,2021,Nigeria,0.92,2.61,53.76,1,6.1,30.4,18.085556814935792,1.69,-3.0999999999999996,0.42540800000000006
NIC,1996,Nicaragua,10.67,20.88,26.98,1,28.2,52.5,13.72697643673334,10.21,3.26,7.791233999999999
NIC,1998,Nicaragua,11.1,22.38,37.8,1,30.3,52.7,14.29302633771969,11.28,2.1,6.904200000000001
NIC,2000,Nicaragua,9.22,23.49,57.62,1,41.8,47.8,14.253631912232528,14.269999999999998,-0.07000000000000028,3.907436000000001
NIC,2002,Nicaragua,7.1,24.44,62.02,1,45.0,46.8,14.363251865342944,17.340000000000003,0.41000000000000014,2.696579999999999
NIC,2003,Nicaragua,8.39,22.15,67.64,1,34.2,53.2,14.473128265952331,13.759999999999998,3.21,2.715004
NIC,2004,Nicaragua,5.66,22.46,73.8,1,34.5,48.1,14.595145781098278,16.8,8.68,1.48292
NIC,2005,Nicaragua,8.42,21.51,50.81,1,36.4,40.9,14.797059088483902,13.090000000000002,6.16,4.141798
NIC,2006,Nicaragua,6.95,19.95,67.09,1,36.7,40.4,14.943371128175457,13.0,3.97,2.2872449999999995
NIC,2007,Nicaragua,6.11,21.11,76.34,1,39.6,39.4,15.229479002183108,15.0,13.62,1.4456259999999996
NIC,2008,Nicaragua,5.54,20.06,77.45,1,37.5,34.6,15.227861817686184,14.52,15.8,1.2492699999999997
NIC,2009,Nicaragua,6.22,20.55,74.75,1,33.6,34.1,14.97923788592642,14.330000000000002,-14.369999999999997,1.5705499999999997
NIC,2010,Nicaragua,6.67,18.63,67.02,1,28.0,33.2,15.179288128176069,11.96,9.76,2.1997660000000008
NIC,2011,Nicaragua,9.8,18.04,69.26,1,38.4,29.6,15.38019780416029,8.239999999999998,9.74,3.012519999999999
NIC,2012,Nicaragua,9.13,17.57,73.9,1,37.0,30.5,15.531554556011772,8.44,9.3,2.382929999999999
NIC,2013,Nicaragua,8.19,16.8,72.24,1,37.9,33.3,15.48803053329037,8.610000000000001,-4.5,2.2735440000000002
NIC,2014,Nicaragua,5.38,17.15,81.45,1,43.3,34.5,15.575911652691495,11.77,2.23,0.9979899999999999
NIC,2015,Nicaragua,6.66,17.38,74.88,1,42.9,32.5,15.663371366136532,10.72,1.04,1.6729920000000007
NIC,2016,Nicaragua,7.11,15.02,78.92,1,43.8,28.1,15.69600692752658,7.909999999999999,12.89,1.498788
NIC,2017,Nicaragua,7.54,16.95,79.59,1,44.3,26.6,15.737295954094964,9.41,1.5099999999999998,1.5389139999999997
NIC,2018,Nicaragua,7.1,17.02,81.54,1,14.6,18.4,15.62989717321512,9.92,-2.320000000000001,1.31066
NIC,2019,Nicaragua,5.27,18.6,80.54,1,14.2,18.4,15.603339176511833,13.330000000000002,-2.5199999999999996,1.0255419999999993
NIC,2020,Nicaragua,5.19,15.55,79.24,1,25.5,18.4,15.574159362682924,10.36,-3.2,1.077444
NIC,2021,Nicaragua,8.11,18.5,78.92,1,29.2,14.5,15.830333615309566,10.39,22.53,1.7095879999999999
NIU,2009,Niue,10.51,10.88,47.85,0,90.0,35.1,12.760731511057216,0.370000000000001,5.8133333333333335,5.480964999999999
NIU,2010,Niue,7.13,6.51,59.46,0,94.8,35.5,11.543409276152262,0.0,5.713333333333334,2.8905019999999997
NLD,1996,"Netherlands, Kingdom of the",10.22,11.89,32.04,1,100.0,97.0,19.09133489528632,1.67,0.9300000000000002,6.945512
NLD,1998,"Netherlands, Kingdom of the",10.72,12.83,36.88,1,100.0,99.5,19.1500549342732,2.1099999999999994,-1.75,6.766464
NLD,2000,"Netherlands, Kingdom of the",11.74,11.77,34.06,1,100.0,98.0,19.234420256575493,0.0299999999999993,8.86,7.741356
NLD,2002,"Netherlands, Kingdom of the",10.26,10.93,31.29,1,93.1,96.0,19.237112893978665,0.6699999999999999,-0.3700000000000001,7.049646
NLD,2003,"Netherlands, Kingdom of the",10.49,10.72,34.52,1,87.4,96.0,19.40940867100654,0.2300000000000004,9.79,6.868852
NLD,2004,"Netherlands, Kingdom of the",8.68,9.1,39.16,1,81.6,98.1,19.59602233110388,0.4199999999999999,10.17,5.280912000000001
NLD,2005,"Netherlands, Kingdom of the",7.32,8.8,37.13,1,79.1,99.0,19.726730596127798,1.4800000000000004,4.57,4.6020840000000005
NLD,2006,"Netherlands, Kingdom of the",7.36,8.74,38.03,1,75.8,98.6,19.893193783868007,1.38,7.44,4.560992
NLD,2007,"Netherlands, Kingdom of the",7.02,7.95,38.41,1,73.4,99.0,20.05747273313211,0.9300000000000006,8.41,4.323618000000001
NLD,2008,"Netherlands, Kingdom of the",6.43,9.18,38.9,1,76.4,97.6,20.22031885155658,2.75,8.38,3.92873
NLD,2009,"Netherlands, Kingdom of the",7.17,8.08,40.33,1,82.0,96.2,19.93535149918468,0.91,-12.130000000000003,4.278339
NLD,2010,"Netherlands, Kingdom of the",7.03,8.08,39.21,1,81.5,96.2,20.0776503418036,1.0499999999999998,7.300000000000001,4.273537
NLD,2011,"Netherlands, Kingdom of the",6.98,8.2,40.16,1,89.6,96.7,20.233861284501,1.2199999999999989,7.42,4.176832000000001
NLD,2012,"Netherlands, Kingdom of the",7.22,8.19,43.19,1,91.5,97.2,20.2385226315107,0.9699999999999998,-0.7000000000000002,4.101682
NLD,2013,"Netherlands, Kingdom of the",6.87,8.19,42.14,1,91.0,96.7,20.227245814987494,1.3199999999999994,1.2400000000000002,3.9749820000000002
NLD,2014,"Netherlands, Kingdom of the",6.05,7.58,47.19,1,86.2,98.0,20.232900203271555,1.5300000000000002,-0.4800000000000004,3.195005
NLD,2015,"Netherlands, Kingdom of the",6.96,8.32,47.74,1,78.6,99.0,20.02801916435464,1.3600000000000003,-9.890000000000002,3.6372959999999996
NLD,2016,"Netherlands, Kingdom of the",7.2,8.34,44.06,1,77.6,98.5,19.991931917964227,1.1399999999999997,-0.5600000000000005,4.027679999999999
NLD,2017,"Netherlands, Kingdom of the",7.04,8.81,52.85,1,78.6,96.6,20.10394617139433,1.7700000000000005,6.39,3.31936
NLD,2018,"Netherlands, Kingdom of the",9.32,10.84,49.46,1,75.5,96.1,20.24096660159821,1.5199999999999996,6.21,4.7103280000000005
NLD,2019,"Netherlands, Kingdom of the",16.01,17.24,47.17,1,75.5,96.6,20.198461914469902,1.2299999999999969,-0.5999999999999996,8.458083
NLD,2020,"Netherlands, Kingdom of the",6.8,8.45,47.0,1,73.6,98.1,20.115918261820745,1.6499999999999997,-3.0299999999999994,3.604
NLD,2021,"Netherlands, Kingdom of the",6.49,8.79,52.58,1,78.3,96.6,20.366192792076017,2.299999999999999,13.48,3.0775580000000007
NOR,1996,Norway,4.3,9.68,28.41,1,99.5,97.5,17.264786531640816,5.38,2.42,3.0783699999999996
NOR,1998,Norway,4.45,8.14,34.77,1,98.4,96.0,17.3753402379824,3.69,2.36,2.9027350000000003
NOR,2000,Norway,2.87,5.69,31.64,1,96.3,95.5,17.823641995236066,2.8200000000000003,0.4599999999999995,1.961932
NOR,2002,Norway,2.11,8.77,62.28,1,98.4,97.0,17.898114084524607,6.66,2.85,0.7958919999999999
NOR,2003,Norway,1.84,5.28,64.97,1,94.5,96.5,18.069614539728036,3.4400000000000004,6.91,0.6445520000000001
NOR,2004,Norway,1.15,4.57,69.53,1,92.2,98.6,18.2590826702191,3.4200000000000004,10.26,0.35040499999999997
NOR,2005,Norway,1.06,4.67,66.59,1,93.7,98.6,18.362861862475206,3.61,7.07,0.35414599999999996
NOR,2006,Norway,1.28,4.45,68.97,1,93.7,99.0,18.51530706934519,3.17,7.54,0.39718400000000004
NOR,2007,Norway,1.0,4.03,69.46,1,91.8,100.0,18.73367390884276,3.03,11.62,0.3054000000000001
NOR,2008,Norway,1.16,4.32,68.34,1,95.7,100.0,18.82389432647804,3.16,5.74,0.36725599999999997
NOR,2009,Norway,1.33,4.05,67.61,1,93.4,99.1,18.607468736936735,2.72,-12.530000000000001,0.430787
NOR,2010,Norway,1.11,3.93,67.16,1,95.3,100.0,18.673201036431152,2.8200000000000003,6.3,0.36452400000000007
NOR,2011,Norway,1.35,4.06,67.41,1,97.2,100.0,18.82458760856282,2.7099999999999995,8.35,0.43996500000000016
NOR,2012,Norway,1.21,3.87,71.52,1,95.3,100.0,18.80165734947496,2.66,-1.9299999999999997,0.3446080000000001
NOR,2013,Norway,1.19,3.82,70.87,1,95.7,100.0,18.83551497311991,2.63,1.42,0.346647
NOR,2014,Norway,0.83,3.7,74.27,1,89.5,100.0,18.83793500233764,2.87,-0.20999999999999996,0.21355900000000005
NOR,2015,Norway,1.05,3.78,75.71,1,90.5,100.0,18.65760805408743,2.7299999999999995,-7.58,0.25504500000000013
NOR,2016,Norway,1.57,4.16,74.1,1,92.4,100.0,18.638714272269784,2.59,-2.379999999999999,0.40663000000000005
NOR,2017,Norway,0.94,3.97,77.77,1,89.0,100.0,18.70850417013824,3.03,8.38,0.20896200000000004
NOR,2018,Norway,1.0,3.97,76.39,1,89.6,100.0,18.79311943210398,2.97,1.1100000000000003,0.23609999999999998
NOR,2019,Norway,1.29,4.4,75.41,1,90.1,100.0,18.7826367816249,3.1100000000000003,-0.7400000000000002,0.317211
NOR,2020,Norway,1.41,4.88,74.71,1,94.3,100.0,18.692254223206344,3.47,-2.66,0.356589
NOR,2021,Norway,1.12,4.18,73.88,1,88.7,100.0,18.86265332713318,3.06,10.27,0.29254400000000014
NPL,1996,Nepal,13.46,17.97,58.77,0,45.7,49.5,13.329851987069592,4.509999999999998,-2.1499999999999995,5.549558
NPL,1998,Nepal,8.88,18.42,62.61,1,21.8,44.3,13.326023293419,9.54,7.053333333333333,3.3202320000000003
NPL,2000,Nepal,10.23,16.29,70.76,1,13.8,42.8,13.686136921309366,6.059999999999999,7.53,2.9912520000000002
NPL,2002,Nepal,13.43,16.59,71.96,0,5.3,24.9,13.568965911878893,3.16,7.936666666666666,3.765772000000001
NPL,2003,Nepal,14.06,14.86,65.02,1,4.5,22.4,13.965790057289029,0.7999999999999989,13.076666666666666,4.918188
NPL,2004,Nepal,14.54,13.17,71.18,0,2.9,17.3,14.112281682058905,0.0,7.1499999999999995,4.190427999999998
NPL,2005,Nepal,11.01,13.64,69.08,0,1.9,14.4,14.17506316744901,2.630000000000001,8.2,3.4042920000000003
NPL,2006,Nepal,11.33,12.75,72.16,0,4.3,23.1,14.266246463577351,1.42,9.190000000000001,3.1542719999999997
NPL,2007,Nepal,11.87,12.37,71.81,0,4.3,30.8,14.60380975127534,0.5,6.016666666666667,3.346152999999999
NPL,2008,Nepal,3.44,11.86,82.18,0,6.7,32.2,14.825652831802174,8.42,6.550000000000001,0.6130079999999997
NPL,2009,Nepal,2.18,11.42,83.5,1,7.6,33.6,14.825723550564875,9.24,-7.65,0.35970000000000013
NPL,2010,Nepal,4.77,11.15,67.89,1,7.6,33.6,15.048127980773671,6.380000000000001,16.73,1.5316469999999995
NPL,2011,Nepal,9.28,12.96,77.43,1,8.1,32.4,15.372716099426926,3.6800000000000015,7.54,2.094495999999999
NPL,2012,Nepal,7.06,11.66,82.89,1,8.5,28.2,15.554021575361078,4.6000000000000005,0.8500000000000005,1.207966
NPL,2013,Nepal,8.1,11.83,80.9,1,14.7,30.5,15.720502285231325,3.73,3.55,1.5470999999999995
NPL,2014,Nepal,3.69,11.84,64.94,1,21.4,33.0,15.871368631694097,8.15,8.46,1.293714
NPL,2015,Nepal,5.32,11.88,69.66,1,14.3,32.0,15.526993487459984,6.5600000000000005,-6.66,1.6140880000000002
NPL,2016,Nepal,2.24,11.52,67.83,1,17.1,37.9,15.72572985155334,9.28,15.88,0.720608
NPL,2017,Nepal,1.81,9.7,71.58,1,25.7,39.9,15.960286905225557,7.889999999999999,6.33,0.514402
NPL,2018,Nepal,1.86,10.33,69.26,1,26.9,39.8,16.185961090198983,8.47,13.18,0.5717639999999998
NPL,2019,Nepal,1.35,12.08,67.55,1,28.3,39.6,16.159768787154707,10.73,-2.09,0.43807500000000005
NPL,2020,Nepal,1.42,11.87,69.64,1,41.5,42.5,15.940217513936672,10.45,-11.08,0.43111199999999994
NPL,2021,Nepal,0.94,13.18,67.56,1,41.0,43.0,16.413558821991145,12.24,27.45,0.304936
NRU,2007,Nauru,3.09,4.59,36.97,0,89.4,82.2,10.78875458773462,1.5,4.989999999999998,1.9476270000000002
NRU,2008,Nauru,3.02,3.63,37.05,0,83.7,84.1,11.479648993753113,0.6099999999999999,5.92,1.90109
NRU,2009,Nauru,3.05,3.83,50.34,0,96.7,84.4,11.587782998989397,0.7800000000000002,1.8400000000000007,1.5146299999999997
NRU,2010,Nauru,1.98,3.91,44.87,0,98.6,82.5,10.220978274655762,1.93,2.88,1.091574
NRU,2011,Nauru,3.69,4.11,48.56,0,84.4,84.0,10.630086675379264,0.4200000000000004,0.8366666666666669,1.8981359999999998
NRU,2012,Nauru,1.03,3.15,50.12,0,85.3,84.0,10.798097342184567,2.12,1.1933333333333334,0.513764
NRU,2013,Nauru,1.1,3.28,54.47,0,85.8,82.2,11.967707646026057,2.18,2.9033333333333333,0.5008300000000001
NRU,2014,Nauru,0.91,3.8,53.49,0,66.2,71.9,11.846170643091837,2.89,2.256666666666667,0.423241
NRU,2015,Nauru,2.2,4.25,48.78,0,88.6,65.0,11.394762907304475,2.05,0.5233333333333325,1.12684
NRU,2016,Nauru,1.25,4.6,51.71,0,90.0,64.0,10.944044436953352,3.35,2.723333333333333,0.603625
NRU,2017,Nauru,1.16,4.82,55.43,0,79.0,63.5,10.778946914846085,3.66,-0.22000000000000064,0.5170119999999999
NRU,2018,Nauru,5.47,8.21,62.33,0,80.7,62.6,11.738346181574403,2.740000000000001,0.5233333333333325,2.060549
NRU,2019,Nauru,1.94,6.16,55.17,0,73.6,60.9,11.46372954849446,4.220000000000001,2.6799999999999997,0.8697020000000001
NRU,2020,Nauru,3.25,6.86,54.16,0,72.6,62.8,11.674315988056888,3.61,-6.403333333333334,1.4898
NRU,2021,Nauru,3.64,8.11,28.79,0,72.2,61.4,11.609131425261568,4.469999999999999,-7.369999999999999,2.592044
NZL,1996,New Zealand,18.35,18.83,25.16,1,94.7,100.0,16.308771587534938,0.4799999999999969,2.71,13.73314
NZL,1998,New Zealand,20.57,24.81,29.1,1,93.6,99.0,16.19421125333031,4.239999999999998,-11.639999999999999,14.58413
NZL,2000,New Zealand,22.54,25.05,28.68,1,93.7,100.0,16.452864940530812,2.5100000000000016,-1.46,16.075528000000002
NZL,2002,New Zealand,22.26,23.23,27.96,1,94.2,98.0,16.526586447717158,0.9699999999999988,6.33,16.036103999999998
NZL,2003,New Zealand,21.63,22.99,25.89,1,93.5,100.0,16.78158027054397,1.3599999999999994,11.06,16.029992999999997
NZL,2004,New Zealand,21.63,23.46,29.33,1,99.0,96.2,17.007034049578877,1.8300000000000016,11.79,15.285920999999998
NZL,2005,New Zealand,22.09,23.96,30.62,1,91.7,98.1,17.095076136833644,1.870000000000001,6.35,15.326042
NZL,2006,New Zealand,21.31,22.16,30.72,1,94.2,97.6,17.115626871464524,0.8500000000000014,0.3700000000000001,14.763568000000001
NZL,2007,New Zealand,19.14,20.3,30.22,1,94.7,97.6,17.25891279195793,1.16,8.12,13.355892
NZL,2008,New Zealand,19.15,20.14,29.43,1,91.8,97.1,17.355025502285795,0.990000000000002,5.48,13.514154999999999
NZL,2009,New Zealand,20.18,20.5,30.25,1,86.7,97.2,17.0406811141756,0.3200000000000003,-13.75,14.07555
NZL,2010,New Zealand,18.47,19.19,31.9,1,91.5,97.2,17.227406682758488,0.7200000000000024,9.43,12.57807
NZL,2011,New Zealand,18.3,19.4,29.78,1,97.6,98.1,17.40909303648671,1.099999999999998,23.74,12.850259999999999
NZL,2012,New Zealand,17.3,17.96,33.85,1,96.7,97.7,17.417747321751662,0.6600000000000001,-9.68,11.443950000000001
NZL,2013,New Zealand,16.95,18.07,33.09,1,98.6,97.7,17.46135214061709,1.120000000000001,1.7800000000000002,11.341245
NZL,2014,New Zealand,17.4,19.22,37.94,1,99.5,96.6,17.572934647389,1.8200000000000005,3.58,10.79844
NZL,2015,New Zealand,19.8,19.52,36.84,1,99.0,98.0,17.457566516135923,0.0,-7.3000000000000025,12.50568
NZL,2016,New Zealand,18.96,19.97,35.9,1,99.5,98.0,17.4059873785641,1.009999999999998,-0.6699999999999999,12.153360000000001
NZL,2017,New Zealand,20.01,22.83,38.3,1,98.6,99.0,17.509062385769884,2.8199999999999967,5.51,12.34617
NZL,2018,New Zealand,22.61,21.78,36.84,1,99.1,99.5,17.607053835853737,0.0,4.34,14.280475999999998
NZL,2019,New Zealand,28.3,29.33,38.36,1,97.2,98.1,17.584930828444243,1.0299999999999976,-1.6300000000000008,17.44412
NZL,2020,New Zealand,15.89,16.68,38.02,1,98.1,99.0,17.457005031063833,0.7899999999999991,-7.019999999999998,9.848621999999999
NZL,2021,New Zealand,18.16,21.36,41.52,1,96.7,99.0,17.726101517904567,3.1999999999999997,16.05,10.619968
OMN,1996,Oman,4.38,8.7,38.59,1,75.0,26.0,14.903773580581817,4.319999999999999,3.8,2.689758
OMN,1998,Oman,5.33,7.12,37.55,1,75.0,22.4,15.070127463997784,1.79,6.32,3.3285850000000003
OMN,2000,Oman,4.34,4.82,35.77,1,83.1,26.9,15.430886151428645,0.4800000000000004,3.84,2.787582
OMN,2002,Oman,3.06,10.98,39.11,1,80.4,26.4,15.90525431907228,7.92,1.77,1.863234
OMN,2003,Oman,3.31,4.64,35.49,1,84.9,25.4,15.634957266854986,1.3299999999999996,6.42,2.135281
OMN,2004,Oman,3.06,4.09,35.99,1,86.9,28.8,15.847573195865609,1.0299999999999998,13.72,1.958706
OMN,2005,Oman,2.74,4.17,58.89,1,78.6,22.1,16.0061526694402,1.4299999999999995,0.9900000000000002,1.1264140000000002
OMN,2006,Oman,2.63,3.81,59.34,1,73.4,16.8,16.201946112848645,1.1800000000000002,10.93,1.0693579999999998
OMN,2007,Oman,1.96,3.28,58.65,1,79.2,17.8,16.566881880964846,1.3199999999999998,20.49,0.81046
OMN,2008,Oman,1.84,3.87,55.44,1,79.3,17.8,16.958934128089496,2.03,19.61,0.8199040000000001
OMN,2009,Oman,1.63,3.59,59.15,1,75.8,16.1,16.668390450277485,1.96,-11.759999999999998,0.6658549999999999
OMN,2010,Oman,1.58,2.91,46.32,1,65.9,18.0,16.784413891066155,1.33,5.25,0.8481439999999999
OMN,2011,Oman,1.72,3.71,46.93,1,61.6,18.8,16.924132328431877,1.99,9.29,0.912804
OMN,2012,Oman,1.58,3.66,68.3,1,61.6,16.9,17.244811631604783,2.08,9.11,0.5008600000000001
OMN,2013,Oman,1.34,3.68,67.26,1,62.6,17.4,17.300384163308962,2.34,10.5,0.4387159999999999
OMN,2014,Oman,1.29,2.98,48.59,1,70.0,19.2,17.31794381684625,1.69,-7.609999999999999,0.663189
OMN,2015,Oman,1.73,3.4,45.44,1,71.0,20.7,17.29325858298066,1.67,-0.5099999999999998,0.9438880000000002
OMN,2016,Oman,1.73,3.5,41.31,1,71.9,19.7,17.210087315581706,1.77,-10.67,1.015337
OMN,2017,Oman,1.9,5.17,57.12,1,71.4,19.2,17.419878662777112,3.27,6.87,0.8147200000000001
OMN,2018,Oman,1.93,3.0,37.41,1,66.5,19.4,17.486949380846756,1.07,-1.2599999999999998,1.207987
OMN,2019,Oman,1.21,2.93,37.83,1,66.5,16.9,17.398093506574078,1.7200000000000002,-4.49,0.7522570000000001
OMN,2020,Oman,2.32,3.76,39.92,1,59.9,16.9,17.2705967031846,1.44,10.12,1.393856
OMN,2021,Oman,1.94,3.25,40.42,1,59.4,15.9,17.310712891020938,1.31,4.27,1.1558519999999999
PAK,1996,Pakistan,11.93,14.62,28.47,0,14.4,31.5,15.978731906042029,2.6899999999999995,4.8,8.533529
PAK,1998,Pakistan,12.26,15.81,27.1,0,14.4,33.3,15.739446348163488,3.5500000000000007,3.2766666666666664,8.93754
PAK,2000,Pakistan,12.02,16.0,26.06,0,15.9,12.9,16.0301974401205,3.98,5.706666666666667,8.887588000000001
PAK,2002,Pakistan,8.88,17.32,50.84,0,6.3,15.9,16.227818350542332,8.44,3.4,4.3654079999999995
PAK,2003,Pakistan,8.52,14.75,53.79,1,7.5,14.9,16.45170779211734,6.23,8.510000000000002,3.9370919999999994
PAK,2004,Pakistan,8.75,14.81,57.83,1,5.8,16.8,16.823492406686185,6.0600000000000005,8.71,3.689875
PAK,2005,Pakistan,11.94,14.33,29.39,1,5.3,20.7,17.04919790782304,2.390000000000001,27.57,8.430833999999999
PAK,2006,Pakistan,10.86,13.79,31.65,1,2.9,24.5,17.198433552176635,2.93,9.02,7.422809999999999
PAK,2007,Pakistan,10.46,13.61,31.85,1,1.0,21.2,17.271207632104392,3.1499999999999986,4.54,7.12849
PAK,2008,Pakistan,10.98,14.99,31.55,1,1.0,25.5,17.381485952489438,4.01,13.96,7.51581
PAK,2009,Pakistan,10.84,13.42,32.18,1,1.4,24.2,17.23127374567239,2.58,-13.619999999999997,7.351688
PAK,2010,Pakistan,9.89,13.04,34.51,1,0.5,27.5,17.371347665851,3.1499999999999986,9.02,6.476961000000001
PAK,2011,Pakistan,9.55,12.95,32.69,1,0.5,25.8,17.460767055032715,3.3999999999999986,7.75,6.428105
PAK,2012,Pakistan,9.98,14.08,33.94,1,0.9,24.9,17.464316373667575,4.1,0.2699999999999996,6.592788000000001
PAK,2013,Pakistan,10.1,14.25,36.85,1,0.9,25.4,17.508936273652512,4.15,-0.040000000000000036,6.378149999999999
PAK,2014,Pakistan,6.96,12.54,60.0,1,3.3,27.1,17.62195904239264,5.579999999999999,4.22,2.7840000000000003
PAK,2015,Pakistan,7.58,13.87,56.27,1,1.4,27.1,17.65988915795917,6.289999999999999,-3.8100000000000005,3.314734
PAK,2016,Pakistan,7.52,13.47,59.43,1,1.4,27.6,17.758420398359462,5.950000000000001,3.36,3.0508639999999994
PAK,2017,Pakistan,7.32,14.16,58.09,1,1.9,28.1,17.909336072837934,6.84,10.55,3.0678119999999995
PAK,2018,Pakistan,8.38,14.82,58.85,1,2.8,25.2,17.91518634690949,6.44,2.34,3.44837
PAK,2019,Pakistan,9.24,17.88,57.52,1,3.3,22.7,17.794731619641695,8.639999999999999,-8.78,3.9251519999999998
PAK,2020,Pakistan,8.05,14.43,55.05,1,5.2,23.7,17.714883867076278,6.379999999999999,-4.379999999999999,3.6184750000000006
PAK,2021,Pakistan,8.54,14.71,59.21,1,6.6,25.1,18.10426888536754,6.170000000000002,26.189999999999998,3.483466
PAN,1996,Panama,7.4,12.09,13.21,1,51.6,55.0,16.624996081824108,4.69,5.22,6.42246
PAN,1998,Panama,10.98,14.8,20.38,1,60.6,63.7,16.61725438021639,3.82,6.58,8.742276
PAN,2000,Panama,14.63,16.97,27.37,1,57.1,66.2,16.729159301449304,2.339999999999998,-1.58,10.625769
PAN,2002,Panama,12.33,14.52,31.53,1,57.7,67.2,16.570569584577996,2.1899999999999995,0.7999999999999998,8.442351
PAN,2003,Panama,11.95,13.46,35.94,1,46.2,63.7,16.703770174080812,1.5100000000000016,1.4100000000000001,7.65517
PAN,2004,Panama,7.31,22.63,39.97,1,48.5,64.9,16.884326219357554,15.32,7.26,4.388193
PAN,2005,Panama,10.85,12.64,37.74,1,41.3,63.0,17.030164714919366,1.790000000000001,7.54,6.75521
PAN,2006,Panama,6.88,10.08,39.73,1,43.0,66.3,17.20110158315775,3.2,29.16,4.146576
PAN,2007,Panama,8.33,10.63,40.05,1,41.5,66.8,17.445738948467127,2.3000000000000007,10.97,4.993835000000001
PAN,2008,Panama,6.4,9.33,43.54,1,40.4,66.8,17.76469467471353,2.93,8.9,3.61344
PAN,2009,Panama,6.1,8.33,47.77,1,47.4,67.3,17.67794918124537,2.2300000000000004,-6.1,3.1860299999999997
PAN,2010,Panama,5.77,8.35,48.11,1,41.7,64.9,17.908714766563598,2.58,9.82,2.994053
PAN,2011,Panama,5.19,7.9,46.66,1,46.0,64.8,18.027651888192917,2.71,18.190000000000005,2.7683460000000006
PAN,2012,Panama,4.21,7.01,51.32,1,39.8,62.4,18.119810975369425,2.8,7.87,2.049428
PAN,2013,Panama,4.52,7.19,52.34,1,41.2,61.0,17.977546897239158,2.670000000000001,-2.8,2.1542319999999995
PAN,2014,Panama,3.59,7.77,68.63,1,54.3,63.5,17.853452920873544,4.18,-1.8399999999999999,1.1261830000000004
PAN,2015,Panama,4.72,8.49,61.99,1,59.0,66.0,17.57400133951518,3.770000000000001,-4.690000000000001,1.794072
PAN,2016,Panama,4.82,8.78,61.38,1,59.5,64.5,17.42678174819862,3.959999999999999,-3.5700000000000003,1.8614840000000001
PAN,2017,Panama,3.87,8.21,61.82,1,60.0,64.0,17.518665460270466,4.340000000000001,2.34,1.4775660000000002
PAN,2018,Panama,3.93,8.95,66.51,1,55.7,67.5,17.60762990728406,5.02,2.38,1.316157
PAN,2019,Panama,3.21,9.49,68.72,1,57.5,66.2,17.609140677215002,6.28,-3.3,1.0040879999999999
PAN,2020,Panama,3.7,8.51,65.44,1,54.7,64.3,17.426934777818772,4.81,-17.24,1.27872
PAN,2021,Panama,3.02,6.52,60.48,1,56.1,62.3,17.682920515443072,3.5,-4.890000000000001,1.193504
PER,1996,Peru,6.16,8.81,35.86,1,15.4,34.5,15.680091893380496,2.6500000000000004,2.37,3.951024
PER,1998,Peru,6.34,10.44,22.77,1,29.8,31.3,15.794831581189891,4.1,-1.9900000000000002,4.896382
PER,2000,Peru,5.22,9.46,40.1,1,18.0,36.8,15.826327392072937,4.240000000000001,4.25,3.1267799999999997
PER,2002,Peru,3.97,9.89,48.26,1,20.1,54.7,15.81915549274122,5.92,1.2000000000000002,2.0540780000000005
PER,2003,Peru,4.12,8.75,56.09,1,15.6,51.2,15.943523469641748,4.63,5.97,1.8090919999999997
PER,2004,Peru,3.09,7.79,58.25,1,18.0,45.7,16.07781972294161,4.7,9.57,1.2900749999999999
PER,2005,Peru,3.25,7.84,54.36,1,18.9,50.0,16.295616959138325,4.59,11.25,1.4833
PER,2006,Peru,2.7,7.11,65.3,1,21.7,51.0,16.584506186517327,4.41,10.67,0.9369
PER,2007,Peru,2.23,6.47,62.67,1,20.8,51.4,16.864083672512624,4.24,15.34,0.832459
PER,2008,Peru,2.84,7.61,63.89,1,17.3,52.4,17.206126467795688,4.7700000000000005,21.27,1.0255239999999999
PER,2009,Peru,2.17,7.34,67.03,1,13.7,51.2,16.877498052657824,5.17,-14.66,0.715449
PER,2010,Peru,3.06,6.77,57.61,1,16.6,52.6,17.253632032308253,3.71,17.21,1.2971340000000002
PER,2011,Peru,1.93,6.95,66.49,1,21.8,53.5,17.488498324711777,5.0200000000000005,12.45,0.6467430000000001
PER,2012,Peru,2.07,7.07,68.92,1,19.4,54.5,17.59809103561203,5.0,5.49,0.6433559999999999
PER,2013,Peru,2.52,7.49,69.35,1,20.4,52.1,17.606082346628412,4.970000000000001,1.3599999999999999,0.7723800000000003
PER,2014,Peru,1.83,6.81,80.32,1,27.1,54.7,17.564972747605662,4.98,-1.33,0.3601440000000002
PER,2015,Peru,2.25,7.27,75.77,1,32.4,54.7,17.46974722126991,5.02,-5.050000000000001,0.5451750000000002
PER,2016,Peru,2.7,6.97,74.79,1,38.1,55.2,17.414017590282064,4.27,-2.5,0.68067
PER,2017,Peru,1.91,6.01,81.6,1,36.2,55.2,17.51980660733202,4.1,4.88,0.3514400000000001
PER,2018,Peru,2.04,6.31,80.37,1,37.3,54.4,17.59223138602505,4.27,4.16,0.40045199999999986
PER,2019,Peru,2.24,8.43,79.55,1,42.0,55.1,17.578376330332397,6.19,-0.8899999999999997,0.4580800000000001
PER,2020,Peru,2.03,7.25,77.05,1,34.4,55.6,17.41662563756618,5.220000000000001,-7.75,0.46588500000000005
PER,2021,Peru,2.03,6.25,78.04,1,33.5,54.1,17.743965135650207,4.220000000000001,19.13,0.44578799999999974
PHL,1996,Philippines,7.62,10.95,38.0,1,29.3,58.5,17.259876562339798,3.329999999999999,12.893333333333333,4.7244
PHL,1998,Philippines,5.7,8.0,39.35,1,35.1,62.2,17.29846905153579,2.3,-9.600000000000001,3.45705
PHL,2000,Philippines,4.82,6.9,39.89,1,11.1,56.7,17.6746934151378,2.08,6.6,2.897302
PHL,2002,Philippines,4.43,6.89,43.56,1,20.6,53.7,17.5280472019742,2.46,8.44,2.500292
PHL,2003,Philippines,3.73,5.83,43.32,1,7.0,52.7,17.646054088596475,2.1,1.79,2.1141639999999997
PHL,2004,Philippines,3.37,5.52,45.48,1,5.3,50.5,17.78038622424587,2.1499999999999995,4.06,1.8373240000000002
PHL,2005,Philippines,3.35,5.19,44.87,1,14.1,50.5,17.798855771334228,1.8400000000000003,3.61,1.8468550000000001
PHL,2006,Philippines,2.91,4.83,46.58,1,8.2,44.2,17.894367077947173,1.92,4.54,1.5545220000000002
PHL,2007,Philippines,2.58,4.7,48.01,1,8.2,45.2,18.03988241410087,2.12,3.56,1.341342
PHL,2008,Philippines,3.18,5.36,46.55,1,8.2,44.2,18.134883167788185,2.18,2.07,1.69971
PHL,2009,Philippines,3.43,5.53,48.3,1,5.7,46.9,17.937123477412033,2.1,-12.86,1.7733100000000002
PHL,2010,Philippines,2.61,5.28,52.75,1,5.2,47.9,18.21232565257986,2.6700000000000004,12.89,1.233225
PHL,2011,Philippines,3.13,5.75,49.9,1,9.5,48.4,18.31611970218566,2.62,4.37,1.56813
PHL,2012,Philippines,3.3,6.01,53.13,1,13.7,47.9,18.399958740293226,2.71,1.29,1.54671
PHL,2013,Philippines,3.31,5.95,52.28,1,16.1,48.8,18.466043899869387,2.64,0.2699999999999996,1.579532
PHL,2014,Philippines,2.21,5.01,60.48,1,21.9,52.7,18.55132248122896,2.8,1.52,0.873392
PHL,2015,Philippines,1.99,5.41,71.13,1,19.5,51.2,18.471095830838568,3.42,1.7800000000000002,0.5745130000000002
PHL,2016,Philippines,2.04,5.13,70.46,1,9.5,51.2,18.52936404642457,3.09,10.66,0.6026160000000003
PHL,2017,Philippines,1.93,5.07,75.95,1,11.4,48.8,18.650197442034862,3.140000000000001,8.9,0.4641649999999999
PHL,2018,Philippines,1.92,4.9,73.39,1,12.7,47.6,18.73805599765041,2.9800000000000004,6.26,0.510912
PHL,2019,Philippines,1.9,5.09,72.38,1,16.0,45.4,18.72855711838284,3.19,0.9600000000000004,0.52478
PHL,2020,Philippines,1.95,5.1,71.35,1,19.8,41.1,18.62543415112063,3.1499999999999995,-9.95,0.5586750000000001
PHL,2021,Philippines,1.88,4.82,73.39,1,16.0,40.1,18.895013924960463,2.9400000000000004,14.39,0.5002679999999999
PLW,2008,Palau,3.74,10.52,32.65,1,83.7,89.9,11.000535117662608,6.779999999999999,5.89,2.5188900000000003
PLW,2009,Palau,3.72,10.43,33.18,1,96.7,89.6,10.908341939326238,6.709999999999999,-16.89,2.485704
PLW,2010,Palau,3.69,11.4,52.57,1,98.6,89.1,10.856166914075246,7.710000000000001,9.22,1.7501669999999998
PLW,2011,Palau,3.58,11.02,37.71,1,84.4,89.7,10.903212771951235,7.439999999999999,9.78,2.229982
PLW,2012,Palau,3.6,10.9,38.17,1,85.3,89.2,11.188997163198714,7.300000000000001,4.81,2.22588
PLW,2013,Palau,3.75,11.34,50.34,1,85.8,89.2,11.458416690674206,7.59,8.99,1.8622499999999997
PLW,2014,Palau,3.39,8.89,59.92,1,82.9,88.7,11.424834196016194,5.5,-1.0600000000000005,1.358712
PLW,2015,Palau,1.09,7.37,63.03,1,72.9,88.7,11.529022903189915,6.28,-4.550000000000001,0.4029730000000001
PLW,2016,Palau,7.37,10.12,55.74,1,74.8,89.7,11.653542954304172,2.749999999999999,1.0600000000000005,3.261962
PLW,2017,Palau,6.35,8.1,60.24,1,92.9,89.2,11.64416914276956,1.75,1.3899999999999992,2.5247599999999997
PLW,2018,Palau,7.07,7.61,59.57,1,91.5,86.4,11.644724658203256,0.54,-1.08,2.858401
PLW,2019,Palau,2.92,7.97,38.04,0,92.0,81.6,11.629612967415852,5.05,2.6799999999999997,1.8092319999999997
PLW,2020,Palau,0.36,3.51,28.24,0,91.0,82.6,11.55482173025496,3.15,-1.9666666666666668,0.258336
PLW,2021,Palau,0.64,4.45,28.76,0,92.0,81.6,11.816388338004474,3.81,-1.9666666666666668,0.45593599999999995
PNG,1996,Papua New Guinea,1.98,7.33,75.78,0,21.8,53.5,14.298037270053188,5.35,4.27,0.4795559999999999
PNG,1998,Papua New Guinea,2.07,9.3,74.12,1,41.5,51.2,13.956170166881456,7.23,3.6799999999999997,0.5357159999999997
PNG,2000,Papua New Guinea,1.27,7.71,74.37,1,38.6,50.2,13.945135054850978,6.44,8.5,0.325501
PNG,2002,Papua New Guinea,1.13,8.07,79.46,1,28.0,44.8,13.921462062953498,6.94,-4.92,0.232102
PNG,2003,Papua New Guinea,0.88,7.69,72.78,1,29.1,41.8,14.036221424699312,6.8100000000000005,4.9,0.239536
PNG,2004,Papua New Guinea,0.9,6.87,82.65,1,27.7,36.1,14.194813665960789,5.97,9.69,0.15614999999999998
PNG,2005,Papua New Guinea,2.07,7.68,80.16,0,19.9,38.9,14.442080580778429,5.609999999999999,9.649999999999999,0.410688
PNG,2006,Papua New Guinea,0.88,6.11,77.04,0,20.3,46.6,14.593597825205702,5.23,14.863333333333333,0.20204799999999992
PNG,2007,Papua New Guinea,1.14,5.9,77.22,0,22.7,50.0,14.824541045294406,4.760000000000001,6.726666666666667,0.259692
PNG,2008,Papua New Guinea,1.03,6.57,73.88,0,25.5,48.6,14.990441619830214,5.54,-1.4733333333333336,0.2690360000000001
PNG,2009,Papua New Guinea,0.77,6.49,79.96,0,20.4,47.4,15.10981960528186,5.720000000000001,-2.8900000000000006,0.15430800000000003
PNG,2010,Papua New Guinea,0.9,6.0,81.29,0,21.8,48.8,15.392903893477326,5.1,10.456666666666667,0.16838999999999996
PNG,2011,Papua New Guinea,1.98,6.65,80.16,1,22.3,47.9,15.73707207465409,4.67,3.6066666666666674,0.392832
PNG,2012,Papua New Guinea,1.91,6.29,80.73,1,26.1,46.5,15.980411705551196,4.38,16.88,0.36805699999999997
PNG,2013,Papua New Guinea,1.31,6.76,78.98,0,28.0,47.9,15.663087131786495,5.449999999999999,4.216666666666667,0.27536199999999994
PNG,2014,Papua New Guinea,0.29,5.33,89.76,0,31.9,49.8,15.568685489503183,5.04,1.5966666666666667,0.02969599999999998
PNG,2015,Papua New Guinea,1.69,5.18,82.73,0,31.4,49.3,15.45241905694118,3.49,-5.789999999999999,0.29186299999999993
PNG,2016,Papua New Guinea,2.02,4.96,90.07,0,26.2,50.7,15.285233242932057,2.94,-11.463333333333335,0.20058600000000013
PNG,2017,Papua New Guinea,2.58,5.3,84.51,0,21.9,51.7,15.343817967123009,2.72,-8.31,0.39964199999999983
PNG,2018,Papua New Guinea,2.07,4.86,81.61,0,23.6,50.0,15.346747788985631,2.7900000000000005,3.2733333333333334,0.3806729999999999
PNG,2019,Papua New Guinea,2.12,6.05,86.94,0,21.2,50.2,15.30561548844557,3.93,-9.019999999999998,0.2768720000000001
PNG,2020,Papua New Guinea,2.85,5.65,80.73,0,23.1,47.3,15.2125181766565,2.8000000000000003,-1.0899999999999999,0.549195
PNG,2021,Papua New Guinea,1.34,4.67,71.02,0,25.0,47.8,15.293812622164822,3.33,7.35,0.3883320000000001
POL,1996,Poland,8.82,13.6,34.39,1,73.9,80.0,17.386279382518804,4.779999999999999,13.06,5.786802000000001
POL,1998,Poland,7.67,14.2,47.98,1,74.5,81.1,17.584657716976434,6.529999999999999,5.47,3.989934
POL,2000,Poland,9.09,11.99,29.74,1,59.3,81.1,17.624228503393073,2.9000000000000004,2.42,6.386634
POL,2002,Poland,9.2,12.38,31.17,1,71.4,80.6,17.72003760315003,3.180000000000001,4.76,6.332359999999999
POL,2003,Poland,9.39,11.73,40.12,1,65.3,79.1,17.938466948299453,2.34,11.24,5.622732
POL,2004,Poland,8.26,10.52,40.25,1,51.0,82.2,18.18189155509261,2.26,14.58,4.935349999999999
POL,2005,Poland,8.19,11.35,39.18,1,56.8,78.4,18.37519600739301,3.16,7.32,4.981158000000001
POL,2006,Poland,7.53,10.69,42.6,1,55.1,73.6,18.66924101784065,3.1599999999999997,11.24,4.322220000000001
POL,2007,Poland,7.1,10.18,40.14,1,70.0,73.1,18.934319025944088,3.08,14.31,4.2500599999999995
POL,2008,Poland,7.07,10.03,39.57,1,77.9,76.0,19.16508953932057,2.959999999999999,13.23,4.272401
POL,2009,Poland,6.94,9.4,43.57,1,81.5,80.1,18.85528289585992,2.46,-15.7,3.9162420000000004
POL,2010,Poland,7.35,9.54,42.03,1,84.4,80.1,18.99306492764115,2.1899999999999995,7.9,4.260795
POL,2011,Poland,6.81,9.49,43.23,1,85.8,80.3,19.194545769967498,2.6800000000000006,9.61,3.8660370000000004
POL,2012,Poland,7.08,9.16,43.46,1,86.3,82.6,19.11972948758133,2.08,-4.34,4.003032
POL,2013,Poland,6.7,8.99,45.09,1,81.5,79.3,19.16852412352934,2.29,3.64,3.6789699999999996
POL,2014,Poland,6.54,8.8,46.89,1,76.2,82.3,19.226219888956496,2.2600000000000007,2.66,3.4733940000000003
POL,2015,Poland,6.28,9.36,48.5,1,74.8,81.8,19.111311455658868,3.079999999999999,-6.440000000000001,3.2342000000000004
POL,2016,Poland,6.76,9.29,44.68,1,63.3,74.4,19.141583005297758,2.53,-0.3099999999999996,3.739632
POL,2017,Poland,9.07,11.03,53.38,1,64.3,72.4,19.265510877447483,1.959999999999999,7.53,4.228434
POL,2018,Poland,7.17,9.62,53.03,1,62.7,70.9,19.4151898760442,2.4499999999999997,10.82,3.367749
POL,2019,Poland,7.49,9.97,50.39,1,65.6,69.6,19.407444480133577,2.4800000000000004,-4.01,3.715789
POL,2020,Poland,6.39,8.63,50.36,1,62.3,66.2,19.398217598739368,2.240000000000001,1.6100000000000003,3.1719959999999996
POL,2021,Poland,6.4,9.55,55.9,1,61.3,63.8,19.66603503072959,3.1500000000000004,14.77,2.8224000000000005
PRK,1996,"Korea, Democratic People's Republic of",11.46,13.35,12.21,0,28.7,0.5,14.040803062623375,1.8899999999999988,0.5533333333333337,10.060734
PRK,1998,"Korea, Democratic People's Republic of",10.27,12.12,16.25,0,31.4,0.0,13.896193801989057,1.85,7.626666666666666,8.601125
PRK,2000,"Korea, Democratic People's Republic of",11.33,11.15,14.18,0,43.4,0.0,14.468218212520222,0.0,2.8600000000000008,9.723405999999999
PRK,2002,"Korea, Democratic People's Republic of",9.36,12.86,15.28,0,50.8,0.0,14.5434974266789,3.5,12.603333333333332,7.929791999999999
PRK,2003,"Korea, Democratic People's Republic of",8.37,10.71,16.92,0,51.3,0.0,14.447803239037937,2.3400000000000016,13.49,6.953796
PRK,2004,"Korea, Democratic People's Republic of",7.73,9.13,18.78,0,53.4,0.5,14.756017336206227,1.4000000000000004,6.153333333333333,6.278306000000001
PRK,2005,"Korea, Democratic People's Republic of",6.01,6.86,17.59,0,47.6,1.0,14.776569762599122,0.8500000000000005,4.180000000000001,4.952841
PRK,2006,"Korea, Democratic People's Republic of",5.75,6.37,19.33,0,44.9,0.0,14.870923051689582,0.6200000000000001,10.946666666666667,4.638525
PRK,2007,"Korea, Democratic People's Republic of",6.73,8.32,22.55,0,63.3,0.0,14.979071024474187,1.59,12.569999999999999,5.212385
PRK,2008,"Korea, Democratic People's Republic of",4.76,6.63,24.32,0,63.5,0.0,15.311512256110335,1.87,-0.4300000000000006,3.602368
PRK,2009,"Korea, Democratic People's Republic of",5.39,6.75,24.43,0,43.1,0.0,14.931931136886623,1.3600000000000003,17.343333333333334,4.073223
PRK,2010,"Korea, Democratic People's Republic of",4.85,6.16,27.36,0,35.1,0.0,15.12701372782018,1.3100000000000005,-4.003333333333334,3.5230399999999995
PRK,2011,"Korea, Democratic People's Republic of",4.53,6.32,27.15,0,38.9,0.0,15.179111078305372,1.79,2.5700000000000003,3.3001050000000003
PRK,2012,"Korea, Democratic People's Republic of",6.79,8.1,30.42,0,43.6,0.5,15.2718175261307,1.3099999999999996,10.626666666666669,4.724482
PRK,2013,"Korea, Democratic People's Republic of",6.21,5.71,30.02,0,30.8,0.0,15.299197397580803,0.0,-7.0600000000000005,4.345758
PRK,2014,"Korea, Democratic People's Republic of",4.11,5.85,28.04,0,10.5,0.5,15.220084850903076,1.739999999999999,-5.733333333333334,2.9575560000000003
PRK,2015,"Korea, Democratic People's Republic of",6.65,7.64,24.81,0,11.0,0.5,15.067975224829278,0.9899999999999992,-11.896666666666665,5.000135
PRK,2016,"Korea, Democratic People's Republic of",6.12,6.6,25.79,0,21.9,0.0,14.96331270234308,0.4799999999999995,-4.969999999999999,4.541652
PRK,2017,"Korea, Democratic People's Republic of",6.79,5.82,31.17,0,28.6,0.0,15.055627570929795,0.0,0.6633333333333331,4.673557
PRK,2018,"Korea, Democratic People's Republic of",8.8,8.41,24.59,0,35.4,0.0,14.66267571811862,0.0,7.746666666666666,6.636080000000001
PRK,2019,"Korea, Democratic People's Republic of",8.05,7.96,25.03,0,35.4,0.0,14.806937248004855,0.0,9.636666666666667,6.0350850000000005
PRK,2020,"Korea, Democratic People's Republic of",6.36,6.54,26.08,0,33.5,0.0,13.238539433671807,0.1799999999999997,-0.8733333333333331,4.701312000000001
PRK,2021,"Korea, Democratic People's Republic of",6.29,6.05,24.23,0,28.8,0.0,12.56704841763436,0.0,-0.9966666666666653,4.765933
PRT,1996,Portugal,10.24,15.0,32.43,1,91.0,94.5,17.324192130888076,4.76,0.8300000000000001,6.919168
PRT,1998,Portugal,9.47,14.52,37.27,1,94.7,94.5,17.44364338116272,5.049999999999999,3.72,5.940531
PRT,2000,Portugal,10.54,11.91,33.26,1,94.7,92.0,17.49075657315693,1.370000000000001,0.05999999999999961,7.034395999999999
PRT,2002,Portugal,10.4,11.95,28.03,1,95.2,91.0,17.550183701536188,1.549999999999999,0.73,7.48488
PRT,2003,Portugal,9.35,9.93,31.02,1,96.0,93.0,17.690504879538505,0.5800000000000001,8.55,6.449629999999999
PRT,2004,Portugal,7.84,9.13,37.98,1,79.6,92.3,17.85381088917885,1.290000000000001,20.27,4.862368000000001
PRT,2005,Portugal,8.11,9.43,33.51,1,80.6,91.8,17.929268148886457,1.3200000000000005,-3.2200000000000006,5.392339
PRT,2006,Portugal,8.45,9.49,34.69,1,79.2,90.4,18.02812246476848,1.040000000000001,5.19,5.518694999999999
PRT,2007,Portugal,7.41,8.96,36.57,1,76.8,90.4,18.16435266181571,1.5500000000000007,7.87,4.700163
PRT,2008,Portugal,8.24,10.14,35.89,1,81.3,89.4,18.27484517624482,1.9000000000000004,7.209999999999999,5.2826640000000005
PRT,2009,Portugal,8.59,9.47,36.12,1,73.0,86.7,18.037946969261387,0.8800000000000008,-12.850000000000001,5.487292
PRT,2010,Portugal,9.46,9.69,32.59,1,71.1,83.9,18.117923380028063,0.2299999999999986,4.01,6.376986
PRT,2011,Portugal,9.02,9.67,34.05,1,69.7,84.5,18.186300762996872,0.6500000000000004,3.32,5.948689999999999
PRT,2012,Portugal,7.97,9.69,41.07,1,70.6,81.2,18.02070142693964,1.7199999999999998,-6.49,4.696720999999999
PRT,2013,Portugal,8.07,9.76,38.26,1,68.7,82.6,18.1048436602366,1.6899999999999995,2.19,4.982418
PRT,2014,Portugal,7.52,8.71,42.8,1,74.3,82.8,18.13814053728876,1.1900000000000013,1.7599999999999998,4.30144
PRT,2015,Portugal,7.61,9.79,44.45,1,78.1,84.7,17.974588624188552,2.179999999999999,-7.620000000000001,4.227355
PRT,2016,Portugal,7.53,9.27,40.62,1,79.5,86.2,17.994003581092613,1.739999999999999,0.7800000000000002,4.471314000000001
PRT,2017,Portugal,6.77,9.3,52.42,1,88.6,88.7,18.12881519294427,2.530000000000001,7.65,3.2211659999999998
PRT,2018,Portugal,7.28,10.51,46.91,1,89.2,87.9,18.234824480356348,3.2299999999999995,10.2,3.8649520000000006
PRT,2019,Portugal,21.46,15.67,46.57,1,87.3,88.4,18.246792672341044,0.0,-3.24,11.466078
PRT,2020,Portugal,6.79,9.33,46.11,1,83.5,89.4,18.116712202842983,2.54,-6.74,3.6591309999999995
PRT,2021,Portugal,6.56,9.55,51.32,1,81.1,89.4,18.359796642242685,2.990000000000001,12.37,3.193408
PRY,1996,Paraguay,8.94,16.28,20.35,1,31.4,46.0,15.22025514455201,7.340000000000002,-0.45999999999999996,7.12071
PRY,1998,Paraguay,8.88,18.19,21.05,1,20.7,42.3,15.175729670467977,9.31,-7.740000000000002,7.01076
PRY,2000,Paraguay,9.29,14.67,45.11,1,18.5,31.8,14.91271138098324,5.380000000000001,8.9,5.099280999999999
PRY,2002,Paraguay,8.83,11.72,27.69,1,15.3,35.8,14.540808726690637,2.890000000000001,-12.740000000000002,6.384973
PRY,2003,Paraguay,8.93,11.47,34.96,1,25.6,37.8,14.751070633787847,2.540000000000001,7.6899999999999995,5.808071999999999
PRY,2004,Paraguay,4.28,11.29,56.02,1,26.7,34.1,14.97613356306196,7.009999999999999,17.46,1.882344
PRY,2005,Paraguay,3.57,16.06,58.51,1,26.2,35.6,15.134623439072367,12.489999999999998,10.75,1.4811930000000002
PRY,2006,Paraguay,7.4,13.36,60.98,1,23.2,37.5,15.293041654576912,5.959999999999999,21.02,2.88748
PRY,2007,Paraguay,4.93,15.21,55.7,1,23.2,42.8,15.57446782790386,10.28,10.920000000000002,2.1839899999999997
PRY,2008,Paraguay,9.09,16.35,53.73,1,21.2,44.7,15.93818253115022,7.260000000000002,24.2,4.2059429999999995
PRY,2009,Paraguay,28.92,17.92,53.12,1,19.4,43.6,15.626226932587452,0.0,-12.350000000000001,13.557696
PRY,2010,Paraguay,13.24,16.4,45.71,1,21.3,46.0,16.042930090062416,3.1599999999999984,20.050000000000004,7.187995999999999
PRY,2011,Paraguay,27.03,15.07,53.56,1,25.1,46.0,16.21438879930891,0.0,11.02,12.552731999999999
PRY,2012,Paraguay,52.21,20.27,56.8,1,19.9,44.6,16.14804756135962,0.0,-3.33,22.554720000000003
PRY,2013,Paraguay,30.27,19.1,51.97,1,22.7,44.6,16.218583952936097,0.0,2.51,14.538681000000002
PRY,2014,Paraguay,23.16,17.9,44.96,1,42.4,45.3,16.25338448038572,0.0,0.11000000000000032,12.747264
PRY,2015,Paraguay,22.83,16.63,70.95,1,48.6,44.8,16.052602137427304,0.0,-8.039999999999997,6.632114999999999
PRY,2016,Paraguay,32.36,17.07,75.84,1,51.0,44.3,16.029364436623183,0.0,-2.66,7.818175999999998
PRY,2017,Paraguay,29.51,17.48,66.99,1,46.2,44.3,16.256570540218448,0.0,10.35,9.741251000000002
PRY,2018,Paraguay,39.5,18.42,69.0,1,44.3,48.5,16.279469099393094,0.0,5.97,12.245000000000003
PRY,2019,Paraguay,12.44,16.63,70.06,1,46.2,48.3,16.15098522041935,4.19,-4.4,3.7245359999999996
PRY,2020,Paraguay,29.92,12.62,66.44,1,48.1,48.3,15.939261468599192,0.0,-8.439999999999998,10.041152
PRY,2021,Paraguay,39.57,17.02,44.9,1,47.2,46.9,16.282088332999134,0.0,15.209999999999999,21.803069999999998
QAT,1996,Qatar,4.49,10.17,37.47,0,58.0,26.5,14.663142132662662,5.68,-0.7933333333333339,2.807597
QAT,1998,Qatar,5.13,6.32,41.23,0,82.4,26.9,14.941993580875572,1.1900000000000004,5.113333333333333,3.0149010000000005
QAT,2000,Qatar,3.63,4.52,44.16,1,85.7,29.4,15.1657696193104,0.8899999999999997,4.943333333333333,2.026992
QAT,2002,Qatar,2.83,14.84,58.11,1,74.6,27.4,15.579331272997344,12.01,3.84,1.1854870000000002
QAT,2003,Qatar,2.63,4.32,54.65,1,92.5,27.9,15.8749584865363,1.6900000000000004,9.939999999999998,1.192705
QAT,2004,Qatar,2.57,3.96,53.73,1,87.4,35.6,16.25288342350695,1.39,10.73,1.189139
QAT,2005,Qatar,2.5,4.06,71.06,1,81.1,32.7,16.415879603175192,1.5599999999999996,29.16,0.7235
QAT,2006,Qatar,2.13,3.68,68.11,1,78.3,25.0,16.89541436032845,1.5500000000000005,27.83,0.6792569999999999
QAT,2007,Qatar,1.75,3.11,67.39,1,79.7,19.7,17.22879128803873,1.36,19.38,0.5706749999999999
QAT,2008,Qatar,1.26,3.73,63.12,1,89.4,18.8,17.44838576566601,2.47,9.12,0.46468800000000005
QAT,2009,Qatar,1.17,3.19,65.45,0,91.9,19.4,17.25484163751314,2.02,15.223333333333334,0.4042349999999999
QAT,2010,Qatar,1.28,2.9,54.31,1,90.0,19.0,17.12182240741322,1.62,-1.4066666666666672,0.584832
QAT,2011,Qatar,1.3,4.28,54.22,0,90.5,17.4,17.125279368455885,2.9800000000000004,16.793333333333333,0.59514
QAT,2012,Qatar,0.92,2.96,63.87,1,92.4,21.1,17.298851865578452,2.04,5.76,0.3323960000000001
QAT,2013,Qatar,1.13,2.78,64.41,1,91.9,20.2,17.350792047475746,1.65,3.22,0.40216699999999994
QAT,2014,Qatar,0.87,2.89,39.66,1,80.5,16.7,17.593805045054186,2.02,6.47,0.524958
QAT,2015,Qatar,1.2,2.9,39.07,1,82.4,16.7,17.5806636079502,1.7,3.49,0.7311599999999999
QAT,2016,Qatar,1.61,2.9,35.33,1,76.7,16.3,17.502928729674945,1.2899999999999998,-0.8499999999999996,1.041187
QAT,2017,Qatar,1.18,2.85,34.38,1,69.0,15.3,17.516479994570076,1.6700000000000002,-3.4299999999999997,0.7743159999999998
QAT,2018,Qatar,1.24,2.69,33.83,1,67.0,14.1,17.592035106851302,1.45,2.9700000000000006,0.8205079999999999
QAT,2019,Qatar,1.31,2.99,36.43,1,69.8,13.5,17.677465093968852,1.6800000000000002,-4.050000000000001,0.8327669999999999
QAT,2020,Qatar,1.55,3.31,36.97,1,68.9,14.0,17.393924747945043,1.76,-5.9,0.9769650000000002
QAT,2021,Qatar,1.5,2.78,37.43,1,75.0,17.4,17.489930770256677,1.2799999999999998,4.08,0.9385499999999999
RUS,1996,Russian Federation,4.92,10.33,30.72,1,12.2,43.5,17.814952300599607,5.41,7.666666666666666,3.4085760000000005
RUS,1998,Russian Federation,3.77,7.32,39.72,1,16.0,36.8,17.751626997877292,3.5500000000000003,-18.2,2.272556
RUS,2000,Russian Federation,3.57,6.18,40.04,1,10.6,37.8,17.965906587800312,2.61,-8.46,2.140572
RUS,2002,Russian Federation,3.52,9.2,38.81,1,24.9,36.3,18.31604564000872,5.68,5.02,2.153888
RUS,2003,Russian Federation,3.47,5.54,47.43,1,14.6,32.3,18.58087163083061,2.07,11.44,1.8241790000000002
RUS,2004,Russian Federation,2.3,4.43,51.1,1,7.8,30.8,18.8854732088866,2.13,14.79,1.1246999999999998
RUS,2005,Russian Federation,2.63,4.52,49.73,1,11.7,27.4,19.10167269876996,1.89,14.29,1.322101
RUS,2006,Russian Federation,2.04,4.47,55.97,1,19.3,22.1,19.35201088132482,2.43,18.160000000000004,0.8982120000000001
RUS,2007,Russian Federation,1.84,3.92,53.81,1,18.8,22.6,19.673017388241625,2.08,20.39,0.849896
RUS,2008,Russian Federation,1.57,4.39,66.16,1,20.2,22.6,19.907950927971577,2.8199999999999994,15.63,0.5312880000000001
RUS,2009,Russian Federation,1.55,3.87,64.42,1,17.1,23.2,19.35455782455934,2.3200000000000003,-18.2,0.55149
RUS,2010,Russian Federation,1.47,3.57,63.64,1,18.5,23.7,19.629022758990605,2.1,15.759999999999998,0.5344920000000001
RUS,2011,Russian Federation,1.33,3.71,64.43,1,17.1,24.4,19.921408461813076,2.38,15.64,0.4730809999999999
RUS,2012,Russian Federation,1.42,3.75,68.65,1,20.9,19.2,19.970143237256107,2.33,1.6399999999999997,0.44516999999999984
RUS,2013,Russian Federation,1.37,3.61,64.54,1,22.3,18.8,19.97942455400542,2.24,-0.20000000000000018,0.4858019999999999
RUS,2014,Russian Federation,1.53,3.42,46.18,1,14.8,20.7,19.867042809085813,1.89,-4.6,0.823446
RUS,2015,Russian Federation,1.69,3.54,43.21,1,13.8,20.2,19.371891796030603,1.85,-18.2,0.9597510000000001
RUS,2016,Russian Federation,1.88,3.8,43.48,1,15.2,17.7,19.352999107568827,1.92,6.53,1.062576
RUS,2017,Russian Federation,1.8,3.97,40.93,1,24.3,18.7,19.546279027187488,2.17,11.95,1.06326
RUS,2018,Russian Federation,1.89,3.73,35.16,1,27.4,18.9,19.59759565741216,1.84,-3.870000000000001,1.225476
RUS,2019,Russian Federation,1.77,4.18,36.97,1,25.9,17.9,19.612404940357912,2.41,1.4299999999999997,1.1156310000000003
RUS,2020,Russian Federation,1.92,4.71,42.3,1,22.6,20.3,19.53276656544484,2.79,-3.1899999999999995,1.10784
RUS,2021,Russian Federation,1.85,4.14,41.45,1,21.7,19.8,19.728215870097227,2.29,12.56,1.0831749999999998
RWA,1996,Rwanda,1.12,14.17,78.61,1,4.3,5.5,12.307160782562011,13.05,0.5133333333333332,0.239568
RWA,1998,Rwanda,0.97,14.34,80.37,1,4.3,10.0,12.32740014769246,13.37,1.3200000000000003,0.1904109999999999
RWA,2000,Rwanda,2.3,14.85,76.52,0,6.3,7.0,12.21573758912962,12.55,1.44,0.54004
RWA,2002,Rwanda,2.9,13.88,76.01,1,5.8,7.5,12.470720339448722,10.98,-4.75,0.6957099999999999
RWA,2003,Rwanda,0.57,8.22,85.9,1,17.1,10.4,12.697968506542868,7.65,1.73,0.08036999999999994
RWA,2004,Rwanda,8.0,6.63,79.08,1,14.6,8.7,12.9078346863914,0.0,8.87,1.6736000000000004
RWA,2005,Rwanda,2.49,16.41,70.88,1,18.0,13.5,13.09364084659034,13.92,9.85,0.7250880000000001
RWA,2006,Rwanda,1.41,15.97,72.5,1,25.6,13.5,13.280846868462056,14.56,23.1,0.38775
RWA,2007,Rwanda,1.39,13.88,76.55,1,32.4,11.1,13.49396235389917,12.49,5.22,0.32595500000000005
RWA,2008,Rwanda,1.8,13.07,72.59,1,33.2,12.0,13.96335626027122,11.27,29.16,0.49338000000000004
RWA,2009,Rwanda,1.29,13.16,80.52,1,28.0,11.8,13.90449903420449,11.87,1.94,0.2512920000000001
RWA,2010,Rwanda,12.51,13.17,79.53,1,36.0,11.8,13.998493279473992,0.6600000000000001,6.0,2.560797
RWA,2011,Rwanda,3.94,10.92,87.95,1,39.8,11.7,14.034431502610175,6.98,10.62,0.47476999999999975
RWA,2012,Rwanda,9.61,11.67,87.74,1,38.4,13.6,14.060902433614116,2.0600000000000005,-0.3700000000000001,1.1781860000000004
RWA,2013,Rwanda,7.71,10.89,88.84,1,42.2,15.0,14.137101450315322,3.1800000000000006,14.3,0.8604359999999994
RWA,2014,Rwanda,2.47,10.5,77.23,1,35.2,17.2,14.036285682769368,8.03,5.19,0.5624190000000001
RWA,2015,Rwanda,5.04,9.88,93.74,1,45.7,17.2,14.144778736128982,4.840000000000001,3.94,0.3155040000000005
RWA,2016,Rwanda,1.38,8.97,88.84,1,44.8,15.8,14.413281766555636,7.590000000000001,3.66,0.15400799999999987
RWA,2017,Rwanda,5.26,11.84,63.59,1,49.5,16.7,14.23583805162128,6.58,2.9700000000000006,1.915166
RWA,2018,Rwanda,1.27,7.29,64.85,1,52.4,16.5,14.644308467518046,6.02,2.34,0.44640500000000005
RWA,2019,Rwanda,4.66,9.92,48.93,1,49.5,18.8,14.357461284837264,5.26,6.2,2.3798619999999997
RWA,2020,Rwanda,5.33,7.29,66.15,1,49.5,18.8,14.42812564737212,1.96,7.8,1.8042049999999996
RWA,2021,Rwanda,3.78,6.96,69.96,1,50.5,22.2,14.762535851089808,3.18,0.3999999999999999,1.1355120000000003
SAU,1996,Saudi Arabia,10.2,11.16,33.63,1,41.0,9.0,17.20229579040269,0.9600000000000009,-0.5700000000000003,6.769739999999999
SAU,1998,Saudi Arabia,5.65,6.63,27.39,1,50.5,5.5,17.432904339804217,0.9799999999999996,-2.333333333333333,4.1024650000000005
SAU,2000,Saudi Arabia,4.19,4.86,35.66,1,55.6,6.0,17.561497478064783,0.6699999999999999,0.6500000000000004,2.695846
SAU,2002,Saudi Arabia,7.33,5.93,33.61,1,46.6,4.0,17.68940481466092,0.0,2.23,4.866387
SAU,2003,Saudi Arabia,3.96,4.66,34.51,1,49.2,5.5,17.820885161518145,0.7000000000000002,13.96,2.593404
SAU,2004,Saudi Arabia,2.25,3.93,38.49,1,24.8,10.1,17.89080843931069,1.6800000000000002,6.58,1.383975
SAU,2005,Saudi Arabia,1.74,4.07,61.57,1,38.8,6.3,18.072104354019544,2.33,12.85,0.668682
SAU,2006,Saudi Arabia,1.71,3.81,56.65,1,29.5,3.8,18.24739898479011,2.1,8.75,0.741285
SAU,2007,Saudi Arabia,1.44,3.26,57.55,1,28.5,5.8,18.494425791078196,1.82,13.91,0.6112799999999999
SAU,2008,Saudi Arabia,1.27,3.84,52.23,1,32.2,4.3,18.6936290264174,2.57,13.07,0.6066790000000001
SAU,2009,Saudi Arabia,1.39,3.25,55.9,1,28.9,3.3,18.516232297714563,1.86,-9.25,0.61299
SAU,2010,Saudi Arabia,1.76,2.94,42.06,1,37.4,3.8,18.63364791268164,1.18,5.87,1.0197439999999998
SAU,2011,Saudi Arabia,1.45,2.95,45.32,1,31.3,2.3,18.83544006672644,1.5000000000000002,11.13,0.7928599999999999
SAU,2012,Saudi Arabia,1.02,2.88,57.92,1,32.2,2.8,19.03838464992359,1.86,8.72,0.42921599999999993
SAU,2013,Saudi Arabia,1.03,2.6,57.18,1,32.7,2.8,19.10699232610133,1.57,3.81,0.44104600000000005
SAU,2014,Saudi Arabia,1.28,2.71,42.08,1,36.2,3.0,19.13623927373065,1.43,1.5899999999999994,0.7413759999999999
SAU,2015,Saudi Arabia,1.6,3.11,44.43,1,23.8,3.4,19.12507133971401,1.5099999999999998,1.9299999999999997,0.8891200000000001
SAU,2016,Saudi Arabia,1.8,3.32,43.75,1,28.1,4.9,18.881803826296352,1.5199999999999998,-10.45,1.0125
SAU,2017,Saudi Arabia,1.27,3.09,37.53,1,23.8,5.9,18.89729268003675,1.82,-2.04,0.7933690000000001
SAU,2018,Saudi Arabia,1.36,2.67,33.9,1,23.1,5.3,18.896509635054294,1.3099999999999998,0.2599999999999998,0.8989600000000001
SAU,2019,Saudi Arabia,1.09,2.88,37.45,1,23.6,5.3,18.952764326447006,1.7899999999999998,3.32,0.681795
SAU,2020,Saudi Arabia,1.63,3.6,37.65,1,23.6,5.3,18.884049857200413,1.97,-4.620000000000001,1.0163049999999998
SAU,2021,Saudi Arabia,1.59,3.15,36.25,1,24.5,6.3,18.97453709458125,1.5599999999999998,7.83,1.013625
SDN,1996,Sudan,9.56,9.02,63.93,1,1.1,2.5,13.676179879081646,0.0,-4.85,3.4482920000000004
SDN,1998,Sudan,19.12,12.3,61.9,1,2.1,2.5,14.176922261722188,0.0,12.24,7.28472
SDN,2000,Sudan,6.02,7.04,61.56,1,1.1,2.5,14.3450843591719,1.0200000000000005,29.16,2.3140879999999995
SDN,2002,Sudan,4.38,6.92,63.04,1,3.7,7.0,14.810693620389552,2.54,7.85,1.618848
SDN,2003,Sudan,5.25,5.92,63.58,1,4.0,5.0,15.0626251615815,0.6699999999999999,12.96,1.9120499999999998
SDN,2004,Sudan,5.72,5.2,72.64,1,6.8,4.3,15.44629443946306,0.0,16.94,1.5649919999999997
SDN,2005,Sudan,4.59,4.45,69.78,1,3.4,4.3,15.880030178226871,0.0,29.16,1.3870980000000002
SDN,2006,Sudan,5.33,4.14,66.05,1,1.9,6.3,16.037996054666657,0.0,1.7999999999999998,1.8095350000000001
SDN,2007,Sudan,2.17,3.2,75.12,1,2.4,6.7,15.955640491191918,1.0300000000000002,12.75,0.5398959999999998
SDN,2008,Sudan,1.84,3.41,73.95,1,1.4,6.3,16.161995457751324,1.57,14.12,0.4793199999999999
SDN,2009,Sudan,0.74,3.22,74.32,1,0.9,6.2,16.01012645231054,2.4800000000000004,-18.2,0.190032
SDN,2010,Sudan,0.99,2.8,53.48,1,0.9,4.3,16.087521957538904,1.81,22.17,0.46054800000000007
SDN,2010,Sudan,0.99,2.8,53.48,1,0.9,4.3,16.087521957538904,1.81,10.146666666666667,0.46054800000000007
SDN,2010,Sudan,1.82,13.49,32.28,0,0.9,4.3,11.321178831353052,11.67,22.17,1.232504
SDN,2010,Sudan,1.82,13.49,32.28,0,0.9,4.3,11.321178831353052,11.67,15.766666666666667,1.232504
SDN,2011,Sudan,0.58,3.13,76.84,1,0.9,4.2,16.101526603283926,2.55,-10.34,0.13432799999999995
SDN,2011,Sudan,0.58,3.13,76.84,1,0.9,4.2,16.101526603283926,2.55,4.293333333333335,0.13432799999999995
SDN,2011,Sudan,5.05,4.5,30.69,0,0.9,4.2,13.298082318156236,0.0,-10.34,3.500155
SDN,2011,Sudan,5.05,4.5,30.69,0,0.9,4.2,13.298082318156236,0.0,5.8133333333333335,3.500155
SDN,2012,Sudan,3.8,7.47,27.87,1,2.4,3.8,16.093060471748704,3.67,7.676666666666667,2.74094
SDN,2013,Sudan,9.58,8.98,36.11,1,2.4,3.8,16.09056303928556,0.0,1.0600000000000005,6.120662
SDN,2014,Sudan,9.22,5.95,38.96,1,3.8,3.9,15.977793514204446,0.0,20.010000000000005,5.6278880000000004
SDN,2015,Sudan,5.82,5.68,29.68,1,3.8,3.9,16.03500397281136,0.0,-6.92,4.092624000000001
SDN,2016,Sudan,9.14,6.95,33.33,1,2.9,3.4,15.93534982297407,0.0,10.51,6.093638000000001
SDN,2017,Sudan,3.48,6.65,30.62,1,5.7,2.5,16.113629325760456,3.1700000000000004,0.009999999999999787,2.414424
SDN,2018,Sudan,2.7,4.84,29.71,1,6.1,2.9,15.975148079801588,2.14,1.0,1.8978300000000001
SDN,2019,Sudan,1.82,5.96,27.82,0,6.1,6.3,15.984658994417622,4.14,-9.306666666666668,1.313676
SDN,2020,Sudan,0.0,11.57,100.0,0,7.5,9.7,11.2606587977394,11.57,2.6399999999999997,0.0
SDN,2020,Sudan,3.0,7.28,29.34,0,7.5,9.7,16.079372607307025,4.28,-0.3700000000000001,2.1198
SDN,2021,Sudan,2.26,6.22,30.37,0,5.2,10.1,16.077031531294804,3.96,11.016666666666667,1.5736379999999996
SEN,1996,Senegal,11.21,13.8,67.24,1,25.0,54.0,14.251263820395057,2.59,-1.58,3.6723960000000004
SEN,1998,Senegal,4.85,12.03,67.93,1,16.5,49.3,14.209986155325495,7.18,-3.960000000000001,1.5553949999999999
SEN,2000,Senegal,5.61,13.93,79.75,1,27.5,54.7,14.863431869061248,8.32,-1.8100000000000014,1.136025
SEN,2002,Senegal,6.3,12.45,71.46,1,36.0,59.7,14.942509415150798,6.15,6.89,1.7980200000000006
SEN,2003,Senegal,7.61,12.63,72.08,1,37.2,56.7,15.092558108778656,5.0200000000000005,10.33,2.124712
SEN,2004,Senegal,7.51,11.28,72.05,1,46.6,56.3,15.17731148146964,3.77,8.8,2.0990450000000007
SEN,2005,Senegal,7.57,10.59,65.25,1,39.8,53.4,15.411196611545314,3.02,10.99,2.6305750000000003
SEN,2006,Senegal,4.11,10.66,69.81,1,37.2,48.6,15.533435796286,6.55,2.45,1.2408089999999998
SEN,2007,Senegal,4.71,9.6,72.33,1,37.2,40.9,15.79505924515786,4.89,15.2,1.3032570000000003
SEN,2008,Senegal,4.23,10.27,71.56,1,39.4,40.9,16.155075931215094,6.039999999999999,15.759999999999998,1.203012
SEN,2009,Senegal,5.51,9.48,71.33,1,38.4,38.9,15.783226076787289,3.9700000000000006,-15.030000000000001,1.5797170000000003
SEN,2010,Senegal,4.82,9.95,56.26,1,31.8,37.4,15.944813342384997,5.129999999999999,0.6800000000000002,2.1082680000000003
SEN,2011,Senegal,4.4,9.45,69.31,1,37.9,40.4,16.269310956787635,5.049999999999999,11.22,1.3503599999999998
SEN,2012,Senegal,3.53,8.43,70.08,1,40.8,49.3,16.373760862949716,4.9,4.35,1.056176
SEN,2013,Senegal,3.3,9.58,72.86,1,43.6,51.6,16.303349261744437,6.28,0.9100000000000001,0.8956199999999999
SEN,2014,Senegal,3.32,9.34,63.03,1,37.1,58.1,16.32834456583454,6.02,-0.3799999999999999,1.227404
SEN,2015,Senegal,5.49,9.38,39.32,1,41.9,57.6,16.192282748267278,3.890000000000001,-7.24,3.331332
SEN,2016,Senegal,1.74,8.7,67.62,1,37.6,57.6,16.210499359245258,6.959999999999999,-1.0600000000000005,0.5634119999999999
SEN,2017,Senegal,0.96,7.89,68.96,1,43.8,57.1,16.370470205551143,6.93,10.829999999999998,0.29798399999999997
SEN,2018,Senegal,1.67,7.19,65.61,1,42.0,54.9,16.52543171174248,5.5200000000000005,9.52,0.574313
SEN,2019,Senegal,2.33,9.67,66.53,1,48.6,54.1,16.533530654084707,7.34,0.43999999999999995,0.7798510000000001
SEN,2020,Senegal,2.83,9.61,70.24,1,42.5,55.1,16.42659623966337,6.779999999999999,-2.0500000000000007,0.8422080000000003
SEN,2021,Senegal,1.69,8.59,70.93,1,41.5,54.6,16.722691213693754,6.9,11.42,0.4912829999999999
SGP,1996,Singapore,7.14,7.85,28.22,1,87.2,55.5,18.47131125526273,0.71,2.71,5.1250919999999995
SGP,1998,Singapore,6.47,7.09,27.9,1,78.7,53.2,18.3038130103792,0.6200000000000001,-12.36,4.6648700000000005
SGP,2000,Singapore,5.25,5.77,35.85,1,84.1,53.7,18.714300199583175,0.5199999999999996,10.07,3.3678749999999997
SGP,2002,Singapore,4.39,5.8,41.29,1,90.5,51.7,18.594080005099663,1.41,0.1900000000000004,2.5773689999999996
SGP,2003,Singapore,4.01,5.08,41.43,1,75.4,47.3,18.67769524986884,1.0700000000000005,8.35,2.3486569999999998
SGP,2004,Singapore,4.02,4.31,30.18,1,85.4,52.4,18.88003796680055,0.29,12.69,2.8067639999999994
SGP,2005,Singapore,3.86,4.58,29.98,1,88.8,55.3,19.0142255521043,0.7200000000000002,7.53,2.7027719999999995
SGP,2006,Singapore,3.52,4.48,33.58,1,93.2,34.1,19.17411861806326,0.9600000000000004,9.33,2.337984
SGP,2007,Singapore,3.23,4.22,36.7,1,92.8,35.6,19.305264981235545,0.9899999999999998,5.05,2.04459
SGP,2008,Singapore,3.68,5.88,33.93,1,99.0,35.1,19.46479692702024,2.2,10.45,2.431376
SGP,2009,Singapore,3.36,4.37,37.9,1,90.5,40.8,19.26416871425937,1.0100000000000002,-12.52,2.08656
SGP,2010,Singapore,3.42,4.45,40.54,1,90.5,40.3,19.463370855994903,1.0300000000000002,12.53,2.033532
SGP,2011,Singapore,3.68,4.6,37.21,1,91.0,45.1,19.62636571036191,0.9199999999999996,9.1,2.3106720000000003
SGP,2012,Singapore,3.48,4.64,37.58,1,97.2,51.6,19.657482077626376,1.1599999999999997,1.75,2.172216
SGP,2013,Singapore,3.43,4.53,36.49,1,96.7,50.7,19.67601533117146,1.1,0.29000000000000004,2.1783930000000002
SGP,2014,Singapore,2.67,4.31,47.97,1,93.3,45.8,19.69150547907841,1.6399999999999997,-1.3100000000000005,1.389201
SGP,2015,Singapore,2.99,4.46,45.85,1,95.2,41.4,19.545189092160104,1.4699999999999998,-9.709999999999999,1.619085
SGP,2016,Singapore,3.04,4.41,44.16,1,99.0,40.9,19.49087936331353,1.37,-2.669999999999999,1.697536
SGP,2017,Singapore,2.66,4.42,46.89,1,99.0,41.4,19.59661168847768,1.7599999999999998,5.96,1.4127260000000001
SGP,2018,Singapore,3.2,5.12,50.0,1,98.6,41.7,19.675634471267987,1.92,6.33,1.6
SGP,2019,Singapore,2.93,4.97,48.57,1,97.6,39.1,19.638416084306066,2.04,-1.5700000000000003,1.506899
SGP,2020,Singapore,2.07,4.61,73.58,1,97.2,38.2,19.560695221835232,2.5400000000000005,-4.32,0.546894
SGP,2021,Singapore,1.7,4.17,74.57,1,97.6,40.6,19.72040255647427,2.47,11.24,0.43231000000000014
SLB,1996,Solomon Islands,1.7,6.6,83.71,1,82.4,71.5,11.742845682724717,4.9,4.583333333333333,0.27693000000000006
SLB,1998,Solomon Islands,1.87,10.0,71.94,0,88.3,71.1,11.655505172843243,8.129999999999999,5.406666666666666,0.5247220000000001
SLB,2000,Solomon Islands,3.08,9.12,87.91,0,23.8,55.7,11.52416456895882,6.039999999999999,12.303333333333335,0.37237200000000004
SLB,2002,Solomon Islands,1.06,6.82,88.43,1,30.7,60.2,11.205455701110726,5.76,8.693333333333335,0.12264199999999992
SLB,2003,Solomon Islands,1.55,6.28,88.52,1,59.3,58.7,11.592604291062276,4.73,27.350000000000005,0.17794000000000001
SLB,2004,Solomon Islands,2.45,5.81,89.72,1,46.1,37.5,11.698821210069752,3.3599999999999994,13.76,0.25186000000000003
SLB,2005,Solomon Islands,2.17,11.83,76.66,1,45.6,47.1,11.948713161231105,9.66,6.93,0.5064780000000001
SLB,2006,Solomon Islands,1.88,6.85,74.86,1,48.3,47.1,12.205595931920294,4.97,29.16,0.4726319999999999
SLB,2007,Solomon Islands,1.81,6.86,77.67,1,51.2,48.6,12.47042907815844,5.050000000000001,10.77,0.4041729999999999
SLB,2008,Solomon Islands,1.53,5.69,83.64,1,51.9,49.5,12.514793272381954,4.16,3.72,0.250308
SLB,2009,Solomon Islands,2.47,6.89,86.49,1,52.1,53.6,12.408728591804504,4.42,-16.56,0.333697
SLB,2010,Solomon Islands,1.18,4.89,76.49,1,56.4,49.8,12.71224335195957,3.71,23.93,0.2774180000000001
SLB,2011,Solomon Islands,0.57,6.82,88.31,1,56.4,49.3,13.013147282990484,6.25,16.69,0.066633
SLB,2012,Solomon Islands,0.92,9.13,90.42,1,52.6,48.4,13.046927077259634,8.21,5.13,0.088136
SLB,2013,Solomon Islands,1.1,10.51,79.94,1,57.8,48.4,12.905485903159963,9.41,8.43,0.22066000000000002
SLB,2014,Solomon Islands,0.36,8.07,70.51,1,61.0,56.2,12.88115964335532,7.71,-7.230000000000002,0.10616399999999998
SLB,2015,Solomon Islands,0.56,6.89,57.03,1,66.2,58.1,12.866566770580718,6.33,-3.41,0.240632
SLB,2016,Solomon Islands,1.58,5.85,69.78,1,62.9,62.6,12.912396358046497,4.27,-1.29,0.47747600000000007
SLB,2017,Solomon Islands,2.6,10.54,64.85,1,54.3,62.6,12.983965993595511,7.939999999999999,12.24,0.9139000000000002
SLB,2018,Solomon Islands,1.69,7.32,65.13,1,58.0,59.2,13.047623473315982,5.630000000000001,2.56,0.589303
SLB,2019,Solomon Islands,1.21,13.02,63.85,0,61.3,62.3,13.012841861222997,11.81,1.6633333333333327,0.4374149999999999
SLB,2020,Solomon Islands,0.72,7.68,82.53,0,64.6,59.9,12.81429953398504,6.96,2.993333333333333,0.12578399999999998
SLB,2021,Solomon Islands,0.88,7.43,82.1,0,63.2,59.4,13.093702222556786,6.55,-4.9,0.15752000000000005
SLE,1996,Sierra Leone,0.5,13.81,76.3,0,6.4,32.0,12.409432422170491,13.31,4.466666666666667,0.1185
SLE,1998,Sierra Leone,0.42,11.24,80.28,0,2.7,13.9,11.955537213752688,10.82,-4.9,0.08282400000000001
SLE,2000,Sierra Leone,2.56,17.52,86.82,1,5.3,11.4,13.073395335415576,14.96,20.503333333333334,0.3374080000000001
SLE,2002,Sierra Leone,1.29,11.74,85.47,1,25.9,31.8,13.50502614356767,10.45,9.036666666666667,0.187437
SLE,2003,Sierra Leone,1.1,11.42,83.79,0,19.1,39.3,13.673822826947946,10.32,9.036666666666669,0.1783099999999999
SLE,2004,Sierra Leone,0.61,8.03,90.53,0,28.2,39.4,13.443261710773708,7.419999999999999,3.81,0.057767000000000006
SLE,2005,Sierra Leone,0.79,8.27,80.09,0,32.0,31.3,13.600966413039307,7.479999999999999,3.81,0.15728899999999996
SLE,2006,Sierra Leone,2.3,8.53,82.01,0,34.8,35.1,13.358298715838242,6.23,6.326666666666666,0.41376999999999986
SLE,2007,Sierra Leone,2.43,7.83,82.18,0,41.1,38.9,13.580950068228589,5.4,7.126666666666667,0.4330259999999998
SLE,2008,Sierra Leone,1.75,7.61,80.33,0,36.1,43.8,13.810233609329032,5.86,10.89,0.344225
SLE,2009,Sierra Leone,1.54,7.81,80.35,0,35.1,40.3,13.64674954004635,6.27,6.676666666666666,0.30261000000000005
SLE,2010,Sierra Leone,0.62,7.07,54.8,0,37.0,42.2,13.859056902071838,6.45,6.816666666666666,0.28024000000000004
SLE,2011,Sierra Leone,1.44,7.17,79.1,0,40.3,40.8,14.441854313092904,5.73,2.750000000000001,0.3009600000000001
SLE,2012,Sierra Leone,1.17,6.69,86.27,0,37.9,37.1,14.474730426171906,5.5200000000000005,8.96,0.1606410000000001
SLE,2013,Sierra Leone,1.13,7.27,84.85,0,39.8,36.6,14.369093596835215,6.14,-2.0233333333333334,0.17119500000000007
SLE,2014,Sierra Leone,0.16,3.79,52.36,1,41.9,38.4,14.300548084715883,3.63,-1.956666666666666,0.07622400000000001
SLE,2015,Sierra Leone,0.32,5.63,53.59,1,42.4,37.4,14.179403056577902,5.31,-7.51,0.14851199999999998
SLE,2016,Sierra Leone,0.68,5.39,54.99,1,39.5,39.9,13.98389799255199,4.71,-18.2,0.306068
SLE,2017,Sierra Leone,1.1,5.19,54.12,1,45.7,40.4,14.113939577054913,4.09,5.87,0.50468
SLE,2018,Sierra Leone,0.82,4.28,53.28,1,43.4,38.3,14.07579065205676,3.4600000000000004,-4.120000000000001,0.38310399999999994
SLE,2019,Sierra Leone,0.77,5.57,53.68,0,45.8,40.1,14.154716355002527,4.800000000000001,3.5766666666666667,0.35666400000000004
SLE,2020,Sierra Leone,0.73,4.42,54.66,0,35.8,41.5,14.149350604840118,3.69,1.2999999999999998,0.330982
SLE,2021,Sierra Leone,0.46,4.02,52.46,0,44.3,44.9,14.47001155229873,3.56,3.6799999999999997,0.21868400000000002
SLV,1996,El Salvador,12.83,20.11,22.16,1,39.4,47.5,14.708239141832122,7.279999999999999,0.7999999999999998,9.986872
SLV,1998,El Salvador,11.04,19.44,33.98,1,49.5,49.8,15.069595740520672,8.400000000000002,2.44,7.288608
SLV,2000,El Salvador,10.41,18.57,47.65,1,60.3,51.2,15.341464734505411,8.16,29.16,5.449635000000001
SLV,2002,El Salvador,9.8,24.44,53.98,1,55.0,52.7,15.329655964037872,14.64,2.5,4.50996
SLV,2003,El Salvador,9.99,17.22,60.59,1,38.7,52.2,15.467149181252324,7.229999999999999,4.16,3.937059
SLV,2004,El Salvador,6.74,16.48,72.5,1,42.7,50.0,15.479689460845735,9.74,4.14,1.8535000000000001
SLV,2005,El Salvador,9.13,17.85,53.69,1,44.7,48.1,15.56213838446444,8.72,-5.91,4.228103000000001
SLV,2006,El Salvador,8.4,18.06,61.47,1,40.6,51.4,15.743549473580936,9.659999999999998,6.77,3.23652
SLV,2007,El Salvador,4.68,17.77,82.9,1,43.0,50.5,15.85424570911854,13.09,6.6,0.8002799999999997
SLV,2008,El Salvador,5.26,17.67,80.89,1,45.2,51.0,15.950256138108992,12.410000000000002,5.5,1.0051860000000001
SLV,2009,El Salvador,5.73,16.85,73.93,1,44.1,49.8,15.635099793441082,11.12,-13.619999999999997,1.4938109999999998
SLV,2010,El Salvador,6.47,14.83,70.52,1,48.3,50.7,15.80620303147056,8.36,7.19,1.9073560000000003
SLV,2011,El Salvador,6.56,15.26,67.32,1,49.8,50.7,16.06072628298676,8.7,8.81,2.1438080000000004
SLV,2012,El Salvador,6.73,14.85,67.82,1,54.5,46.9,16.021681012463976,8.12,1.46,2.165714000000001
SLV,2013,El Salvador,6.72,14.61,68.84,1,45.5,47.4,16.01749598113459,7.89,2.36,2.093952
SLV,2014,El Salvador,5.77,13.54,79.42,1,43.8,51.2,16.056664392210273,7.77,-1.0899999999999999,1.187466
SLV,2015,El Salvador,7.56,14.24,75.25,1,45.2,51.7,16.03534434225138,6.680000000000001,-1.0600000000000005,1.8711000000000002
SLV,2016,El Salvador,7.08,13.69,73.04,1,43.3,53.2,15.981704130923214,6.609999999999999,-2.3,1.9087679999999996
SLV,2017,El Salvador,5.94,13.06,72.67,1,35.7,52.2,16.04038708073193,7.12,3.73,1.623402
SLV,2018,El Salvador,5.49,13.21,79.19,1,32.1,48.1,16.190502254891307,7.720000000000001,4.14,1.1424690000000004
SLV,2019,El Salvador,7.9,14.75,74.75,1,42.9,50.7,16.209284797320485,6.85,0.6000000000000001,1.9947499999999996
SLV,2020,El Salvador,4.98,12.12,75.16,1,44.3,50.7,16.066963489903884,7.139999999999999,-7.68,1.2370320000000004
SLV,2021,El Salvador,7.11,12.92,77.54,1,44.8,45.4,16.36973260922084,5.81,21.59,1.5969059999999995
SMR,2015,San Marino,2.56,7.31,82.22,0,97.6,87.7,13.236631906633924,4.75,5.023333333333333,0.4551679999999999
SMR,2016,San Marino,2.34,6.6,82.15,0,97.1,88.2,13.179974182233376,4.26,6.443333333333333,0.41768999999999995
SMR,2017,San Marino,2.42,6.29,84.16,0,97.1,88.2,13.24902136722371,3.87,-2.706666666666667,0.38332799999999995
SMR,2018,San Marino,3.79,8.29,81.07,0,97.2,86.4,13.309331870446252,4.499999999999999,2.976666666666666,0.7174470000000001
SMR,2019,San Marino,2.03,7.1,79.17,0,93.4,86.5,13.299459538902276,5.07,2.976666666666666,0.4228489999999998
SMR,2020,San Marino,2.39,6.76,78.59,0,92.5,85.5,13.208592631949257,4.369999999999999,-7.286666666666665,0.5116989999999999
SMR,2021,San Marino,2.73,6.76,75.38,0,92.9,84.1,13.603505109545424,4.029999999999999,-4.503333333333334,0.6721260000000002
SOM,1996,Somalia,14.09,17.23,80.83,0,0.5,1.5,11.52665774414359,3.140000000000001,4.583333333333333,2.701053
SOM,1998,Somalia,20.17,17.4,52.58,0,3.2,2.0,11.819640088874118,0.0,-7.460000000000001,9.564614000000002
SOM,2000,Somalia,6.88,20.1,63.38,0,3.7,3.5,12.692484575554314,13.220000000000002,1.9466666666666668,2.519456
SOM,2002,Somalia,7.43,15.16,62.85,0,0.0,8.0,12.884347047596007,7.73,4.486666666666667,2.7602449999999994
SOM,2003,Somalia,6.43,15.21,59.74,0,0.0,4.0,12.782482168835283,8.780000000000001,2.8533333333333335,2.5887179999999996
SOM,2004,Somalia,3.99,12.01,77.69,0,0.5,1.9,13.187037708069369,8.02,4.546666666666667,0.8901690000000003
SOM,2005,Somalia,2.94,18.64,72.03,0,0.0,3.8,13.182160796006032,15.7,27.753333333333337,0.8223179999999999
SOM,2006,Somalia,4.21,15.86,70.22,0,0.5,4.3,13.391438122304477,11.65,14.73,1.2537380000000002
SOM,2007,Somalia,0.8,9.95,84.5,0,0.0,3.8,13.554540352345054,9.15,10.336666666666666,0.12400000000000003
SOM,2008,Somalia,0.74,19.7,77.33,0,0.0,3.4,13.713167917270754,18.96,11.7,0.16775800000000002
SOM,2009,Somalia,0.88,19.78,80.95,0,0.0,2.4,13.77229475264714,18.9,2.39,0.16764
SOM,2010,Somalia,5.02,6.31,50.7,0,0.0,2.4,13.8298686455181,1.29,-0.30666666666666664,2.4748599999999996
SOM,2011,Somalia,2.09,15.43,63.34,0,0.0,1.9,14.000181752196934,13.34,12.266666666666666,0.7661939999999998
SOM,2012,Somalia,2.31,15.22,74.26,0,0.0,1.4,14.361663371101432,12.91,5.38,0.594594
SOM,2013,Somalia,1.84,15.5,79.46,0,0.0,1.4,14.55453063732417,13.66,7.64,0.37793600000000005
SOM,2014,Somalia,0.28,15.25,57.98,0,1.9,1.0,14.4364836229562,14.97,3.233333333333333,0.11765600000000001
SOM,2015,Somalia,0.37,13.94,69.49,0,2.4,1.5,14.6616384227449,13.57,0.9266666666666672,0.11288700000000002
SOM,2016,Somalia,0.88,13.95,71.03,0,2.4,2.5,14.816331324843752,13.07,-3.1899999999999995,0.25493599999999994
SOM,2017,Somalia,0.37,17.17,65.27,0,3.8,3.9,14.982259312397506,16.8,2.9699999999999998,0.12850100000000003
SOM,2018,Somalia,1.09,11.28,62.6,0,3.3,3.4,15.11113849508643,10.19,0.7600000000000002,0.40766
SOM,2019,Somalia,1.23,10.94,56.52,0,2.8,2.9,15.271395298694245,9.71,-4.533333333333335,0.534804
SOM,2020,Somalia,0.74,8.98,50.98,0,1.4,1.9,15.346747994440143,8.24,-3.343333333333333,0.36274800000000007
SOM,2021,Somalia,1.19,10.46,49.66,0,0.0,1.9,15.473669756005256,9.27,-4.533333333333335,0.5990460000000001
SSD,2012,South Sudan,0.01,2.48,30.19,0,14.2,10.3,11.77598940768272,2.47,20.636666666666667,0.006980999999999999
SSD,2013,South Sudan,1.92,5.06,44.14,0,5.7,8.9,13.1432036426386,3.14,6.433333333333334,1.072512
SSD,2014,South Sudan,0.0,1.89,31.69,0,1.4,4.9,13.378239965413098,1.89,-2.5199999999999996,0.0
SSD,2015,South Sudan,4.71,8.21,36.3,0,1.9,5.4,13.672609105982223,3.500000000000001,-0.8133333333333335,3.00027
SSD,2016,South Sudan,0.04,1.94,48.37,0,1.9,3.9,13.339508654989736,1.9,-4.923333333333334,0.020652
SSD,2017,South Sudan,0.65,2.79,41.19,0,1.4,3.0,13.37034930570342,2.14,-6.889999999999999,0.3822650000000001
SSD,2018,South Sudan,0.1,1.77,47.83,0,2.4,1.5,13.746023567992316,1.67,1.9899999999999998,0.05217000000000001
SSD,2019,South Sudan,0.02,1.97,44.6,0,2.4,1.9,13.908927965787164,1.95,-3.716666666666665,0.011080000000000001
SSD,2020,South Sudan,2.34,3.19,41.08,0,3.3,2.4,13.976264615992188,0.8500000000000001,6.186666666666667,1.3787279999999997
SSD,2021,South Sudan,3.8,3.0,38.28,0,3.3,2.9,13.749466658980497,0.0,-0.8733333333333331,2.34536
STP,1996,Sao Tome and Principe,1.09,9.35,82.42,0,84.6,61.0,10.46870362953784,8.26,-2.2199999999999998,0.19162199999999996
STP,1998,Sao Tome and Principe,0.82,12.12,74.3,0,84.6,64.2,10.739101275610317,11.3,0.69,0.21073999999999998
STP,2000,Sao Tome and Principe,0.55,11.07,84.37,1,85.2,64.2,11.104761568406376,10.52,-11.499999999999998,0.085965
STP,2002,Sao Tome and Principe,0.74,10.93,87.53,1,68.3,64.7,11.565443054602412,10.19,4.42,0.09227800000000003
STP,2003,Sao Tome and Principe,0.93,10.33,81.15,1,53.8,56.2,11.583965399792604,9.4,14.58,0.1753049999999999
STP,2004,Sao Tome and Principe,0.81,8.86,86.48,1,64.1,52.9,11.566893344464168,8.049999999999999,0.73,0.109512
STP,2005,Sao Tome and Principe,0.93,9.17,74.99,1,65.0,53.8,11.482247367551484,8.24,9.7,0.2325930000000001
STP,2006,Sao Tome and Principe,0.43,11.37,82.93,1,54.6,55.8,11.776555466516005,10.94,19.44,0.07340099999999998
STP,2007,Sao Tome and Principe,1.23,9.0,79.46,1,58.5,53.8,11.99515579257358,7.77,5.66,0.25264200000000003
STP,2008,Sao Tome and Principe,1.56,9.54,76.77,1,50.0,53.8,12.033045818591397,7.979999999999999,19.83,0.3623880000000001
STP,2009,Sao Tome and Principe,0.22,8.39,86.7,1,49.8,54.5,12.141893206581544,8.17,-0.13999999999999968,0.02926
STP,2010,Sao Tome and Principe,1.04,8.43,54.18,1,50.7,53.6,12.273114000713944,7.39,-0.7000000000000002,0.47652800000000006
STP,2011,Sao Tome and Principe,1.37,9.63,76.77,1,47.9,55.9,12.391226520853827,8.260000000000002,9.19,0.3182510000000001
STP,2012,Sao Tome and Principe,1.09,8.55,83.09,1,45.5,55.9,12.193756967948762,7.460000000000001,2.78,0.18431899999999993
STP,2013,Sao Tome and Principe,5.99,8.81,82.5,1,50.7,54.9,12.253910689910713,2.8200000000000003,3.77,1.0482500000000003
STP,2014,Sao Tome and Principe,1.31,6.22,42.63,1,53.8,58.6,12.37850471212013,4.91,5.63,0.751547
STP,2015,Sao Tome and Principe,1.43,6.77,41.52,1,52.4,57.1,12.2238632500654,5.34,-8.580000000000002,0.8362639999999999
STP,2016,Sao Tome and Principe,5.68,7.75,48.17,1,53.8,57.1,12.293282698615734,2.0700000000000003,-0.8799999999999999,2.9439439999999997
STP,2017,Sao Tome and Principe,1.31,5.5,42.08,1,53.8,56.7,12.259454300274465,4.19,2.7199999999999998,0.758752
STP,2018,Sao Tome and Principe,0.33,6.56,43.56,1,64.2,51.0,12.302620105042724,6.23,0.43000000000000016,0.186252
STP,2019,Sao Tome and Principe,0.63,5.67,46.65,1,61.8,59.9,12.112592335492502,5.04,-0.21999999999999975,0.33610500000000004
STP,2020,Sao Tome and Principe,0.77,5.28,54.7,1,61.8,57.5,12.132151202132729,4.51,-3.3100000000000005,0.34880999999999995
STP,2021,Sao Tome and Principe,1.43,5.86,54.49,1,64.6,58.0,12.263400828291896,4.430000000000001,9.75,0.6507929999999998
SUR,1996,Suriname,2.26,9.68,63.76,1,60.6,48.5,13.279619299543832,7.42,-11.55,0.8190240000000001
SUR,1998,Suriname,5.37,8.9,71.13,0,67.6,55.7,13.175130062818033,3.53,7.746666666666667,1.5503190000000004
SUR,2000,Suriname,3.58,11.33,79.85,1,55.0,61.7,13.274198612943938,7.75,2.02,0.7213700000000001
SUR,2002,Suriname,4.73,9.19,61.91,1,65.1,63.2,13.335001539849166,4.459999999999999,4.84,1.8016570000000003
SUR,2003,Suriname,3.83,7.18,62.88,1,61.8,59.7,13.585914936740648,3.35,18.43,1.4216959999999998
SUR,2004,Suriname,2.87,7.41,79.79,1,55.3,53.8,13.668450301568551,4.54,2.5200000000000005,0.5800269999999998
SUR,2005,Suriname,3.96,7.47,77.07,1,54.9,54.8,13.98094636623193,3.51,19.13,0.9080280000000003
SUR,2006,Suriname,1.31,7.24,77.07,1,45.4,62.0,14.08918141517174,5.93,-1.7699999999999996,0.30038300000000007
SUR,2007,Suriname,1.05,6.16,74.87,1,42.0,65.4,14.216506882583186,5.11,1.52,0.26386499999999996
SUR,2008,Suriname,0.41,6.64,81.32,1,47.6,67.3,14.455344204826764,6.23,11.759999999999998,0.07658800000000003
SUR,2009,Suriname,0.76,5.79,77.54,1,50.2,59.2,14.343226761363653,5.03,3.24,0.17069599999999993
SUR,2010,Suriname,0.52,6.91,83.57,1,50.2,58.8,14.427702075900772,6.390000000000001,0.2699999999999996,0.08543600000000007
SUR,2011,Suriname,0.75,6.78,83.22,1,50.2,59.2,14.529880425685397,6.03,8.26,0.12585000000000005
SUR,2012,Suriname,0.32,6.8,90.79,1,48.3,58.7,14.68819712867928,6.48,2.86,0.029471999999999988
SUR,2013,Suriname,0.56,8.26,89.24,1,52.1,59.2,14.863095537920138,7.699999999999999,15.42,0.060256000000000025
SUR,2014,Suriname,0.44,6.68,88.05,1,56.2,64.5,14.56968409140063,6.239999999999999,-11.04,0.05258000000000002
SUR,2015,Suriname,0.7,7.02,85.66,1,56.2,59.6,14.528232545753731,6.319999999999999,2.11,0.10038000000000005
SUR,2016,Suriname,0.48,6.35,90.88,1,51.9,61.1,14.098311125232966,5.869999999999999,-18.2,0.04377600000000002
SUR,2017,Suriname,0.35,5.18,91.03,1,51.9,60.1,14.287035516900932,4.83,1.4299999999999997,0.031395
SUR,2018,Suriname,0.44,6.97,88.44,1,50.0,57.3,14.384294169825504,6.529999999999999,12.39,0.05086400000000001
SUR,2019,Suriname,0.35,8.25,87.46,1,51.4,59.4,14.472721445752397,7.9,5.87,0.04389000000000002
SUR,2020,Suriname,0.23,6.0,88.22,1,59.4,59.4,14.27011375700992,5.77,-5.35,0.027094000000000003
SUR,2021,Suriname,0.49,5.22,86.45,1,57.5,58.5,14.4136030680746,4.73,-5.08,0.06639499999999998
SVN,1996,Slovenia,7.43,13.7,27.99,1,92.6,87.5,16.01419767304835,6.27,-0.3700000000000001,5.350343
SVN,1998,Slovenia,5.88,13.88,36.69,1,92.6,87.6,16.08186798839697,8.0,3.9,3.722628
SVN,2000,Slovenia,8.87,11.7,29.85,1,77.2,83.1,16.096767492190494,2.83,0.16000000000000014,6.2223049999999995
SVN,2002,Slovenia,8.29,11.02,26.0,1,93.7,85.1,16.172757100587315,2.7300000000000004,3.8,6.134599999999999
SVN,2003,Slovenia,7.51,10.23,34.83,1,93.0,85.6,16.379064080162415,2.7200000000000006,12.57,4.894266999999999
SVN,2004,Slovenia,6.5,9.34,45.01,1,83.5,84.6,16.61759275264175,2.84,12.62,3.5743500000000004
SVN,2005,Slovenia,5.88,9.03,44.7,1,85.9,83.2,16.717713241971794,3.1499999999999995,5.69,3.2516399999999996
SVN,2006,Slovenia,6.08,9.63,48.22,1,87.0,85.1,16.902925493008322,3.5500000000000007,8.29,3.1482240000000004
SVN,2007,Slovenia,5.76,8.13,39.1,1,89.9,83.2,17.15677508269382,2.370000000000001,13.17,3.50784
SVN,2008,Slovenia,5.49,8.06,45.99,1,91.3,80.8,17.308427654145003,2.5700000000000003,7.38,2.9651490000000003
SVN,2009,Slovenia,4.96,7.83,53.75,1,81.0,82.0,16.959377617948313,2.87,-16.14,2.294
SVN,2010,Slovenia,5.18,7.58,51.58,1,77.3,81.5,17.07948647314128,2.4000000000000004,5.48,2.5081559999999996
SVN,2011,Slovenia,4.65,7.64,55.75,1,80.6,81.7,17.270133332442565,2.9899999999999998,8.38,2.0576250000000003
SVN,2012,Slovenia,4.84,7.52,56.44,1,77.3,78.4,17.177623388695984,2.68,-4.68,2.108304
SVN,2013,Slovenia,4.67,7.48,54.04,1,74.4,79.8,17.222794905073474,2.8100000000000005,1.73,2.146332
SVN,2014,Slovenia,5.13,7.12,58.48,1,79.5,75.4,17.28382981228618,1.99,1.1399999999999997,2.129976
SVN,2015,Slovenia,4.48,7.53,59.55,1,80.0,78.3,17.186168262924777,3.05,-7.210000000000001,1.8121600000000004
SVN,2016,Slovenia,5.04,7.99,54.69,1,83.8,80.3,17.23384636848119,2.95,1.5699999999999998,2.283624
SVN,2017,Slovenia,4.19,7.24,65.34,1,76.7,80.8,17.387678570216305,3.05,8.03,1.4522540000000002
SVN,2018,Slovenia,4.27,7.64,63.53,1,78.3,78.6,17.557001640618786,3.37,7.9,1.557269
SVN,2019,Slovenia,8.12,8.84,58.28,1,74.5,78.7,17.569360155366038,0.7200000000000006,2.58,3.387664
SVN,2020,Slovenia,4.79,6.85,58.68,1,69.8,77.3,17.51339209026407,2.06,-2.179999999999999,1.979228
SVN,2021,Slovenia,4.28,6.8,62.36,1,71.2,76.3,17.827785747533486,2.52,15.92,1.610992
SWE,1996,Sweden,9.84,11.27,29.76,1,99.5,95.5,17.919106016888534,1.4299999999999995,2.23,6.911615999999999
SWE,1998,Sweden,9.45,11.53,34.64,1,96.3,98.0,17.963714041553207,2.08,4.22,6.176519999999999
SWE,2000,Sweden,9.66,9.54,34.74,1,94.2,98.5,18.07956376015432,0.0,6.64,6.304116
SWE,2002,Sweden,9.08,9.5,32.21,1,95.8,98.5,18.017432811193373,0.4199999999999999,2.78,6.155332
SWE,2003,Sweden,8.96,9.79,39.2,1,96.5,98.0,18.208802246240733,0.8299999999999983,12.0,5.44768
SWE,2004,Sweden,7.49,7.93,40.14,1,96.6,99.0,18.39429298490273,0.4399999999999995,9.43,4.483514
SWE,2005,Sweden,6.78,8.0,39.27,1,94.7,96.6,18.491111713001143,1.2199999999999998,5.09,4.117494
SWE,2006,Sweden,6.34,7.53,41.29,1,95.7,96.6,18.619853649113704,1.1900000000000004,6.84,3.7222139999999997
SWE,2007,Sweden,6.09,7.15,41.52,1,95.7,98.6,18.798009272608525,1.0600000000000005,9.65,3.561432
SWE,2008,Sweden,5.75,6.99,42.38,1,90.4,98.6,18.87582011355469,1.2400000000000002,5.15,3.3131500000000003
SWE,2009,Sweden,5.47,6.36,44.71,1,87.2,98.6,18.544457010313938,0.8900000000000006,-15.75,3.0243629999999997
SWE,2010,Sweden,5.83,6.52,43.12,1,87.7,98.1,18.707018045404805,0.6899999999999995,11.37,3.3161039999999997
SWE,2011,Sweden,5.43,6.4,43.66,1,92.4,99.5,18.87612755527163,0.9700000000000006,9.05,3.059262
SWE,2012,Sweden,5.29,6.58,47.58,1,90.0,99.5,18.79849302890364,1.29,-3.5700000000000003,2.773018
SWE,2013,Sweden,5.43,6.7,46.18,1,90.0,99.1,18.791238496595827,1.2700000000000005,-1.21,2.9224259999999997
SWE,2014,Sweden,4.95,6.21,51.29,1,88.1,99.5,18.811668019460832,1.2599999999999998,0.52,2.411145
SWE,2015,Sweden,4.79,6.71,50.05,1,79.5,99.5,18.64992004668512,1.92,-7.780000000000001,2.392605
SWE,2016,Sweden,5.25,6.72,46.43,1,87.1,99.5,18.67039841725385,1.4699999999999998,0.98,2.812425
SWE,2017,Sweden,4.8,6.84,56.79,1,80.5,99.5,18.745538377664065,2.04,4.6,2.07408
SWE,2018,Sweden,5.07,7.02,54.48,1,79.2,98.1,18.852213624311304,1.9499999999999995,5.17,2.3078640000000004
SWE,2019,Sweden,5.33,7.45,51.77,1,82.5,99.0,18.78355196081081,2.12,-3.37,2.5706589999999996
SWE,2020,Sweden,5.13,6.85,50.5,1,81.6,97.1,18.727157726638705,1.7199999999999998,-3.04,2.5393499999999998
SWE,2021,Sweden,4.87,6.82,56.44,1,84.4,97.1,18.940357567738577,1.95,11.96,2.121372
SWZ,2000,Eswatini,7.46,27.51,51.91,1,47.1,8.5,12.107694032897172,20.05,10.09,3.587514
SWZ,2002,Eswatini,13.54,17.99,33.57,1,49.2,10.0,11.828026673569031,4.449999999999999,5.88,8.994622
SWZ,2003,Eswatini,24.94,21.16,35.16,1,45.2,7.0,12.32923637923228,0.0,17.06,16.171096000000002
SWZ,2004,Eswatini,29.44,23.26,53.31,1,44.2,7.7,12.326012331720854,0.0,10.21,13.745536
SWZ,2005,Eswatini,21.55,21.27,45.94,1,35.4,8.2,12.240963759094614,0.0,-3.2799999999999994,11.64993
SWZ,2006,Eswatini,22.36,18.24,40.97,1,36.2,12.0,12.260095239488876,0.0,-13.39,13.199108
SWZ,2007,Eswatini,22.66,20.33,42.47,1,44.0,10.1,12.387801109812864,0.0,1.1100000000000003,13.036298
SWZ,2008,Eswatini,23.35,18.89,50.06,1,41.3,11.5,12.78672287879314,0.0,0.7500000000000004,11.66099
SWZ,2009,Eswatini,24.45,19.53,53.0,1,43.6,12.3,12.6712871062439,0.0,6.61,11.491499999999998
SWZ,2010,Eswatini,6.74,16.25,54.5,1,43.1,12.3,14.577020634284793,9.51,18.58,3.0667
SWZ,2011,Eswatini,5.73,16.3,54.74,1,30.8,12.2,14.484740702846304,10.57,21.93,2.593398
SWZ,2012,Eswatini,4.27,18.47,64.57,1,34.6,13.1,14.44875050307464,14.2,-18.2,1.512861
SWZ,2013,Eswatini,4.73,15.64,69.19,1,32.2,13.1,14.392693939552824,10.91,-1.2800000000000002,1.4573130000000003
SWZ,2014,Eswatini,2.87,13.4,72.0,1,29.0,10.3,14.5124971286243,10.53,-5.0,0.8036000000000001
SWZ,2015,Eswatini,2.99,14.19,68.04,1,28.6,9.9,14.28705315863576,11.2,-6.629999999999999,0.9556039999999997
SWZ,2016,Eswatini,14.56,15.19,75.14,1,27.6,8.4,14.22759241370284,0.629999999999999,0.9300000000000002,3.6196160000000006
SWZ,2017,Eswatini,2.79,13.95,74.75,1,35.2,8.9,14.295919130058016,11.16,2.42,0.7044749999999999
SWZ,2018,Eswatini,2.77,17.74,75.11,1,33.0,11.2,14.396045067218,14.97,7.35,0.689453
SWZ,2019,Eswatini,21.12,19.36,73.14,1,37.3,12.6,14.36952961624266,0.0,-0.6799999999999997,5.672832
SWZ,2020,Eswatini,5.7,12.03,71.98,1,46.7,13.0,14.161861390192476,6.329999999999999,-6.4,1.59714
SWZ,2021,Eswatini,6.99,13.92,72.84,1,34.0,14.0,14.425726669381218,6.93,15.0,1.8984839999999996
SYC,1996,Seychelles,0.71,15.48,78.72,1,84.6,54.5,12.551820445088708,14.77,16.68,0.15108799999999997
SYC,1998,Seychelles,1.44,15.68,83.78,1,84.6,54.7,12.527236881726813,14.24,6.22,0.233568
SYC,2000,Seychelles,1.28,19.4,85.66,1,92.1,52.2,12.939974242327011,18.12,-10.699999999999998,0.1835520000000001
SYC,2002,Seychelles,1.51,16.58,77.81,1,77.8,52.2,13.016368282666004,15.07,-6.1,0.335069
SYC,2003,Seychelles,1.78,17.1,76.41,1,68.3,50.7,13.229515814611334,15.320000000000002,29.16,0.419902
SYC,2004,Seychelles,1.88,16.05,83.94,1,68.9,59.1,13.2920309424122,14.170000000000002,11.7,0.30192800000000014
SYC,2005,Seychelles,1.21,14.26,84.45,1,77.2,56.3,13.58592150395495,13.05,15.900000000000002,0.18815499999999996
SYC,2006,Seychelles,1.95,15.99,83.96,1,76.8,50.0,13.63402172635844,14.04,8.65,0.31278000000000017
SYC,2007,Seychelles,1.47,14.92,84.65,1,74.4,49.0,13.910158318417336,13.45,6.59,0.22564499999999996
SYC,2008,Seychelles,1.87,16.08,85.13,1,71.2,47.6,14.108290098720744,14.209999999999996,2.77,0.2780690000000001
SYC,2009,Seychelles,1.5,16.7,88.51,1,66.4,49.3,13.912265003405611,15.2,-10.39,0.17235
SYC,2010,Seychelles,1.41,15.7,87.74,1,76.8,52.1,13.723678891112632,14.29,29.16,0.17286600000000005
SYC,2011,Seychelles,1.76,17.01,88.18,1,75.4,49.8,13.747344098476267,15.250000000000002,20.42,0.20803199999999994
SYC,2012,Seychelles,1.24,15.84,88.65,1,70.1,51.2,13.884697691914385,14.6,-18.2,0.14073999999999992
SYC,2013,Seychelles,0.73,17.6,86.96,1,72.0,49.3,14.08008576111994,16.87,-1.5999999999999996,0.09519200000000005
SYC,2014,Seychelles,0.86,17.36,89.32,1,59.0,47.3,13.902369297472063,16.5,-2.0,0.0918480000000001
SYC,2015,Seychelles,0.9,16.86,86.33,1,67.6,49.8,14.030092281209011,15.96,-18.2,0.12303000000000004
SYC,2016,Seychelles,1.51,15.8,84.66,1,71.0,50.2,13.93281619079317,14.29,25.279999999999998,0.23163399999999998
SYC,2017,Seychelles,1.23,15.57,88.28,1,73.3,53.7,14.017349063997417,14.34,29.16,0.14415599999999995
SYC,2018,Seychelles,1.38,16.44,81.6,1,67.5,53.9,14.158985425973672,15.060000000000002,-18.2,0.25392000000000003
SYC,2019,Seychelles,1.67,15.89,81.99,1,68.4,57.0,14.017201805213524,14.22,-9.239999999999998,0.30076700000000006
SYC,2020,Seychelles,1.48,15.95,72.5,1,70.3,60.4,13.906160176021125,14.47,1.94,0.40700000000000003
SYC,2021,Seychelles,1.64,14.84,79.83,1,70.3,66.2,13.793050048626906,13.2,11.21,0.33078799999999997
SYR,1996,Syrian Arab Republic,1.38,8.84,37.82,0,34.6,11.0,15.266912318223708,7.46,4.3533333333333335,0.858084
SYR,1998,Syrian Arab Republic,2.95,7.63,35.82,0,43.1,7.0,15.305348452529127,4.68,5.026666666666666,1.8933099999999998
SYR,2000,Syrian Arab Republic,2.87,6.44,39.43,0,40.2,5.5,15.565277790914545,3.5700000000000003,9.133333333333333,1.7383590000000002
SYR,2002,Syrian Arab Republic,4.77,7.14,34.78,1,53.4,5.5,15.87024199030692,2.37,-0.7199999999999998,3.110994
SYR,2003,Syrian Arab Republic,2.49,7.51,36.26,1,44.7,6.0,16.021828186803504,5.02,6.71,1.587126
SYR,2004,Syrian Arab Republic,2.58,6.76,44.03,1,35.9,7.2,16.26744834081851,4.18,17.44,1.444026
SYR,2005,Syrian Arab Republic,1.77,6.64,70.14,1,32.5,7.2,16.42051327221976,4.869999999999999,-18.2,0.5285219999999999
SYR,2006,Syrian Arab Republic,1.83,5.99,67.81,1,35.7,4.8,16.537330222722428,4.16,20.61,0.589077
SYR,2007,Syrian Arab Republic,1.73,5.35,69.21,1,33.8,4.3,16.76046768602628,3.62,12.95,0.5326670000000001
SYR,2008,Syrian Arab Republic,1.44,5.53,62.98,1,31.7,4.8,16.96472441469313,4.09,11.15,0.5330880000000001
SYR,2009,Syrian Arab Republic,1.5,5.45,67.65,1,27.5,5.7,16.85593870072743,3.95,-7.640000000000001,0.48524999999999985
SYR,2010,Syrian Arab Republic,1.55,4.06,52.96,1,22.3,4.7,16.984781286215778,2.51,6.64,0.7291200000000001
SYR,2011,Syrian Arab Republic,2.04,4.86,51.14,0,2.8,3.8,16.937173567003615,2.8200000000000003,1.96,0.9967440000000001
SYR,2012,Syrian Arab Republic,4.43,10.62,63.28,0,0.5,3.3,16.120310798705965,6.19,0.8166666666666669,1.6266959999999997
SYR,2013,Syrian Arab Republic,3.49,9.88,61.49,0,0.5,3.3,15.85106534452877,6.390000000000001,4.82,1.3439990000000002
SYR,2014,Syrian Arab Republic,2.68,10.52,69.52,0,0.0,3.4,15.938560834793249,7.84,3.2,0.8168640000000003
SYR,2015,Syrian Arab Republic,2.93,10.57,74.3,0,0.0,3.0,15.669518808562971,7.640000000000001,3.013333333333334,0.7530100000000001
SYR,2016,Syrian Arab Republic,3.64,10.91,68.92,0,0.0,1.5,15.566871319809543,7.27,-0.05333333333333368,1.1313119999999999
SYR,2017,Syrian Arab Republic,6.63,11.67,54.87,0,1.0,2.0,15.759235677294155,5.04,-2.583333333333333,2.992119
SYR,2018,Syrian Arab Republic,4.46,31.37,54.69,0,0.9,1.9,15.891256824266154,26.91,1.7633333333333328,2.0208260000000005
SYR,2019,Syrian Arab Republic,10.59,14.22,53.43,0,0.5,1.4,15.773428631032196,3.630000000000001,1.259999999999999,4.931763
SYR,2020,Syrian Arab Republic,8.06,11.8,55.7,0,0.0,1.4,15.466055887221808,3.74,-2.623333333333334,3.5705799999999996
SYR,2021,Syrian Arab Republic,8.62,12.29,54.03,0,0.5,1.0,15.521171774995514,3.67,1.9733333333333323,3.9626139999999994
TCD,1996,Chad,2.33,4.35,73.92,0,18.1,17.0,11.873139827769478,2.02,4.843333333333334,0.6076640000000001
TCD,1998,Chad,4.5,5.26,62.81,0,11.2,19.9,11.726403091384062,0.7599999999999998,-0.3799999999999999,1.67355
TCD,2000,Chad,1.93,4.21,75.93,0,14.8,19.9,12.236374666661757,2.28,-1.4833333333333325,0.4645509999999998
TCD,2002,Chad,2.23,4.8,84.02,0,10.1,21.4,13.324484865412398,2.57,-7.340000000000003,0.3563540000000001
TCD,2003,Chad,3.0,4.57,84.9,0,10.6,17.4,13.05285545187124,1.5700000000000005,9.870000000000001,0.45299999999999974
TCD,2004,Chad,2.52,3.49,88.54,0,7.3,13.9,13.186811344442,0.9700000000000002,10.98,0.2887919999999998
TCD,2005,Chad,2.2,3.82,79.37,0,8.3,9.1,13.317600567164556,1.6199999999999997,8.606666666666666,0.4538599999999999
TCD,2006,Chad,2.76,3.38,76.32,0,5.8,8.7,13.356745823076457,0.6200000000000001,3.2366666666666672,0.6535680000000003
TCD,2007,Chad,0.13,2.64,82.17,0,5.3,8.7,13.715115339236192,2.51,10.870000000000001,0.023179
TCD,2008,Chad,0.39,3.05,60.97,0,4.3,8.7,13.911467301428532,2.66,10.71,0.152217
TCD,2009,Chad,0.3,2.75,64.02,0,6.2,9.0,14.099922619754116,2.45,0.1200000000000001,0.10794
TCD,2010,Chad,1.16,2.91,56.16,0,9.0,10.4,14.364453201422547,1.7500000000000002,4.023333333333333,0.508544
TCD,2011,Chad,0.54,2.38,71.83,0,11.4,10.8,13.9991815538556,1.84,-1.2266666666666666,0.15211800000000003
TCD,2012,Chad,0.09,2.79,69.52,0,16.6,9.9,13.9522503818143,2.7,-2.126666666666667,0.027432000000000005
TCD,2013,Chad,0.15,2.18,84.04,0,15.6,10.3,14.298166520305688,2.03,-3.156666666666667,0.023939999999999993
TCD,2014,Chad,0.1,1.99,50.14,0,8.1,10.8,14.477793206638632,1.89,0.7400000000000007,0.04986000000000001
TCD,2015,Chad,0.12,2.28,50.54,0,15.7,11.3,14.033737795990652,2.16,-2.5199999999999996,0.059352
TCD,2016,Chad,1.13,2.38,46.8,0,10.5,11.8,13.689721062225644,1.25,-1.339999999999999,0.60116
TCD,2017,Chad,1.76,2.52,55.15,0,9.5,11.8,13.708287753767529,0.76,-1.339999999999999,0.7893600000000001
TCD,2018,Chad,1.34,1.91,51.49,0,8.0,8.7,13.934281070349432,0.5699999999999998,5.05,0.650034
TCD,2019,Chad,0.15,2.54,57.34,0,10.4,9.2,14.031675680586096,2.39,0.30666666666666575,0.06398999999999999
TCD,2020,Chad,0.13,3.2,59.43,0,11.3,11.1,14.064188459215872,3.0700000000000003,-2.663333333333333,0.052740999999999996
TCD,2021,Chad,0.05,2.74,50.9,0,10.4,11.6,14.093712707603672,2.6900000000000004,-8.296666666666667,0.024550000000000002
TGO,1996,Togo,2.56,7.54,27.11,0,33.0,17.5,17.9764881378963,4.98,7.806666666666667,1.865984
TGO,1996,Togo,2.56,7.54,27.11,0,33.0,17.5,17.9764881378963,4.98,9.53,1.865984
TGO,1996,Togo,1.59,16.18,76.97,1,33.0,17.5,13.404937607009154,14.59,9.5,0.36617700000000014
TGO,1996,Togo,1.59,16.18,76.97,1,33.0,17.5,13.404937607009154,14.59,9.53,0.36617700000000014
TGO,1998,Togo,6.81,8.18,16.11,0,26.1,14.4,17.2794326242567,1.37,-7.653333333333332,5.712909
TGO,1998,Togo,6.81,8.18,16.11,0,26.1,14.4,17.2794326242567,1.37,4.28,5.712909
TGO,1998,Togo,2.79,7.58,67.8,1,26.1,14.4,13.424789510030756,4.79,3.7266666666666666,0.8983800000000002
TGO,1998,Togo,2.79,7.58,67.8,1,26.1,14.4,13.424789510030756,4.79,4.28,0.8983800000000002
TGO,2000,Togo,0.79,4.46,38.35,0,35.4,13.4,13.53738808657537,3.67,-12.233333333333334,0.48703500000000005
TGO,2000,Togo,0.79,4.46,38.35,0,35.4,13.4,13.53738808657537,3.67,-18.2,0.48703500000000005
TGO,2000,Togo,11.5,9.31,72.69,1,35.4,13.4,13.887182078664985,0.0,-4.673333333333334,3.14065
TGO,2000,Togo,11.5,9.31,72.69,1,35.4,13.4,13.887182078664985,0.0,-18.2,3.14065
TGO,2002,Togo,0.51,38.5,20.13,0,47.6,10.4,16.79835213788728,37.99,6.713333333333333,0.407337
TGO,2002,Togo,0.51,38.5,20.13,0,47.6,10.4,16.79835213788728,37.99,6.86,0.407337
TGO,2002,Togo,6.64,10.76,60.87,1,47.6,10.4,14.365746832613464,4.12,6.956666666666667,2.598232
TGO,2002,Togo,6.64,10.76,60.87,1,47.6,10.4,14.365746832613464,4.12,6.86,2.598232
TGO,2003,Togo,0.42,4.4,28.71,0,38.2,13.4,15.83059508469996,3.98,8.763333333333335,0.29941799999999996
TGO,2003,Togo,0.42,4.4,28.71,0,38.2,13.4,15.83059508469996,3.98,18.42,0.29941799999999996
TGO,2003,Togo,14.1,9.81,49.94,1,38.2,13.4,14.49053394020572,0.0,16.240000000000002,7.05846
TGO,2003,Togo,14.1,9.81,49.94,1,38.2,13.4,14.49053394020572,0.0,18.42,7.05846
TGO,2004,Togo,0.34,3.82,17.07,0,35.0,13.5,15.742166715709445,3.48,8.763333333333335,0.28196200000000005
TGO,2004,Togo,0.34,3.82,17.07,0,35.0,13.5,15.742166715709445,3.48,-0.9299999999999997,0.28196200000000005
TGO,2004,Togo,7.43,8.96,44.99,1,35.0,13.5,14.630203096649964,1.5300000000000011,6.41,4.087243
TGO,2004,Togo,7.43,8.96,44.99,1,35.0,13.5,14.630203096649964,1.5300000000000011,-0.9299999999999997,4.087243
TGO,2005,Togo,0.27,4.47,17.05,0,8.7,13.0,16.19659057343009,4.199999999999999,12.516666666666667,0.22396500000000003
TGO,2005,Togo,0.27,4.47,17.05,0,8.7,13.0,16.19659057343009,4.199999999999999,3.07,0.22396500000000003
TGO,2005,Togo,8.36,10.25,37.56,1,8.7,13.0,14.812454960374602,1.8900000000000008,8.59,5.219983999999999
TGO,2005,Togo,8.36,10.25,37.56,1,8.7,13.0,14.812454960374602,1.8900000000000008,3.07,5.219983999999999
TGO,2006,Togo,0.22,4.2,27.76,0,29.0,14.9,16.205561957868305,3.98,7.3933333333333335,0.15892799999999999
TGO,2006,Togo,4.55,9.29,62.62,0,29.0,14.9,15.096820702061567,4.739999999999999,16.46333333333333,1.70079
TGO,2007,Togo,0.22,3.65,36.81,0,33.3,17.3,16.262227493137303,3.43,6.386666666666667,0.13901799999999997
TGO,2007,Togo,4.75,8.3,59.26,1,33.3,17.3,15.511313991201124,3.5500000000000007,20.30666666666667,1.93515
TGO,2008,Togo,0.22,4.13,43.39,0,38.5,19.7,16.91270281337505,3.91,16.93,0.12454200000000001
TGO,2008,Togo,0.22,4.13,43.39,0,38.5,19.7,16.91270281337505,3.91,29.16,0.12454200000000001
TGO,2008,Togo,6.25,10.32,59.22,1,38.5,19.7,15.329710836162556,4.07,20.58,2.5487500000000005
TGO,2008,Togo,6.25,10.32,59.22,1,38.5,19.7,15.329710836162556,4.07,29.16,2.5487500000000005
TGO,2009,Togo,0.19,4.14,24.49,0,38.9,20.4,16.511400331193784,3.95,15.076666666666666,0.143469
TGO,2009,Togo,0.19,4.14,24.49,0,38.9,20.4,16.511400331193784,3.95,-11.05,0.143469
TGO,2009,Togo,4.36,7.75,60.56,1,38.9,20.4,15.168986701941392,3.39,-0.1200000000000001,1.719584
TGO,2009,Togo,4.36,7.75,60.56,1,38.9,20.4,15.168986701941392,3.39,-11.05,1.719584
TGO,2010,Togo,0.25,3.74,18.95,0,39.8,20.4,17.48327870256589,3.49,9.64,0.202625
TGO,2010,Togo,0.25,3.74,18.95,0,39.8,20.4,17.48327870256589,3.49,0.5099999999999998,0.202625
TGO,2010,Togo,3.91,7.82,51.65,1,39.8,20.4,15.238815390972023,3.91,-1.0000000000000009,1.8904850000000002
TGO,2010,Togo,3.91,7.82,51.65,1,39.8,20.4,15.238815390972023,3.91,0.5099999999999998,1.8904850000000002
TGO,2011,Togo,0.12,3.87,25.32,0,40.8,23.0,17.715042819031634,3.75,14.346666666666666,0.089616
TGO,2011,Togo,0.12,3.87,25.32,0,40.8,23.0,17.715042819031634,3.75,17.31,0.089616
TGO,2011,Togo,4.35,8.33,62.44,1,40.8,23.0,16.204538968799564,3.98,11.269999999999998,1.63386
TGO,2011,Togo,4.35,8.33,62.44,1,40.8,23.0,16.204538968799564,3.98,17.31,1.63386
TGO,2012,Togo,0.12,3.37,23.44,0,35.5,18.8,17.68579480710782,3.25,7.876666666666667,0.091872
TGO,2012,Togo,0.12,3.37,23.44,0,35.5,18.8,17.68579480710782,3.25,0.28000000000000025,0.091872
TGO,2012,Togo,2.69,6.7,63.07,1,35.5,18.8,16.381913648244034,4.01,3.466666666666667,0.9934169999999999
TGO,2012,Togo,2.69,6.7,63.07,1,35.5,18.8,16.381913648244034,4.01,0.28000000000000025,0.9934169999999999
TGO,2013,Togo,0.11,3.27,23.3,0,36.0,23.5,17.681954886901636,3.16,2.0000000000000004,0.08437
TGO,2013,Togo,0.11,3.27,23.3,0,36.0,23.5,17.681954886901636,3.16,15.100000000000001,0.08437
TGO,2013,Togo,4.31,6.86,61.79,1,36.0,23.5,16.39464815842859,2.5500000000000007,7.763333333333334,1.6468509999999998
TGO,2013,Togo,4.31,6.86,61.79,1,36.0,23.5,16.39464815842859,2.5500000000000007,15.100000000000001,1.6468509999999998
TGO,2014,Togo,0.12,3.36,22.75,0,38.6,26.1,17.613289145586364,3.24,0.6000000000000005,0.09269999999999999
TGO,2014,Togo,0.12,3.36,22.75,0,38.6,26.1,17.613289145586364,3.24,-9.379999999999999,0.09269999999999999
TGO,2014,Togo,6.25,6.42,50.95,1,38.6,26.1,16.667967736542863,0.1699999999999999,-5.08,3.065625
TGO,2014,Togo,6.25,6.42,50.95,1,38.6,26.1,16.667967736542863,0.1699999999999999,-9.379999999999999,3.065625
TGO,2015,Togo,0.12,3.21,22.54,0,38.6,27.6,17.666183467208082,3.09,-9.663333333333334,0.09295199999999999
TGO,2015,Togo,0.12,3.21,22.54,0,38.6,27.6,17.666183467208082,3.09,-3.92,0.09295199999999999
TGO,2015,Togo,4.14,6.28,79.65,1,38.6,27.6,16.438634316907105,2.140000000000001,0.8000000000000003,0.8424899999999995
TGO,2015,Togo,4.14,6.28,79.65,1,38.6,27.6,16.438634316907105,2.140000000000001,-3.92,0.8424899999999995
TGO,2016,Togo,0.1,3.16,20.18,0,39.0,31.5,17.550884790769654,3.06,-3.5199999999999996,0.07982
TGO,2016,Togo,0.1,3.16,20.18,0,39.0,31.5,17.550884790769654,3.06,-3.9299999999999997,0.07982
TGO,2016,Togo,1.91,6.23,82.3,1,39.0,31.5,16.11287892346618,4.32,-0.7466666666666661,0.3380700000000001
TGO,2016,Togo,1.91,6.23,82.3,1,39.0,31.5,16.11287892346618,4.32,-3.9299999999999997,0.3380700000000001
TGO,2017,Togo,0.29,2.79,42.39,0,17.1,29.1,17.80583696464142,2.5,1.4966666666666661,0.167069
TGO,2017,Togo,0.29,2.79,42.39,0,17.1,29.1,17.80583696464142,2.5,-2.83,0.167069
TGO,2017,Togo,0.57,6.51,79.96,1,17.1,29.1,16.306426979510054,5.94,0.4199999999999995,0.114228
TGO,2017,Togo,0.57,6.51,79.96,1,17.1,29.1,16.306426979510054,5.94,-2.83,0.114228
TGO,2018,Togo,0.14,3.31,45.07,0,16.0,26.2,17.883454475205486,3.17,5.58,0.07690200000000001
TGO,2018,Togo,0.14,3.31,45.07,0,16.0,26.2,17.883454475205486,3.17,2.74,0.07690200000000001
TGO,2018,Togo,1.63,5.14,74.08,1,16.0,26.2,16.533154143713684,3.51,4.503333333333334,0.4224959999999999
TGO,2018,Togo,1.63,5.14,74.08,1,16.0,26.2,16.533154143713684,3.51,2.74,0.4224959999999999
TGO,2019,Togo,0.16,3.6,42.49,0,16.5,27.1,17.766491779019315,3.44,-0.4933333333333332,0.09201599999999999
TGO,2019,Togo,0.16,3.6,42.49,0,16.5,27.1,17.766491779019315,3.44,1.75,0.09201599999999999
TGO,2019,Togo,1.2,10.94,75.97,1,16.5,27.1,16.364049750646714,9.74,2.42,0.28835999999999995
TGO,2019,Togo,1.2,10.94,75.97,1,16.5,27.1,16.364049750646714,9.74,1.75,0.28835999999999995
TGO,2020,Togo,0.11,3.65,43.8,0,16.0,28.0,18.05400356444629,3.54,-0.2333333333333334,0.06182000000000001
TGO,2020,Togo,0.11,3.65,43.8,0,16.0,28.0,18.05400356444629,3.54,10.24,0.06182000000000001
TGO,2020,Togo,3.55,8.28,81.33,1,16.0,28.0,16.355875769606552,4.73,3.6700000000000004,0.6627849999999998
TGO,2020,Togo,3.55,8.28,81.33,1,16.0,28.0,16.355875769606552,4.73,10.24,0.6627849999999998
TGO,2021,Togo,0.22,3.26,36.0,0,22.2,26.6,18.26391881905694,3.04,13.786666666666667,0.1408
TGO,2021,Togo,0.22,3.26,36.0,0,22.2,26.6,18.26391881905694,3.04,14.82,0.1408
TGO,2021,Togo,3.45,7.2,80.21,1,22.2,26.6,16.55376223888894,3.75,11.566666666666666,0.6827550000000003
TGO,2021,Togo,3.45,7.2,80.21,1,22.2,26.6,16.55376223888894,3.75,14.82,0.6827550000000003
THA,1996,Thailand,17.05,10.51,22.84,0,61.7,60.5,15.038370491233865,0.0,6.996666666666666,13.155780000000002
THA,1996,Thailand,17.05,10.51,22.84,0,61.7,60.5,15.038370491233865,0.0,1.08,13.155780000000002
THA,1996,Thailand,11.69,13.26,32.68,1,61.7,60.5,17.89792309250179,1.5700000000000005,2.24,7.869708
THA,1996,Thailand,11.69,13.26,32.68,1,61.7,60.5,17.89792309250179,1.5700000000000005,1.08,7.869708
THA,1998,Thailand,8.49,10.45,26.63,0,68.1,60.2,14.91310052757562,1.959999999999999,-4.27,6.229113
THA,1998,Thailand,8.49,10.45,26.63,0,68.1,60.2,14.91310052757562,1.959999999999999,-17.639999999999997,6.229113
THA,1998,Thailand,10.96,12.61,32.41,1,68.1,60.2,17.47027998815646,1.6499999999999986,-11.726666666666667,7.407864000000001
THA,1998,Thailand,10.96,12.61,32.41,1,68.1,60.2,17.47027998815646,1.6499999999999986,-17.639999999999997,7.407864000000001
THA,2000,Thailand,5.97,8.99,26.87,0,65.1,63.2,15.412446867997886,3.0200000000000005,5.859999999999999,4.365861
THA,2000,Thailand,5.97,8.99,26.87,0,65.1,63.2,15.412446867997886,3.0200000000000005,10.940000000000001,4.365861
THA,2000,Thailand,10.23,11.96,32.32,1,65.1,63.2,17.893003783773743,1.7300000000000004,7.806666666666667,6.923664000000001
THA,2000,Thailand,10.23,11.96,32.32,1,65.1,63.2,17.893003783773743,1.7300000000000004,10.940000000000001,6.923664000000001
THA,2002,Thailand,5.62,7.99,33.09,0,65.6,57.7,15.272895030824548,2.37,5.363333333333333,3.760342
THA,2002,Thailand,5.62,7.99,33.09,0,65.6,57.7,15.272895030824548,2.37,2.14,3.760342
THA,2002,Thailand,9.73,11.88,32.15,1,65.6,57.7,17.92916463311119,2.1500000000000004,1.92,6.601805000000001
THA,2002,Thailand,9.73,11.88,32.15,1,65.6,57.7,17.92916463311119,2.1500000000000004,2.14,6.601805000000001
THA,2003,Thailand,5.74,8.17,30.08,0,39.2,55.7,15.730242348518807,2.43,5.363333333333333,4.013408
THA,2003,Thailand,5.74,8.17,30.08,0,39.2,55.7,15.730242348518807,2.43,8.3,4.013408
THA,2003,Thailand,9.3,10.96,34.17,1,39.2,55.7,18.046401501369992,1.66,7.183333333333334,6.122190000000001
THA,2003,Thailand,9.3,10.96,34.17,1,39.2,55.7,18.046401501369992,1.66,8.3,6.122190000000001
THA,2004,Thailand,4.76,6.76,38.84,0,22.8,54.8,15.07837603809482,2.0,7.039999999999999,2.9112159999999996
THA,2004,Thailand,4.76,6.76,38.84,0,22.8,54.8,15.07837603809482,2.0,11.58,2.9112159999999996
THA,2004,Thailand,9.02,10.34,38.35,1,22.8,54.8,18.303183702595717,1.3200000000000005,11.31,5.56083
THA,2004,Thailand,9.02,10.34,38.35,1,22.8,54.8,18.303183702595717,1.3200000000000005,11.58,5.56083
THA,2005,Thailand,4.39,7.15,41.38,1,21.8,46.6,15.491152002760128,2.7600000000000007,11.969999999999999,2.573418
THA,2005,Thailand,4.39,7.15,41.38,1,21.8,46.6,15.491152002760128,2.7600000000000007,11.88,2.573418
THA,2005,Thailand,7.78,9.5,35.46,1,21.8,46.6,18.44670596939041,1.7199999999999998,6.933333333333334,5.021212
THA,2005,Thailand,7.78,9.5,35.46,1,21.8,46.6,18.44670596939041,1.7199999999999998,11.88,5.021212
THA,2006,Thailand,3.64,6.84,32.9,1,15.0,26.9,16.008140310799366,3.2,6.63,2.4424400000000004
THA,2006,Thailand,3.64,6.84,32.9,1,15.0,26.9,16.008140310799366,3.2,4.32,2.4424400000000004
THA,2006,Thailand,7.13,9.03,38.64,1,15.0,26.9,18.53752459346704,1.8999999999999997,6.63,4.374967999999999
THA,2006,Thailand,7.13,9.03,38.64,1,15.0,26.9,18.53752459346704,1.8999999999999997,4.32,4.374967999999999
THA,2007,Thailand,4.13,5.85,33.41,1,14.5,31.7,15.62062839556791,1.7199999999999998,6.43,2.7501670000000003
THA,2007,Thailand,4.13,5.85,33.41,1,14.5,31.7,15.62062839556791,1.7199999999999998,5.74,2.7501670000000003
THA,2007,Thailand,6.74,8.85,40.37,1,14.5,31.7,18.65636642450672,2.1099999999999994,6.43,4.019062000000001
THA,2007,Thailand,6.74,8.85,40.37,1,14.5,31.7,18.65636642450672,2.1099999999999994,5.74,4.019062000000001
THA,2008,Thailand,4.04,11.83,37.28,1,12.5,30.8,16.87302584049809,7.79,11.7,2.533888
THA,2008,Thailand,4.04,11.83,37.28,1,12.5,30.8,16.87302584049809,7.79,11.46,2.533888
THA,2008,Thailand,7.13,9.18,39.58,1,12.5,30.8,18.828935011868783,2.05,11.7,4.307946
THA,2008,Thailand,7.13,9.18,39.58,1,12.5,30.8,18.828935011868783,2.05,11.46,4.307946
THA,2009,Thailand,3.54,5.44,37.84,0,10.0,33.2,15.544130324585112,1.9000000000000004,0.6966666666666659,2.2004639999999998
THA,2009,Thailand,3.54,5.44,37.84,0,10.0,33.2,15.544130324585112,1.9000000000000004,-13.46,2.2004639999999998
THA,2009,Thailand,6.68,8.65,42.67,1,10.0,33.2,18.58656404701815,1.9700000000000009,-11.203333333333331,3.829643999999999
THA,2009,Thailand,6.68,8.65,42.67,1,10.0,33.2,18.58656404701815,1.9700000000000009,-13.46,3.829643999999999
THA,2010,Thailand,3.44,5.17,37.12,0,9.5,32.7,15.121828744197272,1.73,-0.7433333333333332,2.163072
THA,2010,Thailand,3.44,5.17,37.12,0,9.5,32.7,15.121828744197272,1.73,16.77,2.163072
THA,2010,Thailand,6.86,8.59,33.48,1,9.5,32.7,18.917624584447616,1.7299999999999995,14.18,4.563272
THA,2010,Thailand,6.86,8.59,33.48,1,9.5,32.7,18.917624584447616,1.7299999999999995,16.77,4.563272
THA,2011,Thailand,9.01,4.83,8.86,0,14.2,33.8,0.0,0.0,1.29,8.211713999999999
THA,2011,Thailand,9.01,4.83,8.86,0,14.2,33.8,0.0,0.0,11.92,8.211713999999999
THA,2011,Thailand,6.81,8.71,42.6,1,14.2,33.8,19.09494492640356,1.9000000000000008,8.813333333333333,3.9089400000000003
THA,2011,Thailand,6.81,8.71,42.6,1,14.2,33.8,19.09494492640356,1.9000000000000008,11.92,3.9089400000000003
THA,2012,Thailand,6.51,8.68,44.11,1,13.3,36.6,19.20150576108091,2.17,4.09,3.6384389999999995
THA,2013,Thailand,7.1,9.08,45.2,1,10.0,34.3,19.210217460011734,1.9800000000000004,0.6299999999999999,3.8908
THA,2014,Thailand,6.47,8.41,36.93,1,16.2,23.2,19.135021308130973,1.9400000000000004,-4.65,4.080629
THA,2015,Thailand,7.21,8.89,37.43,1,14.8,22.2,19.06181117486252,1.6800000000000006,-5.710000000000001,4.511296999999999
THA,2016,Thailand,7.19,8.45,35.56,1,14.3,21.7,19.041530820485203,1.259999999999999,-2.1099999999999994,4.633236
THA,2017,Thailand,6.32,8.35,38.79,1,19.0,21.2,19.162421593758832,2.03,6.8,3.8684720000000006
THA,2018,Thailand,6.64,8.47,38.99,1,19.3,19.9,19.25901214996517,1.830000000000001,4.476666666666667,4.051063999999999
THA,2018,Thailand,6.64,8.47,38.99,1,19.3,19.9,19.25901214996517,1.830000000000001,6.06,4.051063999999999
THA,2019,Thailand,6.45,8.65,37.91,1,27.8,23.7,19.208026027051503,2.2,-6.719999999999999,4.004805
THA,2020,Thailand,5.67,7.81,39.24,1,25.9,26.1,19.103553719309005,2.14,-2.12,3.4450919999999994
THA,2021,Thailand,5.9,7.94,41.79,1,25.5,27.5,19.35323800913248,2.04,13.64,3.4343900000000005
TJK,1996,Tajikistan,5.14,9.68,14.87,0,3.2,4.0,12.802355311433,4.54,2.1433333333333335,4.375681999999999
TJK,1998,Tajikistan,3.79,7.19,22.05,0,5.9,7.5,12.85883474131923,3.4000000000000004,5.74,2.9543049999999997
TJK,2000,Tajikistan,4.72,7.83,27.17,1,7.4,10.4,12.93890492659121,3.1100000000000003,3.6399999999999997,3.4375759999999995
TJK,2002,Tajikistan,4.41,7.51,25.33,0,19.6,15.4,12.923511407058545,3.1,-4.946666666666667,3.2929470000000003
TJK,2003,Tajikistan,4.3,6.12,32.15,0,18.1,15.9,13.487177476373404,1.8200000000000005,4.653333333333333,2.91755
TJK,2004,Tajikistan,4.8,5.51,43.02,0,12.1,14.4,13.726632053521982,0.71,5.58,2.7350399999999997
TJK,2005,Tajikistan,5.05,6.4,42.79,0,10.7,11.1,13.963993000788443,1.3500000000000003,12.570000000000002,2.8891050000000003
TJK,2006,Tajikistan,5.08,5.26,48.69,0,11.1,9.1,14.318912955636373,0.1799999999999997,3.2366666666666664,2.606548
TJK,2007,Tajikistan,5.58,5.53,54.0,0,22.2,10.6,14.605349095881722,0.0,6.016666666666667,2.5667999999999997
TJK,2008,Tajikistan,3.8,5.78,64.01,0,18.3,10.1,15.095631990174708,1.9800000000000004,10.71,1.3676199999999998
TJK,2009,Tajikistan,2.51,6.05,58.34,0,16.1,10.4,14.820923329810986,3.54,-0.1200000000000001,1.0456659999999998
TJK,2010,Tajikistan,2.45,5.87,59.49,0,15.6,8.5,15.0272348328666,3.42,-4.556666666666667,0.9924950000000001
TJK,2011,Tajikistan,2.38,5.21,62.56,0,16.6,9.9,15.27717308578765,2.83,-3.753333333333332,0.8910719999999999
TJK,2012,Tajikistan,3.3,5.73,61.95,0,12.3,8.5,15.24847098609849,2.4300000000000006,-2.2333333333333343,1.2556499999999997
TJK,2013,Tajikistan,3.47,5.66,65.96,0,13.3,6.1,15.360158083945397,2.19,3.8933333333333335,1.1811880000000001
TJK,2014,Tajikistan,2.61,5.9,65.76,0,23.3,6.9,15.519128040395143,3.2900000000000005,5.16,0.8936639999999998
TJK,2015,Tajikistan,3.12,5.84,59.26,0,18.6,5.9,15.185073153013477,2.72,-4.983333333333334,1.271088
TJK,2016,Tajikistan,3.33,5.13,66.42,1,20.0,5.9,15.148686046183832,1.7999999999999998,-0.8899999999999997,1.118214
TJK,2017,Tajikistan,3.24,5.05,59.26,1,22.9,4.9,15.125446556700709,1.81,-4.34,1.319976
TJK,2018,Tajikistan,3.82,5.5,50.08,1,19.8,4.9,15.18718596854086,1.6800000000000002,6.42,1.9069439999999998
TJK,2019,Tajikistan,3.73,6.69,47.82,1,26.4,3.9,15.257314757965302,2.9600000000000004,2.91,1.946314
TJK,2020,Tajikistan,1.82,5.68,50.41,1,26.9,3.9,15.132445741229512,3.86,-2.869999999999999,0.9025380000000001
TJK,2021,Tajikistan,2.72,5.35,54.3,1,23.6,3.4,15.446051929677012,2.6299999999999994,15.89,1.2430400000000004
TKM,1996,Turkmenistan,9.54,16.87,43.35,1,61.2,6.5,17.370727063371994,7.330000000000002,6.136666666666667,5.4044099999999995
TKM,1996,Turkmenistan,9.54,16.87,43.35,1,61.2,6.5,17.370727063371994,7.330000000000002,9.65,5.4044099999999995
TKM,1996,Turkmenistan,3.26,15.31,25.88,0,61.2,6.5,13.831264303511643,12.05,8.23,2.416312
TKM,1996,Turkmenistan,3.26,15.31,25.88,0,61.2,6.5,13.831264303511643,12.05,9.65,2.416312
TKM,1998,Turkmenistan,13.15,16.34,27.42,1,53.7,5.0,17.49878739745223,3.1899999999999995,-7.73,9.544270000000001
TKM,1998,Turkmenistan,13.15,16.34,27.42,1,53.7,5.0,17.49878739745223,3.1899999999999995,-2.79,9.544270000000001
TKM,1998,Turkmenistan,1.54,8.31,30.52,1,53.7,5.0,13.478588170040164,6.7700000000000005,-7.73,1.069992
TKM,1998,Turkmenistan,1.54,8.31,30.52,1,53.7,5.0,13.478588170040164,6.7700000000000005,-2.79,1.069992
TKM,2000,Turkmenistan,8.9,15.37,59.0,1,44.4,4.0,18.166177126538223,6.469999999999999,9.899999999999999,3.6490000000000005
TKM,2000,Turkmenistan,8.9,15.37,59.0,1,44.4,4.0,18.166177126538223,6.469999999999999,15.74,3.6490000000000005
TKM,2000,Turkmenistan,2.83,7.41,35.43,1,44.4,4.0,13.997433168523091,4.58,9.899999999999999,1.8273309999999998
TKM,2000,Turkmenistan,2.83,7.41,35.43,1,44.4,4.0,13.997433168523091,4.58,15.74,1.8273309999999998
TKM,2002,Turkmenistan,11.63,17.2,46.95,1,48.1,1.5,18.056873524699423,5.569999999999999,9.09,6.169715
TKM,2002,Turkmenistan,11.63,17.2,46.95,1,48.1,1.5,18.056873524699423,5.569999999999999,11.59,6.169715
TKM,2002,Turkmenistan,0.89,35.96,33.51,0,48.1,1.5,14.165512750533145,35.07,6.713333333333333,0.5917610000000001
TKM,2002,Turkmenistan,0.89,35.96,33.51,0,48.1,1.5,14.165512750533145,35.07,11.59,0.5917610000000001
TKM,2003,Turkmenistan,8.82,14.48,53.04,1,43.7,1.0,18.37383260866353,5.66,15.393333333333334,4.141872
TKM,2003,Turkmenistan,8.82,14.48,53.04,1,43.7,1.0,18.37383260866353,5.66,15.98,4.141872
TKM,2003,Turkmenistan,3.53,7.08,49.94,0,43.7,1.0,14.458811459862153,3.5500000000000003,3.0233333333333325,1.767118
TKM,2003,Turkmenistan,3.53,7.08,49.94,0,43.7,1.0,14.458811459862153,3.5500000000000003,15.98,1.767118
TKM,2004,Turkmenistan,7.04,13.27,63.57,1,41.3,1.0,18.71723561194936,6.23,14.67,2.564672
TKM,2004,Turkmenistan,7.04,13.27,63.57,1,41.3,1.0,18.71723561194936,6.23,18.61,2.564672
TKM,2004,Turkmenistan,2.56,5.38,40.83,0,41.3,1.0,14.819444088439468,2.82,11.326666666666668,1.514752
TKM,2004,Turkmenistan,2.56,5.38,40.83,0,41.3,1.0,14.819444088439468,2.82,18.61,1.514752
TKM,2005,Turkmenistan,7.72,13.35,59.42,1,48.1,1.4,18.853324472783413,5.63,12.453333333333333,3.1327759999999993
TKM,2005,Turkmenistan,7.72,13.35,59.42,1,48.1,1.4,18.853324472783413,5.63,9.42,3.1327759999999993
TKM,2005,Turkmenistan,1.99,5.36,36.96,0,48.1,1.4,14.726654053516851,3.37,13.526666666666667,1.254496
TKM,2005,Turkmenistan,1.99,5.36,36.96,0,48.1,1.4,14.726654053516851,3.37,9.42,1.254496
TKM,2006,Turkmenistan,7.31,12.97,60.27,1,39.1,1.0,19.00730859029465,5.660000000000001,9.71,2.904263
TKM,2006,Turkmenistan,7.31,12.97,60.27,1,39.1,1.0,19.00730859029465,5.660000000000001,9.33,2.904263
TKM,2006,Turkmenistan,0.85,4.68,51.3,0,39.1,1.0,14.64992436568453,3.83,13.826666666666668,0.41395
TKM,2006,Turkmenistan,0.85,4.68,51.3,0,39.1,1.0,14.64992436568453,3.83,9.33,0.41395
TKM,2007,Turkmenistan,6.07,11.97,62.17,1,53.1,1.0,19.167690348139296,5.9,9.563333333333333,2.296281
TKM,2007,Turkmenistan,6.07,11.97,62.17,1,53.1,1.0,19.167690348139296,5.9,10.38,2.296281
TKM,2007,Turkmenistan,1.38,4.1,58.72,0,53.1,1.0,14.88923036356924,2.72,10.003333333333334,0.5696640000000001
TKM,2007,Turkmenistan,1.38,4.1,58.72,0,53.1,1.0,14.88923036356924,2.72,10.38,0.5696640000000001
TKM,2008,Turkmenistan,6.15,11.29,61.59,1,63.9,1.4,19.34545800416017,5.139999999999999,0.9633333333333338,2.362215
TKM,2008,Turkmenistan,6.15,11.29,61.59,1,63.9,1.4,19.34545800416017,5.139999999999999,8.98,2.362215
TKM,2008,Turkmenistan,0.88,4.59,63.31,0,63.9,1.4,15.397920885681096,3.71,10.58666666666667,0.322872
TKM,2008,Turkmenistan,0.88,4.59,63.31,0,63.9,1.4,15.397920885681096,3.71,8.98,0.322872
TKM,2009,Turkmenistan,6.38,11.03,61.5,1,62.1,1.9,19.030835483098624,4.65,2.416666666666667,2.4563
TKM,2009,Turkmenistan,6.38,11.03,61.5,1,62.1,1.9,19.030835483098624,4.65,-16.47,2.4563
TKM,2009,Turkmenistan,1.0,4.85,64.34,0,62.1,1.9,15.706046726517602,3.85,-5.636666666666667,0.3565999999999999
TKM,2009,Turkmenistan,1.0,4.85,64.34,0,62.1,1.9,15.706046726517602,3.85,-16.47,0.3565999999999999
TKM,2010,Turkmenistan,6.42,11.35,62.61,1,55.5,1.9,19.27904147836424,4.93,4.066666666666666,2.400438
TKM,2010,Turkmenistan,6.42,11.35,62.61,1,55.5,1.9,19.27904147836424,4.93,14.739999999999998,2.400438
TKM,2010,Turkmenistan,1.28,4.66,62.36,0,55.5,1.9,15.57521909138064,3.38,6.736666666666666,0.48179199999999994
TKM,2010,Turkmenistan,1.28,4.66,62.36,0,55.5,1.9,15.57521909138064,3.38,14.739999999999998,0.48179199999999994
TKM,2011,Turkmenistan,6.11,10.53,60.9,1,55.0,0.9,19.512183485275244,4.419999999999999,9.256666666666666,2.3890100000000003
TKM,2011,Turkmenistan,6.11,10.53,60.9,1,55.0,0.9,19.512183485275244,4.419999999999999,13.93,2.3890100000000003
TKM,2011,Turkmenistan,0.45,4.19,62.05,0,55.0,0.9,15.916130927825613,3.74,14.33,0.17077500000000004
TKM,2011,Turkmenistan,0.45,4.19,62.05,0,55.0,0.9,15.916130927825613,3.74,13.93,0.17077500000000004
TKM,2012,Turkmenistan,5.51,10.16,62.15,1,60.2,0.0,19.478789815063223,4.65,6.013333333333333,2.085535
TKM,2012,Turkmenistan,5.51,10.16,62.15,1,60.2,0.0,19.478789815063223,4.65,-0.9000000000000004,2.085535
TKM,2012,Turkmenistan,1.66,4.5,69.73,0,60.2,0.0,16.150766074072802,2.84,5.093333333333333,0.5024819999999999
TKM,2012,Turkmenistan,1.66,4.5,69.73,0,60.2,0.0,16.150766074072802,2.84,-0.9000000000000004,0.5024819999999999
TKM,2013,Turkmenistan,5.62,10.38,61.81,1,55.9,0.5,19.55924629213973,4.760000000000001,0.7466666666666666,2.146278
TKM,2013,Turkmenistan,5.62,10.38,61.81,1,55.9,0.5,19.55924629213973,4.760000000000001,5.01,2.146278
TKM,2013,Turkmenistan,1.23,4.58,67.56,0,55.9,0.5,16.16844614860266,3.35,5.816666666666666,0.39901200000000003
TKM,2013,Turkmenistan,1.23,4.58,67.56,0,55.9,0.5,16.16844614860266,3.35,5.01,0.39901200000000003
TKM,2014,Turkmenistan,5.14,9.84,64.58,1,49.0,0.0,19.52946037385258,4.7,-1.543333333333334,1.8205880000000003
TKM,2014,Turkmenistan,5.14,9.84,64.58,1,49.0,0.0,19.52946037385258,4.7,-1.87,1.8205880000000003
TKM,2014,Turkmenistan,0.21,3.47,68.48,0,49.0,0.0,16.213210903583757,3.26,2.3266666666666667,0.06619199999999999
TKM,2014,Turkmenistan,0.21,3.47,68.48,0,49.0,0.0,16.213210903583757,3.26,-1.87,0.06619199999999999
TKM,2015,Turkmenistan,4.76,10.4,66.16,1,43.3,0.0,19.38389539797292,5.640000000000001,-4.116666666666665,1.610784
TKM,2015,Turkmenistan,4.76,10.4,66.16,1,43.3,0.0,19.38389539797292,5.640000000000001,-7.77,1.610784
TKM,2015,Turkmenistan,0.3,3.5,67.74,0,43.3,0.0,15.879375343189857,3.2,-7.929999999999998,0.09677999999999999
TKM,2015,Turkmenistan,0.3,3.5,67.74,0,43.3,0.0,15.879375343189857,3.2,-7.77,0.09677999999999999
TKM,2016,Turkmenistan,4.9,9.93,66.15,1,38.6,0.5,19.36966473349693,5.029999999999999,-0.6066666666666665,1.6586499999999997
TKM,2016,Turkmenistan,4.9,9.93,66.15,1,38.6,0.5,19.36966473349693,5.029999999999999,-2.71,1.6586499999999997
TKM,2016,Turkmenistan,1.71,3.4,42.69,0,38.6,0.5,15.75641812494544,1.69,-5.616666666666667,0.9800009999999999
TKM,2016,Turkmenistan,1.71,3.4,42.69,0,38.6,0.5,15.75641812494544,1.69,-2.71,0.9800009999999999
TKM,2017,Turkmenistan,5.24,10.09,65.18,1,40.0,1.0,19.52469678896147,4.85,1.4500000000000002,1.8245679999999997
TKM,2017,Turkmenistan,5.24,10.09,65.18,1,40.0,1.0,19.52469678896147,4.85,8.66,1.8245679999999997
TKM,2017,Turkmenistan,2.47,5.06,41.61,0,40.0,1.0,15.519259833369382,2.5899999999999994,-8.31,1.4422330000000003
TKM,2017,Turkmenistan,2.47,5.06,41.61,0,40.0,1.0,15.519259833369382,2.5899999999999994,8.66,1.4422330000000003
TKM,2018,Turkmenistan,5.39,10.09,65.22,1,45.8,1.0,19.49102640565275,4.7,0.8166666666666673,1.874642
TKM,2018,Turkmenistan,5.39,10.09,65.22,1,45.8,1.0,19.49102640565275,4.7,-1.5999999999999996,1.874642
TKM,2018,Turkmenistan,1.64,3.46,43.25,0,45.8,1.0,15.03713746256608,1.82,0.9099999999999997,0.9307
TKM,2018,Turkmenistan,1.64,3.46,43.25,0,45.8,1.0,15.03713746256608,1.82,-1.5999999999999996,0.9307
TKM,2019,Turkmenistan,6.17,10.5,62.14,1,40.6,1.0,19.40385944190561,4.33,-1.3499999999999996,2.3359620000000003
TKM,2019,Turkmenistan,6.17,10.5,62.14,1,40.6,1.0,19.40385944190561,4.33,-4.609999999999999,2.3359620000000003
TKM,2019,Turkmenistan,0.39,3.52,41.94,0,40.6,1.0,15.12921698685342,3.13,-0.043333333333333,0.226434
TKM,2019,Turkmenistan,0.39,3.52,41.94,0,40.6,1.0,15.12921698685342,3.13,-4.609999999999999,0.226434
TKM,2020,Turkmenistan,5.9,10.11,58.83,1,41.0,1.0,19.41062236593416,4.209999999999999,2.916666666666666,2.4290300000000005
TKM,2020,Turkmenistan,5.9,10.11,58.83,1,41.0,1.0,19.41062236593416,4.209999999999999,2.16,2.4290300000000005
TKM,2020,Turkmenistan,0.31,3.61,52.34,0,41.0,1.0,15.15298114659998,3.3,-0.043333333333333,0.14774599999999996
TKM,2020,Turkmenistan,0.31,3.61,52.34,0,41.0,1.0,15.15298114659998,3.3,2.16,0.14774599999999996
TKM,2021,Turkmenistan,5.51,9.56,62.52,1,34.9,1.4,19.617286753958727,4.050000000000001,0.6166666666666667,2.065148
TKM,2021,Turkmenistan,5.51,9.56,62.52,1,34.9,1.4,19.617286753958727,4.050000000000001,11.2,2.065148
TKM,2021,Turkmenistan,0.68,3.49,49.73,0,34.9,1.4,15.474009727342647,2.81,17.18,0.34183600000000003
TKM,2021,Turkmenistan,0.68,3.49,49.73,0,34.9,1.4,15.474009727342647,2.81,11.2,0.34183600000000003
TON,2004,Tonga,3.33,15.41,68.6,1,74.8,42.8,11.41661014017689,12.08,6.12,1.0456200000000002
TON,2005,Tonga,2.61,15.68,70.05,1,67.0,49.0,11.516451541050778,13.07,7.18,0.7816949999999999
TON,2006,Tonga,6.48,15.12,62.54,1,59.9,46.2,11.632037128720391,8.639999999999999,-1.5999999999999996,2.4274080000000002
TON,2007,Tonga,4.65,14.0,71.81,1,53.6,41.3,11.682927277733995,9.35,10.62,1.3108349999999998
TON,2008,Tonga,2.26,12.22,63.25,1,55.3,46.6,11.850032714213956,9.96,7.88,0.83055
TON,2009,Tonga,7.52,12.12,46.44,1,52.1,46.4,11.54672584152788,4.6,-6.640000000000001,4.027712
TON,2010,Tonga,3.97,13.18,60.62,1,69.7,56.4,11.895652204708275,9.21,4.78,1.5633860000000002
TON,2011,Tonga,3.2,11.5,40.91,1,75.8,56.8,12.132448871518225,8.3,10.23,1.8908800000000001
TON,2012,Tonga,6.31,12.39,45.84,1,74.9,58.2,12.135070775212949,6.080000000000001,1.6,3.4174959999999994
TON,2013,Tonga,5.58,12.53,56.83,1,77.3,62.9,12.240494555129516,6.949999999999999,-0.29000000000000004,2.408886
TON,2014,Tonga,4.46,10.75,56.46,1,76.7,69.5,12.215798792840246,6.29,4.97,1.941884
TON,2015,Tonga,2.98,13.1,63.67,0,75.7,70.9,12.101930553958825,10.12,-3.01,1.0826339999999999
TON,2016,Tonga,3.45,13.78,58.45,0,78.6,69.0,12.2891100492374,10.329999999999998,-3.009999999999999,1.433475
TON,2017,Tonga,4.01,13.05,62.36,0,72.9,68.0,12.142815276699736,9.04,0.69,1.5093639999999997
TON,2018,Tonga,5.62,10.92,57.54,0,75.0,70.4,12.272632466214732,5.3,0.9766666666666666,2.386252
TON,2019,Tonga,1.38,9.75,70.15,0,85.8,67.1,12.289841433505746,8.370000000000001,7.563333333333334,0.41192999999999996
TON,2020,Tonga,2.78,12.73,57.47,0,87.3,69.6,12.161096722884173,9.95,-0.043333333333333,1.182334
TON,2021,Tonga,2.4,12.91,35.22,0,88.2,72.0,12.373638960519443,10.51,-1.3466666666666667,1.5547199999999999
TTO,1996,Trinidad and Tobago,11.77,12.57,24.26,1,57.4,68.5,14.346906531898869,0.8000000000000007,13.09,8.914598
TTO,1998,Trinidad and Tobago,15.12,15.76,55.76,1,61.7,72.1,14.616161388528177,0.6400000000000006,-0.79,6.689088
TTO,2000,Trinidad and Tobago,6.82,8.5,36.88,1,52.4,65.7,15.002880035749246,1.6799999999999995,9.81,4.304784
TTO,2002,Trinidad and Tobago,4.68,13.1,35.69,1,44.4,65.7,14.910373764264136,8.42,-3.59,3.009708
TTO,2003,Trinidad and Tobago,4.72,6.61,37.83,1,37.7,66.2,15.168944650946628,1.8900000000000008,3.77,2.934424
TTO,2004,Trinidad and Tobago,2.62,5.18,56.61,1,43.2,67.3,15.570661189986136,2.56,11.14,1.1368179999999999
TTO,2005,Trinidad and Tobago,2.03,5.3,62.38,1,42.2,66.8,15.38879845558155,3.27,8.13,0.7636859999999999
TTO,2006,Trinidad and Tobago,1.21,5.28,86.77,1,39.6,66.8,15.469096350105836,4.07,6.66,0.1600830000000001
TTO,2007,Trinidad and Tobago,1.81,5.2,80.26,1,38.2,64.9,15.632199338596594,3.39,8.76,0.35729399999999983
TTO,2008,Trinidad and Tobago,0.67,5.04,84.74,1,39.9,63.5,16.021992133444837,4.37,11.88,0.10224200000000006
TTO,2009,Trinidad and Tobago,1.57,4.46,56.73,1,40.3,64.0,15.68071049101669,2.89,-14.84,0.6793390000000001
TTO,2010,Trinidad and Tobago,1.98,4.17,58.86,1,44.1,64.0,15.58340488323867,2.19,-3.4800000000000004,0.814572
TTO,2011,Trinidad and Tobago,1.7,5.38,62.87,1,50.7,63.8,15.860649944030488,3.68,20.92,0.6312100000000002
TTO,2012,Trinidad and Tobago,0.88,4.07,90.22,1,49.8,63.8,15.841099600388857,3.1900000000000004,10.68,0.086064
TTO,2013,Trinidad and Tobago,0.96,3.86,87.15,1,49.8,63.4,15.906268277007086,2.9,4.13,0.12335999999999994
TTO,2014,Trinidad and Tobago,0.5,3.69,88.03,1,55.7,62.6,15.793207555142168,3.19,-5.460000000000001,0.059850000000000014
TTO,2015,Trinidad and Tobago,1.61,4.14,81.69,1,57.6,63.1,15.783915911955235,2.53,-9.36,0.2947910000000001
TTO,2016,Trinidad and Tobago,1.3,4.52,89.0,1,56.2,66.0,15.706030135507506,3.22,-6.66,0.143
TTO,2017,Trinidad and Tobago,1.21,4.46,91.59,1,56.7,66.0,15.682422823327329,3.25,-7.42,0.10176099999999993
TTO,2018,Trinidad and Tobago,1.08,4.39,89.19,1,53.8,66.5,15.695870452919449,3.31,5.77,0.11674799999999998
TTO,2019,Trinidad and Tobago,0.99,4.59,90.72,1,50.9,65.7,15.738632420905152,3.6,-9.37,0.091872
TTO,2020,Trinidad and Tobago,0.97,4.56,91.72,1,50.5,67.1,15.594407380227103,3.59,-12.29,0.08031599999999998
TTO,2021,Trinidad and Tobago,1.01,4.25,87.48,1,53.8,66.7,15.65717499196282,3.24,8.69,0.12645199999999998
TUN,1996,Tunisia,7.77,16.74,63.32,1,55.3,31.0,15.719294198300082,8.969999999999999,-1.2999999999999998,2.850036
TUN,1998,Tunisia,7.45,15.58,62.76,1,55.3,24.4,15.871885307503629,8.129999999999999,2.49,2.7743800000000007
TUN,2000,Tunisia,5.57,15.47,71.12,1,59.8,23.4,16.515003611555894,9.9,1.3599999999999999,1.6086159999999998
TUN,2002,Tunisia,6.69,17.05,61.15,1,50.3,20.9,16.58860815195686,10.36,-0.019999999999999574,2.5990650000000004
TUN,2003,Tunisia,6.55,13.21,62.44,1,57.3,21.9,16.706890316545895,6.660000000000001,7.24,2.4601800000000003
TUN,2004,Tunisia,5.39,12.68,72.65,1,50.0,22.6,16.865090896249185,7.29,7.84,1.4741649999999997
TUN,2005,Tunisia,4.97,11.94,74.57,1,47.1,21.6,16.9125814677006,6.97,1.7000000000000002,1.2638710000000004
TUN,2006,Tunisia,4.76,11.86,74.82,1,52.7,9.6,17.034615563368607,7.1,6.73,1.198568
TUN,2007,Tunisia,4.2,10.07,72.73,1,48.3,9.1,17.24815153766307,5.87,12.81,1.1453399999999998
TUN,2008,Tunisia,4.17,10.15,70.38,1,48.1,10.6,17.435928222042538,5.98,13.58,1.235154
TUN,2009,Tunisia,4.06,9.93,71.47,1,46.9,10.0,17.249237209476185,5.87,-11.96,1.158318
TUN,2010,Tunisia,4.36,9.44,65.06,1,43.6,9.0,17.38944085755989,5.079999999999999,7.86,1.5233839999999998
TUN,2011,Tunisia,4.36,9.48,62.61,1,35.5,35.7,17.458536804077685,5.12,3.84,1.6302040000000002
TUN,2012,Tunisia,3.73,8.82,70.17,1,22.3,43.7,17.4248619098684,5.09,1.08,1.112659
TUN,2013,Tunisia,4.1,8.9,68.12,1,19.0,45.1,17.453655513903392,4.800000000000001,-0.41999999999999993,1.3070799999999998
TUN,2014,Tunisia,3.86,8.56,70.32,1,18.6,55.2,17.453374234179396,4.700000000000001,1.08,1.1456480000000002
TUN,2015,Tunisia,3.67,8.8,71.19,1,16.7,55.7,17.245193924210025,5.130000000000001,-9.69,1.0573270000000001
TUN,2016,Tunisia,4.28,9.06,71.4,1,11.4,56.2,17.213920145002177,4.78,-1.830000000000001,1.2240799999999998
TUN,2017,Tunisia,3.64,8.42,72.02,1,13.8,53.2,17.294030726744342,4.779999999999999,2.86,1.0184720000000003
TUN,2018,Tunisia,4.26,8.81,69.2,1,17.0,53.4,17.364473572356452,4.550000000000001,4.92,1.3120799999999997
TUN,2019,Tunisia,3.88,8.78,69.5,1,17.5,55.6,17.270352694512454,4.9,-2.5,1.1834000000000002
TUN,2020,Tunisia,3.84,8.85,69.02,1,25.0,56.5,17.09907662808436,5.01,-7.530000000000001,1.1896320000000002
TUN,2021,Tunisia,4.68,8.82,67.1,1,19.3,52.2,17.355940637628663,4.140000000000001,10.44,1.5397200000000002
TUV,2004,Tuvalu,0.36,9.07,94.57,1,94.7,63.0,9.77980747596198,8.71,15.22,0.019548000000000006
TUV,2005,Tuvalu,0.29,9.02,86.02,1,99.0,65.4,10.403694497153978,8.73,6.01,0.04054200000000001
TUV,2006,Tuvalu,0.47,6.85,81.41,1,98.6,73.1,10.755769542914692,6.38,-0.75,0.08737300000000002
TUV,2007,Tuvalu,3.04,5.78,65.43,0,98.6,71.2,10.587480208005484,2.74,15.649999999999999,1.0509279999999996
TUV,2008,Tuvalu,2.58,7.86,79.35,1,98.1,71.6,11.583579529245428,5.28,-5.2766666666666655,0.5327700000000001
TUV,2009,Tuvalu,4.11,8.27,75.49,0,98.1,69.2,11.584454185140045,4.159999999999999,6.353333333333333,1.0073610000000004
TUV,2010,Tuvalu,4.29,10.05,47.12,0,96.7,69.2,11.22731245054086,5.760000000000001,-2.3466666666666667,2.268552
TUV,2011,Tuvalu,3.21,9.02,83.77,0,95.7,68.5,11.2249877598472,5.81,3.816666666666667,0.520983
TUV,2012,Tuvalu,4.18,9.51,82.09,0,94.8,68.1,12.40516777771684,5.33,-0.5233333333333334,0.7486379999999997
TUV,2013,Tuvalu,4.64,10.2,78.1,0,93.8,69.5,11.580503175589223,5.56,-1.6600000000000001,1.0161600000000004
TUV,2014,Tuvalu,4.44,8.45,44.99,0,97.1,79.8,11.710199917905982,4.009999999999999,2.7799999999999994,2.4424440000000005
TUV,2015,Tuvalu,1.4,4.79,45.54,0,97.6,83.3,11.2368617703513,3.39,-3.7233333333333327,0.7624399999999999
TUV,2016,Tuvalu,0.68,6.31,39.1,0,97.1,83.3,10.981767023381895,5.63,1.9866666666666664,0.41412000000000004
TUV,2017,Tuvalu,1.54,8.56,49.28,0,92.9,83.7,11.38097430882838,7.0200000000000005,4.616666666666666,0.781088
TUV,2018,Tuvalu,0.42,8.66,46.44,0,97.2,86.4,11.386412017431857,8.24,5.573333333333334,0.224952
TUV,2019,Tuvalu,0.08,5.95,47.01,0,92.0,87.9,11.41145116595871,5.87,6.0600000000000005,0.042392000000000006
TUV,2020,Tuvalu,0.98,8.02,43.71,0,93.9,88.4,11.610533548025968,7.039999999999999,6.0600000000000005,0.551642
TUV,2021,Tuvalu,1.91,8.31,43.17,0,94.3,88.9,12.040629267527745,6.4,9.966666666666667,1.085453
TZA,1996,"Tanzania, United Republic of",8.71,13.27,72.21,1,24.5,30.0,13.893949487965946,4.559999999999999,-12.95,2.4205090000000005
TZA,1998,"Tanzania, United Republic of",7.3,17.28,73.56,1,32.4,34.3,14.151339351906351,9.98,13.28,1.9301199999999996
TZA,2000,"Tanzania, United Republic of",4.58,14.44,67.79,1,25.4,33.3,14.373984957620994,9.86,0.7800000000000002,1.4752179999999997
TZA,2002,"Tanzania, United Republic of",4.94,12.69,73.72,1,38.6,38.3,14.50268255763293,7.749999999999999,-1.0999999999999996,1.2982320000000003
TZA,2003,"Tanzania, United Republic of",5.01,11.21,70.13,1,22.1,37.3,14.76483095486472,6.200000000000001,13.13,1.4964870000000003
TZA,2004,"Tanzania, United Republic of",4.57,9.69,78.57,1,24.3,32.7,14.983647171095404,5.119999999999999,8.68,0.9793510000000003
TZA,2005,"Tanzania, United Republic of",7.3,12.32,77.78,1,28.2,37.0,15.12974615433157,5.0200000000000005,12.7,1.6220599999999996
TZA,2006,"Tanzania, United Republic of",5.52,12.14,70.01,1,33.3,39.9,15.279481502769762,6.620000000000001,18.08,1.6554479999999996
TZA,2007,"Tanzania, United Republic of",5.39,13.06,70.21,1,31.4,44.2,15.598863049040782,7.670000000000001,14.35,1.6056810000000001
TZA,2008,"Tanzania, United Republic of",4.82,11.86,65.71,1,37.0,42.3,15.834404466973307,7.039999999999999,16.89,1.6527780000000005
TZA,2009,"Tanzania, United Republic of",3.35,11.35,78.43,1,47.9,42.2,15.715046398319943,8.0,-10.14,0.7225949999999997
TZA,2010,"Tanzania, United Republic of",3.69,10.78,73.77,1,46.4,43.1,15.891994941558906,7.09,10.77,0.9678870000000003
TZA,2011,"Tanzania, United Republic of",3.06,9.56,77.33,1,46.4,43.7,16.147111613656126,6.5,18.14,0.693702
TZA,2012,"Tanzania, United Republic of",3.1,11.03,79.09,1,47.4,43.2,16.2175876348191,7.93,2.35,0.6482099999999998
TZA,2013,"Tanzania, United Republic of",3.65,11.92,84.9,1,40.8,42.3,16.465075959612985,8.27,3.4,0.5511499999999997
TZA,2014,"Tanzania, United Republic of",5.92,8.81,85.13,1,25.2,41.4,16.48639377338383,2.890000000000001,0.6599999999999997,0.8803040000000003
TZA,2015,"Tanzania, United Republic of",3.43,10.14,87.88,1,31.0,38.9,16.47010212412553,6.710000000000001,7.65,0.4157160000000003
TZA,2016,"Tanzania, United Republic of",3.96,10.11,90.92,1,28.6,39.4,16.272528202198956,6.15,-18.2,0.35956799999999994
TZA,2017,"Tanzania, United Republic of",5.46,12.35,61.56,1,26.2,37.9,16.249447707428995,6.89,-0.71,2.0988239999999996
TZA,2018,"Tanzania, United Republic of",3.37,10.25,66.09,1,25.5,33.5,16.43476155723364,6.88,4.95,1.1427669999999999
TZA,2019,"Tanzania, United Republic of",4.01,10.66,64.93,1,30.7,31.4,16.48111621559199,6.65,2.89,1.4063069999999995
TZA,2020,"Tanzania, United Republic of",3.39,9.37,71.29,1,27.4,29.0,16.40193011911493,5.979999999999999,-3.0199999999999996,0.9732689999999997
TZA,2021,"Tanzania, United Republic of",2.48,7.69,68.72,1,34.4,29.5,16.725976028238225,5.210000000000001,12.99,0.7757439999999999
UGA,1996,Uganda,5.01,15.33,64.44,1,8.5,21.0,12.960741151629923,10.32,-4.18,1.7815560000000001
UGA,1998,Uganda,6.3,20.1,72.11,1,15.4,23.9,13.539205600005822,13.8,17.9,1.7570700000000001
UGA,2000,Uganda,11.37,15.97,71.71,1,12.7,19.4,13.641429348061624,4.600000000000001,-3.0699999999999994,3.2165730000000003
UGA,2002,Uganda,4.12,16.0,76.44,1,12.2,21.9,13.826516569014728,11.88,3.34,0.9706720000000002
UGA,2003,Uganda,9.64,17.89,77.75,1,6.5,27.4,14.060324136994703,8.25,13.17,2.1449000000000003
UGA,2004,Uganda,17.66,16.73,82.58,1,12.6,26.0,14.30098054533818,0.0,11.850000000000001,3.0763720000000006
UGA,2005,Uganda,9.81,16.22,79.18,1,10.2,29.3,14.41955758155178,6.409999999999998,9.28,2.0424419999999994
UGA,2006,Uganda,11.44,15.75,68.06,1,14.5,32.7,14.577037514773355,4.3100000000000005,11.58,3.653936
UGA,2007,Uganda,12.6,15.68,73.24,1,18.4,33.2,14.789941952003394,3.08,16.88,3.3717600000000005
UGA,2008,Uganda,12.1,15.67,62.37,1,17.8,31.3,14.956627185217943,3.5700000000000003,13.82,4.553230000000001
UGA,2009,Uganda,12.82,15.92,83.45,1,16.6,30.8,14.89469258919794,3.1,-3.13,2.1217099999999998
UGA,2010,Uganda,10.42,15.39,81.77,1,16.1,30.8,14.993231499751214,4.970000000000001,4.79,1.899566
UGA,2011,Uganda,12.7,15.54,86.97,1,18.0,31.0,15.0878766744774,2.84,9.87,1.6548099999999994
UGA,2012,Uganda,11.31,14.65,83.51,1,20.4,31.9,15.025567236936752,3.34,3.6,1.8650189999999993
UGA,2013,Uganda,11.23,15.84,85.07,1,19.9,29.6,15.184647147770782,4.609999999999999,-1.8899999999999997,1.676639000000001
UGA,2014,Uganda,3.5,12.75,81.72,1,15.2,30.0,15.01774418379567,9.25,2.18,0.6397999999999999
UGA,2015,Uganda,9.63,14.05,87.95,1,21.0,29.1,15.167256819648417,4.42,-4.6,1.1604149999999995
UGA,2016,Uganda,9.11,12.65,90.84,1,21.4,28.6,15.187501693917811,3.540000000000001,-6.530000000000001,0.8344760000000001
UGA,2017,Uganda,15.23,12.84,67.92,1,26.7,31.0,15.254289104329622,0.0,7.64,4.885784
UGA,2018,Uganda,7.51,11.36,70.72,1,21.2,28.6,15.313198805302536,3.85,9.66,2.1989280000000004
UGA,2019,Uganda,6.7,9.44,66.02,1,22.2,29.0,15.34900937753518,2.7399999999999998,6.94,2.27666
UGA,2020,Uganda,4.51,8.86,67.97,1,18.9,29.5,15.481017955904342,4.35,3.54,1.444553
UGA,2021,Uganda,5.44,9.13,71.44,0,17.9,25.6,15.691005689047248,3.69,12.463333333333331,1.5536640000000006
UKR,1996,Ukraine,8.09,10.95,26.64,1,42.6,39.5,16.509126556716136,2.8599999999999994,0.5800000000000001,5.934824
UKR,1998,Ukraine,7.92,9.85,32.5,1,39.9,43.3,16.464110697642177,1.93,-7.43,5.346
UKR,2000,Ukraine,6.41,8.3,39.27,1,32.3,30.8,16.681489421322347,1.8900000000000008,8.54,3.8927929999999997
UKR,2002,Ukraine,10.17,11.53,37.15,1,34.4,33.3,16.98627294271366,1.3599999999999994,3.74,6.391845000000001
UKR,2003,Ukraine,8.92,9.67,46.7,1,34.7,30.8,17.284629963694222,0.75,16.450000000000003,4.754359999999999
UKR,2004,Ukraine,5.01,6.85,51.01,1,29.6,28.4,17.583009302327508,1.84,12.23,2.454399
UKR,2005,Ukraine,5.6,7.78,46.82,1,37.4,39.4,17.80451398119267,2.1800000000000006,11.61,2.9780800000000003
UKR,2006,Ukraine,4.87,7.13,57.45,1,43.5,47.6,18.11551202038798,2.26,11.64,2.072185
UKR,2007,Ukraine,3.28,6.55,58.87,1,48.8,49.5,18.383049309282733,3.27,16.02,1.3490639999999998
UKR,2008,Ukraine,3.32,6.66,64.56,1,45.7,50.5,18.653005120779905,3.3400000000000003,18.74,1.1766079999999997
UKR,2009,Ukraine,4.45,7.22,60.72,1,34.1,50.2,18.01295722304875,2.77,-18.2,1.7479600000000002
UKR,2010,Ukraine,2.7,6.34,64.25,1,45.5,45.0,18.174344112230965,3.64,15.649999999999999,0.9652500000000002
UKR,2011,Ukraine,3.44,6.51,61.79,1,43.6,44.6,18.45072658281504,3.07,16.62,1.314424
UKR,2012,Ukraine,5.27,7.32,67.18,1,41.7,40.4,18.448051503396503,2.0500000000000007,1.23,1.7296139999999995
UKR,2013,Ukraine,5.01,7.29,66.84,1,20.9,37.6,18.46625805070411,2.28,-4.640000000000001,1.661316
UKR,2014,Ukraine,4.23,7.11,80.51,1,5.7,43.3,18.13726369972344,2.88,-15.95,0.8244269999999999
UKR,2015,Ukraine,5.37,7.92,78.05,1,5.2,43.8,17.738781184875346,2.55,-16.94,1.1787150000000002
UKR,2016,Ukraine,5.55,8.74,77.63,1,6.7,47.8,17.863589730115766,3.1900000000000004,2.28,1.241535
UKR,2017,Ukraine,8.59,9.5,78.17,1,6.7,47.3,18.081343818565635,0.91,12.23,1.8751969999999993
UKR,2018,Ukraine,7.36,9.5,77.64,1,5.7,43.7,18.22469048454074,2.14,7.55,1.6456960000000003
UKR,2019,Ukraine,6.34,9.63,80.32,1,9.0,46.9,18.236805620518457,3.290000000000001,3.11,1.2477120000000006
UKR,2020,Ukraine,5.42,8.71,78.54,1,12.3,51.7,18.17692025948994,3.290000000000001,-6.039999999999999,1.1631319999999994
UKR,2021,Ukraine,5.51,8.38,79.6,1,12.7,49.8,18.41286792037396,2.870000000000001,14.17,1.1240400000000004
URY,1996,Uruguay,20.93,18.85,18.81,1,68.1,72.5,15.148475545398508,0.0,7.67,16.993067
URY,1998,Uruguay,20.2,23.51,18.63,1,73.4,75.6,15.307273736127184,3.3100000000000023,1.23,16.43674
URY,2000,Uruguay,24.7,27.36,32.61,1,79.4,77.6,15.446601541429771,2.66,1.62,16.645329999999998
URY,2002,Uruguay,21.47,21.08,26.68,1,75.1,79.1,14.8327158339957,0.0,-18.2,15.741804
URY,2003,Uruguay,21.34,22.09,23.61,1,70.4,78.1,14.976025286984978,0.75,5.53,16.301626
URY,2004,Uruguay,21.17,25.7,49.27,1,64.6,76.0,15.269213613424853,4.529999999999998,19.32,10.739541000000001
URY,2005,Uruguay,21.09,25.63,53.81,1,69.4,73.6,15.375635540110542,4.539999999999999,11.52,9.741470999999999
URY,2006,Uruguay,23.18,23.51,47.86,1,75.4,81.3,15.644549800247145,0.3300000000000018,11.31,12.086052000000002
URY,2007,Uruguay,18.63,22.21,47.27,1,77.3,81.7,15.73977409771883,3.580000000000002,8.21,9.823599
URY,2008,Uruguay,20.28,23.48,50.19,1,76.0,82.7,16.055533217672433,3.1999999999999997,26.95,10.101468
URY,2009,Uruguay,21.37,24.44,53.52,1,73.5,85.8,15.85849485608896,3.0700000000000003,-12.73,9.932776
URY,2010,Uruguay,16.92,20.01,50.71,1,74.9,87.2,16.14866593662362,3.09,11.73,8.339868000000001
URY,2011,Uruguay,23.62,20.05,50.58,1,78.7,85.4,16.403012496441615,0.0,11.54,11.673004
URY,2012,Uruguay,23.69,19.79,50.53,1,69.7,81.7,16.54105531763055,0.0,4.23,11.719443000000002
URY,2013,Uruguay,24.08,18.97,47.76,1,71.6,83.6,16.581563767062278,0.0,-0.040000000000000036,12.579391999999999
URY,2014,Uruguay,29.77,20.86,41.71,1,83.8,83.3,16.597477386724538,0.0,-3.8499999999999996,17.352933
URY,2015,Uruguay,26.99,19.85,40.89,1,84.3,85.7,16.444484884525796,0.0,-6.1,15.953788999999999
URY,2016,Uruguay,26.2,20.06,35.94,1,88.6,86.7,16.345173963735423,0.0,-7.4,16.783720000000002
URY,2017,Uruguay,17.05,21.06,41.16,1,86.2,86.7,16.384516053548797,4.009999999999998,1.96,10.03222
URY,2018,Uruguay,13.88,18.42,40.63,1,86.3,89.3,16.43167927396479,4.540000000000001,2.54,8.240556
URY,2019,Uruguay,13.91,18.74,37.64,1,84.0,88.9,16.35869619680028,4.829999999999998,-3.709999999999999,8.674275999999999
URY,2020,Uruguay,9.17,13.21,39.65,1,86.8,93.7,16.16264893315847,4.040000000000001,-4.219999999999999,5.534095000000001
URY,2021,Uruguay,17.61,21.81,38.24,1,87.3,92.3,16.543665076143842,4.199999999999999,16.8,10.875935999999998
USA,1996,United States of America,11.07,11.74,18.55,0,77.7,91.0,20.63405325554477,0.6699999999999999,2.99,9.016515
USA,1996,United States of America,11.07,11.74,18.55,0,77.7,91.0,20.63405325554477,0.6699999999999999,2.8433333333333337,9.016515
USA,1996,United States of America,10.55,10.7,17.29,1,77.7,91.0,20.430161215480545,0.1499999999999985,2.99,8.725905
USA,1996,United States of America,10.55,10.7,17.29,1,77.7,91.0,20.430161215480545,0.1499999999999985,1.7966666666666669,8.725905
USA,1998,United States of America,9.87,11.15,22.56,0,76.6,91.0,20.792428012248664,1.2800000000000011,2.55,7.6433279999999995
USA,1998,United States of America,9.87,11.15,22.56,0,76.6,91.0,20.792428012248664,1.2800000000000011,1.413333333333333,7.6433279999999995
USA,1998,United States of America,9.57,10.42,22.87,1,76.6,91.0,20.58945308037705,0.8499999999999996,2.55,7.381341
USA,1998,United States of America,9.57,10.42,22.87,1,76.6,91.0,20.58945308037705,0.8499999999999996,2.65,7.381341
USA,2000,United States of America,8.16,9.32,23.82,0,82.5,89.1,21.205527244991988,1.16,7.23,6.2162880000000005
USA,2000,United States of America,8.16,9.32,23.82,0,82.5,89.1,21.205527244991988,1.16,6.406666666666667,6.2162880000000005
USA,2000,United States of America,8.07,8.74,22.6,1,82.5,89.1,21.032051518601765,0.6699999999999999,7.23,6.246180000000001
USA,2000,United States of America,8.07,8.74,22.6,1,82.5,89.1,21.032051518601765,0.6699999999999999,5.673333333333334,6.246180000000001
USA,2002,United States of America,7.75,9.71,24.02,0,54.0,92.0,21.177148568531404,1.9600000000000009,2.56,5.888450000000001
USA,2002,United States of America,7.75,9.71,24.02,0,54.0,92.0,21.177148568531404,1.9600000000000009,4.433333333333334,5.888450000000001
USA,2002,United States of America,7.6,8.7,22.81,1,54.0,92.0,21.008296582785995,1.0999999999999996,2.56,5.86644
USA,2002,United States of America,7.6,8.7,22.81,1,54.0,92.0,21.008296582785995,1.0999999999999996,3.646666666666667,5.86644
USA,2003,United States of America,7.61,8.86,23.4,0,46.7,91.0,21.25522513219963,1.2499999999999991,4.19,5.8292600000000006
USA,2003,United States of America,7.61,8.86,23.4,0,46.7,91.0,21.25522513219963,1.2499999999999991,5.526666666666667,5.8292600000000006
USA,2003,United States of America,7.64,8.36,22.15,1,46.7,91.0,21.087260287218587,0.7199999999999998,4.19,5.94774
USA,2003,United States of America,7.64,8.36,22.15,1,46.7,91.0,21.087260287218587,0.7199999999999998,4.983333333333333,5.94774
USA,2004,United States of America,6.48,7.69,29.2,0,37.4,89.9,21.39579562448391,1.21,8.2,4.58784
USA,2004,United States of America,6.48,7.69,29.2,0,37.4,89.9,21.39579562448391,1.21,7.683333333333333,4.58784
USA,2004,United States of America,6.3,7.16,28.09,1,37.4,89.9,21.23164573108443,0.8600000000000003,8.2,4.53033
USA,2004,United States of America,6.3,7.16,28.09,1,37.4,89.9,21.23164573108443,0.8600000000000003,7.683333333333333,4.53033
USA,2005,United States of America,6.54,7.82,27.9,0,43.7,89.9,21.49546036190865,1.2800000000000002,6.65,4.71534
USA,2005,United States of America,6.54,7.82,27.9,0,43.7,89.9,21.49546036190865,1.2800000000000002,7.166666666666667,4.71534
USA,2005,United States of America,6.32,7.35,26.67,1,43.7,89.9,21.329122991341286,1.0299999999999994,6.65,4.634456000000001
USA,2005,United States of America,6.32,7.35,26.67,1,43.7,89.9,21.329122991341286,1.0299999999999994,7.166666666666667,4.634456000000001
USA,2006,United States of America,6.36,7.55,30.0,0,60.9,86.5,21.613224644800543,1.1899999999999995,5.17,4.452
USA,2006,United States of America,6.36,7.55,30.0,0,60.9,86.5,21.613224644800543,1.1899999999999995,4.286666666666666,4.452
USA,2006,United States of America,6.25,7.16,28.92,1,60.9,86.5,21.44679527152132,0.91,5.17,4.4425
USA,2006,United States of America,6.25,7.16,28.92,1,60.9,86.5,21.44679527152132,0.91,4.286666666666666,4.4425
USA,2007,United States of America,5.81,6.93,31.57,0,57.0,85.6,21.669165422310492,1.12,2.5200000000000005,3.975783
USA,2007,United States of America,5.81,6.93,31.57,0,57.0,85.6,21.669165422310492,1.12,3.4033333333333333,3.975783
USA,2007,United States of America,5.79,6.67,31.03,1,57.0,85.6,21.497183110775453,0.8799999999999999,2.5200000000000005,3.993363
USA,2007,United States of America,5.79,6.67,31.03,1,57.0,85.6,21.497183110775453,0.8799999999999999,3.4033333333333333,3.993363
USA,2008,United States of America,5.53,6.9,32.05,0,66.8,86.5,21.72427799108444,1.37,3.6,3.757635
USA,2008,United States of America,5.53,6.9,32.05,0,66.8,86.5,21.72427799108444,1.37,3.24,3.757635
USA,2008,United States of America,5.67,6.81,31.34,1,66.8,86.5,21.55240713705236,1.1399999999999997,3.6,3.8930219999999998
USA,2008,United States of America,5.67,6.81,31.34,1,66.8,86.5,21.55240713705236,1.1399999999999997,-2.26,3.8930219999999998
USA,2009,United States of America,5.48,6.54,32.65,0,61.6,84.8,21.45669126632451,1.0599999999999996,-13.98,3.69078
USA,2009,United States of America,5.48,6.54,32.65,0,61.6,84.8,21.45669126632451,1.0599999999999996,-8.12,3.69078
USA,2009,United States of America,5.47,6.37,31.98,1,61.6,84.8,21.27468927459629,0.9000000000000004,-13.98,3.7206939999999995
USA,2009,United States of America,5.47,6.37,31.98,1,61.6,84.8,21.27468927459629,0.9000000000000004,-5.703333333333333,3.7206939999999995
USA,2010,United States of America,5.8,6.67,29.69,0,60.7,85.8,21.62849220080413,0.8700000000000001,10.849999999999998,4.07798
USA,2010,United States of America,5.8,6.67,29.69,0,60.7,85.8,21.62849220080413,0.8700000000000001,9.646666666666665,4.07798
USA,2010,United States of America,5.86,6.5,28.56,1,60.7,85.8,21.443194687797835,0.6399999999999997,10.849999999999998,4.186384
USA,2010,United States of America,5.86,6.5,28.56,1,60.7,85.8,21.443194687797835,0.6399999999999997,9.646666666666665,4.186384
USA,2011,United States of America,5.81,6.7,28.96,0,64.5,86.4,21.76013865662497,0.8900000000000006,7.24,4.1274239999999995
USA,2011,United States of America,5.81,6.7,28.96,0,64.5,86.4,21.76013865662497,0.8900000000000006,4.906666666666667,4.1274239999999995
USA,2011,United States of America,5.95,6.65,28.0,1,64.5,86.4,21.577467424925505,0.7000000000000002,7.24,4.284
USA,2011,United States of America,5.95,6.65,28.0,1,64.5,86.4,21.577467424925505,0.7000000000000002,8.443333333333333,4.284
USA,2012,United States of America,5.58,6.73,31.19,0,66.4,87.8,21.789357061540997,1.1500000000000004,0.2400000000000002,3.8395979999999996
USA,2012,United States of America,5.58,6.73,31.19,0,66.4,87.8,21.789357061540997,1.1500000000000004,0.09666666666666668,3.8395979999999996
USA,2012,United States of America,5.67,6.65,30.41,1,66.4,87.8,21.60730308488109,0.9800000000000004,0.2400000000000002,3.945753
USA,2012,United States of America,5.67,6.65,30.41,1,66.4,87.8,21.60730308488109,0.9800000000000004,0.09666666666666668,3.945753
USA,2013,United States of America,5.8,6.8,29.88,0,66.8,84.0,21.79970713577133,1.0,-0.1900000000000004,4.06696
USA,2013,United States of America,5.8,6.8,29.88,0,66.8,84.0,21.79970713577133,1.0,0.9233333333333329,4.06696
USA,2013,United States of America,5.92,6.68,28.94,1,66.8,84.0,21.616416905978497,0.7599999999999998,-0.1900000000000004,4.206752
USA,2013,United States of America,5.92,6.68,28.94,1,66.8,84.0,21.616416905978497,0.7599999999999998,0.9233333333333329,4.206752
USA,2014,United States of America,5.37,6.36,34.27,0,65.7,81.8,21.844726607999284,0.9900000000000002,3.15,3.529701
USA,2014,United States of America,5.37,6.36,34.27,0,65.7,81.8,21.844726607999284,0.9900000000000002,2.0366666666666666,3.529701
USA,2014,United States of America,5.48,6.33,34.0,1,65.7,81.8,21.66846634558189,0.8499999999999996,3.15,3.6168
USA,2014,United States of America,5.48,6.33,34.0,1,65.7,81.8,21.66846634558189,0.8499999999999996,2.0366666666666666,3.6168
USA,2015,United States of America,5.73,6.87,32.23,0,66.7,84.2,21.804517434162427,1.1399999999999997,-2.04,3.8832210000000003
USA,2015,United States of America,5.73,6.87,32.23,0,66.7,84.2,21.804517434162427,1.1399999999999997,-1.8399999999999999,3.8832210000000003
USA,2015,United States of America,5.75,6.72,31.98,1,66.7,84.2,21.637843380475093,0.9699999999999998,-2.04,3.9111499999999997
USA,2015,United States of America,5.75,6.72,31.98,1,66.7,84.2,21.637843380475093,0.9699999999999998,-0.3099999999999996,3.9111499999999997
USA,2016,United States of America,5.78,6.78,31.04,0,59.0,84.2,21.778659902659857,1.0,-1.4399999999999995,3.985888
USA,2016,United States of America,5.78,6.78,31.04,0,59.0,84.2,21.778659902659857,1.0,-1.6399999999999997,3.985888
USA,2016,United States of America,5.79,6.59,30.51,1,59.0,84.2,21.61470051730368,0.7999999999999998,-1.4399999999999995,4.023471
USA,2016,United States of America,5.79,6.59,30.51,1,59.0,84.2,21.61470051730368,0.7999999999999998,-1.6399999999999997,4.023471
USA,2017,United States of America,5.2,6.72,33.44,0,55.7,81.3,21.849164802413195,1.5199999999999996,3.46,3.4611199999999998
USA,2017,United States of America,5.2,6.72,33.44,0,55.7,81.3,21.849164802413195,1.5199999999999996,3.706666666666667,3.4611199999999998
USA,2017,United States of America,5.21,6.59,33.1,1,55.7,81.3,21.68564724308546,1.38,3.46,3.48549
USA,2017,United States of America,5.21,6.59,33.1,1,55.7,81.3,21.68564724308546,1.38,3.706666666666667,3.48549
USA,2018,United States of America,4.93,6.68,44.36,0,59.0,80.1,21.937698273506577,1.75,4.2,2.743052
USA,2018,United States of America,4.93,6.68,44.36,0,59.0,80.1,21.937698273506577,1.75,2.2733333333333334,2.743052
USA,2018,United States of America,5.42,6.57,32.01,1,59.0,80.1,21.776151311567293,1.1500000000000004,4.2,3.6850579999999997
USA,2018,United States of America,5.42,6.57,32.01,1,59.0,80.1,21.776151311567293,1.1500000000000004,2.2733333333333334,3.6850579999999997
USA,2019,United States of America,4.79,6.85,42.87,0,52.4,77.3,21.93910208364724,2.06,-0.8399999999999999,2.736527
USA,2019,United States of America,4.79,6.85,42.87,0,52.4,77.3,21.93910208364724,2.06,0.04999999999999982,2.736527
USA,2019,United States of America,5.27,6.69,30.53,1,52.4,77.3,21.77896497077028,1.4200000000000008,-0.8399999999999999,3.6610689999999995
USA,2019,United States of America,5.27,6.69,30.53,1,52.4,77.3,21.77896497077028,1.4200000000000008,0.04999999999999982,3.6610689999999995
USA,2020,United States of America,4.61,6.46,44.07,0,47.6,72.9,21.870315350603484,1.85,-3.21,2.5783730000000005
USA,2020,United States of America,4.61,6.46,44.07,0,47.6,72.9,21.870315350603484,1.85,-2.420000000000001,2.5783730000000005
USA,2020,United States of America,4.96,6.28,33.51,1,47.6,72.9,21.71751447589477,1.3200000000000005,-3.21,3.2979040000000004
USA,2020,United States of America,4.96,6.28,33.51,1,47.6,72.9,21.71751447589477,1.3200000000000005,-2.420000000000001,3.2979040000000004
USA,2021,United States of America,4.63,6.3,45.11,0,46.7,74.4,22.064384635200334,1.67,10.42,2.5414069999999995
USA,2021,United States of America,4.63,6.3,45.11,0,46.7,74.4,22.064384635200334,1.67,5.876666666666667,2.5414069999999995
USA,2021,United States of America,5.06,6.18,33.95,1,46.7,74.4,21.91466231791208,1.12,10.42,3.3421299999999996
USA,2021,United States of America,5.06,6.18,33.95,1,46.7,74.4,21.91466231791208,1.12,5.876666666666667,3.3421299999999996
UZB,1996,Uzbekistan,4.39,8.58,19.75,0,27.1,5.0,15.196813897129568,4.19,9.52,3.5229749999999997
UZB,1998,Uzbekistan,2.6,5.87,37.25,0,23.9,3.0,14.766569269656818,3.27,4.53,1.6315
UZB,2000,Uzbekistan,2.76,5.68,37.41,0,12.2,2.0,14.734555314030022,2.92,-0.0600000000000005,1.7274839999999998
UZB,2002,Uzbekistan,2.68,8.94,35.26,0,18.0,3.0,14.70166911753168,6.26,3.0233333333333343,1.7350320000000001
UZB,2003,Uzbekistan,2.59,6.14,45.19,0,12.1,3.0,14.843440953121895,3.55,9.81,1.419579
UZB,2004,Uzbekistan,3.02,5.69,46.7,0,8.3,3.4,15.05723152446459,2.6700000000000004,11.326666666666668,1.6096599999999999
UZB,2005,Uzbekistan,3.63,7.78,34.97,0,3.9,1.9,15.210782767328377,4.15,13.09,2.360589
UZB,2006,Uzbekistan,1.92,5.35,63.52,0,6.8,1.9,15.411425120709088,3.43,3.5300000000000002,0.700416
UZB,2007,Uzbekistan,1.86,6.65,64.29,0,10.1,1.4,15.823841886831946,4.79,8.653333333333334,0.664206
UZB,2008,Uzbekistan,1.34,7.0,68.97,0,13.5,1.9,16.16497369485708,5.66,14.743333333333334,0.41580200000000006
UZB,2009,Uzbekistan,1.22,5.88,68.58,0,18.5,1.4,16.065917847613292,4.66,0.5199999999999996,0.38332400000000005
UZB,2010,Uzbekistan,1.89,7.03,72.96,0,23.7,0.9,16.113032512879933,5.140000000000001,3.9066666666666663,0.5110560000000002
UZB,2011,Uzbekistan,1.69,7.46,74.42,0,28.4,1.4,16.26552152502306,5.77,7.723333333333333,0.432302
UZB,2012,Uzbekistan,1.49,9.54,74.36,0,29.9,1.9,16.341458088715143,8.049999999999999,5.043333333333334,0.38203599999999993
UZB,2013,Uzbekistan,2.09,9.38,73.06,0,27.0,2.3,16.501073295380458,7.290000000000001,0.2333333333333334,0.5630459999999999
UZB,2014,Uzbekistan,1.46,7.4,76.55,0,36.7,2.5,16.560204886440925,5.94,3.9966666666666666,0.34237000000000006
UZB,2015,Uzbekistan,1.43,6.21,74.53,0,33.3,2.5,16.3283619224564,4.78,-3.3100000000000005,0.364221
UZB,2016,Uzbekistan,1.44,5.77,71.67,0,36.2,3.0,16.26497047237766,4.33,-0.7400000000000002,0.407952
UZB,2017,Uzbekistan,1.7,5.68,68.02,1,37.6,3.4,16.469189068116684,3.98,4.533333333333333,0.5436600000000001
UZB,2018,Uzbekistan,1.91,7.04,67.38,1,35.8,6.3,16.808193599832926,5.13,19.940000000000005,0.6230420000000001
UZB,2019,Uzbekistan,1.09,6.36,66.71,1,34.9,5.8,16.938037852528808,5.2700000000000005,12.38,0.3628610000000001
UZB,2020,Uzbekistan,0.83,6.14,65.86,1,32.1,6.3,16.909207041267273,5.31,-4.32,0.283362
UZB,2021,Uzbekistan,2.1,6.71,65.74,1,37.7,12.6,17.065606680142828,4.609999999999999,9.23,0.7194600000000001
VCT,2004,Saint Vincent and the Grenadines,5.36,13.48,61.32,1,82.0,70.2,13.439705683846483,8.120000000000001,5.8,2.0732480000000004
VCT,2005,Saint Vincent and the Grenadines,4.48,10.76,59.41,1,88.3,82.7,13.69646393556831,6.279999999999999,3.31,1.8184320000000003
VCT,2006,Saint Vincent and the Grenadines,5.08,9.41,82.35,1,86.0,82.7,13.515132781702636,4.33,6.23,0.8966200000000005
VCT,2007,Saint Vincent and the Grenadines,0.68,9.52,86.3,1,74.9,81.3,13.459550586942909,8.84,9.73,0.09316000000000002
VCT,2008,Saint Vincent and the Grenadines,1.15,8.57,73.18,1,73.6,83.2,13.649135946043575,7.42,6.88,0.3084299999999998
VCT,2009,Saint Vincent and the Grenadines,5.01,8.15,53.69,1,72.0,80.6,13.55049519042646,3.140000000000001,-5.469999999999999,2.3201310000000004
VCT,2010,Saint Vincent and the Grenadines,3.64,10.05,48.97,1,73.0,86.3,13.434719589105118,6.41,6.68,1.857492
VCT,2011,Saint Vincent and the Grenadines,6.14,9.03,56.93,1,72.5,79.3,13.3749562259355,2.89,0.52,2.6444979999999996
VCT,2012,Saint Vincent and the Grenadines,1.51,11.93,85.21,1,76.8,78.9,13.142043428560909,10.42,2.54,0.22332900000000006
VCT,2013,Saint Vincent and the Grenadines,1.41,10.96,81.85,1,73.5,81.7,13.40853572078848,9.55,-4.219999999999999,0.2559150000000001
VCT,2014,Saint Vincent and the Grenadines,0.06,8.18,89.76,1,75.2,86.7,13.34578164298112,8.12,-1.1400000000000006,0.006143999999999996
VCT,2015,Saint Vincent and the Grenadines,1.35,9.22,86.45,1,83.3,76.8,12.980495872888184,7.870000000000001,-3.9299999999999997,0.18292499999999995
VCT,2016,Saint Vincent and the Grenadines,9.59,8.63,81.05,1,86.2,75.9,12.794553347310748,0.0,0.16000000000000014,1.817305
VCT,2017,Saint Vincent and the Grenadines,7.81,4.54,66.7,1,77.1,76.8,12.835366723333026,0.0,-0.7199999999999998,2.6007299999999995
VCT,2018,Saint Vincent and the Grenadines,0.28,16.64,85.95,1,73.1,76.2,12.899026607424595,16.36,3.53,0.03933999999999999
VCT,2019,Saint Vincent and the Grenadines,0.2,14.98,89.25,1,79.7,75.4,12.966517591696537,14.78,-2.6400000000000006,0.02150000000000001
VCT,2020,Saint Vincent and the Grenadines,15.69,6.33,86.71,1,86.3,75.8,12.596486550427432,0.0,-2.12,2.085201
VCT,2021,Saint Vincent and the Grenadines,0.51,7.89,82.31,1,86.3,73.9,13.25135078675631,7.38,7.6899999999999995,0.09021899999999998
VEN,1996,"Venezuela, Bolivarian Republic of",5.24,9.02,23.97,1,26.1,48.0,16.208694085175505,3.78,-9.17,3.983972
VEN,1998,"Venezuela, Bolivarian Republic of",5.29,8.12,24.02,1,29.3,54.2,16.56394748895283,2.829999999999999,4.07,4.019342
VEN,2000,"Venezuela, Bolivarian Republic of",3.12,6.2,38.3,1,23.3,49.8,16.68413556962243,3.08,3.73,1.92504
VEN,2002,"Venezuela, Bolivarian Republic of",2.7,5.93,49.29,1,13.2,35.3,16.572366480575216,3.2299999999999995,-15.719999999999999,1.36917
VEN,2003,"Venezuela, Bolivarian Republic of",2.75,5.38,51.85,1,12.6,35.8,16.16576253591438,2.63,-15.39,1.324125
VEN,2004,"Venezuela, Bolivarian Republic of",1.6,4.67,59.95,1,9.2,29.3,16.72223139337548,3.07,29.16,0.6408
VEN,2005,"Venezuela, Bolivarian Republic of",1.36,4.5,57.63,1,13.6,27.9,17.02979076513926,3.14,21.92,0.576232
VEN,2006,"Venezuela, Bolivarian Republic of",0.87,4.28,66.03,1,13.5,30.3,17.413931976907737,3.41,18.270000000000003,0.295539
VEN,2007,"Venezuela, Bolivarian Republic of",1.1,3.58,61.68,1,12.6,26.4,17.66869611487998,2.48,17.11,0.42152
VEN,2008,"Venezuela, Bolivarian Republic of",1.0,4.03,61.24,1,11.5,26.4,17.827252890966523,3.03,6.4,0.38759999999999994
VEN,2009,"Venezuela, Bolivarian Republic of",0.66,3.35,65.2,1,12.3,24.6,17.512975156537852,2.69,-9.72,0.22968
VEN,2010,"Venezuela, Bolivarian Republic of",1.2,2.98,57.39,1,12.3,24.2,17.55296096317459,1.78,-8.55,0.51132
VEN,2011,"Venezuela, Bolivarian Republic of",1.28,2.91,64.43,1,15.6,20.7,17.89407713010193,1.63,22.74,0.45529599999999987
VEN,2012,"Venezuela, Bolivarian Republic of",1.1,2.92,68.1,1,17.5,22.1,18.1305935257216,1.82,10.11,0.3509000000000001
VEN,2013,"Venezuela, Bolivarian Republic of",0.88,2.61,65.36,1,16.6,22.1,17.810145502347506,1.73,-12.77,0.30483200000000005
VEN,2014,"Venezuela, Bolivarian Republic of",0.46,2.5,74.71,0,18.1,19.7,17.60779652589226,2.04,-0.31333333333333346,0.116334
VEN,2015,"Venezuela, Bolivarian Republic of",1.3,2.57,38.47,0,16.2,19.7,17.273488332599566,1.2699999999999998,-5.106666666666667,0.79989
VEN,2016,"Venezuela, Bolivarian Republic of",0.82,2.72,32.39,0,13.8,17.2,16.667880652963365,1.9000000000000004,-8.42,0.554402
VEN,2017,"Venezuela, Bolivarian Republic of",0.85,2.87,41.28,0,11.0,14.3,16.256790153387335,2.02,-0.10999999999999943,0.49911999999999995
VEN,2018,"Venezuela, Bolivarian Republic of",0.58,2.39,39.51,0,9.4,10.2,16.342044027913467,1.81,3.1566666666666663,0.350842
VEN,2019,"Venezuela, Bolivarian Republic of",0.44,2.73,37.08,0,8.5,9.7,15.768304575875144,2.29,-1.1400000000000006,0.276848
VEN,2020,"Venezuela, Bolivarian Republic of",2.29,4.45,37.09,0,8.5,7.2,15.80909764497987,2.16,3.5966666666666667,1.440639
VEN,2021,"Venezuela, Bolivarian Republic of",2.94,5.62,39.31,0,9.4,5.8,15.900568976664095,2.68,4.883333333333335,1.784286
VNM,1996,Viet Nam,14.66,16.5,28.7,0,63.3,16.0,16.14151473881386,1.84,-1.5633333333333335,10.452580000000001
VNM,1998,Viet Nam,13.85,15.77,30.67,0,58.0,10.4,16.18790663196906,1.92,-3.963333333333333,9.602205
VNM,2000,Viet Nam,10.81,14.25,28.92,1,63.0,12.4,16.530333916030543,3.4399999999999995,5.023333333333333,7.6837480000000005
VNM,2002,Viet Nam,9.9,15.4,33.58,1,58.2,9.0,16.79624446980479,5.5,10.34,6.57558
VNM,2003,Viet Nam,9.24,13.41,36.56,1,48.7,8.5,17.05233055839418,4.17,13.1,5.8618559999999995
VNM,2004,Viet Nam,9.88,13.02,38.06,1,50.5,9.1,17.311603079070995,3.139999999999999,12.51,6.119672
VNM,2005,Viet Nam,8.56,12.19,36.97,1,62.1,8.7,17.424361629135408,3.629999999999999,7.23,5.395368000000001
VNM,2006,Viet Nam,8.55,11.95,38.41,1,58.0,7.7,17.64866703719618,3.3999999999999986,10.51,5.265945000000001
VNM,2007,Viet Nam,8.51,11.63,38.53,1,52.2,8.2,17.993273565640287,3.120000000000001,18.240000000000002,5.231097
VNM,2008,Viet Nam,8.32,11.24,38.96,1,49.5,8.2,18.21244100920352,2.92,13.4,5.078528
VNM,2009,Viet Nam,7.93,11.22,42.26,1,53.1,8.1,18.156859146090227,3.290000000000001,-6.91,4.578782
VNM,2010,Viet Nam,8.15,11.06,32.55,1,51.7,7.6,18.40220684098291,2.91,10.13,5.497175000000001
VNM,2011,Viet Nam,7.49,10.34,43.17,1,54.0,8.5,18.63081177404652,2.85,12.17,4.256567
VNM,2012,Viet Nam,6.76,9.48,45.52,1,55.9,8.9,18.703134663901103,2.7200000000000006,3.24,3.6828479999999995
VNM,2013,Viet Nam,6.69,9.24,46.82,1,56.9,10.8,18.9163871397404,2.55,7.720000000000001,3.5577420000000006
VNM,2014,Viet Nam,5.29,8.84,53.63,1,44.3,9.4,19.046184191938757,3.55,5.82,2.452973
VNM,2015,Viet Nam,6.05,9.13,53.09,1,50.0,10.3,19.12541264990587,3.080000000000001,5.89,2.8380549999999998
VNM,2016,Viet Nam,5.9,8.43,48.94,1,54.3,10.3,19.16967971744483,2.53,2.74,3.01254
VNM,2017,Viet Nam,5.89,8.32,57.12,1,54.8,10.3,19.341211273807232,2.4300000000000006,10.39,2.5256320000000003
VNM,2018,Viet Nam,5.77,8.39,55.08,1,48.6,8.3,19.42584163686288,2.620000000000001,5.4,2.591884
VNM,2019,Viet Nam,5.4,8.39,55.75,1,49.1,11.6,19.472448914759017,2.99,3.44,2.3895000000000004
VNM,2020,Viet Nam,4.53,7.6,66.87,1,47.2,11.6,19.498558973139986,3.0699999999999994,1.54,1.5007889999999997
VNM,2021,Viet Nam,4.39,7.39,68.79,1,42.9,13.0,19.6933101597802,3.0,12.51,1.3701189999999996
VUT,1996,Vanuatu,5.43,12.56,70.49,0,82.4,66.5,11.912892352192836,7.130000000000001,-1.043333333333333,1.6023930000000002
VUT,1998,Vanuatu,5.69,13.0,67.96,0,88.3,67.2,11.652829831985123,7.31,7.836666666666666,1.8230760000000001
VUT,2000,Vanuatu,5.67,10.19,75.83,1,90.5,67.2,11.615305593683916,4.52,6.036666666666667,1.3704390000000002
VUT,2002,Vanuatu,4.77,9.95,81.49,0,87.8,72.1,11.685002727708063,5.18,8.166666666666668,0.8829270000000001
VUT,2003,Vanuatu,8.16,9.81,73.11,0,71.9,70.1,12.145601149489387,1.6500000000000004,3.6966666666666663,2.194224
VUT,2004,Vanuatu,8.11,7.92,79.71,0,66.5,58.2,12.236923476820268,0.0,4.803333333333334,1.6455190000000006
VUT,2005,Vanuatu,6.8,8.73,71.3,0,99.0,56.7,12.48327224331538,1.9300000000000008,9.123333333333333,1.9516000000000002
VUT,2006,Vanuatu,6.0,9.04,76.57,1,98.6,59.6,12.324996807631823,3.039999999999999,19.09333333333333,1.4058000000000004
VUT,2007,Vanuatu,2.12,9.6,74.8,1,93.7,58.2,12.48216296748633,7.479999999999999,12.59,0.53424
VUT,2008,Vanuatu,3.7,6.73,69.77,0,92.8,61.1,12.939104093081312,3.03,7.3933333333333335,1.1185100000000001
VUT,2009,Vanuatu,4.61,8.14,71.45,1,92.4,62.1,13.032249833667162,3.53,5.413333333333333,1.316155
VUT,2010,Vanuatu,1.24,5.93,66.71,1,92.9,62.6,13.902712307665205,4.69,-0.2699999999999996,0.4127960000000001
VUT,2011,Vanuatu,2.58,6.85,75.82,1,89.1,60.6,13.281783077247502,4.27,0.8399999999999999,0.6238440000000001
VUT,2012,Vanuatu,5.08,6.81,69.98,0,91.9,60.6,13.47345547823518,1.7299999999999995,2.5733333333333333,1.5250159999999995
VUT,2013,Vanuatu,4.92,8.02,68.69,0,91.5,62.0,13.912383860909374,3.1,7.050000000000001,1.5404520000000002
VUT,2014,Vanuatu,6.05,6.7,63.35,0,67.6,68.0,13.69622014803992,0.6500000000000004,-0.24333333333333318,2.2173249999999998
VUT,2015,Vanuatu,4.74,5.94,59.06,0,61.0,68.0,12.878765913753872,1.2000000000000002,0.5233333333333339,1.940556
VUT,2016,Vanuatu,4.03,8.66,70.52,0,62.4,70.0,12.916898729291605,4.63,-2.913333333333333,1.1880440000000003
VUT,2017,Vanuatu,6.46,8.87,74.09,0,69.5,70.4,12.80921781798152,2.4099999999999997,-0.9366666666666665,1.673786
VUT,2018,Vanuatu,4.15,6.25,62.92,0,72.2,65.0,12.71042721712714,2.1,11.536666666666665,1.5388200000000003
VUT,2019,Vanuatu,4.56,6.66,61.79,0,82.1,67.6,12.697652145123392,2.1000000000000005,16.97,1.742376
VUT,2020,Vanuatu,3.87,8.13,54.93,0,76.4,67.6,12.645780649271764,4.260000000000001,-7.286666666666665,1.744209
VUT,2021,Vanuatu,3.97,8.02,62.42,0,79.7,68.6,12.911301522582844,4.049999999999999,-7.286666666666665,1.491926
WSM,1996,Samoa,1.64,13.02,78.85,0,93.1,70.5,11.734550824414152,11.38,-6.376666666666667,0.34686
WSM,1998,Samoa,7.17,13.26,74.9,0,94.1,67.7,11.583047245665991,6.09,8.75,1.7996699999999992
WSM,2000,Samoa,4.53,12.81,85.97,0,92.1,71.6,12.092083173952002,8.280000000000001,5.006666666666667,0.635559
WSM,2002,Samoa,1.7,12.75,90.7,1,86.2,70.1,11.895233642391396,11.05,-1.3600000000000003,0.15809999999999994
WSM,2003,Samoa,2.09,13.34,78.56,1,95.5,70.6,12.05457289887264,11.25,6.62,0.44809599999999983
WSM,2004,Samoa,1.59,12.57,82.98,1,90.8,70.7,12.202209493156683,10.98,18.130000000000003,0.27061799999999986
WSM,2005,Samoa,3.39,14.3,76.06,1,87.4,67.8,12.348971315401776,10.91,6.63,0.8115659999999999
WSM,2006,Samoa,4.72,10.41,67.61,1,87.4,68.3,12.459446113643992,5.69,7.37,1.5288079999999997
WSM,2007,Samoa,4.23,9.2,61.71,1,81.6,66.3,12.52108460599989,4.969999999999999,-1.7399999999999993,1.6196670000000002
WSM,2008,Samoa,2.38,9.62,59.17,1,87.5,65.4,12.604776514555358,7.239999999999999,4.11,0.9717539999999999
WSM,2009,Samoa,5.44,7.84,54.69,1,83.4,63.5,12.49906239481138,2.3999999999999995,-10.52,2.4648640000000004
WSM,2010,Samoa,6.84,8.25,50.91,1,72.0,59.7,12.809399571531236,1.41,15.93,3.3577559999999997
WSM,2011,Samoa,2.74,9.09,62.94,1,81.5,59.6,12.928390494765146,6.35,5.66,1.0154440000000002
WSM,2012,Samoa,2.21,8.13,69.97,1,82.9,59.2,12.86427586060024,5.920000000000001,-0.05999999999999961,0.663663
WSM,2013,Samoa,5.23,8.97,55.48,1,82.0,60.1,12.769078566180662,3.74,3.0,2.3283960000000006
WSM,2014,Samoa,3.69,6.79,56.85,1,90.0,70.0,12.756587084411086,3.1,2.88,1.592235
WSM,2015,Samoa,4.1,9.45,61.51,1,91.4,71.4,12.67888361176533,5.35,-2.2700000000000005,1.57809
WSM,2016,Samoa,8.26,8.62,57.42,1,91.9,71.4,12.792387227449616,0.3599999999999994,-2.84,3.5171079999999995
WSM,2017,Samoa,10.87,9.09,63.24,1,90.5,72.9,12.892743977975048,0.0,0.8999999999999999,3.995811999999999
WSM,2018,Samoa,3.58,10.59,56.75,1,90.6,72.8,12.9202484662312,7.01,0.94,1.5483500000000001
WSM,2019,Samoa,19.38,39.25,76.09,1,91.0,72.0,13.033012269013048,19.87,3.76,4.633757999999999
WSM,2020,Samoa,10.04,8.86,74.25,0,89.6,71.5,12.815442812902154,0.0,0.3499999999999992,2.5852999999999993
WSM,2021,Samoa,1.78,10.76,78.51,1,89.2,70.0,12.958641795598329,8.98,6.736666666666666,0.382522
YEM,1996,Yemen,4.37,8.11,56.78,0,9.6,27.5,14.497572448098028,3.7399999999999993,9.783333333333333,1.8887140000000002
YEM,1998,Yemen,4.94,6.42,50.54,0,13.3,26.4,14.521357321371887,1.4799999999999995,3.5933333333333346,2.4433240000000005
YEM,2000,Yemen,3.28,4.9,67.19,0,14.3,24.4,14.892720729834611,1.6200000000000006,7.359999999999999,1.0761680000000002
YEM,2002,Yemen,7.49,6.08,64.46,0,13.8,14.9,15.200997803453957,0.0,-0.2766666666666655,2.6619460000000004
YEM,2003,Yemen,2.77,4.9,69.95,0,9.5,23.9,15.167458157110188,2.1300000000000003,5.903333333333333,0.8323849999999999
YEM,2004,Yemen,3.0,4.54,70.21,1,6.3,20.2,15.496150007386964,1.54,4.606666666666667,0.8937000000000002
YEM,2005,Yemen,2.29,4.43,83.52,1,9.2,17.3,15.52501938897197,2.14,16.370000000000005,0.3773920000000001
YEM,2006,Yemen,2.41,4.06,74.44,1,12.1,16.3,15.791990893617314,1.6499999999999997,6.12,0.6159960000000002
YEM,2007,Yemen,1.44,3.54,88.24,1,8.7,16.3,16.043908640758097,2.1,18.3,0.16934400000000005
YEM,2008,Yemen,2.0,3.62,79.87,1,2.9,13.0,16.089738663188367,1.62,11.32,0.40259999999999985
YEM,2009,Yemen,0.88,3.63,80.89,1,1.9,12.8,16.038657258399617,2.75,-6.68,0.16816800000000004
YEM,2010,Yemen,1.04,2.81,56.26,1,1.9,11.4,16.08429334711603,1.77,0.3799999999999999,0.454896
YEM,2011,Yemen,1.58,4.23,61.32,1,1.9,9.4,15.897560589574198,2.6500000000000004,4.12,0.6111440000000001
YEM,2012,Yemen,2.19,4.6,71.58,1,1.4,9.4,16.29677841871555,2.41,5.93,0.622398
YEM,2013,Yemen,1.07,3.55,81.94,1,1.9,11.7,16.45393101410438,2.4799999999999995,8.57,0.193242
YEM,2014,Yemen,0.41,3.17,64.39,1,1.0,11.8,16.40678749466946,2.76,-4.75,0.146001
YEM,2015,Yemen,0.22,3.63,69.38,1,0.5,7.4,15.779827190692878,3.41,-18.2,0.06736400000000001
YEM,2016,Yemen,0.84,5.71,63.25,0,0.5,5.4,15.79243351548185,4.87,-0.6533333333333333,0.30870000000000003
YEM,2017,Yemen,0.15,5.04,70.95,0,0.0,5.4,15.892711829612066,4.89,5.666666666666666,0.043574999999999996
YEM,2018,Yemen,0.28,4.21,71.85,1,0.0,3.9,16.04042531357107,3.93,9.66,0.07882000000000003
YEM,2019,Yemen,0.47,3.91,72.57,1,0.0,4.3,16.235644345381164,3.4400000000000004,19.38,0.12892100000000004
YEM,2020,Yemen,0.76,4.21,70.36,0,0.9,4.3,16.287530210119428,3.45,3.7033333333333323,0.225264
YEM,2021,Yemen,0.64,4.53,75.42,0,0.9,3.9,16.423962213551746,3.89,2.1833333333333327,0.157312
ZAF,1996,South Africa,7.93,9.55,30.71,1,32.4,73.0,16.93842245794339,1.620000000000001,0.2400000000000002,5.494697
ZAF,1996,South Africa,7.93,9.55,30.71,1,32.4,73.0,16.93842245794339,1.620000000000001,3.716666666666667,5.494697
ZAF,1996,South Africa,6.9,10.05,54.47,0,32.4,73.0,17.989051469338023,3.1500000000000004,0.2400000000000002,3.1415700000000006
ZAF,1996,South Africa,6.9,10.05,54.47,0,32.4,73.0,17.989051469338023,3.1500000000000004,-0.12666666666666604,3.1415700000000006
ZAF,1998,South Africa,7.5,10.39,30.41,1,28.2,72.6,17.011842578918206,2.890000000000001,-7.15,5.21925
ZAF,1998,South Africa,7.5,10.39,30.41,1,28.2,72.6,17.011842578918206,2.890000000000001,-1.083333333333333,5.21925
ZAF,1998,South Africa,5.44,10.33,54.75,0,28.2,72.6,18.080378616372663,4.89,-7.15,2.4616000000000002
ZAF,1998,South Africa,5.44,10.33,54.75,0,28.2,72.6,18.080378616372663,4.89,3.2299999999999995,2.4616000000000002
ZAF,2000,South Africa,5.45,9.31,39.27,1,37.6,70.6,17.410715018702554,3.86,5.41,3.3097849999999998
ZAF,2000,South Africa,5.45,9.31,39.27,1,37.6,70.6,17.410715018702554,3.86,3.5733333333333333,3.3097849999999998
ZAF,2000,South Africa,4.1,8.72,61.55,0,37.6,70.6,18.464746273544844,4.620000000000001,5.41,1.5764500000000001
ZAF,2000,South Africa,4.1,8.72,61.55,0,37.6,70.6,18.464746273544844,4.620000000000001,6.346666666666667,1.5764500000000001
ZAF,2002,South Africa,6.67,10.3,43.38,1,38.1,67.7,17.437483686168793,3.630000000000001,1.21,3.7765540000000004
ZAF,2002,South Africa,6.67,10.3,43.38,1,38.1,67.7,17.437483686168793,3.630000000000001,4.023333333333333,3.7765540000000004
ZAF,2002,South Africa,4.55,9.66,58.37,0,38.1,67.7,18.56568687965083,5.11,1.21,1.8941649999999999
ZAF,2002,South Africa,4.55,9.66,58.37,0,38.1,67.7,18.56568687965083,5.11,2.103333333333333,1.8941649999999999
ZAF,2003,South Africa,6.49,9.46,41.94,1,35.7,67.7,17.67016896472137,2.9700000000000006,14.56,3.768094
ZAF,2003,South Africa,6.49,9.46,41.94,1,35.7,67.7,17.67016896472137,2.9700000000000006,18.39,3.768094
ZAF,2003,South Africa,4.75,8.7,57.69,0,35.7,67.7,18.75590333659368,3.9499999999999993,14.56,2.009725
ZAF,2003,South Africa,4.75,8.7,57.69,0,35.7,67.7,18.75590333659368,3.9499999999999993,14.143333333333334,2.009725
ZAF,2004,South Africa,5.48,8.23,53.44,1,40.3,71.6,17.957156439910086,2.75,17.61,2.5514880000000004
ZAF,2004,South Africa,5.48,8.23,53.44,1,40.3,71.6,17.957156439910086,2.75,13.100000000000001,2.5514880000000004
ZAF,2004,South Africa,4.55,7.7,66.36,0,40.3,71.6,18.952559189078517,3.1500000000000004,17.61,1.53062
ZAF,2004,South Africa,4.55,7.7,66.36,0,40.3,71.6,18.952559189078517,3.1500000000000004,10.693333333333333,1.53062
ZAF,2005,South Africa,4.7,8.22,52.07,1,40.8,68.8,18.111299400263867,3.5200000000000005,7.52,2.25271
ZAF,2005,South Africa,4.7,8.22,52.07,1,40.8,68.8,18.111299400263867,3.5200000000000005,8.793333333333333,2.25271
ZAF,2005,South Africa,3.98,7.16,64.11,0,40.8,68.8,19.11010486145607,3.18,7.52,1.428422
ZAF,2005,South Africa,3.98,7.16,64.11,0,40.8,68.8,19.11010486145607,3.18,10.856666666666666,1.428422
ZAF,2006,South Africa,4.48,8.0,53.18,1,46.9,68.8,18.29872598438094,3.52,11.54,2.097536
ZAF,2006,South Africa,4.48,8.0,53.18,1,46.9,68.8,18.29872598438094,3.52,8.793333333333333,2.097536
ZAF,2006,South Africa,3.7,6.41,64.33,0,46.9,68.8,19.32141604529323,2.71,11.54,1.31979
ZAF,2006,South Africa,3.7,6.41,64.33,0,46.9,68.8,19.32141604529323,2.71,11.63,1.31979
ZAF,2007,South Africa,3.76,6.93,52.99,1,50.7,65.9,18.45441504596927,3.17,8.01,1.7675759999999998
ZAF,2007,South Africa,3.76,6.93,52.99,1,50.7,65.9,18.45441504596927,3.17,12.833333333333334,1.7675759999999998
ZAF,2007,South Africa,2.87,5.67,65.36,0,50.7,65.9,19.514984415814396,2.8,8.01,0.9941680000000002
ZAF,2007,South Africa,2.87,5.67,65.36,0,50.7,65.9,19.514984415814396,2.8,6.863333333333333,0.9941680000000002
ZAF,2008,South Africa,3.51,7.02,53.99,1,46.2,64.9,18.5483578766256,3.51,4.72,1.6149509999999998
ZAF,2008,South Africa,3.51,7.02,53.99,1,46.2,64.9,18.5483578766256,3.51,4.0600000000000005,1.6149509999999998
ZAF,2008,South Africa,2.35,5.54,66.1,0,46.2,64.9,19.722844861574096,3.19,4.72,0.7966500000000002
ZAF,2008,South Africa,2.35,5.54,66.1,0,46.2,64.9,19.722844861574096,3.19,1.8900000000000006,0.7966500000000002
ZAF,2009,South Africa,3.83,7.28,56.03,1,41.2,65.9,18.274836033657923,3.45,-14.68,1.684051
ZAF,2009,South Africa,3.83,7.28,56.03,1,41.2,65.9,18.274836033657923,3.45,-2.4766666666666666,1.684051
ZAF,2009,South Africa,2.49,5.84,67.23,0,41.2,65.9,19.55965176052132,3.35,-14.68,0.8159730000000001
ZAF,2009,South Africa,2.49,5.84,67.23,0,41.2,65.9,19.55965176052132,3.35,4.296666666666667,0.8159730000000001
ZAF,2010,South Africa,3.57,7.22,58.75,1,45.0,67.3,18.525392608001216,3.65,14.16,1.4726249999999999
ZAF,2010,South Africa,3.57,7.22,58.75,1,45.0,67.3,18.525392608001216,3.65,3.5666666666666673,1.4726249999999999
ZAF,2010,South Africa,2.31,5.3,63.61,0,45.0,67.3,19.73816235661218,2.99,14.16,0.840609
ZAF,2010,South Africa,2.31,5.3,63.61,0,45.0,67.3,19.73816235661218,2.99,5.3966666666666665,0.840609
ZAF,2011,South Africa,3.28,6.82,59.11,1,48.8,66.7,18.78547409326821,3.5400000000000005,11.22,1.3411920000000002
ZAF,2011,South Africa,3.28,6.82,59.11,1,48.8,66.7,18.78547409326821,3.5400000000000005,6.746666666666666,1.3411920000000002
ZAF,2011,South Africa,1.93,5.11,69.34,0,48.8,66.7,19.9793104339325,3.1800000000000006,11.22,0.591738
ZAF,2011,South Africa,1.93,5.11,69.34,0,48.8,66.7,19.9793104339325,3.1800000000000006,6.8566666666666665,0.591738
ZAF,2012,South Africa,3.79,7.22,59.83,1,43.1,66.2,18.78868014958003,3.43,0.6699999999999995,1.5224430000000002
ZAF,2012,South Africa,3.79,7.22,59.83,1,43.1,66.2,18.78868014958003,3.43,8.063333333333333,1.5224430000000002
ZAF,2012,South Africa,1.97,5.25,71.4,0,43.1,66.2,19.96874284093848,3.28,0.6699999999999995,0.5634199999999998
ZAF,2012,South Africa,1.97,5.25,71.4,0,43.1,66.2,19.96874284093848,3.28,3.8233333333333333,0.5634199999999998
ZAF,2013,South Africa,3.53,7.55,64.29,1,45.0,66.2,18.74986958492516,4.02,-0.41999999999999993,1.2605629999999999
ZAF,2013,South Africa,3.53,7.55,64.29,1,45.0,66.2,18.74986958492516,4.02,-0.4899999999999993,1.2605629999999999
ZAF,2013,South Africa,1.92,5.38,73.16,0,45.0,66.2,20.007633071571576,3.46,-0.41999999999999993,0.5153280000000001
ZAF,2013,South Africa,1.92,5.38,73.16,0,45.0,66.2,20.007633071571576,3.46,1.7633333333333332,0.5153280000000001
ZAF,2014,South Africa,3.08,6.67,66.18,1,40.0,69.0,18.67985829361816,3.59,-1.7199999999999998,1.041656
ZAF,2014,South Africa,3.08,6.67,66.18,1,40.0,69.0,18.67985829361816,3.59,1.2266666666666666,1.041656
ZAF,2014,South Africa,1.78,4.88,67.52,0,40.0,69.0,20.025163158121835,3.1,-1.7199999999999998,0.5781440000000002
ZAF,2014,South Africa,1.78,4.88,67.52,0,40.0,69.0,20.025163158121835,3.1,-1.6000000000000005,0.5781440000000002
ZAF,2015,South Africa,3.12,7.54,66.39,1,39.0,70.0,18.573860403406183,4.42,-7.43,1.0486319999999998
ZAF,2015,South Africa,3.12,7.54,66.39,1,39.0,70.0,18.573860403406183,4.42,-7.0166666666666675,1.0486319999999998
ZAF,2015,South Africa,1.73,5.6,69.34,0,39.0,70.0,19.86858017595021,3.87,-7.43,0.530418
ZAF,2015,South Africa,1.73,5.6,69.34,0,39.0,70.0,19.86858017595021,3.87,-4.17,0.530418
ZAF,2016,South Africa,3.11,7.39,67.14,1,40.0,69.5,18.479694022134005,4.279999999999999,-6.249999999999998,1.021946
ZAF,2016,South Africa,3.11,7.39,67.14,1,40.0,69.5,18.479694022134005,4.279999999999999,-2.843333333333333,1.021946
ZAF,2016,South Africa,1.76,6.01,73.37,0,40.0,69.5,19.731764783119576,4.25,-6.249999999999998,0.468688
ZAF,2016,South Africa,1.76,6.01,73.37,0,40.0,69.5,19.731764783119576,4.25,-2.843333333333333,0.468688
ZAF,2017,South Africa,3.12,7.12,65.3,1,34.3,69.0,18.57830533435897,4.0,5.15,1.08264
ZAF,2017,South Africa,3.12,7.12,65.3,1,34.3,69.0,18.57830533435897,4.0,1.4966666666666666,1.08264
ZAF,2017,South Africa,2.15,6.22,69.51,0,34.3,69.0,19.824891110851038,4.07,5.15,0.6555349999999999
ZAF,2017,South Africa,2.15,6.22,69.51,0,34.3,69.0,19.824891110851038,4.07,1.036666666666667,0.6555349999999999
ZAF,2018,South Africa,3.28,7.64,67.04,1,38.2,69.4,18.67009696318498,4.359999999999999,5.59,1.0810879999999996
ZAF,2018,South Africa,3.28,7.64,67.04,1,38.2,69.4,18.67009696318498,4.359999999999999,2.7433333333333336,1.0810879999999996
ZAF,2018,South Africa,1.85,5.75,69.63,0,38.2,69.4,19.90085466498231,3.9,5.59,0.5618450000000001
ZAF,2018,South Africa,1.85,5.75,69.63,0,38.2,69.4,19.90085466498231,3.9,4.363333333333333,0.5618450000000001
ZAF,2019,South Africa,4.83,9.69,64.73,1,36.3,68.1,18.58479063566832,4.859999999999999,-2.51,1.7035410000000002
ZAF,2019,South Africa,4.83,9.69,64.73,1,36.3,68.1,18.58479063566832,4.859999999999999,3.36,1.7035410000000002
ZAF,2019,South Africa,2.21,6.91,68.78,0,36.3,68.1,19.897917517051148,4.7,-2.51,0.6899620000000001
ZAF,2019,South Africa,2.21,6.91,68.78,0,36.3,68.1,19.897917517051148,4.7,-7.433333333333332,0.6899620000000001
ZAF,2020,South Africa,3.14,7.27,63.69,1,39.2,70.0,18.317498926651165,4.129999999999999,-11.51,1.140134
ZAF,2020,South Africa,3.14,7.27,63.69,1,39.2,70.0,18.317498926651165,4.129999999999999,11.606666666666667,1.140134
ZAF,2020,South Africa,1.99,6.4,68.33,0,39.2,70.0,19.77145332532015,4.41,-11.51,0.6302329999999999
ZAF,2020,South Africa,1.99,6.4,68.33,0,39.2,70.0,19.77145332532015,4.41,-5.763333333333334,0.6302329999999999
ZAF,2021,South Africa,2.8,6.2,64.41,1,20.3,71.5,18.59949709886433,3.4000000000000004,16.42,0.99652
ZAF,2021,South Africa,2.8,6.2,64.41,1,20.3,71.5,18.59949709886433,3.4000000000000004,5.87,0.99652
ZAF,2021,South Africa,1.82,5.41,68.67,0,20.3,71.5,20.02027036700909,3.59,16.42,0.5702060000000001
ZAF,2021,South Africa,1.82,5.41,68.67,0,20.3,71.5,20.02027036700909,3.59,12.316666666666666,0.5702060000000001
ZMB,1996,Zambia,4.52,6.51,44.29,1,42.0,38.0,13.609335658794151,1.99,6.21,2.5180919999999993
ZMB,1998,Zambia,4.19,9.12,54.16,1,54.3,34.8,13.414150900947222,4.929999999999999,4.82,1.9206960000000004
ZMB,2000,Zambia,4.79,7.29,63.19,1,46.6,35.8,13.971476597599796,2.5,5.97,1.763199
ZMB,2002,Zambia,4.08,7.6,74.2,1,35.4,41.3,13.917946886350848,3.52,11.45,1.05264
ZMB,2003,Zambia,6.5,8.31,64.65,1,50.8,38.8,13.915050253470826,1.8100000000000005,9.6,2.2977499999999997
ZMB,2004,Zambia,3.95,5.89,81.23,1,52.9,34.6,14.217263752102522,1.9399999999999995,15.98,0.7414149999999999
ZMB,2005,Zambia,3.99,6.45,78.46,1,50.0,34.6,14.358580355714,2.46,7.73,0.8594460000000002
ZMB,2006,Zambia,3.12,6.25,69.83,1,56.0,39.4,15.190590828047378,3.13,9.61,0.9413039999999999
ZMB,2007,Zambia,3.67,6.16,72.22,1,56.5,39.9,14.947625560449486,2.49,12.6,1.0195260000000002
ZMB,2008,Zambia,2.58,6.2,66.44,1,60.1,43.3,15.11472107401424,3.62,14.17,0.8658480000000001
ZMB,2009,Zambia,2.7,6.6,69.96,1,65.4,37.0,14.820701694491296,3.9,-12.96,0.8110800000000004
ZMB,2010,Zambia,2.08,5.72,67.48,1,63.0,38.4,15.04212081472884,3.64,17.9,0.6764159999999999
ZMB,2011,Zambia,1.24,5.43,86.23,1,63.5,42.3,15.433259561402032,4.19,16.96,0.17074799999999993
ZMB,2012,Zambia,1.71,7.7,81.73,1,68.2,44.1,15.563367814500388,5.99,9.96,0.31241699999999994
ZMB,2013,Zambia,1.22,7.84,87.47,1,61.6,44.1,15.664410619762368,6.62,9.54,0.15286599999999995
ZMB,2014,Zambia,1.77,5.46,76.12,1,52.4,44.3,15.607433983750717,3.69,-2.9399999999999995,0.42267599999999983
ZMB,2015,Zambia,0.79,5.53,94.01,1,53.3,45.8,15.548060145825191,4.74,-10.61,0.04732099999999997
ZMB,2016,Zambia,1.11,5.59,96.02,1,50.0,36.5,15.451441110746783,4.48,-4.15,0.044178000000000064
ZMB,2017,Zambia,0.94,4.99,70.01,1,52.4,36.5,15.5430394764048,4.050000000000001,4.78,0.28190599999999993
ZMB,2018,Zambia,0.92,4.68,73.41,1,50.9,35.4,15.798174646670796,3.76,8.93,0.24462800000000004
ZMB,2019,Zambia,1.51,5.14,63.0,1,43.4,35.7,15.688624322051531,3.63,-13.079999999999998,0.5587
ZMB,2020,Zambia,0.94,5.45,66.72,1,43.4,34.8,15.522727556307906,4.51,-14.170000000000002,0.31283199999999994
ZMB,2021,Zambia,1.0,4.69,72.76,1,48.6,35.3,15.87939012530565,3.69,10.35,0.2724
ZWE,1996,Zimbabwe,15.8,18.85,43.36,0,30.9,30.5,14.630821077739204,3.0500000000000007,3.1333333333333337,8.94912
ZWE,1998,Zimbabwe,15.15,20.75,70.37,0,21.3,25.9,14.406526730167124,5.6,-3.7300000000000004,4.488945
ZWE,2000,Zimbabwe,9.0,16.48,67.6,1,11.6,15.9,14.321456274326469,7.48,1.23,2.9160000000000004
ZWE,2002,Zimbabwe,8.61,15.39,48.47,1,10.6,10.9,14.151667351981557,6.780000000000001,25.12,4.436733
ZWE,2003,Zimbabwe,8.46,16.38,51.34,1,18.6,10.0,14.364769394501884,7.919999999999998,-18.2,4.116636
ZWE,2004,Zimbabwe,9.19,14.17,70.1,1,13.6,6.3,14.453360882674229,4.98,29.16,2.7478100000000003
ZWE,2005,Zimbabwe,6.47,12.5,77.57,1,12.1,5.3,14.564720568820515,6.03,-8.55,1.4512210000000003
ZWE,2006,Zimbabwe,5.74,9.28,65.77,1,18.4,7.2,14.74383398176513,3.539999999999999,-4.789999999999999,1.9648020000000004
ZWE,2007,Zimbabwe,4.75,10.38,64.74,1,15.0,7.2,14.822284248243395,5.630000000000001,22.34,1.6748500000000002
ZWE,2008,Zimbabwe,5.28,9.74,82.74,1,13.0,7.7,14.874273628811416,4.46,-18.2,0.9113280000000005
ZWE,2009,Zimbabwe,9.5,14.42,80.0,1,14.2,7.6,14.800133535693645,4.92,29.16,1.8999999999999995
ZWE,2010,Zimbabwe,2.74,11.22,85.91,1,13.7,8.1,15.147150149685732,8.48,-3.4000000000000004,0.3860660000000001
ZWE,2011,Zimbabwe,2.91,10.57,83.14,1,19.4,8.0,15.35741017764152,7.66,22.31,0.49062599999999995
ZWE,2012,Zimbabwe,2.46,13.55,86.36,1,21.8,7.5,15.449358762164362,11.09,-6.780000000000001,0.3355439999999999
ZWE,2013,Zimbabwe,3.21,14.26,87.33,1,24.2,9.9,15.336890754186737,11.05,1.98,0.4067070000000001
ZWE,2014,Zimbabwe,2.94,10.53,87.19,1,22.4,13.8,15.296648128511157,7.59,-8.290000000000001,0.37661399999999995
ZWE,2015,Zimbabwe,4.35,16.57,86.49,1,24.8,15.8,15.242590220131222,12.22,-0.13999999999999968,0.5876849999999999
ZWE,2016,Zimbabwe,5.24,17.22,91.72,1,24.8,14.8,15.10152189390456,11.98,-6.109999999999999,0.4338719999999999
ZWE,2017,Zimbabwe,4.67,21.66,84.35,1,21.0,14.8,15.141605686932964,16.990000000000002,-3.5599999999999996,0.7308550000000004
ZWE,2018,Zimbabwe,4.48,18.45,86.82,1,20.3,17.0,15.250591557056904,13.97,14.01,0.5904640000000002
ZWE,2019,Zimbabwe,5.24,18.28,87.46,1,15.1,16.4,15.06439754166904,13.04,-13.850000000000001,0.6570960000000003
ZWE,2020,Zimbabwe,4.54,25.92,84.12,1,13.2,17.9,15.223875215920213,21.380000000000003,2.68,0.7209519999999997
ZWE,2021,Zimbabwe,2.0,13.26,85.82,1,17.0,18.4,15.53226355663799,11.26,22.52,0.2836000000000001
